student_id,test_id,game_type,attempt_idx,log_idx,item_key,axis,axis_weight,fine_skill,operation,skill_subtype,question_type,format,correct,time_spent_ms,answer_time_category,is_slow,mistake_type,num_digits,complexity_level,difficulty_zone,sequence_length,started_at,finished_at,question,selected,correct_answer,answered,expected,given,comparison_type,order_direction,operations_expected,operations_used
stu_1776848582102_8186,test_1776848340577_ghi7b5y,compare_numbers,0,0,compare_numbers|attempt=0|log=0|41ba2b78fc,comparison_skill,1.0,number_comparison,,Greater,Comparison,Horizontal,1,43866,slow,1,,3,medium,,,2026-04-22T09:19:40.315Z,2026-04-22T09:21:07.125Z,,,,,,,Greater,,,
stu_1776848582102_8186,test_1776848340577_ghi7b5y,compare_numbers,0,1,compare_numbers|attempt=0|log=1|991f772d69,comparison_skill,1.0,number_comparison,,Less,Comparison,Horizontal,1,31058,slow,1,,3,medium,,,2026-04-22T09:19:40.315Z,2026-04-22T09:21:07.125Z,,,,,,,Less,,,
stu_1776848582102_8186,test_1776848340577_ghi7b5y,compare_numbers,0,2,compare_numbers|attempt=0|log=2|f662966fca,comparison_skill,1.0,number_comparison,,Equal,Comparison,Horizontal,1,11885,medium,0,,3,medium,,,2026-04-22T09:19:40.315Z,2026-04-22T09:21:07.125Z,,,,,,,Equal,,,
stu_1776848582102_8186,test_1776848340577_ghi7b5y,decompose_number,0,0,decompose_number|attempt=0|log=0|4457dfbb5e,number_sense,1.0,number_decomposition,,Decomposition,Decomposition,Visual,1,47863,fast,0,,3,medium,,,2026-04-22T09:26:18.064Z,2026-04-22T09:27:18.073Z,,,,,"[200, 3]","[200, 3]",,,,
stu_1776848582102_8186,test_1776848340577_ghi7b5y,decompose_number,0,1,decompose_number|attempt=0|log=1|a7bfed2279,number_sense,1.0,number_decomposition,,Decomposition,Decomposition,Visual,1,41898,fast,0,,3,medium,,,2026-04-22T09:26:18.064Z,2026-04-22T09:27:18.073Z,,,,,"[600, 20, 2]","[600, 20, 2]",,,,
stu_1776848582102_8186,test_1776848340577_ghi7b5y,decompose_number,0,2,decompose_number|attempt=0|log=2|ca2a8d7b6f,number_sense,1.0,number_decomposition,,Decomposition,Decomposition,Visual,1,79288,fast,0,,3,medium,,,2026-04-22T09:26:18.064Z,2026-04-22T09:27:18.073Z,,,,,"[800, 80]","[800, 80]",,,,
stu_1776848582102_8186,test_1776848340577_ghi7b5y,decompose_number,0,3,decompose_number|attempt=0|log=3|a51559b15d,number_sense,1.0,number_decomposition,,Decomposition,Decomposition,Visual,1,60009,fast,0,,3,medium,,,2026-04-22T09:26:18.064Z,2026-04-22T09:27:18.073Z,,,,,"[300, 50, 7]","[300, 50, 7]",,,,
stu_1776848582102_8186,test_1776848340577_ghi7b5y,find_previous_next_number,0,0,find_previous_next_number|attempt=0|log=0|0fff32e99c,sequential_thinking,1.0,previous_next_number,,PreviousAndNext,Sequence,Horizontal,1,110760,medium,0,,3,medium,100-109,,2026-04-22T09:16:22.083Z,2026-04-22T09:17:48.529Z,105,,,,"[104, 106]","[104, 106]",,,,
stu_1776848582102_8186,test_1776848340577_ghi7b5y,find_previous_next_number,0,1,find_previous_next_number|attempt=0|log=1|b72fa6aa66,sequential_thinking,1.0,previous_next_number,,PreviousAndNext,Sequence,Horizontal,0,86446,medium,0,OffByOne,3,medium,460-469,,2026-04-22T09:16:22.083Z,2026-04-22T09:17:48.529Z,463,,,,"[462, 464]","[464, 465]",,,,
stu_1776848582102_8186,test_1776848340577_ghi7b5y,find_previous_next_number,1,0,find_previous_next_number|attempt=1|log=0|b3bf4a87b7,sequential_thinking,1.0,previous_next_number,,PreviousAndNext,Sequence,Horizontal,1,67579,medium,0,,1,very-easy,0-9,,2026-04-22T09:18:56.249Z,2026-04-22T09:19:40.185Z,8,,,,"[7, 9]","[7, 9]",,,,
stu_1776848582102_8186,test_1776848340577_ghi7b5y,find_previous_next_number,1,1,find_previous_next_number|attempt=1|log=1|d632a6f4b6,sequential_thinking,1.0,previous_next_number,,PreviousAndNext,Sequence,Horizontal,1,43936,fast,0,,2,easy,40-49,,2026-04-22T09:18:56.249Z,2026-04-22T09:19:40.185Z,42,,,,"[41, 43]","[41, 43]",,,,
stu_1776848582102_8186,test_1776848340577_ghi7b5y,identify_place_value,0,0,identify_place_value|attempt=0|log=0|34f163ddf0,number_sense,1.0,place_value_identification,,PlaceValue,PlaceValue,Visual,1,32206,fast,0,,3,medium,,,2026-04-22T09:28:33.615Z,2026-04-22T09:29:08.592Z,,,,,"{""pos_0"": 5, ""pos_1"": 5, ""pos_2"": 5}","{""pos_0"": 5, ""pos_1"": 5, ""pos_2"": 5}",,,,
stu_1776848582102_8186,test_1776848340577_ghi7b5y,identify_place_value,0,1,identify_place_value|attempt=0|log=1|5513e1cb5d,number_sense,1.0,place_value_identification,,PlaceValue,PlaceValue,Visual,0,43218,fast,0,PlaceValueMisidentification,3,medium,,,2026-04-22T09:28:33.615Z,2026-04-22T09:29:08.592Z,,,,,"{""pos_0"": 4, ""pos_1"": 8, ""pos_2"": 8}","{""pos_0"": 8, ""pos_1"": 8, ""pos_2"": 4}",,,,
stu_1776848582102_8186,test_1776848340577_ghi7b5y,identify_place_value,0,2,identify_place_value|attempt=0|log=2|e77d7ddc73,number_sense,1.0,place_value_identification,,PlaceValue,PlaceValue,Visual,0,34976,fast,0,PlaceValueMisidentification,3,medium,,,2026-04-22T09:28:33.615Z,2026-04-22T09:29:08.592Z,,,,,"{""pos_0"": 2, ""pos_1"": 9, ""pos_2"": 9}","{""pos_0"": 9, ""pos_1"": 9, ""pos_2"": 2}",,,,
stu_1776848582102_8186,test_1776848340577_ghi7b5y,identify_place_value,1,0,identify_place_value|attempt=1|log=0|c22a0d857d,number_sense,1.0,place_value_identification,,PlaceValue,PlaceValue,Visual,0,28146,fast,0,PlaceValueMisidentification,2,easy,,,2026-04-22T09:29:57.469Z,2026-04-22T09:30:15.385Z,,,,,"{""pos_0"": 9, ""pos_1"": 2}","{""pos_0"": 2, ""pos_1"": 9}",,,,
stu_1776848582102_8186,test_1776848340577_ghi7b5y,identify_place_value,1,1,identify_place_value|attempt=1|log=1|86443c0a16,number_sense,1.0,place_value_identification,,PlaceValue,PlaceValue,Visual,1,20613,fast,0,,2,easy,,,2026-04-22T09:29:57.469Z,2026-04-22T09:30:15.385Z,,,,,"{""pos_0"": 4, ""pos_1"": 4}","{""pos_0"": 4, ""pos_1"": 4}",,,,
stu_1776848582102_8186,test_1776848340577_ghi7b5y,identify_place_value,1,2,identify_place_value|attempt=1|log=2|c22cbc65ff,number_sense,1.0,place_value_identification,,PlaceValue,PlaceValue,Visual,1,17916,fast,0,,2,easy,,,2026-04-22T09:29:57.469Z,2026-04-22T09:30:15.385Z,,,,,"{""pos_0"": 1, ""pos_1"": 1}","{""pos_0"": 1, ""pos_1"": 1}",,,,
stu_1776848582102_8186,test_1776848340577_ghi7b5y,identify_place_value,2,0,identify_place_value|attempt=2|log=0|6575f84d64,number_sense,1.0,place_value_identification,,PlaceValue,PlaceValue,Visual,0,57529,fast,0,PlaceValueMisidentification,2,easy,,,2026-04-22T09:31:26.692Z,2026-04-22T09:31:59.449Z,,,,,"{""pos_0"": 6, ""pos_1"": 9}","{""pos_0"": 6, ""pos_1"": 6}",,,,
stu_1776848582102_8186,test_1776848340577_ghi7b5y,identify_place_value,2,1,identify_place_value|attempt=2|log=1|3a9f4f763f,number_sense,1.0,place_value_identification,,PlaceValue,PlaceValue,Visual,0,13631,fast,0,PlaceValueMisidentification,2,easy,,,2026-04-22T09:31:26.692Z,2026-04-22T09:31:59.449Z,,,,,"{""pos_0"": 5, ""pos_1"": 7}","{""pos_0"": 7, ""pos_1"": 5}",,,,
stu_1776848582102_8186,test_1776848340577_ghi7b5y,identify_place_value,2,2,identify_place_value|attempt=2|log=2|7d396dee1a,number_sense,1.0,place_value_identification,,PlaceValue,PlaceValue,Visual,0,32757,fast,0,PlaceValueMisidentification,2,easy,,,2026-04-22T09:31:26.692Z,2026-04-22T09:31:59.449Z,,,,,"{""pos_0"": 4, ""pos_1"": 2}","{""pos_0"": 2, ""pos_1"": 4}",,,,
stu_1776848582102_8186,test_1776848340577_ghi7b5y,order_numbers,0,0,order_numbers|attempt=0|log=0|bc9a276423,sequential_thinking,1.0,number_ordering,,Ordering_asc,Ordering,Visual,1,74834,fast,0,,3,medium,,5.0,2026-04-22T09:21:07.236Z,2026-04-22T09:23:28.881Z,,,,,,,,asc,,
stu_1776848582102_8186,test_1776848340577_ghi7b5y,order_numbers,0,1,order_numbers|attempt=0|log=1|e3a0fe3b90,sequential_thinking,1.0,number_ordering,,Ordering_desc,Ordering,Visual,1,40331,fast,0,,3,medium,,3.0,2026-04-22T09:21:07.236Z,2026-04-22T09:23:28.881Z,,,,,,,,desc,,
stu_1776848582102_8186,test_1776848340577_ghi7b5y,order_numbers,0,2,order_numbers|attempt=0|log=2|773cc3abd4,sequential_thinking,1.0,number_ordering,,Ordering_desc,Ordering,Visual,1,26477,fast,0,,3,medium,,2.0,2026-04-22T09:21:07.236Z,2026-04-22T09:23:28.881Z,,,,,,,,desc,,
stu_1776848747452_2240,test_1776848340577_ghi7b5y,compare_numbers,0,0,compare_numbers|attempt=0|log=0|49e1df1901,comparison_skill,1.0,number_comparison,,Greater,Comparison,Horizontal,0,8893,fast,0,ReversedSign,3,medium,,,2026-04-22T09:54:51.613Z,2026-04-22T09:55:19.233Z,,,,,,,Greater,,,
stu_1776848747452_2240,test_1776848340577_ghi7b5y,compare_numbers,0,1,compare_numbers|attempt=0|log=1|bc5876dc92,comparison_skill,1.0,number_comparison,,Less,Comparison,Horizontal,1,12973,medium,0,,3,medium,,,2026-04-22T09:54:51.613Z,2026-04-22T09:55:19.233Z,,,,,,,Less,,,
stu_1776848747452_2240,test_1776848340577_ghi7b5y,compare_numbers,0,2,compare_numbers|attempt=0|log=2|65a91ca3d0,comparison_skill,1.0,number_comparison,,Equal,Comparison,Horizontal,1,5754,fast,0,,3,medium,,,2026-04-22T09:54:51.613Z,2026-04-22T09:55:19.233Z,,,,,,,Equal,,,
stu_1776848747452_2240,test_1776848340577_ghi7b5y,compare_numbers,1,0,compare_numbers|attempt=1|log=0|c796ff35f1,comparison_skill,1.0,number_comparison,,Greater,Comparison,Horizontal,0,26141,slow,1,ReversedSign,2,easy,,,2026-04-22T09:55:19.370Z,2026-04-22T09:55:59.080Z,,,,,,,Greater,,,
stu_1776848747452_2240,test_1776848340577_ghi7b5y,compare_numbers,1,1,compare_numbers|attempt=1|log=1|5ec0808602,comparison_skill,1.0,number_comparison,,Less,Comparison,Horizontal,0,7725,fast,0,ReversedSign,2,easy,,,2026-04-22T09:55:19.370Z,2026-04-22T09:55:59.080Z,,,,,,,Less,,,
stu_1776848747452_2240,test_1776848340577_ghi7b5y,compare_numbers,1,2,compare_numbers|attempt=1|log=2|e7b684e8bf,comparison_skill,1.0,number_comparison,,Equal,Comparison,Horizontal,1,5843,fast,0,,2,easy,,,2026-04-22T09:55:19.370Z,2026-04-22T09:55:59.080Z,,,,,,,Equal,,,
stu_1776848747452_2240,test_1776848340577_ghi7b5y,find_previous_next_number,0,0,find_previous_next_number|attempt=0|log=0|738cc27b5b,sequential_thinking,1.0,previous_next_number,,PreviousAndNext,Sequence,Horizontal,1,55806,fast,0,,3,medium,880-889,,2026-04-22T09:54:19.652Z,2026-04-22T09:54:51.475Z,882,,,,"[881, 883]","[881, 883]",,,,
stu_1776848747452_2240,test_1776848340577_ghi7b5y,find_previous_next_number,0,1,find_previous_next_number|attempt=0|log=1|2549f4fabc,sequential_thinking,1.0,previous_next_number,,PreviousAndNext,Sequence,Horizontal,1,31822,fast,0,,2,easy,80-89,,2026-04-22T09:54:19.652Z,2026-04-22T09:54:51.475Z,82,,,,"[81, 83]","[81, 83]",,,,
stu_1776848747452_2240,test_1776848340577_ghi7b5y,order_numbers,0,0,order_numbers|attempt=0|log=0|448ac44b7d,sequential_thinking,1.0,number_ordering,,Ordering_asc,Ordering,Visual,0,36238,fast,0,ReversedDescending,3,medium,,3.0,2026-04-22T09:46:48.063Z,2026-04-22T09:47:56.187Z,,,,,,,,asc,,
stu_1776848747452_2240,test_1776848340577_ghi7b5y,order_numbers,0,1,order_numbers|attempt=0|log=1|9687947702,sequential_thinking,1.0,number_ordering,,Ordering_desc,Ordering,Visual,0,14374,fast,0,ReversedAscending,3,medium,,2.0,2026-04-22T09:46:48.063Z,2026-04-22T09:47:56.187Z,,,,,,,,desc,,
stu_1776848747452_2240,test_1776848340577_ghi7b5y,order_numbers,0,2,order_numbers|attempt=0|log=2|e02b846126,sequential_thinking,1.0,number_ordering,,Ordering_asc,Ordering,Visual,1,17511,fast,0,,3,medium,,3.0,2026-04-22T09:46:48.063Z,2026-04-22T09:47:56.187Z,,,,,,,,asc,,
stu_1776848747452_2240,test_1776848340577_ghi7b5y,order_numbers,1,0,order_numbers|attempt=1|log=0|89629dece8,sequential_thinking,1.0,number_ordering,,Ordering_desc,Ordering,Visual,1,17755,fast,0,,2,easy,,3.0,2026-04-22T09:47:56.337Z,2026-04-22T09:49:07.715Z,,,,,,,,desc,,
stu_1776848747452_2240,test_1776848340577_ghi7b5y,order_numbers,1,1,order_numbers|attempt=1|log=1|c7b85d4462,sequential_thinking,1.0,number_ordering,,Ordering_asc,Ordering,Visual,0,22673,fast,0,ReversedDescending,2,easy,,3.0,2026-04-22T09:47:56.337Z,2026-04-22T09:49:07.715Z,,,,,,,,asc,,
stu_1776848747452_2240,test_1776848340577_ghi7b5y,order_numbers,1,2,order_numbers|attempt=1|log=2|0ac9faa28c,sequential_thinking,1.0,number_ordering,,Ordering_desc,Ordering,Visual,0,30949,fast,0,MultipleMisplacements,2,easy,,5.0,2026-04-22T09:47:56.337Z,2026-04-22T09:49:07.715Z,,,,,,,,desc,,
stu_1776848878846_8648,test_1776848340577_ghi7b5y,choose_answer,0,0,choose_answer|attempt=0|log=0|ce8dbb3931,arithmetic_fluency,0.6,operation_identification_from_context,Addition,OneStepProblem,WordProblem,Horizontal,1,12759,medium,0,,2,easy,,,2026-04-22T09:38:10.871Z,2026-04-22T09:38:38.168Z,في حديقة هناك 45 شجرة، زرعوا 12 شجرة أخرى. كم عدد الأشجار في الحديقة الآن؟,45 + 12,,,,,,,Addition,Addition
stu_1776848878846_8648,test_1776848340577_ghi7b5y,choose_answer,0,0,choose_answer|attempt=0|log=0|ce8dbb3931,number_sense,0.2,operation_identification_from_context,Addition,OneStepProblem,WordProblem,Horizontal,1,12759,medium,0,,2,easy,,,2026-04-22T09:38:10.871Z,2026-04-22T09:38:38.168Z,في حديقة هناك 45 شجرة، زرعوا 12 شجرة أخرى. كم عدد الأشجار في الحديقة الآن؟,45 + 12,,,,,,,Addition,Addition
stu_1776848878846_8648,test_1776848340577_ghi7b5y,choose_answer,0,0,choose_answer|attempt=0|log=0|ce8dbb3931,sequential_thinking,0.2,operation_identification_from_context,Addition,OneStepProblem,WordProblem,Horizontal,1,12759,medium,0,,2,easy,,,2026-04-22T09:38:10.871Z,2026-04-22T09:38:38.168Z,في حديقة هناك 45 شجرة، زرعوا 12 شجرة أخرى. كم عدد الأشجار في الحديقة الآن؟,45 + 12,,,,,,,Addition,Addition
stu_1776848878846_8648,test_1776848340577_ghi7b5y,choose_answer,0,1,choose_answer|attempt=0|log=1|c33fcb0cfd,arithmetic_fluency,0.6,operation_identification_from_context,Addition,OneStepProblem,WordProblem,Horizontal,1,7219,fast,0,,2,easy,,,2026-04-22T09:38:10.871Z,2026-04-22T09:38:38.168Z,في مزرعة هناك 20 دجاجة. إذا وضعت 5 دجاجات أخرى. كم دجاجة في المجموع؟,20 + 5,,,,,,,Addition,Addition
stu_1776848878846_8648,test_1776848340577_ghi7b5y,choose_answer,0,1,choose_answer|attempt=0|log=1|c33fcb0cfd,number_sense,0.2,operation_identification_from_context,Addition,OneStepProblem,WordProblem,Horizontal,1,7219,fast,0,,2,easy,,,2026-04-22T09:38:10.871Z,2026-04-22T09:38:38.168Z,في مزرعة هناك 20 دجاجة. إذا وضعت 5 دجاجات أخرى. كم دجاجة في المجموع؟,20 + 5,,,,,,,Addition,Addition
stu_1776848878846_8648,test_1776848340577_ghi7b5y,choose_answer,0,1,choose_answer|attempt=0|log=1|c33fcb0cfd,sequential_thinking,0.2,operation_identification_from_context,Addition,OneStepProblem,WordProblem,Horizontal,1,7219,fast,0,,2,easy,,,2026-04-22T09:38:10.871Z,2026-04-22T09:38:38.168Z,في مزرعة هناك 20 دجاجة. إذا وضعت 5 دجاجات أخرى. كم دجاجة في المجموع؟,20 + 5,,,,,,,Addition,Addition
stu_1776848878846_8648,test_1776848340577_ghi7b5y,choose_answer,0,2,choose_answer|attempt=0|log=2|f3333aca51,arithmetic_fluency,0.6,operation_identification_from_context,,OneStepProblem,WordProblem,Horizontal,1,7319,fast,0,,2,easy,,,2026-04-22T09:38:10.871Z,2026-04-22T09:38:38.168Z,في إحدى المزارع هناك 8 حقول. في كل حقل 10 أشجار. كم عدد الأشجار في جميع الحقول؟,8 × 10,,,,,,,,
stu_1776848878846_8648,test_1776848340577_ghi7b5y,choose_answer,0,2,choose_answer|attempt=0|log=2|f3333aca51,number_sense,0.2,operation_identification_from_context,,OneStepProblem,WordProblem,Horizontal,1,7319,fast,0,,2,easy,,,2026-04-22T09:38:10.871Z,2026-04-22T09:38:38.168Z,في إحدى المزارع هناك 8 حقول. في كل حقل 10 أشجار. كم عدد الأشجار في جميع الحقول؟,8 × 10,,,,,,,,
stu_1776848878846_8648,test_1776848340577_ghi7b5y,choose_answer,0,2,choose_answer|attempt=0|log=2|f3333aca51,sequential_thinking,0.2,operation_identification_from_context,,OneStepProblem,WordProblem,Horizontal,1,7319,fast,0,,2,easy,,,2026-04-22T09:38:10.871Z,2026-04-22T09:38:38.168Z,في إحدى المزارع هناك 8 حقول. في كل حقل 10 أشجار. كم عدد الأشجار في جميع الحقول؟,8 × 10,,,,,,,,
stu_1776848878846_8648,test_1776848340577_ghi7b5y,compare_numbers,0,0,compare_numbers|attempt=0|log=0|bd5b1bd4c2,comparison_skill,1.0,number_comparison,,Greater,Comparison,Horizontal,1,15392,medium,0,,3,medium,,,2026-04-22T09:27:57.579Z,2026-04-22T09:28:33.332Z,,,,,,,Greater,,,
stu_1776848878846_8648,test_1776848340577_ghi7b5y,compare_numbers,0,1,compare_numbers|attempt=0|log=1|b9ab1e9650,comparison_skill,1.0,number_comparison,,Less,Comparison,Horizontal,1,12923,medium,0,,3,medium,,,2026-04-22T09:27:57.579Z,2026-04-22T09:28:33.332Z,,,,,,,Less,,,
stu_1776848878846_8648,test_1776848340577_ghi7b5y,compare_numbers,0,2,compare_numbers|attempt=0|log=2|f907f27156,comparison_skill,1.0,number_comparison,,Equal,Comparison,Horizontal,1,7438,fast,0,,3,medium,,,2026-04-22T09:27:57.579Z,2026-04-22T09:28:33.332Z,,,,,,,Equal,,,
stu_1776848878846_8648,test_1776848340577_ghi7b5y,decompose_number,0,0,decompose_number|attempt=0|log=0|98d9e3aeef,number_sense,1.0,number_decomposition,,Decomposition,Decomposition,Visual,1,22306,fast,0,,3,medium,,,2026-04-22T09:33:45.740Z,2026-04-22T09:34:18.582Z,,,,,"[600, 20]","[600, 20]",,,,
stu_1776848878846_8648,test_1776848340577_ghi7b5y,decompose_number,0,1,decompose_number|attempt=0|log=1|eab27dec19,number_sense,1.0,number_decomposition,,Decomposition,Decomposition,Visual,1,80263,fast,0,,3,medium,,,2026-04-22T09:33:45.740Z,2026-04-22T09:34:18.582Z,,,,,"[200, 40, 9]","[200, 40, 9]",,,,
stu_1776848878846_8648,test_1776848340577_ghi7b5y,decompose_number,0,2,decompose_number|attempt=0|log=2|a8bcb73a95,number_sense,1.0,number_decomposition,,Decomposition,Decomposition,Visual,1,41233,fast,0,,3,medium,,,2026-04-22T09:33:45.740Z,2026-04-22T09:34:18.582Z,,,,,"[200, 10, 7]","[200, 10, 7]",,,,
stu_1776848878846_8648,test_1776848340577_ghi7b5y,decompose_number,0,3,decompose_number|attempt=0|log=3|882ca0556c,number_sense,1.0,number_decomposition,,Decomposition,Decomposition,Visual,1,32835,fast,0,,3,medium,,,2026-04-22T09:33:45.740Z,2026-04-22T09:34:18.582Z,,,,,"[900, 90, 7]","[900, 90, 7]",,,,
stu_1776848878846_8648,test_1776848340577_ghi7b5y,find_previous_next_number,0,0,find_previous_next_number|attempt=0|log=0|d0ee09052d,sequential_thinking,1.0,previous_next_number,,PreviousAndNext,Sequence,Horizontal,1,105336,medium,0,,3,medium,290-299,,2026-04-22T09:26:16.189Z,2026-04-22T09:27:57.437Z,293,,,,"[292, 294]","[292, 294]",,,,
stu_1776848878846_8648,test_1776848340577_ghi7b5y,find_previous_next_number,0,1,find_previous_next_number|attempt=0|log=1|40b1f433ff,sequential_thinking,1.0,previous_next_number,,PreviousAndNext,Sequence,Horizontal,1,101247,medium,0,,3,medium,820-829,,2026-04-22T09:26:16.189Z,2026-04-22T09:27:57.437Z,827,,,,"[826, 828]","[826, 828]",,,,
stu_1776848878846_8648,test_1776848340577_ghi7b5y,identify_place_value,0,0,identify_place_value|attempt=0|log=0|f909d35aeb,number_sense,1.0,place_value_identification,,PlaceValue,PlaceValue,Visual,1,29521,fast,0,,3,medium,,,2026-04-22T09:35:34.194Z,2026-04-22T09:36:12.304Z,,,,,"{""pos_0"": 1, ""pos_1"": 6, ""pos_2"": 2}","{""pos_0"": 1, ""pos_1"": 6, ""pos_2"": 2}",,,,
stu_1776848878846_8648,test_1776848340577_ghi7b5y,identify_place_value,0,1,identify_place_value|attempt=0|log=1|b9e844b019,number_sense,1.0,place_value_identification,,PlaceValue,PlaceValue,Visual,1,45894,fast,0,,3,medium,,,2026-04-22T09:35:34.194Z,2026-04-22T09:36:12.304Z,,,,,"{""pos_0"": 4, ""pos_1"": 2, ""pos_2"": 6}","{""pos_0"": 4, ""pos_1"": 2, ""pos_2"": 6}",,,,
stu_1776848878846_8648,test_1776848340577_ghi7b5y,identify_place_value,0,2,identify_place_value|attempt=0|log=2|1779d26fc8,number_sense,1.0,place_value_identification,,PlaceValue,PlaceValue,Visual,1,38110,fast,0,,3,medium,,,2026-04-22T09:35:34.194Z,2026-04-22T09:36:12.304Z,,,,,"{""pos_0"": 5, ""pos_1"": 5, ""pos_2"": 3}","{""pos_0"": 5, ""pos_1"": 5, ""pos_2"": 3}",,,,
stu_1776848878846_8648,test_1776848340577_ghi7b5y,order_numbers,0,0,order_numbers|attempt=0|log=0|280f2e2a2e,sequential_thinking,1.0,number_ordering,,Ordering_asc,Ordering,Visual,1,37308,fast,0,,3,medium,,4.0,2026-04-22T09:28:33.447Z,2026-04-22T09:31:21.794Z,,,,,,,,asc,,
stu_1776848878846_8648,test_1776848340577_ghi7b5y,order_numbers,0,1,order_numbers|attempt=0|log=1|edc61e34b7,sequential_thinking,1.0,number_ordering,,Ordering_asc,Ordering,Visual,1,44248,fast,0,,3,medium,,5.0,2026-04-22T09:28:33.447Z,2026-04-22T09:31:21.794Z,,,,,,,,asc,,
stu_1776848878846_8648,test_1776848340577_ghi7b5y,order_numbers,0,2,order_numbers|attempt=0|log=2|9ff117768b,sequential_thinking,1.0,number_ordering,,Ordering_desc,Ordering,Visual,1,86790,fast,0,,3,medium,,5.0,2026-04-22T09:28:33.447Z,2026-04-22T09:31:21.794Z,,,,,,,,desc,,
stu_1776848878846_8648,test_1776848340577_ghi7b5y,order_numbers,1,0,order_numbers|attempt=1|log=0|b1e461731c,sequential_thinking,1.0,number_ordering,,Ordering_desc,Ordering,Visual,1,13793,fast,0,,2,easy,,5.0,2026-04-22T09:20:24.572Z,2026-04-22T09:21:27.484Z,,,,,,,,desc,,
stu_1776848878846_8648,test_1776848340577_ghi7b5y,order_numbers,1,1,order_numbers|attempt=1|log=1|be81f30ce3,sequential_thinking,1.0,number_ordering,,Ordering_asc,Ordering,Visual,0,7013,fast,0,MultipleMisplacements,2,easy,,3.0,2026-04-22T09:20:24.572Z,2026-04-22T09:21:27.484Z,,,,,,,,asc,,
stu_1776848878846_8648,test_1776848340577_ghi7b5y,order_numbers,1,2,order_numbers|attempt=1|log=2|86094ed374,sequential_thinking,1.0,number_ordering,,Ordering_desc,Ordering,Visual,1,42088,fast,0,,2,easy,,5.0,2026-04-22T09:20:24.572Z,2026-04-22T09:21:27.484Z,,,,,,,,desc,,
stu_1776848878846_8648,test_1776848340577_ghi7b5y,vertical_operations,0,0,vertical_operations|attempt=0|log=0|6edfb1acbd,arithmetic_fluency,1.0,vertical_operation_fluency,Subtraction,SimpleSubtraction,VerticalOperation,Vertical,1,94673,fast,0,,2,easy,,,2026-04-22T09:38:38.319Z,2026-04-22T09:41:01.046Z,96 Subtraction 52,,44,44,,,,,,
stu_1776848878846_8648,test_1776848340577_ghi7b5y,vertical_operations,0,1,vertical_operations|attempt=0|log=1|839291889c,arithmetic_fluency,1.0,vertical_operation_fluency,Addition,SimpleAddition,VerticalOperation,Vertical,0,48054,fast,0,ComputationError,2,easy,,,2026-04-22T09:38:38.319Z,2026-04-22T09:41:01.046Z,50 Addition 9,,59,41,,,,,,
stu_1776848878846_8648,test_1776848340577_ghi7b5y,what_number_do_you_hear,0,0,what_number_do_you_hear|attempt=0|log=0|152da3eb0f,audio_recognition,1.0,auditory_number_recognition,,HeardNumberChoice,AudioRecognition,Audio,1,56675,slow,1,,1,very-easy,,,2026-04-22T09:41:01.050Z,2026-04-22T09:42:29.839Z,6,6,,,,,,,,
stu_1776848878846_8648,test_1776848340577_ghi7b5y,what_number_do_you_hear,0,1,what_number_do_you_hear|attempt=0|log=1|7acdee2966,audio_recognition,1.0,auditory_number_recognition,,HeardNumberChoice,AudioRecognition,Audio,0,6425,fast,0,AudioNumberRecognitionError,2,easy,,,2026-04-22T09:41:01.050Z,2026-04-22T09:42:29.839Z,0,10,,,,,,,,
stu_1776848878846_8648,test_1776848340577_ghi7b5y,what_number_do_you_hear,0,2,what_number_do_you_hear|attempt=0|log=2|3bec842c23,audio_recognition,1.0,auditory_number_recognition,,HeardNumberChoice,AudioRecognition,Audio,1,8135,fast,0,,2,easy,,,2026-04-22T09:41:01.050Z,2026-04-22T09:42:29.839Z,10,10,,,,,,,,
stu_1776848878846_8648,test_1776848340577_ghi7b5y,what_number_do_you_hear,0,3,what_number_do_you_hear|attempt=0|log=3|6973c437b8,audio_recognition,1.0,auditory_number_recognition,,HeardNumberChoice,AudioRecognition,Audio,1,10112,medium,0,,1,very-easy,,,2026-04-22T09:41:01.050Z,2026-04-22T09:42:29.839Z,1,1,,,,,,,,
stu_1776848878846_8648,test_1776848340577_ghi7b5y,what_number_do_you_hear,0,4,what_number_do_you_hear|attempt=0|log=4|1dd225ade9,audio_recognition,1.0,auditory_number_recognition,,HeardNumberChoice,AudioRecognition,Audio,1,4738,fast,0,,1,very-easy,,,2026-04-22T09:41:01.050Z,2026-04-22T09:42:29.839Z,2,2,,,,,,,,
stu_1776848878846_8648,test_1776848340577_ghi7b5y,what_number_do_you_hear,0,5,what_number_do_you_hear|attempt=0|log=5|10dcf288b3,audio_recognition,1.0,auditory_number_recognition,,HeardNumberChoice,AudioRecognition,Audio,1,2704,fast,0,,1,very-easy,,,2026-04-22T09:41:01.050Z,2026-04-22T09:42:29.839Z,5,5,,,,,,,,
stu_1776848878846_8648,test_1776848340577_ghi7b5y,write_number_in_letters,0,0,write_number_in_letters|attempt=0|log=0|57a3162d0f,number_sense,1.0,number_writing,,WrittenNumberProduction,NumberWriting,Mixed,1,102687,fast,0,,3,medium,,,2026-04-22T09:37:55.112Z,2026-04-22T09:38:10.735Z,,,,,"[""\u0633\u062a"", ""\u0645\u0626\u0629"", ""\u0648"", ""\u062b\u0645\u0627\u0646\u064a\u0629"", ""\u0648"", ""\u062b\u0645\u0627\u0646\u0648\u0646""]","[""\u0633\u062a"", ""\u0645\u0626\u0629"", ""\u0648"", ""\u062b\u0645\u0627\u0646\u064a\u0629"", ""\u0648"", ""\u062b\u0645\u0627\u0646\u0648\u0646""]",,,,
stu_1776848878846_8648,test_1776848340577_ghi7b5y,write_number_in_letters,0,1,write_number_in_letters|attempt=0|log=1|e55de393ed,number_sense,1.0,number_writing,,WrittenNumberProduction,NumberWriting,Mixed,1,15622,fast,0,,3,medium,,,2026-04-22T09:37:55.112Z,2026-04-22T09:38:10.735Z,,,,,"[""\u062e\u0645\u0633\u0645\u0626\u0629"", ""\u0648"", ""\u0633\u0628\u0639\u0629""]","[""\u062e\u0645\u0633\u0645\u0626\u0629"", ""\u0648"", ""\u0633\u0628\u0639\u0629""]",,,,
stu_1776848879378_2063,test_1776848340577_ghi7b5y,compare_numbers,0,0,compare_numbers|attempt=0|log=0|89bc385f32,comparison_skill,1.0,number_comparison,,Greater,Comparison,Horizontal,1,11670,medium,0,,3,medium,,,2026-04-22T09:52:46.266Z,2026-04-22T09:53:15.373Z,,,,,,,Greater,,,
stu_1776848879378_2063,test_1776848340577_ghi7b5y,compare_numbers,0,1,compare_numbers|attempt=0|log=1|0d99e52ed3,comparison_skill,1.0,number_comparison,,Less,Comparison,Horizontal,1,10454,medium,0,,3,medium,,,2026-04-22T09:52:46.266Z,2026-04-22T09:53:15.373Z,,,,,,,Less,,,
stu_1776848879378_2063,test_1776848340577_ghi7b5y,compare_numbers,0,2,compare_numbers|attempt=0|log=2|e24da88802,comparison_skill,1.0,number_comparison,,Equal,Comparison,Horizontal,1,6983,fast,0,,3,medium,,,2026-04-22T09:52:46.266Z,2026-04-22T09:53:15.373Z,,,,,,,Equal,,,
stu_1776848879378_2063,test_1776848340577_ghi7b5y,find_previous_next_number,0,0,find_previous_next_number|attempt=0|log=0|91b917fc9e,sequential_thinking,1.0,previous_next_number,,PreviousAndNext,Sequence,Horizontal,1,80517,medium,0,,2,easy,70-79,,2026-04-22T09:49:30.978Z,2026-04-22T09:51:16.033Z,74,,,,"[73, 75]","[73, 75]",,,,
stu_1776848879378_2063,test_1776848340577_ghi7b5y,find_previous_next_number,0,1,find_previous_next_number|attempt=0|log=1|0e1544cad7,sequential_thinking,1.0,previous_next_number,,PreviousAndNext,Sequence,Horizontal,0,105055,medium,0,MissingPrevious,3,medium,990-999,,2026-04-22T09:49:30.978Z,2026-04-22T09:51:16.033Z,990,,,,"[989, 991]","[990, 991]",,,,
stu_1776848879378_2063,test_1776848340577_ghi7b5y,find_previous_next_number,1,0,find_previous_next_number|attempt=1|log=0|00748c91cc,sequential_thinking,1.0,previous_next_number,,PreviousAndNext,Sequence,Horizontal,1,39000,fast,0,,2,easy,40-49,,2026-04-22T09:51:55.137Z,2026-04-22T09:52:46.148Z,41,,,,"[40, 42]","[40, 42]",,,,
stu_1776848879378_2063,test_1776848340577_ghi7b5y,find_previous_next_number,1,1,find_previous_next_number|attempt=1|log=1|a446fbbc9e,sequential_thinking,1.0,previous_next_number,,PreviousAndNext,Sequence,Horizontal,1,51011,fast,0,,2,easy,10-19,,2026-04-22T09:51:55.137Z,2026-04-22T09:52:46.148Z,19,,,,"[18, 20]","[18, 20]",,,,
stu_1776848879378_2063,test_1776848340577_ghi7b5y,order_numbers,0,0,order_numbers|attempt=0|log=0|b3bbfc8a26,sequential_thinking,1.0,number_ordering,,Ordering_asc,Ordering,Visual,0,61197,fast,0,MultipleMisplacements,3,medium,,5.0,2026-04-22T09:53:15.463Z,2026-04-22T09:55:24.047Z,,,,,,,,asc,,
stu_1776848879378_2063,test_1776848340577_ghi7b5y,order_numbers,0,1,order_numbers|attempt=0|log=1|fd6ffc1fad,sequential_thinking,1.0,number_ordering,,Ordering_desc,Ordering,Visual,1,29092,fast,0,,3,medium,,4.0,2026-04-22T09:53:15.463Z,2026-04-22T09:55:24.047Z,,,,,,,,desc,,
stu_1776848879378_2063,test_1776848340577_ghi7b5y,order_numbers,0,2,order_numbers|attempt=0|log=2|b0db573429,sequential_thinking,1.0,number_ordering,,Ordering_asc,Ordering,Visual,1,38295,fast,0,,3,medium,,4.0,2026-04-22T09:53:15.463Z,2026-04-22T09:55:24.047Z,,,,,,,,asc,,
stu_1776848879378_2063,test_1776848340577_ghi7b5y,order_numbers,1,0,order_numbers|attempt=1|log=0|72f865ebcc,sequential_thinking,1.0,number_ordering,,Ordering_desc,Ordering,Visual,1,15707,fast,0,,2,easy,,2.0,2026-04-22T09:55:24.206Z,2026-04-22T09:57:14.495Z,,,,,,,,desc,,
stu_1776848879378_2063,test_1776848340577_ghi7b5y,order_numbers,1,1,order_numbers|attempt=1|log=1|32c5f49d92,sequential_thinking,1.0,number_ordering,,Ordering_asc,Ordering,Visual,1,34782,fast,0,,2,easy,,4.0,2026-04-22T09:55:24.206Z,2026-04-22T09:57:14.495Z,,,,,,,,asc,,
stu_1776848879378_2063,test_1776848340577_ghi7b5y,order_numbers,1,2,order_numbers|attempt=1|log=2|de76d914f2,sequential_thinking,1.0,number_ordering,,Ordering_asc,Ordering,Visual,1,59800,fast,0,,2,easy,,5.0,2026-04-22T09:55:24.206Z,2026-04-22T09:57:14.495Z,,,,,,,,asc,,
stu_1777023080044_2956,test_1777023978840_kask7x7,choose_answer,0,0,choose_answer|attempt=0|log=0|bc5956e3e9,arithmetic_fluency,0.6,operation_identification_from_context,,OneStepProblem,WordProblem,Horizontal,1,10530,medium,0,,2,easy,,,2026-04-24T11:21:17.335Z,2026-04-24T11:23:02.831Z,في مستودع هناك 15 صندوقًا، وكل صندوق يحتوي على 35 قطعة. كم عدد القطع في المستودع؟,15 × 35,,,,,,,,
stu_1777023080044_2956,test_1777023978840_kask7x7,choose_answer,0,0,choose_answer|attempt=0|log=0|bc5956e3e9,number_sense,0.2,operation_identification_from_context,,OneStepProblem,WordProblem,Horizontal,1,10530,medium,0,,2,easy,,,2026-04-24T11:21:17.335Z,2026-04-24T11:23:02.831Z,في مستودع هناك 15 صندوقًا، وكل صندوق يحتوي على 35 قطعة. كم عدد القطع في المستودع؟,15 × 35,,,,,,,,
stu_1777023080044_2956,test_1777023978840_kask7x7,choose_answer,0,0,choose_answer|attempt=0|log=0|bc5956e3e9,sequential_thinking,0.2,operation_identification_from_context,,OneStepProblem,WordProblem,Horizontal,1,10530,medium,0,,2,easy,,,2026-04-24T11:21:17.335Z,2026-04-24T11:23:02.831Z,في مستودع هناك 15 صندوقًا، وكل صندوق يحتوي على 35 قطعة. كم عدد القطع في المستودع؟,15 × 35,,,,,,,,
stu_1777023080044_2956,test_1777023978840_kask7x7,choose_answer,0,1,choose_answer|attempt=0|log=1|98936eb1b9,arithmetic_fluency,0.6,operation_identification_from_context,Subtraction,OneStepProblem,WordProblem,Horizontal,1,4847,fast,0,,2,easy,,,2026-04-24T11:21:17.335Z,2026-04-24T11:23:02.831Z,كانت عندك 10 تفاحات، أكلت 3. كم بقي؟,10 - 3,,,,,,,Subtraction,Subtraction
stu_1777023080044_2956,test_1777023978840_kask7x7,choose_answer,0,1,choose_answer|attempt=0|log=1|98936eb1b9,number_sense,0.2,operation_identification_from_context,Subtraction,OneStepProblem,WordProblem,Horizontal,1,4847,fast,0,,2,easy,,,2026-04-24T11:21:17.335Z,2026-04-24T11:23:02.831Z,كانت عندك 10 تفاحات، أكلت 3. كم بقي؟,10 - 3,,,,,,,Subtraction,Subtraction
stu_1777023080044_2956,test_1777023978840_kask7x7,choose_answer,0,1,choose_answer|attempt=0|log=1|98936eb1b9,sequential_thinking,0.2,operation_identification_from_context,Subtraction,OneStepProblem,WordProblem,Horizontal,1,4847,fast,0,,2,easy,,,2026-04-24T11:21:17.335Z,2026-04-24T11:23:02.831Z,كانت عندك 10 تفاحات، أكلت 3. كم بقي؟,10 - 3,,,,,,,Subtraction,Subtraction
stu_1777023080044_2956,test_1777023978840_kask7x7,choose_answer,0,2,choose_answer|attempt=0|log=2|1eacd493a9,arithmetic_fluency,0.6,operation_identification_from_context,,OneStepProblem,WordProblem,Horizontal,1,34553,slow,1,,1,very-easy,,,2026-04-24T11:21:17.335Z,2026-04-24T11:23:02.831Z,أبنى 6 منازل في حي جديد، وفي كل منزل 8 نوافذ. كم عدد النوافذ في الحي؟,6 × 8,,,,,,,,
stu_1777023080044_2956,test_1777023978840_kask7x7,choose_answer,0,2,choose_answer|attempt=0|log=2|1eacd493a9,number_sense,0.2,operation_identification_from_context,,OneStepProblem,WordProblem,Horizontal,1,34553,slow,1,,1,very-easy,,,2026-04-24T11:21:17.335Z,2026-04-24T11:23:02.831Z,أبنى 6 منازل في حي جديد، وفي كل منزل 8 نوافذ. كم عدد النوافذ في الحي؟,6 × 8,,,,,,,,
stu_1777023080044_2956,test_1777023978840_kask7x7,choose_answer,0,2,choose_answer|attempt=0|log=2|1eacd493a9,sequential_thinking,0.2,operation_identification_from_context,,OneStepProblem,WordProblem,Horizontal,1,34553,slow,1,,1,very-easy,,,2026-04-24T11:21:17.335Z,2026-04-24T11:23:02.831Z,أبنى 6 منازل في حي جديد، وفي كل منزل 8 نوافذ. كم عدد النوافذ في الحي؟,6 × 8,,,,,,,,
stu_1777023080044_2956,test_1777023978840_kask7x7,choose_answer,0,3,choose_answer|attempt=0|log=3|589d06e11e,arithmetic_fluency,0.6,operation_identification_from_context,,OneStepProblem,WordProblem,Horizontal,0,20909,slow,1,ComputationError,3,medium,,,2026-04-24T11:21:17.335Z,2026-04-24T11:23:02.831Z,كان لديك 250 درهما وأنت بحاجة إلى شراء 5 كتب، كل كتاب يكلف 60 درهما. هل لديك ما يكفي من المال؟,60 × 5 = 250,,,,,,,,
stu_1777023080044_2956,test_1777023978840_kask7x7,choose_answer,0,3,choose_answer|attempt=0|log=3|589d06e11e,number_sense,0.2,operation_identification_from_context,,OneStepProblem,WordProblem,Horizontal,0,20909,slow,1,ComputationError,3,medium,,,2026-04-24T11:21:17.335Z,2026-04-24T11:23:02.831Z,كان لديك 250 درهما وأنت بحاجة إلى شراء 5 كتب، كل كتاب يكلف 60 درهما. هل لديك ما يكفي من المال؟,60 × 5 = 250,,,,,,,,
stu_1777023080044_2956,test_1777023978840_kask7x7,choose_answer,0,3,choose_answer|attempt=0|log=3|589d06e11e,sequential_thinking,0.2,operation_identification_from_context,,OneStepProblem,WordProblem,Horizontal,0,20909,slow,1,ComputationError,3,medium,,,2026-04-24T11:21:17.335Z,2026-04-24T11:23:02.831Z,كان لديك 250 درهما وأنت بحاجة إلى شراء 5 كتب، كل كتاب يكلف 60 درهما. هل لديك ما يكفي من المال؟,60 × 5 = 250,,,,,,,,
stu_1777023080044_2956,test_1777023978840_kask7x7,choose_answer,0,4,choose_answer|attempt=0|log=4|8544acd8df,arithmetic_fluency,0.6,operation_identification_from_context,Subtraction,OneStepProblem,WordProblem,Horizontal,1,34649,slow,1,,3,medium,,,2026-04-24T11:21:17.335Z,2026-04-24T11:23:02.831Z,إذا كان لديك 250 درهمًا واشتريت 3 كتب، كل كتاب يكلف 50 درهمًا. كم يتبقى لديك؟,250 - (3 × 50),,,,,,,Subtraction,Subtraction
stu_1777023080044_2956,test_1777023978840_kask7x7,choose_answer,0,4,choose_answer|attempt=0|log=4|8544acd8df,number_sense,0.2,operation_identification_from_context,Subtraction,OneStepProblem,WordProblem,Horizontal,1,34649,slow,1,,3,medium,,,2026-04-24T11:21:17.335Z,2026-04-24T11:23:02.831Z,إذا كان لديك 250 درهمًا واشتريت 3 كتب، كل كتاب يكلف 50 درهمًا. كم يتبقى لديك؟,250 - (3 × 50),,,,,,,Subtraction,Subtraction
stu_1777023080044_2956,test_1777023978840_kask7x7,choose_answer,0,4,choose_answer|attempt=0|log=4|8544acd8df,sequential_thinking,0.2,operation_identification_from_context,Subtraction,OneStepProblem,WordProblem,Horizontal,1,34649,slow,1,,3,medium,,,2026-04-24T11:21:17.335Z,2026-04-24T11:23:02.831Z,إذا كان لديك 250 درهمًا واشتريت 3 كتب، كل كتاب يكلف 50 درهمًا. كم يتبقى لديك؟,250 - (3 × 50),,,,,,,Subtraction,Subtraction
stu_1777023080044_2956,test_1777023978840_kask7x7,compare_numbers,0,0,compare_numbers|attempt=0|log=0|e25e946b03,comparison_skill,1.0,number_comparison,,Greater,Comparison,Horizontal,1,17725,medium,0,,3,medium,,,2026-04-24T11:08:08.492Z,2026-04-24T11:08:35.155Z,,,,,,,Greater,,,
stu_1777023080044_2956,test_1777023978840_kask7x7,compare_numbers,0,1,compare_numbers|attempt=0|log=1|bef7f5cc46,comparison_skill,1.0,number_comparison,,Less,Comparison,Horizontal,1,5147,fast,0,,3,medium,,,2026-04-24T11:08:08.492Z,2026-04-24T11:08:35.155Z,,,,,,,Less,,,
stu_1777023080044_2956,test_1777023978840_kask7x7,compare_numbers,0,2,compare_numbers|attempt=0|log=2|18a9ae7074,comparison_skill,1.0,number_comparison,,Equal,Comparison,Horizontal,1,3773,fast,0,,3,medium,,,2026-04-24T11:08:08.492Z,2026-04-24T11:08:35.155Z,,,,,,,Equal,,,
stu_1777023080044_2956,test_1777023978840_kask7x7,find_previous_next_number,0,0,find_previous_next_number|attempt=0|log=0|fda9e8f4b2,sequential_thinking,1.0,previous_next_number,,PreviousAndNext,Sequence,Horizontal,1,38775,fast,0,,3,medium,910-919,,2026-04-24T11:07:45.276Z,2026-04-24T11:08:08.235Z,917,,,,"[916, 918]","[916, 918]",,,,
stu_1777023080044_2956,test_1777023978840_kask7x7,find_previous_next_number,0,1,find_previous_next_number|attempt=0|log=1|3ded8fd4b2,sequential_thinking,1.0,previous_next_number,,PreviousAndNext,Sequence,Horizontal,1,27251,fast,0,,3,medium,400-409,,2026-04-24T11:07:45.276Z,2026-04-24T11:08:08.235Z,405,,,,"[404, 406]","[404, 406]",,,,
stu_1777023080044_2956,test_1777023978840_kask7x7,find_previous_next_number,0,2,find_previous_next_number|attempt=0|log=2|d05e2aed55,sequential_thinking,1.0,previous_next_number,,PreviousAndNext,Sequence,Horizontal,1,22952,fast,0,,3,medium,750-759,,2026-04-24T11:07:45.276Z,2026-04-24T11:08:08.235Z,759,,,,"[758, 760]","[758, 760]",,,,
stu_1777023080044_2956,test_1777023978840_kask7x7,identify_place_value,0,0,identify_place_value|attempt=0|log=0|a3622e2605,number_sense,1.0,place_value_identification,,PlaceValue,PlaceValue,Visual,1,8988,fast,0,,2,easy,,,2026-04-24T11:21:09.638Z,2026-04-24T11:21:16.004Z,,,,,"{""pos_0"": 9, ""pos_1"": 8}","{""pos_0"": 9, ""pos_1"": 8}",,,,
stu_1777023080044_2956,test_1777023978840_kask7x7,identify_place_value,0,1,identify_place_value|attempt=0|log=1|7862a93fbb,number_sense,1.0,place_value_identification,,PlaceValue,PlaceValue,Visual,1,5694,fast,0,,2,easy,,,2026-04-24T11:21:09.638Z,2026-04-24T11:21:16.004Z,,,,,"{""pos_0"": 2, ""pos_1"": 8}","{""pos_0"": 2, ""pos_1"": 8}",,,,
stu_1777023080044_2956,test_1777023978840_kask7x7,identify_place_value,0,2,identify_place_value|attempt=0|log=2|bd322b34a8,number_sense,1.0,place_value_identification,,PlaceValue,PlaceValue,Visual,1,7058,fast,0,,2,easy,,,2026-04-24T11:21:09.638Z,2026-04-24T11:21:16.004Z,,,,,"{""pos_0"": 2, ""pos_1"": 0}","{""pos_0"": 2, ""pos_1"": 0}",,,,
stu_1777023080044_2956,test_1777023978840_kask7x7,identify_place_value,0,3,identify_place_value|attempt=0|log=3|379034d5eb,number_sense,1.0,place_value_identification,,PlaceValue,PlaceValue,Visual,1,6360,fast,0,,2,easy,,,2026-04-24T11:21:09.638Z,2026-04-24T11:21:16.004Z,,,,,"{""pos_0"": 1, ""pos_1"": 9}","{""pos_0"": 1, ""pos_1"": 9}",,,,
stu_1777023080044_2956,test_1777023978840_kask7x7,identify_place_value,1,0,identify_place_value|attempt=1|log=0|111466362c,number_sense,1.0,place_value_identification,,PlaceValue,PlaceValue,Visual,1,5135,fast,0,,1,very-easy,,,2026-04-24T11:04:07.252Z,2026-04-24T11:04:14.634Z,,,,,"{""pos_0"": 9}","{""pos_0"": 9}",,,,
stu_1777023080044_2956,test_1777023978840_kask7x7,identify_place_value,1,1,identify_place_value|attempt=1|log=1|525561e967,number_sense,1.0,place_value_identification,,PlaceValue,PlaceValue,Visual,1,6514,fast,0,,1,very-easy,,,2026-04-24T11:04:07.252Z,2026-04-24T11:04:14.634Z,,,,,"{""pos_0"": 7}","{""pos_0"": 7}",,,,
stu_1777023080044_2956,test_1777023978840_kask7x7,identify_place_value,1,2,identify_place_value|attempt=1|log=2|8089870410,number_sense,1.0,place_value_identification,,PlaceValue,PlaceValue,Visual,1,4475,fast,0,,1,very-easy,,,2026-04-24T11:04:07.252Z,2026-04-24T11:04:14.634Z,,,,,"{""pos_0"": 1}","{""pos_0"": 1}",,,,
stu_1777023080044_2956,test_1777023978840_kask7x7,identify_place_value,1,3,identify_place_value|attempt=1|log=3|d840bfeef2,number_sense,1.0,place_value_identification,,PlaceValue,PlaceValue,Visual,1,7377,fast,0,,1,very-easy,,,2026-04-24T11:04:07.252Z,2026-04-24T11:04:14.634Z,,,,,"{""pos_0"": 6}","{""pos_0"": 6}",,,,
stu_1777023080044_2956,test_1777023978840_kask7x7,order_numbers,0,0,order_numbers|attempt=0|log=0|f8febb2a24,sequential_thinking,1.0,number_ordering,,Ordering_desc,Ordering,Visual,1,14488,fast,0,,2,easy,,3.0,2026-04-24T11:19:46.437Z,2026-04-24T11:20:47.762Z,,,,,,,,desc,,
stu_1777023080044_2956,test_1777023978840_kask7x7,order_numbers,0,1,order_numbers|attempt=0|log=1|077589f9b2,sequential_thinking,1.0,number_ordering,,Ordering_asc,Ordering,Visual,1,21858,fast,0,,2,easy,,5.0,2026-04-24T11:19:46.437Z,2026-04-24T11:20:47.762Z,,,,,,,,asc,,
stu_1777023080044_2956,test_1777023978840_kask7x7,order_numbers,0,2,order_numbers|attempt=0|log=2|098d2d2fe1,sequential_thinking,1.0,number_ordering,,Ordering_asc,Ordering,Visual,1,24966,fast,0,,2,easy,,5.0,2026-04-24T11:19:46.437Z,2026-04-24T11:20:47.762Z,,,,,,,,asc,,
stu_1777023080044_2956,test_1777023978840_kask7x7,vertical_operations,0,0,vertical_operations|attempt=0|log=0|9ff97cf75f,arithmetic_fluency,1.0,vertical_operation_fluency,Addition,AdditionWithCarry,VerticalOperation,Vertical,1,49332,fast,0,,5,hard,,,2026-04-24T11:05:23.598Z,2026-04-24T11:06:39.215Z,6399 Addition 6089,,12488,12488,,,,,,
stu_1777023080044_2956,test_1777023978840_kask7x7,vertical_operations,0,1,vertical_operations|attempt=0|log=1|05d5cd9a19,arithmetic_fluency,1.0,vertical_operation_fluency,Addition,AdditionWithCarry,VerticalOperation,Vertical,1,26285,fast,0,,4,hard,,,2026-04-24T11:05:23.598Z,2026-04-24T11:06:39.215Z,4800 Addition 4813,,9613,9613,,,,,,
stu_1777023761242_7194,test_1777023978840_kask7x7,choose_answer,0,0,choose_answer|attempt=0|log=0|3ca3d5e557,arithmetic_fluency,0.6,operation_identification_from_context,,OneStepProblem,WordProblem,Horizontal,1,32607,slow,1,,3,medium,,,2026-04-24T11:09:36.207Z,2026-04-24T11:11:18.307Z,كان لديك 250 درهما وأنت بحاجة إلى شراء 5 كتب، كل كتاب يكلف 60 درهما. هل لديك ما يكفي من المال؟,5 × 60 = 300 > 250,,,,,,,,
stu_1777023761242_7194,test_1777023978840_kask7x7,choose_answer,0,0,choose_answer|attempt=0|log=0|3ca3d5e557,number_sense,0.2,operation_identification_from_context,,OneStepProblem,WordProblem,Horizontal,1,32607,slow,1,,3,medium,,,2026-04-24T11:09:36.207Z,2026-04-24T11:11:18.307Z,كان لديك 250 درهما وأنت بحاجة إلى شراء 5 كتب، كل كتاب يكلف 60 درهما. هل لديك ما يكفي من المال؟,5 × 60 = 300 > 250,,,,,,,,
stu_1777023761242_7194,test_1777023978840_kask7x7,choose_answer,0,0,choose_answer|attempt=0|log=0|3ca3d5e557,sequential_thinking,0.2,operation_identification_from_context,,OneStepProblem,WordProblem,Horizontal,1,32607,slow,1,,3,medium,,,2026-04-24T11:09:36.207Z,2026-04-24T11:11:18.307Z,كان لديك 250 درهما وأنت بحاجة إلى شراء 5 كتب، كل كتاب يكلف 60 درهما. هل لديك ما يكفي من المال؟,5 × 60 = 300 > 250,,,,,,,,
stu_1777023761242_7194,test_1777023978840_kask7x7,choose_answer,0,1,choose_answer|attempt=0|log=1|e4567d43fd,arithmetic_fluency,0.6,operation_identification_from_context,Subtraction,OneStepProblem,WordProblem,Horizontal,1,8110,fast,0,,2,easy,,,2026-04-24T11:09:36.207Z,2026-04-24T11:11:18.307Z,كانت عندك 10 تفاحات، أكلت 3. كم بقي؟,10 - 3,,,,,,,Subtraction,Subtraction
stu_1777023761242_7194,test_1777023978840_kask7x7,choose_answer,0,1,choose_answer|attempt=0|log=1|e4567d43fd,number_sense,0.2,operation_identification_from_context,Subtraction,OneStepProblem,WordProblem,Horizontal,1,8110,fast,0,,2,easy,,,2026-04-24T11:09:36.207Z,2026-04-24T11:11:18.307Z,كانت عندك 10 تفاحات، أكلت 3. كم بقي؟,10 - 3,,,,,,,Subtraction,Subtraction
stu_1777023761242_7194,test_1777023978840_kask7x7,choose_answer,0,1,choose_answer|attempt=0|log=1|e4567d43fd,sequential_thinking,0.2,operation_identification_from_context,Subtraction,OneStepProblem,WordProblem,Horizontal,1,8110,fast,0,,2,easy,,,2026-04-24T11:09:36.207Z,2026-04-24T11:11:18.307Z,كانت عندك 10 تفاحات، أكلت 3. كم بقي؟,10 - 3,,,,,,,Subtraction,Subtraction
stu_1777023761242_7194,test_1777023978840_kask7x7,choose_answer,0,2,choose_answer|attempt=0|log=2|bc47ebec6c,arithmetic_fluency,0.6,operation_identification_from_context,Subtraction,OneStepProblem,WordProblem,Horizontal,1,31974,slow,1,,3,medium,,,2026-04-24T11:09:36.207Z,2026-04-24T11:11:18.307Z,أحمد لديه 150 درهمًا. اشترى 3 كتب، كل كتاب يكلف 40 درهمًا. كم تبقى معه؟,150 - (3 × 40),,,,,,,Subtraction,Subtraction
stu_1777023761242_7194,test_1777023978840_kask7x7,choose_answer,0,2,choose_answer|attempt=0|log=2|bc47ebec6c,number_sense,0.2,operation_identification_from_context,Subtraction,OneStepProblem,WordProblem,Horizontal,1,31974,slow,1,,3,medium,,,2026-04-24T11:09:36.207Z,2026-04-24T11:11:18.307Z,أحمد لديه 150 درهمًا. اشترى 3 كتب، كل كتاب يكلف 40 درهمًا. كم تبقى معه؟,150 - (3 × 40),,,,,,,Subtraction,Subtraction
stu_1777023761242_7194,test_1777023978840_kask7x7,choose_answer,0,2,choose_answer|attempt=0|log=2|bc47ebec6c,sequential_thinking,0.2,operation_identification_from_context,Subtraction,OneStepProblem,WordProblem,Horizontal,1,31974,slow,1,,3,medium,,,2026-04-24T11:09:36.207Z,2026-04-24T11:11:18.307Z,أحمد لديه 150 درهمًا. اشترى 3 كتب، كل كتاب يكلف 40 درهمًا. كم تبقى معه؟,150 - (3 × 40),,,,,,,Subtraction,Subtraction
stu_1777023761242_7194,test_1777023978840_kask7x7,choose_answer,0,3,choose_answer|attempt=0|log=3|e2a8279cbd,arithmetic_fluency,0.6,operation_identification_from_context,,OneStepProblem,WordProblem,Horizontal,1,6909,fast,0,,2,easy,,,2026-04-24T11:09:36.207Z,2026-04-24T11:11:18.307Z,أشترى علي 5 كتب، كل كتاب يكلف 70 درهمًا. كم دفع علي في المجمل؟,5 × 70,,,,,,,,
stu_1777023761242_7194,test_1777023978840_kask7x7,choose_answer,0,3,choose_answer|attempt=0|log=3|e2a8279cbd,number_sense,0.2,operation_identification_from_context,,OneStepProblem,WordProblem,Horizontal,1,6909,fast,0,,2,easy,,,2026-04-24T11:09:36.207Z,2026-04-24T11:11:18.307Z,أشترى علي 5 كتب، كل كتاب يكلف 70 درهمًا. كم دفع علي في المجمل؟,5 × 70,,,,,,,,
stu_1777023761242_7194,test_1777023978840_kask7x7,choose_answer,0,3,choose_answer|attempt=0|log=3|e2a8279cbd,sequential_thinking,0.2,operation_identification_from_context,,OneStepProblem,WordProblem,Horizontal,1,6909,fast,0,,2,easy,,,2026-04-24T11:09:36.207Z,2026-04-24T11:11:18.307Z,أشترى علي 5 كتب، كل كتاب يكلف 70 درهمًا. كم دفع علي في المجمل؟,5 × 70,,,,,,,,
stu_1777023761242_7194,test_1777023978840_kask7x7,choose_answer,0,4,choose_answer|attempt=0|log=4|e74dbaa20e,arithmetic_fluency,0.6,operation_identification_from_context,,OneStepProblem,WordProblem,Horizontal,1,22500,slow,1,,2,easy,,,2026-04-24T11:09:36.207Z,2026-04-24T11:11:18.307Z,في أحد المخابز يوجد 15 صندوقًا من الخبز. في كل صندوق 20 رغيفًا. كم رغيفًا في المجموع؟,15 × 20,,,,,,,,
stu_1777023761242_7194,test_1777023978840_kask7x7,choose_answer,0,4,choose_answer|attempt=0|log=4|e74dbaa20e,number_sense,0.2,operation_identification_from_context,,OneStepProblem,WordProblem,Horizontal,1,22500,slow,1,,2,easy,,,2026-04-24T11:09:36.207Z,2026-04-24T11:11:18.307Z,في أحد المخابز يوجد 15 صندوقًا من الخبز. في كل صندوق 20 رغيفًا. كم رغيفًا في المجموع؟,15 × 20,,,,,,,,
stu_1777023761242_7194,test_1777023978840_kask7x7,choose_answer,0,4,choose_answer|attempt=0|log=4|e74dbaa20e,sequential_thinking,0.2,operation_identification_from_context,,OneStepProblem,WordProblem,Horizontal,1,22500,slow,1,,2,easy,,,2026-04-24T11:09:36.207Z,2026-04-24T11:11:18.307Z,في أحد المخابز يوجد 15 صندوقًا من الخبز. في كل صندوق 20 رغيفًا. كم رغيفًا في المجموع؟,15 × 20,,,,,,,,
stu_1777023761242_7194,test_1777023978840_kask7x7,compare_numbers,0,0,compare_numbers|attempt=0|log=0|ee91fd1175,comparison_skill,1.0,number_comparison,,Greater,Comparison,Horizontal,1,12747,medium,0,,3,medium,,,2026-04-24T11:16:44.959Z,2026-04-24T11:17:16.666Z,,,,,,,Greater,,,
stu_1777023761242_7194,test_1777023978840_kask7x7,compare_numbers,0,1,compare_numbers|attempt=0|log=1|f33c89d6fb,comparison_skill,1.0,number_comparison,,Less,Comparison,Horizontal,1,12435,medium,0,,3,medium,,,2026-04-24T11:16:44.959Z,2026-04-24T11:17:16.666Z,,,,,,,Less,,,
stu_1777023761242_7194,test_1777023978840_kask7x7,compare_numbers,0,2,compare_numbers|attempt=0|log=2|c7c5072368,comparison_skill,1.0,number_comparison,,Equal,Comparison,Horizontal,1,6523,fast,0,,3,medium,,,2026-04-24T11:16:44.959Z,2026-04-24T11:17:16.666Z,,,,,,,Equal,,,
stu_1777023761242_7194,test_1777023978840_kask7x7,find_previous_next_number,0,0,find_previous_next_number|attempt=0|log=0|8a08e3451b,sequential_thinking,1.0,previous_next_number,,PreviousAndNext,Sequence,Horizontal,1,66182,medium,0,,3,medium,520-529,,2026-04-24T11:16:00.401Z,2026-04-24T11:16:44.734Z,529,,,,"[528, 530]","[528, 530]",,,,
stu_1777023761242_7194,test_1777023978840_kask7x7,find_previous_next_number,0,1,find_previous_next_number|attempt=0|log=1|b5ed85ece6,sequential_thinking,1.0,previous_next_number,,PreviousAndNext,Sequence,Horizontal,1,48231,fast,0,,3,medium,680-689,,2026-04-24T11:16:00.401Z,2026-04-24T11:16:44.734Z,684,,,,"[683, 685]","[683, 685]",,,,
stu_1777023761242_7194,test_1777023978840_kask7x7,find_previous_next_number,0,2,find_previous_next_number|attempt=0|log=2|5b8c814586,sequential_thinking,1.0,previous_next_number,,PreviousAndNext,Sequence,Horizontal,1,44333,fast,0,,3,medium,870-879,,2026-04-24T11:16:00.401Z,2026-04-24T11:16:44.734Z,878,,,,"[877, 879]","[877, 879]",,,,
stu_1777023761242_7194,test_1777023978840_kask7x7,identify_place_value,0,0,identify_place_value|attempt=0|log=0|e7003cb89b,number_sense,1.0,place_value_identification,,PlaceValue,PlaceValue,Visual,1,20121,fast,0,,2,easy,,,2026-04-24T11:09:19.000Z,2026-04-24T11:09:36.047Z,,,,,"{""pos_0"": 5, ""pos_1"": 6}","{""pos_0"": 5, ""pos_1"": 6}",,,,
stu_1777023761242_7194,test_1777023978840_kask7x7,identify_place_value,0,1,identify_place_value|attempt=0|log=1|9e384b7934,number_sense,1.0,place_value_identification,,PlaceValue,PlaceValue,Visual,1,22571,fast,0,,2,easy,,,2026-04-24T11:09:19.000Z,2026-04-24T11:09:36.047Z,,,,,"{""pos_0"": 3, ""pos_1"": 6}","{""pos_0"": ""3"", ""pos_1"": 6}",,,,
stu_1777023761242_7194,test_1777023978840_kask7x7,identify_place_value,0,2,identify_place_value|attempt=0|log=2|d7114f220f,number_sense,1.0,place_value_identification,,PlaceValue,PlaceValue,Visual,1,20269,fast,0,,2,easy,,,2026-04-24T11:09:19.000Z,2026-04-24T11:09:36.047Z,,,,,"{""pos_0"": 3, ""pos_1"": 2}","{""pos_0"": 3, ""pos_1"": 2}",,,,
stu_1777023761242_7194,test_1777023978840_kask7x7,identify_place_value,0,3,identify_place_value|attempt=0|log=3|d3beb36600,number_sense,1.0,place_value_identification,,PlaceValue,PlaceValue,Visual,1,17047,fast,0,,2,easy,,,2026-04-24T11:09:19.000Z,2026-04-24T11:09:36.047Z,,,,,"{""pos_0"": 4, ""pos_1"": 3}","{""pos_0"": 4, ""pos_1"": 3}",,,,
stu_1777023761242_7194,test_1777023978840_kask7x7,order_numbers,0,0,order_numbers|attempt=0|log=0|2c197aac50,sequential_thinking,1.0,number_ordering,,Ordering_desc,Ordering,Visual,1,70415,fast,0,,2,easy,,7.0,2026-04-24T11:06:23.217Z,2026-04-24T11:08:15.787Z,,,,,,,,desc,,
stu_1777023761242_7194,test_1777023978840_kask7x7,order_numbers,0,1,order_numbers|attempt=0|log=1|ce22dd1e14,sequential_thinking,1.0,number_ordering,,Ordering_asc,Ordering,Visual,1,27501,fast,0,,2,easy,,3.0,2026-04-24T11:06:23.217Z,2026-04-24T11:08:15.787Z,,,,,,,,asc,,
stu_1777023761242_7194,test_1777023978840_kask7x7,order_numbers,0,2,order_numbers|attempt=0|log=2|90d0d5d6aa,sequential_thinking,1.0,number_ordering,,Ordering_desc,Ordering,Visual,1,14653,fast,0,,2,easy,,2.0,2026-04-24T11:06:23.217Z,2026-04-24T11:08:15.787Z,,,,,,,,desc,,
stu_1777023761242_7194,test_1777023978840_kask7x7,vertical_operations,0,0,vertical_operations|attempt=0|log=0|0239827141,arithmetic_fluency,1.0,vertical_operation_fluency,Addition,AdditionWithCarry,VerticalOperation,Vertical,1,86715,fast,0,,4,hard,,,2026-04-24T11:11:18.561Z,2026-04-24T11:14:05.957Z,6145 Addition 525,,6670,6670,,,,,,
stu_1777023761242_7194,test_1777023978840_kask7x7,vertical_operations,0,1,vertical_operations|attempt=0|log=1|286a2ced8d,arithmetic_fluency,1.0,vertical_operation_fluency,Addition,AdditionWithCarry,VerticalOperation,Vertical,1,80681,fast,0,,4,hard,,,2026-04-24T11:11:18.561Z,2026-04-24T11:14:05.957Z,3741 Addition 1621,,5362,5362,,,,,,
stu_1777023761468_62,test_1777023978840_kask7x7,choose_answer,0,0,choose_answer|attempt=0|log=0|571503087a,arithmetic_fluency,0.6,operation_identification_from_context,,OneStepProblem,WordProblem,Horizontal,1,16941,medium,0,,2,easy,,,2026-04-28T12:50:16.785Z,2026-04-28T12:51:48.587Z,أشترت مريم 3 كتب، كل كتاب يكلف 40 درهما. كم دفعت مريم في المجمل؟,3 × 40,,,,,,,,
stu_1777023761468_62,test_1777023978840_kask7x7,choose_answer,0,0,choose_answer|attempt=0|log=0|571503087a,number_sense,0.2,operation_identification_from_context,,OneStepProblem,WordProblem,Horizontal,1,16941,medium,0,,2,easy,,,2026-04-28T12:50:16.785Z,2026-04-28T12:51:48.587Z,أشترت مريم 3 كتب، كل كتاب يكلف 40 درهما. كم دفعت مريم في المجمل؟,3 × 40,,,,,,,,
stu_1777023761468_62,test_1777023978840_kask7x7,choose_answer,0,0,choose_answer|attempt=0|log=0|571503087a,sequential_thinking,0.2,operation_identification_from_context,,OneStepProblem,WordProblem,Horizontal,1,16941,medium,0,,2,easy,,,2026-04-28T12:50:16.785Z,2026-04-28T12:51:48.587Z,أشترت مريم 3 كتب، كل كتاب يكلف 40 درهما. كم دفعت مريم في المجمل؟,3 × 40,,,,,,,,
stu_1777023761468_62,test_1777023978840_kask7x7,choose_answer,0,1,choose_answer|attempt=0|log=1|e4effaa143,arithmetic_fluency,0.6,operation_identification_from_context,Subtraction,OneStepProblem,WordProblem,Horizontal,1,8263,fast,0,,3,medium,,,2026-04-28T12:50:16.785Z,2026-04-28T12:51:48.587Z,إذا كانت لديك 500 درهمًا وأعطيت 200 درهمًا لصديقك، كم يتبقى لديك؟,500 - 200,,,,,,,Subtraction,Subtraction
stu_1777023761468_62,test_1777023978840_kask7x7,choose_answer,0,1,choose_answer|attempt=0|log=1|e4effaa143,number_sense,0.2,operation_identification_from_context,Subtraction,OneStepProblem,WordProblem,Horizontal,1,8263,fast,0,,3,medium,,,2026-04-28T12:50:16.785Z,2026-04-28T12:51:48.587Z,إذا كانت لديك 500 درهمًا وأعطيت 200 درهمًا لصديقك، كم يتبقى لديك؟,500 - 200,,,,,,,Subtraction,Subtraction
stu_1777023761468_62,test_1777023978840_kask7x7,choose_answer,0,1,choose_answer|attempt=0|log=1|e4effaa143,sequential_thinking,0.2,operation_identification_from_context,Subtraction,OneStepProblem,WordProblem,Horizontal,1,8263,fast,0,,3,medium,,,2026-04-28T12:50:16.785Z,2026-04-28T12:51:48.587Z,إذا كانت لديك 500 درهمًا وأعطيت 200 درهمًا لصديقك، كم يتبقى لديك؟,500 - 200,,,,,,,Subtraction,Subtraction
stu_1777023761468_62,test_1777023978840_kask7x7,choose_answer,0,2,choose_answer|attempt=0|log=2|a3c84861dc,arithmetic_fluency,0.6,operation_identification_from_context,Subtraction,OneStepProblem,WordProblem,Horizontal,0,19026,medium,0,ComputationError,3,medium,,,2026-04-28T12:50:16.785Z,2026-04-28T12:51:48.587Z,كانت لديك 500 درهمًا، اشتريت 3 هدايا بتكلفة 120 درهمًا لكل هدية. كم تبقى لديك؟,500 - 120,,,,,,,Subtraction,Subtraction
stu_1777023761468_62,test_1777023978840_kask7x7,choose_answer,0,2,choose_answer|attempt=0|log=2|a3c84861dc,number_sense,0.2,operation_identification_from_context,Subtraction,OneStepProblem,WordProblem,Horizontal,0,19026,medium,0,ComputationError,3,medium,,,2026-04-28T12:50:16.785Z,2026-04-28T12:51:48.587Z,كانت لديك 500 درهمًا، اشتريت 3 هدايا بتكلفة 120 درهمًا لكل هدية. كم تبقى لديك؟,500 - 120,,,,,,,Subtraction,Subtraction
stu_1777023761468_62,test_1777023978840_kask7x7,choose_answer,0,2,choose_answer|attempt=0|log=2|a3c84861dc,sequential_thinking,0.2,operation_identification_from_context,Subtraction,OneStepProblem,WordProblem,Horizontal,0,19026,medium,0,ComputationError,3,medium,,,2026-04-28T12:50:16.785Z,2026-04-28T12:51:48.587Z,كانت لديك 500 درهمًا، اشتريت 3 هدايا بتكلفة 120 درهمًا لكل هدية. كم تبقى لديك؟,500 - 120,,,,,,,Subtraction,Subtraction
stu_1777023761468_62,test_1777023978840_kask7x7,choose_answer,0,3,choose_answer|attempt=0|log=3|43d334b38e,arithmetic_fluency,0.6,operation_identification_from_context,Addition,OneStepProblem,WordProblem,Horizontal,1,23026,slow,1,,1,very-easy,,,2026-04-28T12:50:16.785Z,2026-04-28T12:51:48.587Z,اشترت فاطمة 3 تفاحات و4 برتقالات. كم فاكهة اشترت فاطمة؟,3 + 4,,,,,,,Addition,Addition
stu_1777023761468_62,test_1777023978840_kask7x7,choose_answer,0,3,choose_answer|attempt=0|log=3|43d334b38e,number_sense,0.2,operation_identification_from_context,Addition,OneStepProblem,WordProblem,Horizontal,1,23026,slow,1,,1,very-easy,,,2026-04-28T12:50:16.785Z,2026-04-28T12:51:48.587Z,اشترت فاطمة 3 تفاحات و4 برتقالات. كم فاكهة اشترت فاطمة؟,3 + 4,,,,,,,Addition,Addition
stu_1777023761468_62,test_1777023978840_kask7x7,choose_answer,0,3,choose_answer|attempt=0|log=3|43d334b38e,sequential_thinking,0.2,operation_identification_from_context,Addition,OneStepProblem,WordProblem,Horizontal,1,23026,slow,1,,1,very-easy,,,2026-04-28T12:50:16.785Z,2026-04-28T12:51:48.587Z,اشترت فاطمة 3 تفاحات و4 برتقالات. كم فاكهة اشترت فاطمة؟,3 + 4,,,,,,,Addition,Addition
stu_1777023761468_62,test_1777023978840_kask7x7,choose_answer,0,4,choose_answer|attempt=0|log=4|b1152ec4e4,arithmetic_fluency,0.6,operation_identification_from_context,,OneStepProblem,WordProblem,Horizontal,1,24541,slow,1,,2,easy,,,2026-04-28T12:50:16.785Z,2026-04-28T12:51:48.587Z,في أحد المخابز يوجد 15 صندوقًا من الخبز. في كل صندوق 20 رغيفًا. كم رغيفًا في المجموع؟,15 × 20,,,,,,,,
stu_1777023761468_62,test_1777023978840_kask7x7,choose_answer,0,4,choose_answer|attempt=0|log=4|b1152ec4e4,number_sense,0.2,operation_identification_from_context,,OneStepProblem,WordProblem,Horizontal,1,24541,slow,1,,2,easy,,,2026-04-28T12:50:16.785Z,2026-04-28T12:51:48.587Z,في أحد المخابز يوجد 15 صندوقًا من الخبز. في كل صندوق 20 رغيفًا. كم رغيفًا في المجموع؟,15 × 20,,,,,,,,
stu_1777023761468_62,test_1777023978840_kask7x7,choose_answer,0,4,choose_answer|attempt=0|log=4|b1152ec4e4,sequential_thinking,0.2,operation_identification_from_context,,OneStepProblem,WordProblem,Horizontal,1,24541,slow,1,,2,easy,,,2026-04-28T12:50:16.785Z,2026-04-28T12:51:48.587Z,في أحد المخابز يوجد 15 صندوقًا من الخبز. في كل صندوق 20 رغيفًا. كم رغيفًا في المجموع؟,15 × 20,,,,,,,,
stu_1777023761468_62,test_1777023978840_kask7x7,compare_numbers,0,0,compare_numbers|attempt=0|log=0|e3e046bdfd,comparison_skill,1.0,number_comparison,,Greater,Comparison,Horizontal,1,14676,medium,0,,3,medium,,,2026-04-28T13:00:52.108Z,2026-04-28T13:01:20.347Z,,,,,,,Greater,,,
stu_1777023761468_62,test_1777023978840_kask7x7,compare_numbers,0,1,compare_numbers|attempt=0|log=1|e8c3d97633,comparison_skill,1.0,number_comparison,,Less,Comparison,Horizontal,1,7908,fast,0,,3,medium,,,2026-04-28T13:00:52.108Z,2026-04-28T13:01:20.347Z,,,,,,,Less,,,
stu_1777023761468_62,test_1777023978840_kask7x7,compare_numbers,0,2,compare_numbers|attempt=0|log=2|d990f71d48,comparison_skill,1.0,number_comparison,,Equal,Comparison,Horizontal,1,5641,fast,0,,3,medium,,,2026-04-28T13:00:52.108Z,2026-04-28T13:01:20.347Z,,,,,,,Equal,,,
stu_1777023761468_62,test_1777023978840_kask7x7,find_previous_next_number,0,0,find_previous_next_number|attempt=0|log=0|e797afe734,sequential_thinking,1.0,previous_next_number,,PreviousAndNext,Sequence,Horizontal,0,34294,fast,0,RangeUncertainty,3,medium,420-429,,2026-04-28T12:59:28.490Z,2026-04-28T12:59:58.297Z,428,,,,"[427, 429]","[429, 427]",,,,
stu_1777023761468_62,test_1777023978840_kask7x7,find_previous_next_number,0,1,find_previous_next_number|attempt=0|log=1|dc8fd5be54,sequential_thinking,1.0,previous_next_number,,PreviousAndNext,Sequence,Horizontal,1,25302,fast,0,,3,medium,680-689,,2026-04-28T12:59:28.490Z,2026-04-28T12:59:58.297Z,685,,,,"[684, 686]","[684, 686]",,,,
stu_1777023761468_62,test_1777023978840_kask7x7,find_previous_next_number,0,2,find_previous_next_number|attempt=0|log=2|f9cc27678b,sequential_thinking,1.0,previous_next_number,,PreviousAndNext,Sequence,Horizontal,1,29800,fast,0,,3,medium,840-849,,2026-04-28T12:59:28.490Z,2026-04-28T12:59:58.297Z,840,,,,"[839, 841]","[839, 841]",,,,
stu_1777023761468_62,test_1777023978840_kask7x7,find_previous_next_number,1,0,find_previous_next_number|attempt=1|log=0|a0919fce69,sequential_thinking,1.0,previous_next_number,,PreviousAndNext,Sequence,Horizontal,1,17810,fast,0,,2,easy,10-19,,2026-04-28T13:00:31.017Z,2026-04-28T13:00:52.010Z,17,,,,"[16, 18]","[16, 18]",,,,
stu_1777023761468_62,test_1777023978840_kask7x7,find_previous_next_number,1,1,find_previous_next_number|attempt=1|log=1|d487f04a92,sequential_thinking,1.0,previous_next_number,,PreviousAndNext,Sequence,Horizontal,1,14790,fast,0,,2,easy,30-39,,2026-04-28T13:00:31.017Z,2026-04-28T13:00:52.010Z,35,,,,"[34, 36]","[34, 36]",,,,
stu_1777023761468_62,test_1777023978840_kask7x7,find_previous_next_number,1,2,find_previous_next_number|attempt=1|log=2|eb45abda67,sequential_thinking,1.0,previous_next_number,,PreviousAndNext,Sequence,Horizontal,1,20988,fast,0,,2,easy,90-99,,2026-04-28T13:00:31.017Z,2026-04-28T13:00:52.010Z,94,,,,"[93, 95]","[93, 95]",,,,
stu_1777023761468_62,test_1777023978840_kask7x7,identify_place_value,0,0,identify_place_value|attempt=0|log=0|cdd118738a,number_sense,1.0,place_value_identification,,PlaceValue,PlaceValue,Visual,1,13848,fast,0,,2,easy,,,2026-04-28T12:50:10.788Z,2026-04-28T12:50:16.669Z,,,,,"{""pos_0"": 1, ""pos_1"": 4}","{""pos_0"": 1, ""pos_1"": 4}",,,,
stu_1777023761468_62,test_1777023978840_kask7x7,identify_place_value,0,1,identify_place_value|attempt=0|log=1|fa42a0e35b,number_sense,1.0,place_value_identification,,PlaceValue,PlaceValue,Visual,1,8408,fast,0,,2,easy,,,2026-04-28T12:50:10.788Z,2026-04-28T12:50:16.669Z,,,,,"{""pos_0"": 2, ""pos_1"": 7}","{""pos_0"": 2, ""pos_1"": 7}",,,,
stu_1777023761468_62,test_1777023978840_kask7x7,identify_place_value,0,2,identify_place_value|attempt=0|log=2|6f9b324c6f,number_sense,1.0,place_value_identification,,PlaceValue,PlaceValue,Visual,1,8708,fast,0,,2,easy,,,2026-04-28T12:50:10.788Z,2026-04-28T12:50:16.669Z,,,,,"{""pos_0"": 1, ""pos_1"": 5}","{""pos_0"": 1, ""pos_1"": 5}",,,,
stu_1777023761468_62,test_1777023978840_kask7x7,identify_place_value,0,3,identify_place_value|attempt=0|log=3|f18a26f1e7,number_sense,1.0,place_value_identification,,PlaceValue,PlaceValue,Visual,1,5874,fast,0,,2,easy,,,2026-04-28T12:50:10.788Z,2026-04-28T12:50:16.669Z,,,,,"{""pos_0"": 1, ""pos_1"": 2}","{""pos_0"": 1, ""pos_1"": 2}",,,,
stu_1777023761468_62,test_1777023978840_kask7x7,order_numbers,0,0,order_numbers|attempt=0|log=0|75315a8628,sequential_thinking,1.0,number_ordering,,Ordering_asc,Ordering,Visual,1,80539,fast,0,,2,easy,,7.0,2026-04-28T12:47:37.038Z,2026-04-28T12:49:39.698Z,,,,,,,,asc,,
stu_1777023761468_62,test_1777023978840_kask7x7,order_numbers,0,1,order_numbers|attempt=0|log=1|ee32685406,sequential_thinking,1.0,number_ordering,,Ordering_asc,Ordering,Visual,1,36263,fast,0,,2,easy,,5.0,2026-04-28T12:47:37.038Z,2026-04-28T12:49:39.698Z,,,,,,,,asc,,
stu_1777023761468_62,test_1777023978840_kask7x7,order_numbers,0,2,order_numbers|attempt=0|log=2|44a1983552,sequential_thinking,1.0,number_ordering,,Ordering_asc,Ordering,Visual,1,5842,fast,0,,2,easy,,2.0,2026-04-28T12:47:37.038Z,2026-04-28T12:49:39.698Z,,,,,,,,asc,,
stu_1777023761468_62,test_1777023978840_kask7x7,vertical_operations,0,0,vertical_operations|attempt=0|log=0|ff34178a5c,arithmetic_fluency,1.0,vertical_operation_fluency,Subtraction,SubtractionWithBorrow,VerticalOperation,Vertical,0,153030,fast,0,ComputationError,4,hard,,,2026-04-28T12:51:48.703Z,2026-04-28T12:56:09.742Z,5954 Subtraction 5356,,598,618,,,,,,
stu_1777023761468_62,test_1777023978840_kask7x7,vertical_operations,0,1,vertical_operations|attempt=0|log=1|60b327d8f6,arithmetic_fluency,1.0,vertical_operation_fluency,Subtraction,SubtractionWithBorrow,VerticalOperation,Vertical,0,108009,fast,0,ComputationError,4,hard,,,2026-04-28T12:51:48.703Z,2026-04-28T12:56:09.742Z,8573 Subtraction 285,,8288,0398,,,,,,
stu_1777023761468_62,test_1777023978840_kask7x7,vertical_operations,1,0,vertical_operations|attempt=1|log=0|44ca9ca456,arithmetic_fluency,1.0,vertical_operation_fluency,Subtraction,SubtractionWithBorrow,VerticalOperation,Vertical,1,45731,fast,0,,3,medium,,,2026-04-28T12:56:09.746Z,2026-04-28T12:57:22.588Z,980 Subtraction 24,,956,956,,,,,,
stu_1777023761468_62,test_1777023978840_kask7x7,vertical_operations,1,1,vertical_operations|attempt=1|log=1|1c96ce19ce,arithmetic_fluency,1.0,vertical_operation_fluency,Subtraction,SubtractionWithBorrow,VerticalOperation,Vertical,0,27111,fast,0,ComputationError,3,medium,,,2026-04-28T12:56:09.746Z,2026-04-28T12:57:22.588Z,724 Subtraction 230,,494,484,,,,,,
stu_1777023761468_62,test_1777023978840_kask7x7,vertical_operations,2,0,vertical_operations|attempt=2|log=0|c42830d3bb,arithmetic_fluency,1.0,vertical_operation_fluency,Subtraction,SubtractionWithBorrow,VerticalOperation,Vertical,1,36114,fast,0,,2,easy,,,2026-04-28T12:57:22.593Z,2026-04-28T12:58:28.850Z,37 Subtraction 28,,9,9,,,,,,
stu_1777023761468_62,test_1777023978840_kask7x7,vertical_operations,2,1,vertical_operations|attempt=2|log=1|6c8aec7535,arithmetic_fluency,1.0,vertical_operation_fluency,Addition,AdditionWithCarry,VerticalOperation,Vertical,1,30143,fast,0,,3,medium,,,2026-04-28T12:57:22.593Z,2026-04-28T12:58:28.850Z,77 Addition 81,,158,158,,,,,,
stu_1777023761689_8905,test_1777023978840_kask7x7,choose_answer,0,0,choose_answer|attempt=0|log=0|37fd736145,arithmetic_fluency,0.6,operation_identification_from_context,Subtraction,OneStepProblem,WordProblem,Horizontal,0,5229,fast,0,MisidentifiedOperation,3,medium,,,2026-04-24T10:49:23.232Z,2026-04-24T10:51:36.184Z,إذا كنت قد وفرت 300 درهمًا، واشتريت 2 أحذية ب 80 درهمًا لكل منهما. كم تبقى معك من المال؟,160 + 80,,,,,,,Subtraction,Addition
stu_1777023761689_8905,test_1777023978840_kask7x7,choose_answer,0,0,choose_answer|attempt=0|log=0|37fd736145,number_sense,0.2,operation_identification_from_context,Subtraction,OneStepProblem,WordProblem,Horizontal,0,5229,fast,0,MisidentifiedOperation,3,medium,,,2026-04-24T10:49:23.232Z,2026-04-24T10:51:36.184Z,إذا كنت قد وفرت 300 درهمًا، واشتريت 2 أحذية ب 80 درهمًا لكل منهما. كم تبقى معك من المال؟,160 + 80,,,,,,,Subtraction,Addition
stu_1777023761689_8905,test_1777023978840_kask7x7,choose_answer,0,0,choose_answer|attempt=0|log=0|37fd736145,sequential_thinking,0.2,operation_identification_from_context,Subtraction,OneStepProblem,WordProblem,Horizontal,0,5229,fast,0,MisidentifiedOperation,3,medium,,,2026-04-24T10:49:23.232Z,2026-04-24T10:51:36.184Z,إذا كنت قد وفرت 300 درهمًا، واشتريت 2 أحذية ب 80 درهمًا لكل منهما. كم تبقى معك من المال؟,160 + 80,,,,,,,Subtraction,Addition
stu_1777023761689_8905,test_1777023978840_kask7x7,choose_answer,0,1,choose_answer|attempt=0|log=1|16d5150b12,arithmetic_fluency,0.6,operation_identification_from_context,Subtraction,OneStepProblem,WordProblem,Horizontal,1,51793,slow,1,,3,medium,,,2026-04-24T10:49:23.232Z,2026-04-24T10:51:36.184Z,أحمد لديه 150 درهمًا. اشترى 3 كتب، كل كتاب يكلف 40 درهمًا. كم تبقى معه؟,150 - (3 × 40),,,,,,,Subtraction,Subtraction
stu_1777023761689_8905,test_1777023978840_kask7x7,choose_answer,0,1,choose_answer|attempt=0|log=1|16d5150b12,number_sense,0.2,operation_identification_from_context,Subtraction,OneStepProblem,WordProblem,Horizontal,1,51793,slow,1,,3,medium,,,2026-04-24T10:49:23.232Z,2026-04-24T10:51:36.184Z,أحمد لديه 150 درهمًا. اشترى 3 كتب، كل كتاب يكلف 40 درهمًا. كم تبقى معه؟,150 - (3 × 40),,,,,,,Subtraction,Subtraction
stu_1777023761689_8905,test_1777023978840_kask7x7,choose_answer,0,1,choose_answer|attempt=0|log=1|16d5150b12,sequential_thinking,0.2,operation_identification_from_context,Subtraction,OneStepProblem,WordProblem,Horizontal,1,51793,slow,1,,3,medium,,,2026-04-24T10:49:23.232Z,2026-04-24T10:51:36.184Z,أحمد لديه 150 درهمًا. اشترى 3 كتب، كل كتاب يكلف 40 درهمًا. كم تبقى معه؟,150 - (3 × 40),,,,,,,Subtraction,Subtraction
stu_1777023761689_8905,test_1777023978840_kask7x7,choose_answer,0,2,choose_answer|attempt=0|log=2|75f8ec58e6,arithmetic_fluency,0.6,operation_identification_from_context,Subtraction,OneStepProblem,WordProblem,Horizontal,1,21461,slow,1,,3,medium,,,2026-04-24T10:49:23.232Z,2026-04-24T10:51:36.184Z,إذا كان لديك 100 درهم وأعطيت صديقك 25 درهما، كم تبقى لديك؟,100 - 25,,,,,,,Subtraction,Subtraction
stu_1777023761689_8905,test_1777023978840_kask7x7,choose_answer,0,2,choose_answer|attempt=0|log=2|75f8ec58e6,number_sense,0.2,operation_identification_from_context,Subtraction,OneStepProblem,WordProblem,Horizontal,1,21461,slow,1,,3,medium,,,2026-04-24T10:49:23.232Z,2026-04-24T10:51:36.184Z,إذا كان لديك 100 درهم وأعطيت صديقك 25 درهما، كم تبقى لديك؟,100 - 25,,,,,,,Subtraction,Subtraction
stu_1777023761689_8905,test_1777023978840_kask7x7,choose_answer,0,2,choose_answer|attempt=0|log=2|75f8ec58e6,sequential_thinking,0.2,operation_identification_from_context,Subtraction,OneStepProblem,WordProblem,Horizontal,1,21461,slow,1,,3,medium,,,2026-04-24T10:49:23.232Z,2026-04-24T10:51:36.184Z,إذا كان لديك 100 درهم وأعطيت صديقك 25 درهما، كم تبقى لديك؟,100 - 25,,,,,,,Subtraction,Subtraction
stu_1777023761689_8905,test_1777023978840_kask7x7,choose_answer,0,3,choose_answer|attempt=0|log=3|bdd8b212b2,arithmetic_fluency,0.6,operation_identification_from_context,,OneStepProblem,WordProblem,Horizontal,0,14892,medium,0,ComputationError,2,easy,,,2026-04-24T10:49:23.232Z,2026-04-24T10:51:36.184Z,أشترى أحمد 12 تذكرة سينما، سعر التذكرة الواحدة 50 درهما. كم دفع أحمد في المجمل؟,50 - 12,,,,,,,,Subtraction
stu_1777023761689_8905,test_1777023978840_kask7x7,choose_answer,0,3,choose_answer|attempt=0|log=3|bdd8b212b2,number_sense,0.2,operation_identification_from_context,,OneStepProblem,WordProblem,Horizontal,0,14892,medium,0,ComputationError,2,easy,,,2026-04-24T10:49:23.232Z,2026-04-24T10:51:36.184Z,أشترى أحمد 12 تذكرة سينما، سعر التذكرة الواحدة 50 درهما. كم دفع أحمد في المجمل؟,50 - 12,,,,,,,,Subtraction
stu_1777023761689_8905,test_1777023978840_kask7x7,choose_answer,0,3,choose_answer|attempt=0|log=3|bdd8b212b2,sequential_thinking,0.2,operation_identification_from_context,,OneStepProblem,WordProblem,Horizontal,0,14892,medium,0,ComputationError,2,easy,,,2026-04-24T10:49:23.232Z,2026-04-24T10:51:36.184Z,أشترى أحمد 12 تذكرة سينما، سعر التذكرة الواحدة 50 درهما. كم دفع أحمد في المجمل؟,50 - 12,,,,,,,,Subtraction
stu_1777023761689_8905,test_1777023978840_kask7x7,choose_answer,0,4,choose_answer|attempt=0|log=4|241eeb1e58,arithmetic_fluency,0.6,operation_identification_from_context,,OneStepProblem,WordProblem,Horizontal,0,1268,fast,0,ComputationError,2,easy,,,2026-04-24T10:49:23.232Z,2026-04-24T10:51:36.184Z,في مستودع هناك 15 صندوقًا، وكل صندوق يحتوي على 35 قطعة. كم عدد القطع في المستودع؟,15 + 35,,,,,,,,Addition
stu_1777023761689_8905,test_1777023978840_kask7x7,choose_answer,0,4,choose_answer|attempt=0|log=4|241eeb1e58,number_sense,0.2,operation_identification_from_context,,OneStepProblem,WordProblem,Horizontal,0,1268,fast,0,ComputationError,2,easy,,,2026-04-24T10:49:23.232Z,2026-04-24T10:51:36.184Z,في مستودع هناك 15 صندوقًا، وكل صندوق يحتوي على 35 قطعة. كم عدد القطع في المستودع؟,15 + 35,,,,,,,,Addition
stu_1777023761689_8905,test_1777023978840_kask7x7,choose_answer,0,4,choose_answer|attempt=0|log=4|241eeb1e58,sequential_thinking,0.2,operation_identification_from_context,,OneStepProblem,WordProblem,Horizontal,0,1268,fast,0,ComputationError,2,easy,,,2026-04-24T10:49:23.232Z,2026-04-24T10:51:36.184Z,في مستودع هناك 15 صندوقًا، وكل صندوق يحتوي على 35 قطعة. كم عدد القطع في المستودع؟,15 + 35,,,,,,,,Addition
stu_1777023761689_8905,test_1777023978840_kask7x7,choose_answer,0,5,choose_answer|attempt=0|log=5|241eeb1e58,arithmetic_fluency,0.6,operation_identification_from_context,,OneStepProblem,WordProblem,Horizontal,0,1845,fast,0,ComputationError,2,easy,,,2026-04-24T10:49:23.232Z,2026-04-24T10:51:36.184Z,في مستودع هناك 15 صندوقًا، وكل صندوق يحتوي على 35 قطعة. كم عدد القطع في المستودع؟,15 + 35,,,,,,,,Addition
stu_1777023761689_8905,test_1777023978840_kask7x7,choose_answer,0,5,choose_answer|attempt=0|log=5|241eeb1e58,number_sense,0.2,operation_identification_from_context,,OneStepProblem,WordProblem,Horizontal,0,1845,fast,0,ComputationError,2,easy,,,2026-04-24T10:49:23.232Z,2026-04-24T10:51:36.184Z,في مستودع هناك 15 صندوقًا، وكل صندوق يحتوي على 35 قطعة. كم عدد القطع في المستودع؟,15 + 35,,,,,,,,Addition
stu_1777023761689_8905,test_1777023978840_kask7x7,choose_answer,0,5,choose_answer|attempt=0|log=5|241eeb1e58,sequential_thinking,0.2,operation_identification_from_context,,OneStepProblem,WordProblem,Horizontal,0,1845,fast,0,ComputationError,2,easy,,,2026-04-24T10:49:23.232Z,2026-04-24T10:51:36.184Z,في مستودع هناك 15 صندوقًا، وكل صندوق يحتوي على 35 قطعة. كم عدد القطع في المستودع؟,15 + 35,,,,,,,,Addition
stu_1777023761689_8905,test_1777023978840_kask7x7,choose_answer,0,6,choose_answer|attempt=0|log=6|241eeb1e58,arithmetic_fluency,0.6,operation_identification_from_context,,OneStepProblem,WordProblem,Horizontal,0,1131,fast,0,ComputationError,2,easy,,,2026-04-24T10:49:23.232Z,2026-04-24T10:51:36.184Z,في مستودع هناك 15 صندوقًا، وكل صندوق يحتوي على 35 قطعة. كم عدد القطع في المستودع؟,15 + 35,,,,,,,,Addition
stu_1777023761689_8905,test_1777023978840_kask7x7,choose_answer,0,6,choose_answer|attempt=0|log=6|241eeb1e58,number_sense,0.2,operation_identification_from_context,,OneStepProblem,WordProblem,Horizontal,0,1131,fast,0,ComputationError,2,easy,,,2026-04-24T10:49:23.232Z,2026-04-24T10:51:36.184Z,في مستودع هناك 15 صندوقًا، وكل صندوق يحتوي على 35 قطعة. كم عدد القطع في المستودع؟,15 + 35,,,,,,,,Addition
stu_1777023761689_8905,test_1777023978840_kask7x7,choose_answer,0,6,choose_answer|attempt=0|log=6|241eeb1e58,sequential_thinking,0.2,operation_identification_from_context,,OneStepProblem,WordProblem,Horizontal,0,1131,fast,0,ComputationError,2,easy,,,2026-04-24T10:49:23.232Z,2026-04-24T10:51:36.184Z,في مستودع هناك 15 صندوقًا، وكل صندوق يحتوي على 35 قطعة. كم عدد القطع في المستودع؟,15 + 35,,,,,,,,Addition
stu_1777023761689_8905,test_1777023978840_kask7x7,choose_answer,0,7,choose_answer|attempt=0|log=7|241eeb1e58,arithmetic_fluency,0.6,operation_identification_from_context,,OneStepProblem,WordProblem,Horizontal,1,8294,fast,0,,2,easy,,,2026-04-24T10:49:23.232Z,2026-04-24T10:51:36.184Z,في مستودع هناك 15 صندوقًا، وكل صندوق يحتوي على 35 قطعة. كم عدد القطع في المستودع؟,15 × 35,,,,,,,,
stu_1777023761689_8905,test_1777023978840_kask7x7,choose_answer,0,7,choose_answer|attempt=0|log=7|241eeb1e58,number_sense,0.2,operation_identification_from_context,,OneStepProblem,WordProblem,Horizontal,1,8294,fast,0,,2,easy,,,2026-04-24T10:49:23.232Z,2026-04-24T10:51:36.184Z,في مستودع هناك 15 صندوقًا، وكل صندوق يحتوي على 35 قطعة. كم عدد القطع في المستودع؟,15 × 35,,,,,,,,
stu_1777023761689_8905,test_1777023978840_kask7x7,choose_answer,0,7,choose_answer|attempt=0|log=7|241eeb1e58,sequential_thinking,0.2,operation_identification_from_context,,OneStepProblem,WordProblem,Horizontal,1,8294,fast,0,,2,easy,,,2026-04-24T10:49:23.232Z,2026-04-24T10:51:36.184Z,في مستودع هناك 15 صندوقًا، وكل صندوق يحتوي على 35 قطعة. كم عدد القطع في المستودع؟,15 × 35,,,,,,,,
stu_1777023761689_8905,test_1777023978840_kask7x7,choose_answer,0,8,choose_answer|attempt=0|log=8|241eeb1e58,arithmetic_fluency,0.6,operation_identification_from_context,,OneStepProblem,WordProblem,Horizontal,1,5504,fast,0,,2,easy,,,2026-04-24T10:49:23.232Z,2026-04-24T10:51:36.184Z,في مستودع هناك 15 صندوقًا، وكل صندوق يحتوي على 35 قطعة. كم عدد القطع في المستودع؟,15 × 35,,,,,,,,
stu_1777023761689_8905,test_1777023978840_kask7x7,choose_answer,0,8,choose_answer|attempt=0|log=8|241eeb1e58,number_sense,0.2,operation_identification_from_context,,OneStepProblem,WordProblem,Horizontal,1,5504,fast,0,,2,easy,,,2026-04-24T10:49:23.232Z,2026-04-24T10:51:36.184Z,في مستودع هناك 15 صندوقًا، وكل صندوق يحتوي على 35 قطعة. كم عدد القطع في المستودع؟,15 × 35,,,,,,,,
stu_1777023761689_8905,test_1777023978840_kask7x7,choose_answer,0,8,choose_answer|attempt=0|log=8|241eeb1e58,sequential_thinking,0.2,operation_identification_from_context,,OneStepProblem,WordProblem,Horizontal,1,5504,fast,0,,2,easy,,,2026-04-24T10:49:23.232Z,2026-04-24T10:51:36.184Z,في مستودع هناك 15 صندوقًا، وكل صندوق يحتوي على 35 قطعة. كم عدد القطع في المستودع؟,15 × 35,,,,,,,,
stu_1777023761689_8905,test_1777023978840_kask7x7,choose_answer,0,9,choose_answer|attempt=0|log=9|241eeb1e58,arithmetic_fluency,0.6,operation_identification_from_context,,OneStepProblem,WordProblem,Horizontal,1,5935,fast,0,,2,easy,,,2026-04-24T10:49:23.232Z,2026-04-24T10:51:36.184Z,في مستودع هناك 15 صندوقًا، وكل صندوق يحتوي على 35 قطعة. كم عدد القطع في المستودع؟,15 × 35,,,,,,,,
stu_1777023761689_8905,test_1777023978840_kask7x7,choose_answer,0,9,choose_answer|attempt=0|log=9|241eeb1e58,number_sense,0.2,operation_identification_from_context,,OneStepProblem,WordProblem,Horizontal,1,5935,fast,0,,2,easy,,,2026-04-24T10:49:23.232Z,2026-04-24T10:51:36.184Z,في مستودع هناك 15 صندوقًا، وكل صندوق يحتوي على 35 قطعة. كم عدد القطع في المستودع؟,15 × 35,,,,,,,,
stu_1777023761689_8905,test_1777023978840_kask7x7,choose_answer,0,9,choose_answer|attempt=0|log=9|241eeb1e58,sequential_thinking,0.2,operation_identification_from_context,,OneStepProblem,WordProblem,Horizontal,1,5935,fast,0,,2,easy,,,2026-04-24T10:49:23.232Z,2026-04-24T10:51:36.184Z,في مستودع هناك 15 صندوقًا، وكل صندوق يحتوي على 35 قطعة. كم عدد القطع في المستودع؟,15 × 35,,,,,,,,
stu_1777023761689_8905,test_1777023978840_kask7x7,choose_answer,0,10,choose_answer|attempt=0|log=10|241eeb1e58,arithmetic_fluency,0.6,operation_identification_from_context,,OneStepProblem,WordProblem,Horizontal,1,1134,fast,0,,2,easy,,,2026-04-24T10:49:23.232Z,2026-04-24T10:51:36.184Z,في مستودع هناك 15 صندوقًا، وكل صندوق يحتوي على 35 قطعة. كم عدد القطع في المستودع؟,15 × 35,,,,,,,,
stu_1777023761689_8905,test_1777023978840_kask7x7,choose_answer,0,10,choose_answer|attempt=0|log=10|241eeb1e58,number_sense,0.2,operation_identification_from_context,,OneStepProblem,WordProblem,Horizontal,1,1134,fast,0,,2,easy,,,2026-04-24T10:49:23.232Z,2026-04-24T10:51:36.184Z,في مستودع هناك 15 صندوقًا، وكل صندوق يحتوي على 35 قطعة. كم عدد القطع في المستودع؟,15 × 35,,,,,,,,
stu_1777023761689_8905,test_1777023978840_kask7x7,choose_answer,0,10,choose_answer|attempt=0|log=10|241eeb1e58,sequential_thinking,0.2,operation_identification_from_context,,OneStepProblem,WordProblem,Horizontal,1,1134,fast,0,,2,easy,,,2026-04-24T10:49:23.232Z,2026-04-24T10:51:36.184Z,في مستودع هناك 15 صندوقًا، وكل صندوق يحتوي على 35 قطعة. كم عدد القطع في المستودع؟,15 × 35,,,,,,,,
stu_1777023761689_8905,test_1777023978840_kask7x7,choose_answer,0,11,choose_answer|attempt=0|log=11|241eeb1e58,arithmetic_fluency,0.6,operation_identification_from_context,,OneStepProblem,WordProblem,Horizontal,0,1095,fast,0,ComputationError,2,easy,,,2026-04-24T10:49:23.232Z,2026-04-24T10:51:36.184Z,في مستودع هناك 15 صندوقًا، وكل صندوق يحتوي على 35 قطعة. كم عدد القطع في المستودع؟,525 ÷ 15,,,,,,,,
stu_1777023761689_8905,test_1777023978840_kask7x7,choose_answer,0,11,choose_answer|attempt=0|log=11|241eeb1e58,number_sense,0.2,operation_identification_from_context,,OneStepProblem,WordProblem,Horizontal,0,1095,fast,0,ComputationError,2,easy,,,2026-04-24T10:49:23.232Z,2026-04-24T10:51:36.184Z,في مستودع هناك 15 صندوقًا، وكل صندوق يحتوي على 35 قطعة. كم عدد القطع في المستودع؟,525 ÷ 15,,,,,,,,
stu_1777023761689_8905,test_1777023978840_kask7x7,choose_answer,0,11,choose_answer|attempt=0|log=11|241eeb1e58,sequential_thinking,0.2,operation_identification_from_context,,OneStepProblem,WordProblem,Horizontal,0,1095,fast,0,ComputationError,2,easy,,,2026-04-24T10:49:23.232Z,2026-04-24T10:51:36.184Z,في مستودع هناك 15 صندوقًا، وكل صندوق يحتوي على 35 قطعة. كم عدد القطع في المستودع؟,525 ÷ 15,,,,,,,,
stu_1777023761689_8905,test_1777023978840_kask7x7,choose_answer,0,12,choose_answer|attempt=0|log=12|241eeb1e58,arithmetic_fluency,0.6,operation_identification_from_context,,OneStepProblem,WordProblem,Horizontal,0,787,fast,0,ComputationError,2,easy,,,2026-04-24T10:49:23.232Z,2026-04-24T10:51:36.184Z,في مستودع هناك 15 صندوقًا، وكل صندوق يحتوي على 35 قطعة. كم عدد القطع في المستودع؟,525 ÷ 15,,,,,,,,
stu_1777023761689_8905,test_1777023978840_kask7x7,choose_answer,0,12,choose_answer|attempt=0|log=12|241eeb1e58,number_sense,0.2,operation_identification_from_context,,OneStepProblem,WordProblem,Horizontal,0,787,fast,0,ComputationError,2,easy,,,2026-04-24T10:49:23.232Z,2026-04-24T10:51:36.184Z,في مستودع هناك 15 صندوقًا، وكل صندوق يحتوي على 35 قطعة. كم عدد القطع في المستودع؟,525 ÷ 15,,,,,,,,
stu_1777023761689_8905,test_1777023978840_kask7x7,choose_answer,0,12,choose_answer|attempt=0|log=12|241eeb1e58,sequential_thinking,0.2,operation_identification_from_context,,OneStepProblem,WordProblem,Horizontal,0,787,fast,0,ComputationError,2,easy,,,2026-04-24T10:49:23.232Z,2026-04-24T10:51:36.184Z,في مستودع هناك 15 صندوقًا، وكل صندوق يحتوي على 35 قطعة. كم عدد القطع في المستودع؟,525 ÷ 15,,,,,,,,
stu_1777023761689_8905,test_1777023978840_kask7x7,choose_answer,0,13,choose_answer|attempt=0|log=13|241eeb1e58,arithmetic_fluency,0.6,operation_identification_from_context,,OneStepProblem,WordProblem,Horizontal,1,1261,fast,0,,2,easy,,,2026-04-24T10:49:23.232Z,2026-04-24T10:51:36.184Z,في مستودع هناك 15 صندوقًا، وكل صندوق يحتوي على 35 قطعة. كم عدد القطع في المستودع؟,15 × 35,,,,,,,,
stu_1777023761689_8905,test_1777023978840_kask7x7,choose_answer,0,13,choose_answer|attempt=0|log=13|241eeb1e58,number_sense,0.2,operation_identification_from_context,,OneStepProblem,WordProblem,Horizontal,1,1261,fast,0,,2,easy,,,2026-04-24T10:49:23.232Z,2026-04-24T10:51:36.184Z,في مستودع هناك 15 صندوقًا، وكل صندوق يحتوي على 35 قطعة. كم عدد القطع في المستودع؟,15 × 35,,,,,,,,
stu_1777023761689_8905,test_1777023978840_kask7x7,choose_answer,0,13,choose_answer|attempt=0|log=13|241eeb1e58,sequential_thinking,0.2,operation_identification_from_context,,OneStepProblem,WordProblem,Horizontal,1,1261,fast,0,,2,easy,,,2026-04-24T10:49:23.232Z,2026-04-24T10:51:36.184Z,في مستودع هناك 15 صندوقًا، وكل صندوق يحتوي على 35 قطعة. كم عدد القطع في المستودع؟,15 × 35,,,,,,,,
stu_1777023761689_8905,test_1777023978840_kask7x7,choose_answer,0,14,choose_answer|attempt=0|log=14|241eeb1e58,arithmetic_fluency,0.6,operation_identification_from_context,,OneStepProblem,WordProblem,Horizontal,1,560,fast,0,,2,easy,,,2026-04-24T10:49:23.232Z,2026-04-24T10:51:36.184Z,في مستودع هناك 15 صندوقًا، وكل صندوق يحتوي على 35 قطعة. كم عدد القطع في المستودع؟,15 × 35,,,,,,,,
stu_1777023761689_8905,test_1777023978840_kask7x7,choose_answer,0,14,choose_answer|attempt=0|log=14|241eeb1e58,number_sense,0.2,operation_identification_from_context,,OneStepProblem,WordProblem,Horizontal,1,560,fast,0,,2,easy,,,2026-04-24T10:49:23.232Z,2026-04-24T10:51:36.184Z,في مستودع هناك 15 صندوقًا، وكل صندوق يحتوي على 35 قطعة. كم عدد القطع في المستودع؟,15 × 35,,,,,,,,
stu_1777023761689_8905,test_1777023978840_kask7x7,choose_answer,0,14,choose_answer|attempt=0|log=14|241eeb1e58,sequential_thinking,0.2,operation_identification_from_context,,OneStepProblem,WordProblem,Horizontal,1,560,fast,0,,2,easy,,,2026-04-24T10:49:23.232Z,2026-04-24T10:51:36.184Z,في مستودع هناك 15 صندوقًا، وكل صندوق يحتوي على 35 قطعة. كم عدد القطع في المستودع؟,15 × 35,,,,,,,,
stu_1777023761689_8905,test_1777023978840_kask7x7,choose_answer,0,15,choose_answer|attempt=0|log=15|241eeb1e58,arithmetic_fluency,0.6,operation_identification_from_context,,OneStepProblem,WordProblem,Horizontal,0,2352,fast,0,ComputationError,2,easy,,,2026-04-24T10:49:23.232Z,2026-04-24T10:51:36.184Z,في مستودع هناك 15 صندوقًا، وكل صندوق يحتوي على 35 قطعة. كم عدد القطع في المستودع؟,15 + 35,,,,,,,,Addition
stu_1777023761689_8905,test_1777023978840_kask7x7,choose_answer,0,15,choose_answer|attempt=0|log=15|241eeb1e58,number_sense,0.2,operation_identification_from_context,,OneStepProblem,WordProblem,Horizontal,0,2352,fast,0,ComputationError,2,easy,,,2026-04-24T10:49:23.232Z,2026-04-24T10:51:36.184Z,في مستودع هناك 15 صندوقًا، وكل صندوق يحتوي على 35 قطعة. كم عدد القطع في المستودع؟,15 + 35,,,,,,,,Addition
stu_1777023761689_8905,test_1777023978840_kask7x7,choose_answer,0,15,choose_answer|attempt=0|log=15|241eeb1e58,sequential_thinking,0.2,operation_identification_from_context,,OneStepProblem,WordProblem,Horizontal,0,2352,fast,0,ComputationError,2,easy,,,2026-04-24T10:49:23.232Z,2026-04-24T10:51:36.184Z,في مستودع هناك 15 صندوقًا، وكل صندوق يحتوي على 35 قطعة. كم عدد القطع في المستودع؟,15 + 35,,,,,,,,Addition
stu_1777023761689_8905,test_1777023978840_kask7x7,choose_answer,0,16,choose_answer|attempt=0|log=16|241eeb1e58,arithmetic_fluency,0.6,operation_identification_from_context,,OneStepProblem,WordProblem,Horizontal,1,8411,fast,0,,2,easy,,,2026-04-24T10:49:23.232Z,2026-04-24T10:51:36.184Z,في مستودع هناك 15 صندوقًا، وكل صندوق يحتوي على 35 قطعة. كم عدد القطع في المستودع؟,15 × 35,,,,,,,,
stu_1777023761689_8905,test_1777023978840_kask7x7,choose_answer,0,16,choose_answer|attempt=0|log=16|241eeb1e58,number_sense,0.2,operation_identification_from_context,,OneStepProblem,WordProblem,Horizontal,1,8411,fast,0,,2,easy,,,2026-04-24T10:49:23.232Z,2026-04-24T10:51:36.184Z,في مستودع هناك 15 صندوقًا، وكل صندوق يحتوي على 35 قطعة. كم عدد القطع في المستودع؟,15 × 35,,,,,,,,
stu_1777023761689_8905,test_1777023978840_kask7x7,choose_answer,0,16,choose_answer|attempt=0|log=16|241eeb1e58,sequential_thinking,0.2,operation_identification_from_context,,OneStepProblem,WordProblem,Horizontal,1,8411,fast,0,,2,easy,,,2026-04-24T10:49:23.232Z,2026-04-24T10:51:36.184Z,في مستودع هناك 15 صندوقًا، وكل صندوق يحتوي على 35 قطعة. كم عدد القطع في المستودع؟,15 × 35,,,,,,,,
stu_1777023761689_8905,test_1777023978840_kask7x7,identify_place_value,0,0,identify_place_value|attempt=0|log=0|c27ff23eec,number_sense,1.0,place_value_identification,,PlaceValue,PlaceValue,Visual,1,37320,fast,0,,2,easy,,,2026-04-24T10:49:06.994Z,2026-04-24T10:49:22.988Z,,,,,"{""pos_0"": 9, ""pos_1"": 9}","{""pos_0"": 9, ""pos_1"": 9}",,,,
stu_1777023761689_8905,test_1777023978840_kask7x7,identify_place_value,0,1,identify_place_value|attempt=0|log=1|e7003cb89b,number_sense,1.0,place_value_identification,,PlaceValue,PlaceValue,Visual,1,33558,fast,0,,2,easy,,,2026-04-24T10:49:06.994Z,2026-04-24T10:49:22.988Z,,,,,"{""pos_0"": 5, ""pos_1"": 6}","{""pos_0"": 5, ""pos_1"": 6}",,,,
stu_1777023761689_8905,test_1777023978840_kask7x7,identify_place_value,0,2,identify_place_value|attempt=0|log=2|efcd6b9883,number_sense,1.0,place_value_identification,,PlaceValue,PlaceValue,Visual,1,12895,fast,0,,2,easy,,,2026-04-24T10:49:06.994Z,2026-04-24T10:49:22.988Z,,,,,"{""pos_0"": 9, ""pos_1"": 3}","{""pos_0"": 9, ""pos_1"": 3}",,,,
stu_1777023761689_8905,test_1777023978840_kask7x7,identify_place_value,0,3,identify_place_value|attempt=0|log=3|3a9f4f763f,number_sense,1.0,place_value_identification,,PlaceValue,PlaceValue,Visual,1,15993,fast,0,,2,easy,,,2026-04-24T10:49:06.994Z,2026-04-24T10:49:22.988Z,,,,,"{""pos_0"": 5, ""pos_1"": 7}","{""pos_0"": 5, ""pos_1"": 7}",,,,
stu_1777023761689_8905,test_1777023978840_kask7x7,order_numbers,0,0,order_numbers|attempt=0|log=0|e58cbf624d,sequential_thinking,1.0,number_ordering,,Ordering_asc,Ordering,Visual,1,156834,medium,0,,2,easy,,6.0,2026-04-24T10:41:25.687Z,2026-04-24T10:47:42.980Z,,,,,,,,asc,,
stu_1777023761689_8905,test_1777023978840_kask7x7,order_numbers,0,1,order_numbers|attempt=0|log=1|3afcf16c34,sequential_thinking,1.0,number_ordering,,Ordering_desc,Ordering,Visual,1,164212,medium,0,,2,easy,,5.0,2026-04-24T10:41:25.687Z,2026-04-24T10:47:42.980Z,,,,,,,,desc,,
stu_1777023761689_8905,test_1777023978840_kask7x7,order_numbers,0,2,order_numbers|attempt=0|log=2|05e9929d6d,sequential_thinking,1.0,number_ordering,,Ordering_desc,Ordering,Visual,1,56244,fast,0,,2,easy,,6.0,2026-04-24T10:41:25.687Z,2026-04-24T10:47:42.980Z,,,,,,,,desc,,
stu_1777023761898_3121,test_1777023978840_kask7x7,choose_answer,0,0,choose_answer|attempt=0|log=0|24f4021dbd,arithmetic_fluency,0.6,operation_identification_from_context,,OneStepProblem,WordProblem,Horizontal,1,18102,medium,0,,2,easy,,,2026-04-28T12:54:28.134Z,2026-04-28T12:55:55.447Z,في أحد المخابز يوجد 15 صندوقًا من الخبز. في كل صندوق 20 رغيفًا. كم رغيفًا في المجموع؟,15 × 20,,,,,,,,
stu_1777023761898_3121,test_1777023978840_kask7x7,choose_answer,0,0,choose_answer|attempt=0|log=0|24f4021dbd,number_sense,0.2,operation_identification_from_context,,OneStepProblem,WordProblem,Horizontal,1,18102,medium,0,,2,easy,,,2026-04-28T12:54:28.134Z,2026-04-28T12:55:55.447Z,في أحد المخابز يوجد 15 صندوقًا من الخبز. في كل صندوق 20 رغيفًا. كم رغيفًا في المجموع؟,15 × 20,,,,,,,,
stu_1777023761898_3121,test_1777023978840_kask7x7,choose_answer,0,0,choose_answer|attempt=0|log=0|24f4021dbd,sequential_thinking,0.2,operation_identification_from_context,,OneStepProblem,WordProblem,Horizontal,1,18102,medium,0,,2,easy,,,2026-04-28T12:54:28.134Z,2026-04-28T12:55:55.447Z,في أحد المخابز يوجد 15 صندوقًا من الخبز. في كل صندوق 20 رغيفًا. كم رغيفًا في المجموع؟,15 × 20,,,,,,,,
stu_1777023761898_3121,test_1777023978840_kask7x7,choose_answer,0,1,choose_answer|attempt=0|log=1|c04c49626f,arithmetic_fluency,0.6,operation_identification_from_context,,OneStepProblem,WordProblem,Horizontal,1,13078,medium,0,,2,easy,,,2026-04-28T12:54:28.134Z,2026-04-28T12:55:55.447Z,أشترت مريم 3 كتب، كل كتاب يكلف 40 درهما. كم دفعت مريم في المجمل؟,3 × 40,,,,,,,,
stu_1777023761898_3121,test_1777023978840_kask7x7,choose_answer,0,1,choose_answer|attempt=0|log=1|c04c49626f,number_sense,0.2,operation_identification_from_context,,OneStepProblem,WordProblem,Horizontal,1,13078,medium,0,,2,easy,,,2026-04-28T12:54:28.134Z,2026-04-28T12:55:55.447Z,أشترت مريم 3 كتب، كل كتاب يكلف 40 درهما. كم دفعت مريم في المجمل؟,3 × 40,,,,,,,,
stu_1777023761898_3121,test_1777023978840_kask7x7,choose_answer,0,1,choose_answer|attempt=0|log=1|c04c49626f,sequential_thinking,0.2,operation_identification_from_context,,OneStepProblem,WordProblem,Horizontal,1,13078,medium,0,,2,easy,,,2026-04-28T12:54:28.134Z,2026-04-28T12:55:55.447Z,أشترت مريم 3 كتب، كل كتاب يكلف 40 درهما. كم دفعت مريم في المجمل؟,3 × 40,,,,,,,,
stu_1777023761898_3121,test_1777023978840_kask7x7,choose_answer,0,2,choose_answer|attempt=0|log=2|0ea6351aa9,arithmetic_fluency,0.6,operation_identification_from_context,Addition,OneStepProblem,WordProblem,Horizontal,1,21686,slow,1,,2,easy,,,2026-04-28T12:54:28.134Z,2026-04-28T12:55:55.447Z,تملك سلوى 30 درهما ومنحها أبوها 20 درهما. كم أصبح لدى سلوى من درهم؟,30 + 20,,,,,,,Addition,Addition
stu_1777023761898_3121,test_1777023978840_kask7x7,choose_answer,0,2,choose_answer|attempt=0|log=2|0ea6351aa9,number_sense,0.2,operation_identification_from_context,Addition,OneStepProblem,WordProblem,Horizontal,1,21686,slow,1,,2,easy,,,2026-04-28T12:54:28.134Z,2026-04-28T12:55:55.447Z,تملك سلوى 30 درهما ومنحها أبوها 20 درهما. كم أصبح لدى سلوى من درهم؟,30 + 20,,,,,,,Addition,Addition
stu_1777023761898_3121,test_1777023978840_kask7x7,choose_answer,0,2,choose_answer|attempt=0|log=2|0ea6351aa9,sequential_thinking,0.2,operation_identification_from_context,Addition,OneStepProblem,WordProblem,Horizontal,1,21686,slow,1,,2,easy,,,2026-04-28T12:54:28.134Z,2026-04-28T12:55:55.447Z,تملك سلوى 30 درهما ومنحها أبوها 20 درهما. كم أصبح لدى سلوى من درهم؟,30 + 20,,,,,,,Addition,Addition
stu_1777023761898_3121,test_1777023978840_kask7x7,choose_answer,0,3,choose_answer|attempt=0|log=3|2730bae257,arithmetic_fluency,0.6,operation_identification_from_context,,OneStepProblem,WordProblem,Horizontal,1,17110,medium,0,,2,easy,,,2026-04-28T12:54:28.134Z,2026-04-28T12:55:55.447Z,ذهب أحمد إلى السوق واشترى 2 كيلو من التفاح بسعر 15 درهمًا للكيلو. كم دفع أحمد في المجمل؟,2 × 15,,,,,,,,
stu_1777023761898_3121,test_1777023978840_kask7x7,choose_answer,0,3,choose_answer|attempt=0|log=3|2730bae257,number_sense,0.2,operation_identification_from_context,,OneStepProblem,WordProblem,Horizontal,1,17110,medium,0,,2,easy,,,2026-04-28T12:54:28.134Z,2026-04-28T12:55:55.447Z,ذهب أحمد إلى السوق واشترى 2 كيلو من التفاح بسعر 15 درهمًا للكيلو. كم دفع أحمد في المجمل؟,2 × 15,,,,,,,,
stu_1777023761898_3121,test_1777023978840_kask7x7,choose_answer,0,3,choose_answer|attempt=0|log=3|2730bae257,sequential_thinking,0.2,operation_identification_from_context,,OneStepProblem,WordProblem,Horizontal,1,17110,medium,0,,2,easy,,,2026-04-28T12:54:28.134Z,2026-04-28T12:55:55.447Z,ذهب أحمد إلى السوق واشترى 2 كيلو من التفاح بسعر 15 درهمًا للكيلو. كم دفع أحمد في المجمل؟,2 × 15,,,,,,,,
stu_1777023761898_3121,test_1777023978840_kask7x7,choose_answer,0,4,choose_answer|attempt=0|log=4|ec4c485de0,arithmetic_fluency,0.6,operation_identification_from_context,,OneStepProblem,WordProblem,Horizontal,1,17337,medium,0,,2,easy,,,2026-04-28T12:54:28.134Z,2026-04-28T12:55:55.447Z,في فصل الصيف، اشترت سارة 15 زجاجة عصير، إذا كانت الزجاجة تكلف 30 درهمًا، كم دفعت سارة في المجمل؟,15 × 30,,,,,,,,
stu_1777023761898_3121,test_1777023978840_kask7x7,choose_answer,0,4,choose_answer|attempt=0|log=4|ec4c485de0,number_sense,0.2,operation_identification_from_context,,OneStepProblem,WordProblem,Horizontal,1,17337,medium,0,,2,easy,,,2026-04-28T12:54:28.134Z,2026-04-28T12:55:55.447Z,في فصل الصيف، اشترت سارة 15 زجاجة عصير، إذا كانت الزجاجة تكلف 30 درهمًا، كم دفعت سارة في المجمل؟,15 × 30,,,,,,,,
stu_1777023761898_3121,test_1777023978840_kask7x7,choose_answer,0,4,choose_answer|attempt=0|log=4|ec4c485de0,sequential_thinking,0.2,operation_identification_from_context,,OneStepProblem,WordProblem,Horizontal,1,17337,medium,0,,2,easy,,,2026-04-28T12:54:28.134Z,2026-04-28T12:55:55.447Z,في فصل الصيف، اشترت سارة 15 زجاجة عصير، إذا كانت الزجاجة تكلف 30 درهمًا، كم دفعت سارة في المجمل؟,15 × 30,,,,,,,,
stu_1777023761898_3121,test_1777023978840_kask7x7,choose_answer,1,0,choose_answer|attempt=1|log=0|56a2e862cd,arithmetic_fluency,0.6,operation_identification_from_context,Addition,OneStepProblem,WordProblem,Horizontal,1,9474,fast,0,,1,very-easy,,,2026-04-24T11:11:19.417Z,2026-04-24T11:12:57.186Z,اشترت فاطمة 3 تفاحات و4 برتقالات. كم فاكهة اشترت فاطمة؟,3 + 4,,,,,,,Addition,Addition
stu_1777023761898_3121,test_1777023978840_kask7x7,choose_answer,1,0,choose_answer|attempt=1|log=0|56a2e862cd,number_sense,0.2,operation_identification_from_context,Addition,OneStepProblem,WordProblem,Horizontal,1,9474,fast,0,,1,very-easy,,,2026-04-24T11:11:19.417Z,2026-04-24T11:12:57.186Z,اشترت فاطمة 3 تفاحات و4 برتقالات. كم فاكهة اشترت فاطمة؟,3 + 4,,,,,,,Addition,Addition
stu_1777023761898_3121,test_1777023978840_kask7x7,choose_answer,1,0,choose_answer|attempt=1|log=0|56a2e862cd,sequential_thinking,0.2,operation_identification_from_context,Addition,OneStepProblem,WordProblem,Horizontal,1,9474,fast,0,,1,very-easy,,,2026-04-24T11:11:19.417Z,2026-04-24T11:12:57.186Z,اشترت فاطمة 3 تفاحات و4 برتقالات. كم فاكهة اشترت فاطمة؟,3 + 4,,,,,,,Addition,Addition
stu_1777023761898_3121,test_1777023978840_kask7x7,choose_answer,1,1,choose_answer|attempt=1|log=1|4e43d88dec,arithmetic_fluency,0.6,operation_identification_from_context,,OneStepProblem,WordProblem,Horizontal,1,14134,medium,0,,1,very-easy,,,2026-04-24T11:11:19.417Z,2026-04-24T11:12:57.186Z,أبنى 6 منازل في حي جديد، وفي كل منزل 8 نوافذ. كم عدد النوافذ في الحي؟,6 × 8,,,,,,,,
stu_1777023761898_3121,test_1777023978840_kask7x7,choose_answer,1,1,choose_answer|attempt=1|log=1|4e43d88dec,number_sense,0.2,operation_identification_from_context,,OneStepProblem,WordProblem,Horizontal,1,14134,medium,0,,1,very-easy,,,2026-04-24T11:11:19.417Z,2026-04-24T11:12:57.186Z,أبنى 6 منازل في حي جديد، وفي كل منزل 8 نوافذ. كم عدد النوافذ في الحي؟,6 × 8,,,,,,,,
stu_1777023761898_3121,test_1777023978840_kask7x7,choose_answer,1,1,choose_answer|attempt=1|log=1|4e43d88dec,sequential_thinking,0.2,operation_identification_from_context,,OneStepProblem,WordProblem,Horizontal,1,14134,medium,0,,1,very-easy,,,2026-04-24T11:11:19.417Z,2026-04-24T11:12:57.186Z,أبنى 6 منازل في حي جديد، وفي كل منزل 8 نوافذ. كم عدد النوافذ في الحي؟,6 × 8,,,,,,,,
stu_1777023761898_3121,test_1777023978840_kask7x7,choose_answer,1,2,choose_answer|attempt=1|log=2|d49cc77f96,arithmetic_fluency,0.6,operation_identification_from_context,,OneStepProblem,WordProblem,Horizontal,1,31349,slow,1,,2,easy,,,2026-04-24T11:11:19.417Z,2026-04-24T11:12:57.186Z,ذهب أحمد إلى السوق واشترى 2 كيلو من التفاح بسعر 15 درهمًا للكيلو. كم دفع أحمد في المجمل؟,2 × 15,,,,,,,,
stu_1777023761898_3121,test_1777023978840_kask7x7,choose_answer,1,2,choose_answer|attempt=1|log=2|d49cc77f96,number_sense,0.2,operation_identification_from_context,,OneStepProblem,WordProblem,Horizontal,1,31349,slow,1,,2,easy,,,2026-04-24T11:11:19.417Z,2026-04-24T11:12:57.186Z,ذهب أحمد إلى السوق واشترى 2 كيلو من التفاح بسعر 15 درهمًا للكيلو. كم دفع أحمد في المجمل؟,2 × 15,,,,,,,,
stu_1777023761898_3121,test_1777023978840_kask7x7,choose_answer,1,2,choose_answer|attempt=1|log=2|d49cc77f96,sequential_thinking,0.2,operation_identification_from_context,,OneStepProblem,WordProblem,Horizontal,1,31349,slow,1,,2,easy,,,2026-04-24T11:11:19.417Z,2026-04-24T11:12:57.186Z,ذهب أحمد إلى السوق واشترى 2 كيلو من التفاح بسعر 15 درهمًا للكيلو. كم دفع أحمد في المجمل؟,2 × 15,,,,,,,,
stu_1777023761898_3121,test_1777023978840_kask7x7,choose_answer,1,3,choose_answer|attempt=1|log=3|562b9eb681,arithmetic_fluency,0.6,operation_identification_from_context,Addition,OneStepProblem,WordProblem,Horizontal,1,14316,medium,0,,2,easy,,,2026-04-24T11:11:19.417Z,2026-04-24T11:12:57.186Z,تملك سلوى 30 درهما ومنحها أبوها 20 درهما. كم أصبح لدى سلوى من درهم؟,30 + 20,,,,,,,Addition,Addition
stu_1777023761898_3121,test_1777023978840_kask7x7,choose_answer,1,3,choose_answer|attempt=1|log=3|562b9eb681,number_sense,0.2,operation_identification_from_context,Addition,OneStepProblem,WordProblem,Horizontal,1,14316,medium,0,,2,easy,,,2026-04-24T11:11:19.417Z,2026-04-24T11:12:57.186Z,تملك سلوى 30 درهما ومنحها أبوها 20 درهما. كم أصبح لدى سلوى من درهم؟,30 + 20,,,,,,,Addition,Addition
stu_1777023761898_3121,test_1777023978840_kask7x7,choose_answer,1,3,choose_answer|attempt=1|log=3|562b9eb681,sequential_thinking,0.2,operation_identification_from_context,Addition,OneStepProblem,WordProblem,Horizontal,1,14316,medium,0,,2,easy,,,2026-04-24T11:11:19.417Z,2026-04-24T11:12:57.186Z,تملك سلوى 30 درهما ومنحها أبوها 20 درهما. كم أصبح لدى سلوى من درهم؟,30 + 20,,,,,,,Addition,Addition
stu_1777023761898_3121,test_1777023978840_kask7x7,choose_answer,1,4,choose_answer|attempt=1|log=4|f88f631f06,arithmetic_fluency,0.6,operation_identification_from_context,,OneStepProblem,WordProblem,Horizontal,0,28488,slow,1,ComputationError,2,easy,,,2026-04-24T11:11:19.417Z,2026-04-24T11:12:57.186Z,في إحدى المزارع هناك 8 حقول. في كل حقل 10 أشجار. كم عدد الأشجار في جميع الحقول؟,80 ÷ 10,,,,,,,,
stu_1777023761898_3121,test_1777023978840_kask7x7,choose_answer,1,4,choose_answer|attempt=1|log=4|f88f631f06,number_sense,0.2,operation_identification_from_context,,OneStepProblem,WordProblem,Horizontal,0,28488,slow,1,ComputationError,2,easy,,,2026-04-24T11:11:19.417Z,2026-04-24T11:12:57.186Z,في إحدى المزارع هناك 8 حقول. في كل حقل 10 أشجار. كم عدد الأشجار في جميع الحقول؟,80 ÷ 10,,,,,,,,
stu_1777023761898_3121,test_1777023978840_kask7x7,choose_answer,1,4,choose_answer|attempt=1|log=4|f88f631f06,sequential_thinking,0.2,operation_identification_from_context,,OneStepProblem,WordProblem,Horizontal,0,28488,slow,1,ComputationError,2,easy,,,2026-04-24T11:11:19.417Z,2026-04-24T11:12:57.186Z,في إحدى المزارع هناك 8 حقول. في كل حقل 10 أشجار. كم عدد الأشجار في جميع الحقول؟,80 ÷ 10,,,,,,,,
stu_1777023761898_3121,test_1777023978840_kask7x7,compare_numbers,0,0,compare_numbers|attempt=0|log=0|d8013cdd15,comparison_skill,1.0,number_comparison,,Greater,Comparison,Horizontal,1,8599,fast,0,,3,medium,,,2026-04-28T13:03:50.894Z,2026-04-28T13:04:07.448Z,,,,,,,Greater,,,
stu_1777023761898_3121,test_1777023978840_kask7x7,compare_numbers,0,1,compare_numbers|attempt=0|log=1|e17887f80f,comparison_skill,1.0,number_comparison,,Less,Comparison,Horizontal,1,4093,fast,0,,3,medium,,,2026-04-28T13:03:50.894Z,2026-04-28T13:04:07.448Z,,,,,,,Less,,,
stu_1777023761898_3121,test_1777023978840_kask7x7,compare_numbers,0,2,compare_numbers|attempt=0|log=2|77b225b0d1,comparison_skill,1.0,number_comparison,,Equal,Comparison,Horizontal,1,3862,fast,0,,3,medium,,,2026-04-28T13:03:50.894Z,2026-04-28T13:04:07.448Z,,,,,,,Equal,,,
stu_1777023761898_3121,test_1777023978840_kask7x7,find_previous_next_number,0,0,find_previous_next_number|attempt=0|log=0|548fa80a79,sequential_thinking,1.0,previous_next_number,,PreviousAndNext,Sequence,Horizontal,1,34416,fast,0,,3,medium,470-479,,2026-04-28T13:03:17.397Z,2026-04-28T13:03:50.804Z,472,,,,"[471, 473]","[471, 473]",,,,
stu_1777023761898_3121,test_1777023978840_kask7x7,find_previous_next_number,0,1,find_previous_next_number|attempt=0|log=1|70ee3dedb8,sequential_thinking,1.0,previous_next_number,,PreviousAndNext,Sequence,Horizontal,1,64693,medium,0,,3,medium,270-279,,2026-04-28T13:03:17.397Z,2026-04-28T13:03:50.804Z,272,,,,"[271, 273]","[271, 273]",,,,
stu_1777023761898_3121,test_1777023978840_kask7x7,find_previous_next_number,0,2,find_previous_next_number|attempt=0|log=2|c85e0f994b,sequential_thinking,1.0,previous_next_number,,PreviousAndNext,Sequence,Horizontal,1,33407,fast,0,,3,medium,930-939,,2026-04-28T13:03:17.397Z,2026-04-28T13:03:50.804Z,936,,,,"[935, 937]","[935, 937]",,,,
stu_1777023761898_3121,test_1777023978840_kask7x7,identify_place_value,0,0,identify_place_value|attempt=0|log=0|27f444a23d,number_sense,1.0,place_value_identification,,PlaceValue,PlaceValue,Visual,1,14956,fast,0,,2,easy,,,2026-04-28T12:54:09.034Z,2026-04-28T12:54:27.076Z,,,,,"{""pos_0"": 5, ""pos_1"": 0}","{""pos_0"": 5, ""pos_1"": 0}",,,,
stu_1777023761898_3121,test_1777023978840_kask7x7,identify_place_value,0,1,identify_place_value|attempt=0|log=1|81ba212721,number_sense,1.0,place_value_identification,,PlaceValue,PlaceValue,Visual,1,15312,fast,0,,2,easy,,,2026-04-28T12:54:09.034Z,2026-04-28T12:54:27.076Z,,,,,"{""pos_0"": 7, ""pos_1"": 3}","{""pos_0"": 7, ""pos_1"": 3}",,,,
stu_1777023761898_3121,test_1777023978840_kask7x7,identify_place_value,0,2,identify_place_value|attempt=0|log=2|79a7591c03,number_sense,1.0,place_value_identification,,PlaceValue,PlaceValue,Visual,1,16080,fast,0,,2,easy,,,2026-04-28T12:54:09.034Z,2026-04-28T12:54:27.076Z,,,,,"{""pos_0"": 5, ""pos_1"": 4}","{""pos_0"": 5, ""pos_1"": 4}",,,,
stu_1777023761898_3121,test_1777023978840_kask7x7,identify_place_value,0,3,identify_place_value|attempt=0|log=3|efcd6b9883,number_sense,1.0,place_value_identification,,PlaceValue,PlaceValue,Visual,1,18042,fast,0,,2,easy,,,2026-04-28T12:54:09.034Z,2026-04-28T12:54:27.076Z,,,,,"{""pos_0"": 9, ""pos_1"": 3}","{""pos_0"": 9, ""pos_1"": 3}",,,,
stu_1777023761898_3121,test_1777023978840_kask7x7,order_numbers,0,0,order_numbers|attempt=0|log=0|7672e8ef57,sequential_thinking,1.0,number_ordering,,Ordering_desc,Ordering,Visual,1,19007,fast,0,,2,easy,,2.0,2026-04-28T12:52:19.553Z,2026-04-28T12:53:22.582Z,,,,,,,,desc,,
stu_1777023761898_3121,test_1777023978840_kask7x7,order_numbers,0,1,order_numbers|attempt=0|log=1|256ac1f771,sequential_thinking,1.0,number_ordering,,Ordering_asc,Ordering,Visual,1,23805,fast,0,,2,easy,,3.0,2026-04-28T12:52:19.553Z,2026-04-28T12:53:22.582Z,,,,,,,,asc,,
stu_1777023761898_3121,test_1777023978840_kask7x7,order_numbers,0,2,order_numbers|attempt=0|log=2|6537ded5a3,sequential_thinking,1.0,number_ordering,,Ordering_asc,Ordering,Visual,1,20216,fast,0,,2,easy,,4.0,2026-04-28T12:52:19.553Z,2026-04-28T12:53:22.582Z,,,,,,,,asc,,
stu_1777023761898_3121,test_1777023978840_kask7x7,vertical_operations,0,0,vertical_operations|attempt=0|log=0|83c46a7544,arithmetic_fluency,1.0,vertical_operation_fluency,Subtraction,SubtractionWithBorrow,VerticalOperation,Vertical,1,146776,fast,0,,4,hard,,,2026-04-28T12:55:55.551Z,2026-04-28T13:01:38.262Z,2510 Subtraction 1521,,989,989,,,,,,
stu_1777023761898_3121,test_1777023978840_kask7x7,vertical_operations,0,1,vertical_operations|attempt=0|log=1|9fe260a8da,arithmetic_fluency,1.0,vertical_operation_fluency,Subtraction,SubtractionWithBorrow,VerticalOperation,Vertical,1,195935,fast,0,,4,hard,,,2026-04-28T12:55:55.551Z,2026-04-28T13:01:38.262Z,6282 Subtraction 6099,,183,183,,,,,,
stu_1777023762111_459,test_1777023978840_kask7x7,choose_answer,0,0,choose_answer|attempt=0|log=0|055b9a60b9,arithmetic_fluency,0.6,operation_identification_from_context,Subtraction,OneStepProblem,WordProblem,Horizontal,1,14588,medium,0,,3,medium,,,2026-04-24T10:57:22.748Z,2026-04-24T10:58:31.353Z,أحمد لديه 150 درهمًا. اشترى 3 كتب، كل كتاب يكلف 40 درهمًا. كم تبقى معه؟,150 - (3 × 40),,,,,,,Subtraction,Subtraction
stu_1777023762111_459,test_1777023978840_kask7x7,choose_answer,0,0,choose_answer|attempt=0|log=0|055b9a60b9,number_sense,0.2,operation_identification_from_context,Subtraction,OneStepProblem,WordProblem,Horizontal,1,14588,medium,0,,3,medium,,,2026-04-24T10:57:22.748Z,2026-04-24T10:58:31.353Z,أحمد لديه 150 درهمًا. اشترى 3 كتب، كل كتاب يكلف 40 درهمًا. كم تبقى معه؟,150 - (3 × 40),,,,,,,Subtraction,Subtraction
stu_1777023762111_459,test_1777023978840_kask7x7,choose_answer,0,0,choose_answer|attempt=0|log=0|055b9a60b9,sequential_thinking,0.2,operation_identification_from_context,Subtraction,OneStepProblem,WordProblem,Horizontal,1,14588,medium,0,,3,medium,,,2026-04-24T10:57:22.748Z,2026-04-24T10:58:31.353Z,أحمد لديه 150 درهمًا. اشترى 3 كتب، كل كتاب يكلف 40 درهمًا. كم تبقى معه؟,150 - (3 × 40),,,,,,,Subtraction,Subtraction
stu_1777023762111_459,test_1777023978840_kask7x7,choose_answer,0,1,choose_answer|attempt=0|log=1|87c4d55508,arithmetic_fluency,0.6,operation_identification_from_context,Subtraction,OneStepProblem,WordProblem,Horizontal,0,7410,fast,0,ComputationError,2,easy,,,2026-04-24T10:57:22.748Z,2026-04-24T10:58:31.353Z,كانت عندك 10 تفاحات، أكلت 3. كم بقي؟,3 - 10,,,,,,,Subtraction,Subtraction
stu_1777023762111_459,test_1777023978840_kask7x7,choose_answer,0,1,choose_answer|attempt=0|log=1|87c4d55508,number_sense,0.2,operation_identification_from_context,Subtraction,OneStepProblem,WordProblem,Horizontal,0,7410,fast,0,ComputationError,2,easy,,,2026-04-24T10:57:22.748Z,2026-04-24T10:58:31.353Z,كانت عندك 10 تفاحات، أكلت 3. كم بقي؟,3 - 10,,,,,,,Subtraction,Subtraction
stu_1777023762111_459,test_1777023978840_kask7x7,choose_answer,0,1,choose_answer|attempt=0|log=1|87c4d55508,sequential_thinking,0.2,operation_identification_from_context,Subtraction,OneStepProblem,WordProblem,Horizontal,0,7410,fast,0,ComputationError,2,easy,,,2026-04-24T10:57:22.748Z,2026-04-24T10:58:31.353Z,كانت عندك 10 تفاحات، أكلت 3. كم بقي؟,3 - 10,,,,,,,Subtraction,Subtraction
stu_1777023762111_459,test_1777023978840_kask7x7,choose_answer,0,2,choose_answer|attempt=0|log=2|59f232a406,arithmetic_fluency,0.6,operation_identification_from_context,,OneStepProblem,WordProblem,Horizontal,1,23675,slow,1,,2,easy,,,2026-04-24T10:57:22.748Z,2026-04-24T10:58:31.353Z,أشترت مريم 3 كتب، كل كتاب يكلف 40 درهما. كم دفعت مريم في المجمل؟,3 × 40,,,,,,,,
stu_1777023762111_459,test_1777023978840_kask7x7,choose_answer,0,2,choose_answer|attempt=0|log=2|59f232a406,number_sense,0.2,operation_identification_from_context,,OneStepProblem,WordProblem,Horizontal,1,23675,slow,1,,2,easy,,,2026-04-24T10:57:22.748Z,2026-04-24T10:58:31.353Z,أشترت مريم 3 كتب، كل كتاب يكلف 40 درهما. كم دفعت مريم في المجمل؟,3 × 40,,,,,,,,
stu_1777023762111_459,test_1777023978840_kask7x7,choose_answer,0,2,choose_answer|attempt=0|log=2|59f232a406,sequential_thinking,0.2,operation_identification_from_context,,OneStepProblem,WordProblem,Horizontal,1,23675,slow,1,,2,easy,,,2026-04-24T10:57:22.748Z,2026-04-24T10:58:31.353Z,أشترت مريم 3 كتب، كل كتاب يكلف 40 درهما. كم دفعت مريم في المجمل؟,3 × 40,,,,,,,,
stu_1777023762111_459,test_1777023978840_kask7x7,choose_answer,0,3,choose_answer|attempt=0|log=3|dfcb754258,arithmetic_fluency,0.6,operation_identification_from_context,Subtraction,OneStepProblem,WordProblem,Horizontal,1,10362,medium,0,,3,medium,,,2026-04-24T10:57:22.748Z,2026-04-24T10:58:31.353Z,لدى أحمد 120 درهما، وأعطى 50 درهما لصديقه. كم تبقى لديه؟,120 - 50,,,,,,,Subtraction,Subtraction
stu_1777023762111_459,test_1777023978840_kask7x7,choose_answer,0,3,choose_answer|attempt=0|log=3|dfcb754258,number_sense,0.2,operation_identification_from_context,Subtraction,OneStepProblem,WordProblem,Horizontal,1,10362,medium,0,,3,medium,,,2026-04-24T10:57:22.748Z,2026-04-24T10:58:31.353Z,لدى أحمد 120 درهما، وأعطى 50 درهما لصديقه. كم تبقى لديه؟,120 - 50,,,,,,,Subtraction,Subtraction
stu_1777023762111_459,test_1777023978840_kask7x7,choose_answer,0,3,choose_answer|attempt=0|log=3|dfcb754258,sequential_thinking,0.2,operation_identification_from_context,Subtraction,OneStepProblem,WordProblem,Horizontal,1,10362,medium,0,,3,medium,,,2026-04-24T10:57:22.748Z,2026-04-24T10:58:31.353Z,لدى أحمد 120 درهما، وأعطى 50 درهما لصديقه. كم تبقى لديه؟,120 - 50,,,,,,,Subtraction,Subtraction
stu_1777023762111_459,test_1777023978840_kask7x7,choose_answer,0,4,choose_answer|attempt=0|log=4|0ea6351aa9,arithmetic_fluency,0.6,operation_identification_from_context,Addition,OneStepProblem,WordProblem,Horizontal,1,12563,medium,0,,2,easy,,,2026-04-24T10:57:22.748Z,2026-04-24T10:58:31.353Z,تملك سلوى 30 درهما ومنحها أبوها 20 درهما. كم أصبح لدى سلوى من درهم؟,30 + 20,,,,,,,Addition,Addition
stu_1777023762111_459,test_1777023978840_kask7x7,choose_answer,0,4,choose_answer|attempt=0|log=4|0ea6351aa9,number_sense,0.2,operation_identification_from_context,Addition,OneStepProblem,WordProblem,Horizontal,1,12563,medium,0,,2,easy,,,2026-04-24T10:57:22.748Z,2026-04-24T10:58:31.353Z,تملك سلوى 30 درهما ومنحها أبوها 20 درهما. كم أصبح لدى سلوى من درهم؟,30 + 20,,,,,,,Addition,Addition
stu_1777023762111_459,test_1777023978840_kask7x7,choose_answer,0,4,choose_answer|attempt=0|log=4|0ea6351aa9,sequential_thinking,0.2,operation_identification_from_context,Addition,OneStepProblem,WordProblem,Horizontal,1,12563,medium,0,,2,easy,,,2026-04-24T10:57:22.748Z,2026-04-24T10:58:31.353Z,تملك سلوى 30 درهما ومنحها أبوها 20 درهما. كم أصبح لدى سلوى من درهم؟,30 + 20,,,,,,,Addition,Addition
stu_1777023762111_459,test_1777023978840_kask7x7,compare_numbers,0,0,compare_numbers|attempt=0|log=0|04871d0add,comparison_skill,1.0,number_comparison,,Greater,Comparison,Horizontal,1,8243,fast,0,,3,medium,,,2026-04-24T11:01:09.141Z,2026-04-24T11:01:32.214Z,,,,,,,Greater,,,
stu_1777023762111_459,test_1777023978840_kask7x7,compare_numbers,0,1,compare_numbers|attempt=0|log=1|9afab50b77,comparison_skill,1.0,number_comparison,,Less,Comparison,Horizontal,1,8523,fast,0,,3,medium,,,2026-04-24T11:01:09.141Z,2026-04-24T11:01:32.214Z,,,,,,,Less,,,
stu_1777023762111_459,test_1777023978840_kask7x7,compare_numbers,0,2,compare_numbers|attempt=0|log=2|29a8327190,comparison_skill,1.0,number_comparison,,Equal,Comparison,Horizontal,1,6291,fast,0,,3,medium,,,2026-04-24T11:01:09.141Z,2026-04-24T11:01:32.214Z,,,,,,,Equal,,,
stu_1777023762111_459,test_1777023978840_kask7x7,find_previous_next_number,0,0,find_previous_next_number|attempt=0|log=0|1dfb7edb3e,sequential_thinking,1.0,previous_next_number,,PreviousAndNext,Sequence,Horizontal,1,19046,fast,0,,2,easy,30-39,,2026-04-24T11:00:43.682Z,2026-04-24T11:01:08.925Z,34,,,,"[33, 35]","[33, 35]",,,,
stu_1777023762111_459,test_1777023978840_kask7x7,find_previous_next_number,0,1,find_previous_next_number|attempt=0|log=1|2a38bc5287,sequential_thinking,1.0,previous_next_number,,PreviousAndNext,Sequence,Horizontal,1,19137,fast,0,,3,medium,850-859,,2026-04-24T11:00:43.682Z,2026-04-24T11:01:08.925Z,854,,,,"[853, 855]","[853, 855]",,,,
stu_1777023762111_459,test_1777023978840_kask7x7,find_previous_next_number,0,2,find_previous_next_number|attempt=0|log=2|b38ffa1b14,sequential_thinking,1.0,previous_next_number,,PreviousAndNext,Sequence,Horizontal,1,25237,fast,0,,3,medium,700-709,,2026-04-24T11:00:43.682Z,2026-04-24T11:01:08.925Z,707,,,,"[706, 708]","[706, 708]",,,,
stu_1777023762111_459,test_1777023978840_kask7x7,identify_place_value,0,0,identify_place_value|attempt=0|log=0|1e8b1cb5b7,number_sense,1.0,place_value_identification,,PlaceValue,PlaceValue,Visual,1,11192,fast,0,,2,easy,,,2026-04-24T10:57:09.234Z,2026-04-24T10:57:22.528Z,,,,,"{""pos_0"": 9, ""pos_1"": 7}","{""pos_0"": 9, ""pos_1"": 7}",,,,
stu_1777023762111_459,test_1777023978840_kask7x7,identify_place_value,0,1,identify_place_value|attempt=0|log=1|211c1dbb28,number_sense,1.0,place_value_identification,,PlaceValue,PlaceValue,Visual,1,10003,fast,0,,2,easy,,,2026-04-24T10:57:09.234Z,2026-04-24T10:57:22.528Z,,,,,"{""pos_0"": 4, ""pos_1"": 1}","{""pos_0"": 4, ""pos_1"": 1}",,,,
stu_1777023762111_459,test_1777023978840_kask7x7,identify_place_value,0,2,identify_place_value|attempt=0|log=2|c22a0d857d,number_sense,1.0,place_value_identification,,PlaceValue,PlaceValue,Visual,1,15622,fast,0,,2,easy,,,2026-04-24T10:57:09.234Z,2026-04-24T10:57:22.528Z,,,,,"{""pos_0"": 9, ""pos_1"": 2}","{""pos_0"": 9, ""pos_1"": 2}",,,,
stu_1777023762111_459,test_1777023978840_kask7x7,identify_place_value,0,3,identify_place_value|attempt=0|log=3|fa85337a55,number_sense,1.0,place_value_identification,,PlaceValue,PlaceValue,Visual,1,13286,fast,0,,2,easy,,,2026-04-24T10:57:09.234Z,2026-04-24T10:57:22.528Z,,,,,"{""pos_0"": 8, ""pos_1"": 0}","{""pos_0"": 8, ""pos_1"": 0}",,,,
stu_1777023762111_459,test_1777023978840_kask7x7,order_numbers,0,0,order_numbers|attempt=0|log=0|55eca7fc25,sequential_thinking,1.0,number_ordering,,Ordering_desc,Ordering,Visual,1,42948,fast,0,,2,easy,,2.0,2026-04-24T10:54:42.549Z,2026-04-24T10:56:32.143Z,,,,,,,,desc,,
stu_1777023762111_459,test_1777023978840_kask7x7,order_numbers,0,1,order_numbers|attempt=0|log=1|4cb456f46f,sequential_thinking,1.0,number_ordering,,Ordering_asc,Ordering,Visual,1,56407,fast,0,,2,easy,,7.0,2026-04-24T10:54:42.549Z,2026-04-24T10:56:32.143Z,,,,,,,,asc,,
stu_1777023762111_459,test_1777023978840_kask7x7,order_numbers,0,2,order_numbers|attempt=0|log=2|03de3bd72f,sequential_thinking,1.0,number_ordering,,Ordering_asc,Ordering,Visual,1,10175,fast,0,,2,easy,,3.0,2026-04-24T10:54:42.549Z,2026-04-24T10:56:32.143Z,,,,,,,,asc,,
stu_1777023762111_459,test_1777023978840_kask7x7,vertical_operations,0,0,vertical_operations|attempt=0|log=0|17b0f1484b,arithmetic_fluency,1.0,vertical_operation_fluency,Addition,AdditionWithCarry,VerticalOperation,Vertical,1,57982,fast,0,,5,hard,,,2026-04-24T10:58:31.516Z,2026-04-24T11:00:05.467Z,6761 Addition 7235,,13996,13996,,,,,,
stu_1777023762111_459,test_1777023978840_kask7x7,vertical_operations,0,1,vertical_operations|attempt=0|log=1|36d4e881e0,arithmetic_fluency,1.0,vertical_operation_fluency,Addition,AdditionWithCarry,VerticalOperation,Vertical,1,35969,fast,0,,5,hard,,,2026-04-24T10:58:31.516Z,2026-04-24T11:00:05.467Z,8793 Addition 5014,,13807,13807,,,,,,
stu_1777023762305_6832,test_1777023978840_kask7x7,choose_answer,0,0,choose_answer|attempt=0|log=0|3e4546de05,arithmetic_fluency,0.6,operation_identification_from_context,Subtraction,OneStepProblem,WordProblem,Horizontal,0,7253,fast,0,ComputationError,3,medium,,,2026-04-24T10:45:52.871Z,2026-04-24T10:46:36.548Z,أحمد لديه 150 درهمًا. اشترى 3 كتب، كل كتاب يكلف 40 درهمًا. كم تبقى معه؟,150 - 40,,,,,,,Subtraction,Subtraction
stu_1777023762305_6832,test_1777023978840_kask7x7,choose_answer,0,0,choose_answer|attempt=0|log=0|3e4546de05,number_sense,0.2,operation_identification_from_context,Subtraction,OneStepProblem,WordProblem,Horizontal,0,7253,fast,0,ComputationError,3,medium,,,2026-04-24T10:45:52.871Z,2026-04-24T10:46:36.548Z,أحمد لديه 150 درهمًا. اشترى 3 كتب، كل كتاب يكلف 40 درهمًا. كم تبقى معه؟,150 - 40,,,,,,,Subtraction,Subtraction
stu_1777023762305_6832,test_1777023978840_kask7x7,choose_answer,0,0,choose_answer|attempt=0|log=0|3e4546de05,sequential_thinking,0.2,operation_identification_from_context,Subtraction,OneStepProblem,WordProblem,Horizontal,0,7253,fast,0,ComputationError,3,medium,,,2026-04-24T10:45:52.871Z,2026-04-24T10:46:36.548Z,أحمد لديه 150 درهمًا. اشترى 3 كتب، كل كتاب يكلف 40 درهمًا. كم تبقى معه؟,150 - 40,,,,,,,Subtraction,Subtraction
stu_1777023762305_6832,test_1777023978840_kask7x7,choose_answer,0,1,choose_answer|attempt=0|log=1|4aaabffb0e,arithmetic_fluency,0.6,operation_identification_from_context,Addition,OneStepProblem,WordProblem,Horizontal,1,7197,fast,0,,2,easy,,,2026-04-24T10:45:52.871Z,2026-04-24T10:46:36.548Z,في مزرعة هناك 20 دجاجة. إذا وضعت 5 دجاجات أخرى. كم دجاجة في المجموع؟,20 + 5,,,,,,,Addition,Addition
stu_1777023762305_6832,test_1777023978840_kask7x7,choose_answer,0,1,choose_answer|attempt=0|log=1|4aaabffb0e,number_sense,0.2,operation_identification_from_context,Addition,OneStepProblem,WordProblem,Horizontal,1,7197,fast,0,,2,easy,,,2026-04-24T10:45:52.871Z,2026-04-24T10:46:36.548Z,في مزرعة هناك 20 دجاجة. إذا وضعت 5 دجاجات أخرى. كم دجاجة في المجموع؟,20 + 5,,,,,,,Addition,Addition
stu_1777023762305_6832,test_1777023978840_kask7x7,choose_answer,0,1,choose_answer|attempt=0|log=1|4aaabffb0e,sequential_thinking,0.2,operation_identification_from_context,Addition,OneStepProblem,WordProblem,Horizontal,1,7197,fast,0,,2,easy,,,2026-04-24T10:45:52.871Z,2026-04-24T10:46:36.548Z,في مزرعة هناك 20 دجاجة. إذا وضعت 5 دجاجات أخرى. كم دجاجة في المجموع؟,20 + 5,,,,,,,Addition,Addition
stu_1777023762305_6832,test_1777023978840_kask7x7,choose_answer,0,2,choose_answer|attempt=0|log=2|b3882ca07c,arithmetic_fluency,0.6,operation_identification_from_context,Addition,OneStepProblem,WordProblem,Horizontal,1,3019,fast,0,,2,easy,,,2026-04-24T10:45:52.871Z,2026-04-24T10:46:36.548Z,في حديقة هناك 45 شجرة، زرعوا 12 شجرة أخرى. كم عدد الأشجار في الحديقة الآن؟,45 + 12,,,,,,,Addition,Addition
stu_1777023762305_6832,test_1777023978840_kask7x7,choose_answer,0,2,choose_answer|attempt=0|log=2|b3882ca07c,number_sense,0.2,operation_identification_from_context,Addition,OneStepProblem,WordProblem,Horizontal,1,3019,fast,0,,2,easy,,,2026-04-24T10:45:52.871Z,2026-04-24T10:46:36.548Z,في حديقة هناك 45 شجرة، زرعوا 12 شجرة أخرى. كم عدد الأشجار في الحديقة الآن؟,45 + 12,,,,,,,Addition,Addition
stu_1777023762305_6832,test_1777023978840_kask7x7,choose_answer,0,2,choose_answer|attempt=0|log=2|b3882ca07c,sequential_thinking,0.2,operation_identification_from_context,Addition,OneStepProblem,WordProblem,Horizontal,1,3019,fast,0,,2,easy,,,2026-04-24T10:45:52.871Z,2026-04-24T10:46:36.548Z,في حديقة هناك 45 شجرة، زرعوا 12 شجرة أخرى. كم عدد الأشجار في الحديقة الآن؟,45 + 12,,,,,,,Addition,Addition
stu_1777023762305_6832,test_1777023978840_kask7x7,choose_answer,0,3,choose_answer|attempt=0|log=3|e5225d3f75,arithmetic_fluency,0.6,operation_identification_from_context,Subtraction,OneStepProblem,WordProblem,Horizontal,1,15406,medium,0,,3,medium,,,2026-04-24T10:45:52.871Z,2026-04-24T10:46:36.548Z,لدى أحمد 120 درهما، وأعطى 50 درهما لصديقه. كم تبقى لديه؟,120 - 50,,,,,,,Subtraction,Subtraction
stu_1777023762305_6832,test_1777023978840_kask7x7,choose_answer,0,3,choose_answer|attempt=0|log=3|e5225d3f75,number_sense,0.2,operation_identification_from_context,Subtraction,OneStepProblem,WordProblem,Horizontal,1,15406,medium,0,,3,medium,,,2026-04-24T10:45:52.871Z,2026-04-24T10:46:36.548Z,لدى أحمد 120 درهما، وأعطى 50 درهما لصديقه. كم تبقى لديه؟,120 - 50,,,,,,,Subtraction,Subtraction
stu_1777023762305_6832,test_1777023978840_kask7x7,choose_answer,0,3,choose_answer|attempt=0|log=3|e5225d3f75,sequential_thinking,0.2,operation_identification_from_context,Subtraction,OneStepProblem,WordProblem,Horizontal,1,15406,medium,0,,3,medium,,,2026-04-24T10:45:52.871Z,2026-04-24T10:46:36.548Z,لدى أحمد 120 درهما، وأعطى 50 درهما لصديقه. كم تبقى لديه؟,120 - 50,,,,,,,Subtraction,Subtraction
stu_1777023762305_6832,test_1777023978840_kask7x7,choose_answer,0,4,choose_answer|attempt=0|log=4|f3333aca51,arithmetic_fluency,0.6,operation_identification_from_context,,OneStepProblem,WordProblem,Horizontal,1,10797,medium,0,,2,easy,,,2026-04-24T10:45:52.871Z,2026-04-24T10:46:36.548Z,في إحدى المزارع هناك 8 حقول. في كل حقل 10 أشجار. كم عدد الأشجار في جميع الحقول؟,8 × 10,,,,,,,,
stu_1777023762305_6832,test_1777023978840_kask7x7,choose_answer,0,4,choose_answer|attempt=0|log=4|f3333aca51,number_sense,0.2,operation_identification_from_context,,OneStepProblem,WordProblem,Horizontal,1,10797,medium,0,,2,easy,,,2026-04-24T10:45:52.871Z,2026-04-24T10:46:36.548Z,في إحدى المزارع هناك 8 حقول. في كل حقل 10 أشجار. كم عدد الأشجار في جميع الحقول؟,8 × 10,,,,,,,,
stu_1777023762305_6832,test_1777023978840_kask7x7,choose_answer,0,4,choose_answer|attempt=0|log=4|f3333aca51,sequential_thinking,0.2,operation_identification_from_context,,OneStepProblem,WordProblem,Horizontal,1,10797,medium,0,,2,easy,,,2026-04-24T10:45:52.871Z,2026-04-24T10:46:36.548Z,في إحدى المزارع هناك 8 حقول. في كل حقل 10 أشجار. كم عدد الأشجار في جميع الحقول؟,8 × 10,,,,,,,,
stu_1777023762305_6832,test_1777023978840_kask7x7,compare_numbers,0,0,compare_numbers|attempt=0|log=0|afc57fd3e8,comparison_skill,1.0,number_comparison,,Greater,Comparison,Horizontal,1,5890,fast,0,,3,medium,,,2026-04-24T10:49:22.686Z,2026-04-24T10:49:33.826Z,,,,,,,Greater,,,
stu_1777023762305_6832,test_1777023978840_kask7x7,compare_numbers,0,1,compare_numbers|attempt=0|log=1|b89c44a2c5,comparison_skill,1.0,number_comparison,,Less,Comparison,Horizontal,1,2376,fast,0,,3,medium,,,2026-04-24T10:49:22.686Z,2026-04-24T10:49:33.826Z,,,,,,,Less,,,
stu_1777023762305_6832,test_1777023978840_kask7x7,compare_numbers,0,2,compare_numbers|attempt=0|log=2|c5a7960238,comparison_skill,1.0,number_comparison,,Equal,Comparison,Horizontal,1,2862,fast,0,,3,medium,,,2026-04-24T10:49:22.686Z,2026-04-24T10:49:33.826Z,,,,,,,Equal,,,
stu_1777023762305_6832,test_1777023978840_kask7x7,find_previous_next_number,0,0,find_previous_next_number|attempt=0|log=0|4b763160c7,sequential_thinking,1.0,previous_next_number,,PreviousAndNext,Sequence,Horizontal,1,68293,medium,0,,3,medium,210-219,,2026-04-24T10:49:02.774Z,2026-04-24T10:49:22.517Z,213,,,,"[212, 214]","[212, 214]",,,,
stu_1777023762305_6832,test_1777023978840_kask7x7,find_previous_next_number,0,1,find_previous_next_number|attempt=0|log=1|af1bb7d39b,sequential_thinking,1.0,previous_next_number,,PreviousAndNext,Sequence,Horizontal,1,17387,fast,0,,3,medium,490-499,,2026-04-24T10:49:02.774Z,2026-04-24T10:49:22.517Z,495,,,,"[494, 496]","[494, 496]",,,,
stu_1777023762305_6832,test_1777023978840_kask7x7,find_previous_next_number,0,2,find_previous_next_number|attempt=0|log=2|13ee887908,sequential_thinking,1.0,previous_next_number,,PreviousAndNext,Sequence,Horizontal,1,19736,fast,0,,3,medium,480-489,,2026-04-24T10:49:02.774Z,2026-04-24T10:49:22.517Z,488,,,,"[487, 489]","[487, 489]",,,,
stu_1777023762305_6832,test_1777023978840_kask7x7,identify_place_value,0,0,identify_place_value|attempt=0|log=0|a276764cc4,number_sense,1.0,place_value_identification,,PlaceValue,PlaceValue,Visual,1,4700,fast,0,,2,easy,,,2026-04-24T10:45:44.864Z,2026-04-24T10:45:52.749Z,,,,,"{""pos_0"": 3, ""pos_1"": 1}","{""pos_0"": 3, ""pos_1"": 1}",,,,
stu_1777023762305_6832,test_1777023978840_kask7x7,identify_place_value,0,1,identify_place_value|attempt=0|log=1|0fd381258c,number_sense,1.0,place_value_identification,,PlaceValue,PlaceValue,Visual,1,10354,fast,0,,2,easy,,,2026-04-24T10:45:44.864Z,2026-04-24T10:45:52.749Z,,,,,"{""pos_0"": 3, ""pos_1"": 8}","{""pos_0"": 3, ""pos_1"": 8}",,,,
stu_1777023762305_6832,test_1777023978840_kask7x7,identify_place_value,0,2,identify_place_value|attempt=0|log=2|e7003cb89b,number_sense,1.0,place_value_identification,,PlaceValue,PlaceValue,Visual,1,4012,fast,0,,2,easy,,,2026-04-24T10:45:44.864Z,2026-04-24T10:45:52.749Z,,,,,"{""pos_0"": 5, ""pos_1"": 6}","{""pos_0"": 5, ""pos_1"": 6}",,,,
stu_1777023762305_6832,test_1777023978840_kask7x7,identify_place_value,0,3,identify_place_value|attempt=0|log=3|b62c7f9054,number_sense,1.0,place_value_identification,,PlaceValue,PlaceValue,Visual,1,7878,fast,0,,2,easy,,,2026-04-24T10:45:44.864Z,2026-04-24T10:45:52.749Z,,,,,"{""pos_0"": 2, ""pos_1"": 3}","{""pos_0"": 2, ""pos_1"": 3}",,,,
stu_1777023762305_6832,test_1777023978840_kask7x7,order_numbers,0,0,order_numbers|attempt=0|log=0|2f35db1c54,sequential_thinking,1.0,number_ordering,,Ordering_desc,Ordering,Visual,1,7960,fast,0,,2,easy,,2.0,2026-04-24T10:44:24.844Z,2026-04-24T10:44:51.384Z,,,,,,,,desc,,
stu_1777023762305_6832,test_1777023978840_kask7x7,order_numbers,0,1,order_numbers|attempt=0|log=1|34ce4e2991,sequential_thinking,1.0,number_ordering,,Ordering_desc,Ordering,Visual,1,8211,fast,0,,2,easy,,2.0,2026-04-24T10:44:24.844Z,2026-04-24T10:44:51.384Z,,,,,,,,desc,,
stu_1777023762305_6832,test_1777023978840_kask7x7,order_numbers,0,2,order_numbers|attempt=0|log=2|7f059a9b70,sequential_thinking,1.0,number_ordering,,Ordering_asc,Ordering,Visual,0,10356,fast,0,ReversedDescending,2,easy,,3.0,2026-04-24T10:44:24.844Z,2026-04-24T10:44:51.384Z,,,,,,,,asc,,
stu_1777023762305_6832,test_1777023978840_kask7x7,order_numbers,1,0,order_numbers|attempt=1|log=0|8c03a5c95b,sequential_thinking,1.0,number_ordering,,Ordering_desc,Ordering,Visual,1,18922,fast,0,,1,very-easy,,4.0,2026-04-24T10:44:51.620Z,2026-04-24T10:45:25.656Z,,,,,,,,desc,,
stu_1777023762305_6832,test_1777023978840_kask7x7,order_numbers,1,1,order_numbers|attempt=1|log=1|f9249fe8a7,sequential_thinking,1.0,number_ordering,,Ordering_asc,Ordering,Visual,1,7190,fast,0,,1,very-easy,,3.0,2026-04-24T10:44:51.620Z,2026-04-24T10:45:25.656Z,,,,,,,,asc,,
stu_1777023762305_6832,test_1777023978840_kask7x7,order_numbers,1,2,order_numbers|attempt=1|log=2|87b6357d87,sequential_thinking,1.0,number_ordering,,Ordering_asc,Ordering,Visual,1,7908,fast,0,,1,very-easy,,4.0,2026-04-24T10:44:51.620Z,2026-04-24T10:45:25.656Z,,,,,,,,asc,,
stu_1777023762305_6832,test_1777023978840_kask7x7,vertical_operations,0,0,vertical_operations|attempt=0|log=0|88c6a87c10,arithmetic_fluency,1.0,vertical_operation_fluency,Addition,AdditionWithCarry,VerticalOperation,Vertical,1,44349,fast,0,,4,hard,,,2026-04-24T10:46:37.398Z,2026-04-24T10:47:37.057Z,3167 Addition 5286,,8453,8453,,,,,,
stu_1777023762305_6832,test_1777023978840_kask7x7,vertical_operations,0,1,vertical_operations|attempt=0|log=1|c4e4cbb11b,arithmetic_fluency,1.0,vertical_operation_fluency,Addition,AdditionWithCarry,VerticalOperation,Vertical,1,15310,fast,0,,4,hard,,,2026-04-24T10:46:37.398Z,2026-04-24T10:47:37.057Z,4473 Addition 4164,,8637,8637,,,,,,
stu_1777023762504_1364,test_1777023978840_kask7x7,choose_answer,0,0,choose_answer|attempt=0|log=0|88e5a4695e,arithmetic_fluency,0.6,operation_identification_from_context,,OneStepProblem,WordProblem,Horizontal,1,55182,slow,1,,2,easy,,,2026-04-28T13:26:04.808Z,2026-04-28T13:27:42.404Z,في مستودع هناك 15 صندوقًا، وكل صندوق يحتوي على 35 قطعة. كم عدد القطع في المستودع؟,15 × 35,,,,,,,,
stu_1777023762504_1364,test_1777023978840_kask7x7,choose_answer,0,0,choose_answer|attempt=0|log=0|88e5a4695e,number_sense,0.2,operation_identification_from_context,,OneStepProblem,WordProblem,Horizontal,1,55182,slow,1,,2,easy,,,2026-04-28T13:26:04.808Z,2026-04-28T13:27:42.404Z,في مستودع هناك 15 صندوقًا، وكل صندوق يحتوي على 35 قطعة. كم عدد القطع في المستودع؟,15 × 35,,,,,,,,
stu_1777023762504_1364,test_1777023978840_kask7x7,choose_answer,0,0,choose_answer|attempt=0|log=0|88e5a4695e,sequential_thinking,0.2,operation_identification_from_context,,OneStepProblem,WordProblem,Horizontal,1,55182,slow,1,,2,easy,,,2026-04-28T13:26:04.808Z,2026-04-28T13:27:42.404Z,في مستودع هناك 15 صندوقًا، وكل صندوق يحتوي على 35 قطعة. كم عدد القطع في المستودع؟,15 × 35,,,,,,,,
stu_1777023762504_1364,test_1777023978840_kask7x7,choose_answer,0,1,choose_answer|attempt=0|log=1|92b4161816,arithmetic_fluency,0.6,operation_identification_from_context,Subtraction,OneStepProblem,WordProblem,Horizontal,1,15624,medium,0,,3,medium,,,2026-04-28T13:26:04.808Z,2026-04-28T13:27:42.404Z,كانت لديك 500 درهمًا، اشتريت 3 هدايا بتكلفة 120 درهمًا لكل هدية. كم تبقى لديك؟,500 - (3 × 120),,,,,,,Subtraction,Subtraction
stu_1777023762504_1364,test_1777023978840_kask7x7,choose_answer,0,1,choose_answer|attempt=0|log=1|92b4161816,number_sense,0.2,operation_identification_from_context,Subtraction,OneStepProblem,WordProblem,Horizontal,1,15624,medium,0,,3,medium,,,2026-04-28T13:26:04.808Z,2026-04-28T13:27:42.404Z,كانت لديك 500 درهمًا، اشتريت 3 هدايا بتكلفة 120 درهمًا لكل هدية. كم تبقى لديك؟,500 - (3 × 120),,,,,,,Subtraction,Subtraction
stu_1777023762504_1364,test_1777023978840_kask7x7,choose_answer,0,1,choose_answer|attempt=0|log=1|92b4161816,sequential_thinking,0.2,operation_identification_from_context,Subtraction,OneStepProblem,WordProblem,Horizontal,1,15624,medium,0,,3,medium,,,2026-04-28T13:26:04.808Z,2026-04-28T13:27:42.404Z,كانت لديك 500 درهمًا، اشتريت 3 هدايا بتكلفة 120 درهمًا لكل هدية. كم تبقى لديك؟,500 - (3 × 120),,,,,,,Subtraction,Subtraction
stu_1777023762504_1364,test_1777023978840_kask7x7,choose_answer,0,2,choose_answer|attempt=0|log=2|0f3309c7c3,arithmetic_fluency,0.6,operation_identification_from_context,Addition,OneStepProblem,WordProblem,Horizontal,1,7547,fast,0,,2,easy,,,2026-04-28T13:26:04.808Z,2026-04-28T13:27:42.404Z,تملك سلوى 30 درهما ومنحها أبوها 20 درهما. كم أصبح لدى سلوى من درهم؟,30 + 20,,,,,,,Addition,Addition
stu_1777023762504_1364,test_1777023978840_kask7x7,choose_answer,0,2,choose_answer|attempt=0|log=2|0f3309c7c3,number_sense,0.2,operation_identification_from_context,Addition,OneStepProblem,WordProblem,Horizontal,1,7547,fast,0,,2,easy,,,2026-04-28T13:26:04.808Z,2026-04-28T13:27:42.404Z,تملك سلوى 30 درهما ومنحها أبوها 20 درهما. كم أصبح لدى سلوى من درهم؟,30 + 20,,,,,,,Addition,Addition
stu_1777023762504_1364,test_1777023978840_kask7x7,choose_answer,0,2,choose_answer|attempt=0|log=2|0f3309c7c3,sequential_thinking,0.2,operation_identification_from_context,Addition,OneStepProblem,WordProblem,Horizontal,1,7547,fast,0,,2,easy,,,2026-04-28T13:26:04.808Z,2026-04-28T13:27:42.404Z,تملك سلوى 30 درهما ومنحها أبوها 20 درهما. كم أصبح لدى سلوى من درهم؟,30 + 20,,,,,,,Addition,Addition
stu_1777023762504_1364,test_1777023978840_kask7x7,choose_answer,0,3,choose_answer|attempt=0|log=3|055b9a60b9,arithmetic_fluency,0.6,operation_identification_from_context,Subtraction,OneStepProblem,WordProblem,Horizontal,1,9229,fast,0,,3,medium,,,2026-04-28T13:26:04.808Z,2026-04-28T13:27:42.404Z,أحمد لديه 150 درهمًا. اشترى 3 كتب، كل كتاب يكلف 40 درهمًا. كم تبقى معه؟,150 - (3 × 40),,,,,,,Subtraction,Subtraction
stu_1777023762504_1364,test_1777023978840_kask7x7,choose_answer,0,3,choose_answer|attempt=0|log=3|055b9a60b9,number_sense,0.2,operation_identification_from_context,Subtraction,OneStepProblem,WordProblem,Horizontal,1,9229,fast,0,,3,medium,,,2026-04-28T13:26:04.808Z,2026-04-28T13:27:42.404Z,أحمد لديه 150 درهمًا. اشترى 3 كتب، كل كتاب يكلف 40 درهمًا. كم تبقى معه؟,150 - (3 × 40),,,,,,,Subtraction,Subtraction
stu_1777023762504_1364,test_1777023978840_kask7x7,choose_answer,0,3,choose_answer|attempt=0|log=3|055b9a60b9,sequential_thinking,0.2,operation_identification_from_context,Subtraction,OneStepProblem,WordProblem,Horizontal,1,9229,fast,0,,3,medium,,,2026-04-28T13:26:04.808Z,2026-04-28T13:27:42.404Z,أحمد لديه 150 درهمًا. اشترى 3 كتب، كل كتاب يكلف 40 درهمًا. كم تبقى معه؟,150 - (3 × 40),,,,,,,Subtraction,Subtraction
stu_1777023762504_1364,test_1777023978840_kask7x7,choose_answer,0,4,choose_answer|attempt=0|log=4|e0f50d9018,arithmetic_fluency,0.6,operation_identification_from_context,Subtraction,OneStepProblem,WordProblem,Horizontal,1,10005,medium,0,,3,medium,,,2026-04-28T13:26:04.808Z,2026-04-28T13:27:42.404Z,إذا كنت قد وفرت 300 درهمًا، واشتريت 2 أحذية ب 80 درهمًا لكل منهما. كم تبقى معك من المال؟,300 - (2 × 80),,,,,,,Subtraction,Subtraction
stu_1777023762504_1364,test_1777023978840_kask7x7,choose_answer,0,4,choose_answer|attempt=0|log=4|e0f50d9018,number_sense,0.2,operation_identification_from_context,Subtraction,OneStepProblem,WordProblem,Horizontal,1,10005,medium,0,,3,medium,,,2026-04-28T13:26:04.808Z,2026-04-28T13:27:42.404Z,إذا كنت قد وفرت 300 درهمًا، واشتريت 2 أحذية ب 80 درهمًا لكل منهما. كم تبقى معك من المال؟,300 - (2 × 80),,,,,,,Subtraction,Subtraction
stu_1777023762504_1364,test_1777023978840_kask7x7,choose_answer,0,4,choose_answer|attempt=0|log=4|e0f50d9018,sequential_thinking,0.2,operation_identification_from_context,Subtraction,OneStepProblem,WordProblem,Horizontal,1,10005,medium,0,,3,medium,,,2026-04-28T13:26:04.808Z,2026-04-28T13:27:42.404Z,إذا كنت قد وفرت 300 درهمًا، واشتريت 2 أحذية ب 80 درهمًا لكل منهما. كم تبقى معك من المال؟,300 - (2 × 80),,,,,,,Subtraction,Subtraction
stu_1777023762504_1364,test_1777023978840_kask7x7,compare_numbers,0,0,compare_numbers|attempt=0|log=0|81c491ab64,comparison_skill,1.0,number_comparison,,Greater,Comparison,Horizontal,0,6380,fast,0,ReversedSign,3,medium,,,2026-04-28T13:31:06.718Z,2026-04-28T13:31:22.229Z,,,,,,,Greater,,,
stu_1777023762504_1364,test_1777023978840_kask7x7,compare_numbers,0,1,compare_numbers|attempt=0|log=1|290d94567f,comparison_skill,1.0,number_comparison,,Less,Comparison,Horizontal,1,6989,fast,0,,3,medium,,,2026-04-28T13:31:06.718Z,2026-04-28T13:31:22.229Z,,,,,,,Less,,,
stu_1777023762504_1364,test_1777023978840_kask7x7,compare_numbers,0,2,compare_numbers|attempt=0|log=2|d43f8cbb48,comparison_skill,1.0,number_comparison,,Equal,Comparison,Horizontal,1,2128,fast,0,,3,medium,,,2026-04-28T13:31:06.718Z,2026-04-28T13:31:22.229Z,,,,,,,Equal,,,
stu_1777023762504_1364,test_1777023978840_kask7x7,compare_numbers,1,0,compare_numbers|attempt=1|log=0|224a7e180a,comparison_skill,1.0,number_comparison,,Greater,Comparison,Horizontal,0,3194,fast,0,ReversedSign,2,easy,,,2026-04-28T13:31:22.330Z,2026-04-28T13:31:41.955Z,,,,,,,Greater,,,
stu_1777023762504_1364,test_1777023978840_kask7x7,compare_numbers,1,1,compare_numbers|attempt=1|log=1|9f8bb26464,comparison_skill,1.0,number_comparison,,Less,Comparison,Horizontal,1,14458,medium,0,,2,easy,,,2026-04-28T13:31:22.330Z,2026-04-28T13:31:41.955Z,,,,,,,Less,,,
stu_1777023762504_1364,test_1777023978840_kask7x7,compare_numbers,1,2,compare_numbers|attempt=1|log=2|c50c66c18f,comparison_skill,1.0,number_comparison,,Equal,Comparison,Horizontal,1,1961,fast,0,,2,easy,,,2026-04-28T13:31:22.330Z,2026-04-28T13:31:41.955Z,,,,,,,Equal,,,
stu_1777023762504_1364,test_1777023978840_kask7x7,find_previous_next_number,0,0,find_previous_next_number|attempt=0|log=0|02aaca8b2f,sequential_thinking,1.0,previous_next_number,,PreviousAndNext,Sequence,Horizontal,1,25236,fast,0,,3,medium,280-289,,2026-04-28T13:31:00.623Z,2026-04-28T13:31:06.621Z,287,,,,"[286, 288]","[286, 288]",,,,
stu_1777023762504_1364,test_1777023978840_kask7x7,find_previous_next_number,0,1,find_previous_next_number|attempt=0|log=1|51c6ce49c5,sequential_thinking,1.0,previous_next_number,,PreviousAndNext,Sequence,Horizontal,1,23986,fast,0,,3,medium,530-539,,2026-04-28T13:31:00.623Z,2026-04-28T13:31:06.621Z,530,,,,"[529, 531]","[529, 531]",,,,
stu_1777023762504_1364,test_1777023978840_kask7x7,find_previous_next_number,0,2,find_previous_next_number|attempt=0|log=2|765db0bcd1,sequential_thinking,1.0,previous_next_number,,PreviousAndNext,Sequence,Horizontal,1,5992,fast,0,,1,very-easy,0-9,,2026-04-28T13:31:00.623Z,2026-04-28T13:31:06.621Z,2,,,,"[1, 3]","[1, 3]",,,,
stu_1777023762504_1364,test_1777023978840_kask7x7,identify_place_value,0,0,identify_place_value|attempt=0|log=0|14b759a72a,number_sense,1.0,place_value_identification,,PlaceValue,PlaceValue,Visual,1,16770,fast,0,,2,easy,,,2026-04-28T13:25:55.026Z,2026-04-28T13:26:04.691Z,,,,,"{""pos_0"": 5, ""pos_1"": 2}","{""pos_0"": 5, ""pos_1"": 2}",,,,
stu_1777023762504_1364,test_1777023978840_kask7x7,identify_place_value,0,1,identify_place_value|attempt=0|log=1|7c56b35938,number_sense,1.0,place_value_identification,,PlaceValue,PlaceValue,Visual,1,6890,fast,0,,2,easy,,,2026-04-28T13:25:55.026Z,2026-04-28T13:26:04.691Z,,,,,"{""pos_0"": 5, ""pos_1"": 9}","{""pos_0"": 5, ""pos_1"": 9}",,,,
stu_1777023762504_1364,test_1777023978840_kask7x7,identify_place_value,0,2,identify_place_value|attempt=0|log=2|2270f7895b,number_sense,1.0,place_value_identification,,PlaceValue,PlaceValue,Visual,0,3495,fast,0,PlaceValueMisidentification,2,easy,,,2026-04-28T13:25:55.026Z,2026-04-28T13:26:04.691Z,,,,,"{""pos_0"": 6, ""pos_1"": 1}","{""pos_0"": 1, ""pos_1"": 6}",,,,
stu_1777023762504_1364,test_1777023978840_kask7x7,identify_place_value,0,3,identify_place_value|attempt=0|log=3|d7493ad068,number_sense,1.0,place_value_identification,,PlaceValue,PlaceValue,Visual,1,9659,fast,0,,2,easy,,,2026-04-28T13:25:55.026Z,2026-04-28T13:26:04.691Z,,,,,"{""pos_0"": 1, ""pos_1"": 7}","{""pos_0"": 1, ""pos_1"": 7}",,,,
stu_1777023762504_1364,test_1777023978840_kask7x7,order_numbers,0,0,order_numbers|attempt=0|log=0|d2834d347d,sequential_thinking,1.0,number_ordering,,Ordering_asc,Ordering,Visual,1,24129,fast,0,,2,easy,,6.0,2026-04-28T13:24:45.259Z,2026-04-28T13:25:27.755Z,,,,,,,,asc,,
stu_1777023762504_1364,test_1777023978840_kask7x7,order_numbers,0,1,order_numbers|attempt=0|log=1|13d817a597,sequential_thinking,1.0,number_ordering,,Ordering_desc,Ordering,Visual,1,11610,fast,0,,2,easy,,5.0,2026-04-28T13:24:45.259Z,2026-04-28T13:25:27.755Z,,,,,,,,desc,,
stu_1777023762504_1364,test_1777023978840_kask7x7,order_numbers,0,2,order_numbers|attempt=0|log=2|3f335711a9,sequential_thinking,1.0,number_ordering,,Ordering_desc,Ordering,Visual,1,6741,fast,0,,2,easy,,4.0,2026-04-28T13:24:45.259Z,2026-04-28T13:25:27.755Z,,,,,,,,desc,,
stu_1777023762504_1364,test_1777023978840_kask7x7,vertical_operations,0,0,vertical_operations|attempt=0|log=0|6912644695,arithmetic_fluency,1.0,vertical_operation_fluency,Subtraction,SubtractionWithBorrow,VerticalOperation,Vertical,0,57334,fast,0,ComputationError,4,hard,,,2026-04-28T13:27:42.525Z,2026-04-28T13:29:33.752Z,8271 Subtraction 2433,,5838,4838,,,,,,
stu_1777023762504_1364,test_1777023978840_kask7x7,vertical_operations,0,1,vertical_operations|attempt=0|log=1|16aad22833,arithmetic_fluency,1.0,vertical_operation_fluency,Addition,AdditionWithCarry,VerticalOperation,Vertical,1,53893,fast,0,,5,hard,,,2026-04-28T13:27:42.525Z,2026-04-28T13:29:33.752Z,6558 Addition 4433,,10991,10991,,,,,,
stu_1777023762504_1364,test_1777023978840_kask7x7,vertical_operations,1,0,vertical_operations|attempt=1|log=0|30d3f605f6,arithmetic_fluency,1.0,vertical_operation_fluency,Addition,AdditionWithCarry,VerticalOperation,Vertical,1,11410,fast,0,,3,medium,,,2026-04-28T13:29:33.756Z,2026-04-28T13:30:11.359Z,44 Addition 602,,646,646,,,,,,
stu_1777023762504_1364,test_1777023978840_kask7x7,vertical_operations,1,1,vertical_operations|attempt=1|log=1|c8b5de8d6f,arithmetic_fluency,1.0,vertical_operation_fluency,Addition,AdditionWithCarry,VerticalOperation,Vertical,1,26193,fast,0,,4,hard,,,2026-04-28T13:29:33.756Z,2026-04-28T13:30:11.359Z,611 Addition 669,,1280,1280,,,,,,
stu_1777023762699_4024,test_1777023978840_kask7x7,order_numbers,0,0,order_numbers|attempt=0|log=0|b38682eaee,sequential_thinking,1.0,number_ordering,,Ordering_asc,Ordering,Visual,1,105004,fast,0,,2,easy,,7.0,2026-04-24T10:32:17.337Z,2026-04-24T10:36:39.674Z,,,,,,,,asc,,
stu_1777023762699_4024,test_1777023978840_kask7x7,order_numbers,0,1,order_numbers|attempt=0|log=1|b6af9e3dfa,sequential_thinking,1.0,number_ordering,,Ordering_asc,Ordering,Visual,1,77225,fast,0,,2,easy,,6.0,2026-04-24T10:32:17.337Z,2026-04-24T10:36:39.674Z,,,,,,,,asc,,
stu_1777023762699_4024,test_1777023978840_kask7x7,order_numbers,0,2,order_numbers|attempt=0|log=2|c84c6a4251,sequential_thinking,1.0,number_ordering,,Ordering_desc,Ordering,Visual,0,80107,fast,0,ReversedAscending,2,easy,,6.0,2026-04-24T10:32:17.337Z,2026-04-24T10:36:39.674Z,,,,,,,,desc,,
stu_1777023762699_4024,test_1777023978840_kask7x7,order_numbers,1,0,order_numbers|attempt=1|log=0|9930a837b4,sequential_thinking,1.0,number_ordering,,Ordering_desc,Ordering,Visual,1,55958,fast,0,,1,very-easy,,5.0,2026-04-24T10:36:39.816Z,2026-04-24T10:39:31.519Z,,,,,,,,desc,,
stu_1777023762699_4024,test_1777023978840_kask7x7,order_numbers,1,1,order_numbers|attempt=1|log=1|43a17252ad,sequential_thinking,1.0,number_ordering,,Ordering_desc,Ordering,Visual,1,37499,fast,0,,1,very-easy,,5.0,2026-04-24T10:36:39.816Z,2026-04-24T10:39:31.519Z,,,,,,,,desc,,
stu_1777023762699_4024,test_1777023978840_kask7x7,order_numbers,1,2,order_numbers|attempt=1|log=2|dd0919b299,sequential_thinking,1.0,number_ordering,,Ordering_desc,Ordering,Visual,0,78245,fast,0,ReversedAscending,1,very-easy,,7.0,2026-04-24T10:36:39.816Z,2026-04-24T10:39:31.519Z,,,,,,,,desc,,
stu_1777023762902_7362,test_1777023978840_kask7x7,choose_answer,0,0,choose_answer|attempt=0|log=0|772653b8cc,arithmetic_fluency,0.6,operation_identification_from_context,Addition,OneStepProblem,WordProblem,Horizontal,1,21196,slow,1,,1,very-easy,,,2026-04-24T10:59:09.415Z,2026-04-24T11:00:58.532Z,اشترت فاطمة 3 تفاحات و4 برتقالات. كم فاكهة اشترت فاطمة؟,3 + 4,,,,,,,Addition,Addition
stu_1777023762902_7362,test_1777023978840_kask7x7,choose_answer,0,0,choose_answer|attempt=0|log=0|772653b8cc,number_sense,0.2,operation_identification_from_context,Addition,OneStepProblem,WordProblem,Horizontal,1,21196,slow,1,,1,very-easy,,,2026-04-24T10:59:09.415Z,2026-04-24T11:00:58.532Z,اشترت فاطمة 3 تفاحات و4 برتقالات. كم فاكهة اشترت فاطمة؟,3 + 4,,,,,,,Addition,Addition
stu_1777023762902_7362,test_1777023978840_kask7x7,choose_answer,0,0,choose_answer|attempt=0|log=0|772653b8cc,sequential_thinking,0.2,operation_identification_from_context,Addition,OneStepProblem,WordProblem,Horizontal,1,21196,slow,1,,1,very-easy,,,2026-04-24T10:59:09.415Z,2026-04-24T11:00:58.532Z,اشترت فاطمة 3 تفاحات و4 برتقالات. كم فاكهة اشترت فاطمة؟,3 + 4,,,,,,,Addition,Addition
stu_1777023762902_7362,test_1777023978840_kask7x7,choose_answer,0,1,choose_answer|attempt=0|log=1|0bfaaccda5,arithmetic_fluency,0.6,operation_identification_from_context,Subtraction,OneStepProblem,WordProblem,Horizontal,1,35710,slow,1,,3,medium,,,2026-04-24T10:59:09.415Z,2026-04-24T11:00:58.532Z,كانت لديك 500 درهمًا، اشتريت 3 هدايا بتكلفة 120 درهمًا لكل هدية. كم تبقى لديك؟,500 - (3 × 120),,,,,,,Subtraction,Subtraction
stu_1777023762902_7362,test_1777023978840_kask7x7,choose_answer,0,1,choose_answer|attempt=0|log=1|0bfaaccda5,number_sense,0.2,operation_identification_from_context,Subtraction,OneStepProblem,WordProblem,Horizontal,1,35710,slow,1,,3,medium,,,2026-04-24T10:59:09.415Z,2026-04-24T11:00:58.532Z,كانت لديك 500 درهمًا، اشتريت 3 هدايا بتكلفة 120 درهمًا لكل هدية. كم تبقى لديك؟,500 - (3 × 120),,,,,,,Subtraction,Subtraction
stu_1777023762902_7362,test_1777023978840_kask7x7,choose_answer,0,1,choose_answer|attempt=0|log=1|0bfaaccda5,sequential_thinking,0.2,operation_identification_from_context,Subtraction,OneStepProblem,WordProblem,Horizontal,1,35710,slow,1,,3,medium,,,2026-04-24T10:59:09.415Z,2026-04-24T11:00:58.532Z,كانت لديك 500 درهمًا، اشتريت 3 هدايا بتكلفة 120 درهمًا لكل هدية. كم تبقى لديك؟,500 - (3 × 120),,,,,,,Subtraction,Subtraction
stu_1777023762902_7362,test_1777023978840_kask7x7,choose_answer,0,2,choose_answer|attempt=0|log=2|92ae7cd6be,arithmetic_fluency,0.6,operation_identification_from_context,,OneStepProblem,WordProblem,Horizontal,1,24484,slow,1,,2,easy,,,2026-04-24T10:59:09.415Z,2026-04-24T11:00:58.532Z,أشترت مريم 3 كتب، كل كتاب يكلف 40 درهما. كم دفعت مريم في المجمل؟,3 × 40,,,,,,,,
stu_1777023762902_7362,test_1777023978840_kask7x7,choose_answer,0,2,choose_answer|attempt=0|log=2|92ae7cd6be,number_sense,0.2,operation_identification_from_context,,OneStepProblem,WordProblem,Horizontal,1,24484,slow,1,,2,easy,,,2026-04-24T10:59:09.415Z,2026-04-24T11:00:58.532Z,أشترت مريم 3 كتب، كل كتاب يكلف 40 درهما. كم دفعت مريم في المجمل؟,3 × 40,,,,,,,,
stu_1777023762902_7362,test_1777023978840_kask7x7,choose_answer,0,2,choose_answer|attempt=0|log=2|92ae7cd6be,sequential_thinking,0.2,operation_identification_from_context,,OneStepProblem,WordProblem,Horizontal,1,24484,slow,1,,2,easy,,,2026-04-24T10:59:09.415Z,2026-04-24T11:00:58.532Z,أشترت مريم 3 كتب، كل كتاب يكلف 40 درهما. كم دفعت مريم في المجمل؟,3 × 40,,,,,,,,
stu_1777023762902_7362,test_1777023978840_kask7x7,choose_answer,0,3,choose_answer|attempt=0|log=3|f3333aca51,arithmetic_fluency,0.6,operation_identification_from_context,,OneStepProblem,WordProblem,Horizontal,1,15950,medium,0,,2,easy,,,2026-04-24T10:59:09.415Z,2026-04-24T11:00:58.532Z,في إحدى المزارع هناك 8 حقول. في كل حقل 10 أشجار. كم عدد الأشجار في جميع الحقول؟,8 × 10,,,,,,,,
stu_1777023762902_7362,test_1777023978840_kask7x7,choose_answer,0,3,choose_answer|attempt=0|log=3|f3333aca51,number_sense,0.2,operation_identification_from_context,,OneStepProblem,WordProblem,Horizontal,1,15950,medium,0,,2,easy,,,2026-04-24T10:59:09.415Z,2026-04-24T11:00:58.532Z,في إحدى المزارع هناك 8 حقول. في كل حقل 10 أشجار. كم عدد الأشجار في جميع الحقول؟,8 × 10,,,,,,,,
stu_1777023762902_7362,test_1777023978840_kask7x7,choose_answer,0,3,choose_answer|attempt=0|log=3|f3333aca51,sequential_thinking,0.2,operation_identification_from_context,,OneStepProblem,WordProblem,Horizontal,1,15950,medium,0,,2,easy,,,2026-04-24T10:59:09.415Z,2026-04-24T11:00:58.532Z,في إحدى المزارع هناك 8 حقول. في كل حقل 10 أشجار. كم عدد الأشجار في جميع الحقول؟,8 × 10,,,,,,,,
stu_1777023762902_7362,test_1777023978840_kask7x7,choose_answer,0,4,choose_answer|attempt=0|log=4|ae342bb098,arithmetic_fluency,0.6,operation_identification_from_context,Addition,OneStepProblem,WordProblem,Horizontal,1,11777,medium,0,,2,easy,,,2026-04-24T10:59:09.415Z,2026-04-24T11:00:58.532Z,في حديقة هناك 45 شجرة، زرعوا 12 شجرة أخرى. كم عدد الأشجار في الحديقة الآن؟,45 + 12,,,,,,,Addition,Addition
stu_1777023762902_7362,test_1777023978840_kask7x7,choose_answer,0,4,choose_answer|attempt=0|log=4|ae342bb098,number_sense,0.2,operation_identification_from_context,Addition,OneStepProblem,WordProblem,Horizontal,1,11777,medium,0,,2,easy,,,2026-04-24T10:59:09.415Z,2026-04-24T11:00:58.532Z,في حديقة هناك 45 شجرة، زرعوا 12 شجرة أخرى. كم عدد الأشجار في الحديقة الآن؟,45 + 12,,,,,,,Addition,Addition
stu_1777023762902_7362,test_1777023978840_kask7x7,choose_answer,0,4,choose_answer|attempt=0|log=4|ae342bb098,sequential_thinking,0.2,operation_identification_from_context,Addition,OneStepProblem,WordProblem,Horizontal,1,11777,medium,0,,2,easy,,,2026-04-24T10:59:09.415Z,2026-04-24T11:00:58.532Z,في حديقة هناك 45 شجرة، زرعوا 12 شجرة أخرى. كم عدد الأشجار في الحديقة الآن؟,45 + 12,,,,,,,Addition,Addition
stu_1777023762902_7362,test_1777023978840_kask7x7,compare_numbers,0,0,compare_numbers|attempt=0|log=0|29fb48bbd4,comparison_skill,1.0,number_comparison,,Greater,Comparison,Horizontal,1,20799,slow,1,,3,medium,,,2026-04-24T11:04:38.117Z,2026-04-24T11:05:22.364Z,,,,,,,Greater,,,
stu_1777023762902_7362,test_1777023978840_kask7x7,compare_numbers,0,1,compare_numbers|attempt=0|log=1|26ef532db8,comparison_skill,1.0,number_comparison,,Less,Comparison,Horizontal,1,17963,medium,0,,3,medium,,,2026-04-24T11:04:38.117Z,2026-04-24T11:05:22.364Z,,,,,,,Less,,,
stu_1777023762902_7362,test_1777023978840_kask7x7,compare_numbers,0,2,compare_numbers|attempt=0|log=2|151927f54c,comparison_skill,1.0,number_comparison,,Equal,Comparison,Horizontal,1,5484,fast,0,,3,medium,,,2026-04-24T11:04:38.117Z,2026-04-24T11:05:22.364Z,,,,,,,Equal,,,
stu_1777023762902_7362,test_1777023978840_kask7x7,find_previous_next_number,0,0,find_previous_next_number|attempt=0|log=0|f05744a828,sequential_thinking,1.0,previous_next_number,,PreviousAndNext,Sequence,Horizontal,1,55858,fast,0,,3,medium,550-559,,2026-04-24T11:03:58.413Z,2026-04-24T11:04:37.881Z,554,,,,"[553, 555]","[553, 555]",,,,
stu_1777023762902_7362,test_1777023978840_kask7x7,find_previous_next_number,0,1,find_previous_next_number|attempt=0|log=1|53ef954e8a,sequential_thinking,1.0,previous_next_number,,PreviousAndNext,Sequence,Horizontal,1,25971,fast,0,,2,easy,90-99,,2026-04-24T11:03:58.413Z,2026-04-24T11:04:37.881Z,92,,,,"[91, 93]","[91, 93]",,,,
stu_1777023762902_7362,test_1777023978840_kask7x7,find_previous_next_number,0,2,find_previous_next_number|attempt=0|log=2|416d6dfa95,sequential_thinking,1.0,previous_next_number,,PreviousAndNext,Sequence,Horizontal,1,39467,fast,0,,3,medium,120-129,,2026-04-24T11:03:58.413Z,2026-04-24T11:04:37.881Z,126,,,,"[125, 127]","[125, 127]",,,,
stu_1777023762902_7362,test_1777023978840_kask7x7,identify_place_value,0,0,identify_place_value|attempt=0|log=0|9651fd7f08,number_sense,1.0,place_value_identification,,PlaceValue,PlaceValue,Visual,1,29357,fast,0,,2,easy,,,2026-04-24T10:58:53.639Z,2026-04-24T10:59:09.255Z,,,,,"{""pos_0"": 5, ""pos_1"": 8}","{""pos_0"": 5, ""pos_1"": 8}",,,,
stu_1777023762902_7362,test_1777023978840_kask7x7,identify_place_value,0,1,identify_place_value|attempt=0|log=1|cdd118738a,number_sense,1.0,place_value_identification,,PlaceValue,PlaceValue,Visual,1,24438,fast,0,,2,easy,,,2026-04-24T10:58:53.639Z,2026-04-24T10:59:09.255Z,,,,,"{""pos_0"": 1, ""pos_1"": 4}","{""pos_0"": 1, ""pos_1"": 4}",,,,
stu_1777023762902_7362,test_1777023978840_kask7x7,identify_place_value,0,2,identify_place_value|attempt=0|log=2|8619391b3e,number_sense,1.0,place_value_identification,,PlaceValue,PlaceValue,Visual,1,15854,fast,0,,2,easy,,,2026-04-24T10:58:53.639Z,2026-04-24T10:59:09.255Z,,,,,"{""pos_0"": 8, ""pos_1"": 3}","{""pos_0"": 8, ""pos_1"": 3}",,,,
stu_1777023762902_7362,test_1777023978840_kask7x7,identify_place_value,0,3,identify_place_value|attempt=0|log=3|6a2a38d500,number_sense,1.0,place_value_identification,,PlaceValue,PlaceValue,Visual,1,15615,fast,0,,2,easy,,,2026-04-24T10:58:53.639Z,2026-04-24T10:59:09.255Z,,,,,"{""pos_0"": 3, ""pos_1"": 3}","{""pos_0"": 3, ""pos_1"": 3}",,,,
stu_1777023762902_7362,test_1777023978840_kask7x7,order_numbers,0,0,order_numbers|attempt=0|log=0|e602ae153e,sequential_thinking,1.0,number_ordering,,Ordering_asc,Ordering,Visual,1,93611,fast,0,,2,easy,,7.0,2026-04-24T10:55:20.746Z,2026-04-24T10:57:43.848Z,,,,,,,,asc,,
stu_1777023762902_7362,test_1777023978840_kask7x7,order_numbers,0,1,order_numbers|attempt=0|log=1|a8523a3950,sequential_thinking,1.0,number_ordering,,Ordering_asc,Ordering,Visual,1,30030,fast,0,,2,easy,,2.0,2026-04-24T10:55:20.746Z,2026-04-24T10:57:43.848Z,,,,,,,,asc,,
stu_1777023762902_7362,test_1777023978840_kask7x7,order_numbers,0,2,order_numbers|attempt=0|log=2|891a0c944f,sequential_thinking,1.0,number_ordering,,Ordering_asc,Ordering,Visual,1,19460,fast,0,,2,easy,,4.0,2026-04-24T10:55:20.746Z,2026-04-24T10:57:43.848Z,,,,,,,,asc,,
stu_1777023762902_7362,test_1777023978840_kask7x7,vertical_operations,0,0,vertical_operations|attempt=0|log=0|f206748fe9,arithmetic_fluency,1.0,vertical_operation_fluency,Addition,AdditionWithCarry,VerticalOperation,Vertical,1,56811,fast,0,,5,hard,,,2026-04-24T11:00:58.945Z,2026-04-24T11:02:36.545Z,2183 Addition 8623,,10806,10806,,,,,,
stu_1777023762902_7362,test_1777023978840_kask7x7,vertical_operations,0,1,vertical_operations|attempt=0|log=1|f7f9b1cad4,arithmetic_fluency,1.0,vertical_operation_fluency,Subtraction,SubtractionWithBorrow,VerticalOperation,Vertical,1,40789,fast,0,,4,hard,,,2026-04-24T11:00:58.945Z,2026-04-24T11:02:36.545Z,9382 Subtraction 1972,,7410,7410,,,,,,
stu_1777023763129_6667,test_1777023978840_kask7x7,choose_answer,0,0,choose_answer|attempt=0|log=0|b7f6f0493d,arithmetic_fluency,0.6,operation_identification_from_context,,OneStepProblem,WordProblem,Horizontal,0,47459,slow,1,ComputationError,2,easy,,,2026-04-28T13:28:59.897Z,2026-04-28T13:31:06.604Z,أشترت مريم 3 كتب، كل كتاب يكلف 40 درهما. كم دفعت مريم في المجمل؟,3 + 40,,,,,,,,Addition
stu_1777023763129_6667,test_1777023978840_kask7x7,choose_answer,0,0,choose_answer|attempt=0|log=0|b7f6f0493d,number_sense,0.2,operation_identification_from_context,,OneStepProblem,WordProblem,Horizontal,0,47459,slow,1,ComputationError,2,easy,,,2026-04-28T13:28:59.897Z,2026-04-28T13:31:06.604Z,أشترت مريم 3 كتب، كل كتاب يكلف 40 درهما. كم دفعت مريم في المجمل؟,3 + 40,,,,,,,,Addition
stu_1777023763129_6667,test_1777023978840_kask7x7,choose_answer,0,0,choose_answer|attempt=0|log=0|b7f6f0493d,sequential_thinking,0.2,operation_identification_from_context,,OneStepProblem,WordProblem,Horizontal,0,47459,slow,1,ComputationError,2,easy,,,2026-04-28T13:28:59.897Z,2026-04-28T13:31:06.604Z,أشترت مريم 3 كتب، كل كتاب يكلف 40 درهما. كم دفعت مريم في المجمل؟,3 + 40,,,,,,,,Addition
stu_1777023763129_6667,test_1777023978840_kask7x7,choose_answer,0,1,choose_answer|attempt=0|log=1|01dec1672b,arithmetic_fluency,0.6,operation_identification_from_context,,OneStepProblem,WordProblem,Horizontal,1,26902,slow,1,,2,easy,,,2026-04-28T13:28:59.897Z,2026-04-28T13:31:06.604Z,في إحدى المزارع هناك 8 حقول. في كل حقل 10 أشجار. كم عدد الأشجار في جميع الحقول؟,8 × 10,,,,,,,,
stu_1777023763129_6667,test_1777023978840_kask7x7,choose_answer,0,1,choose_answer|attempt=0|log=1|01dec1672b,number_sense,0.2,operation_identification_from_context,,OneStepProblem,WordProblem,Horizontal,1,26902,slow,1,,2,easy,,,2026-04-28T13:28:59.897Z,2026-04-28T13:31:06.604Z,في إحدى المزارع هناك 8 حقول. في كل حقل 10 أشجار. كم عدد الأشجار في جميع الحقول؟,8 × 10,,,,,,,,
stu_1777023763129_6667,test_1777023978840_kask7x7,choose_answer,0,1,choose_answer|attempt=0|log=1|01dec1672b,sequential_thinking,0.2,operation_identification_from_context,,OneStepProblem,WordProblem,Horizontal,1,26902,slow,1,,2,easy,,,2026-04-28T13:28:59.897Z,2026-04-28T13:31:06.604Z,في إحدى المزارع هناك 8 حقول. في كل حقل 10 أشجار. كم عدد الأشجار في جميع الحقول؟,8 × 10,,,,,,,,
stu_1777023763129_6667,test_1777023978840_kask7x7,choose_answer,0,2,choose_answer|attempt=0|log=2|e9c2525dc7,arithmetic_fluency,0.6,operation_identification_from_context,Addition,OneStepProblem,WordProblem,Horizontal,1,12923,medium,0,,2,easy,,,2026-04-28T13:28:59.897Z,2026-04-28T13:31:06.604Z,في مزرعة هناك 20 دجاجة. إذا وضعت 5 دجاجات أخرى. كم دجاجة في المجموع؟,20 + 5,,,,,,,Addition,Addition
stu_1777023763129_6667,test_1777023978840_kask7x7,choose_answer,0,2,choose_answer|attempt=0|log=2|e9c2525dc7,number_sense,0.2,operation_identification_from_context,Addition,OneStepProblem,WordProblem,Horizontal,1,12923,medium,0,,2,easy,,,2026-04-28T13:28:59.897Z,2026-04-28T13:31:06.604Z,في مزرعة هناك 20 دجاجة. إذا وضعت 5 دجاجات أخرى. كم دجاجة في المجموع؟,20 + 5,,,,,,,Addition,Addition
stu_1777023763129_6667,test_1777023978840_kask7x7,choose_answer,0,2,choose_answer|attempt=0|log=2|e9c2525dc7,sequential_thinking,0.2,operation_identification_from_context,Addition,OneStepProblem,WordProblem,Horizontal,1,12923,medium,0,,2,easy,,,2026-04-28T13:28:59.897Z,2026-04-28T13:31:06.604Z,في مزرعة هناك 20 دجاجة. إذا وضعت 5 دجاجات أخرى. كم دجاجة في المجموع؟,20 + 5,,,,,,,Addition,Addition
stu_1777023763129_6667,test_1777023978840_kask7x7,choose_answer,0,3,choose_answer|attempt=0|log=3|7a6a9c093e,arithmetic_fluency,0.6,operation_identification_from_context,,OneStepProblem,WordProblem,Horizontal,0,9017,fast,0,ComputationError,2,easy,,,2026-04-28T13:28:59.897Z,2026-04-28T13:31:06.604Z,أشترى علي 5 كتب، كل كتاب يكلف 70 درهمًا. كم دفع علي في المجمل؟,350 ÷ 5,,,,,,,,
stu_1777023763129_6667,test_1777023978840_kask7x7,choose_answer,0,3,choose_answer|attempt=0|log=3|7a6a9c093e,number_sense,0.2,operation_identification_from_context,,OneStepProblem,WordProblem,Horizontal,0,9017,fast,0,ComputationError,2,easy,,,2026-04-28T13:28:59.897Z,2026-04-28T13:31:06.604Z,أشترى علي 5 كتب، كل كتاب يكلف 70 درهمًا. كم دفع علي في المجمل؟,350 ÷ 5,,,,,,,,
stu_1777023763129_6667,test_1777023978840_kask7x7,choose_answer,0,3,choose_answer|attempt=0|log=3|7a6a9c093e,sequential_thinking,0.2,operation_identification_from_context,,OneStepProblem,WordProblem,Horizontal,0,9017,fast,0,ComputationError,2,easy,,,2026-04-28T13:28:59.897Z,2026-04-28T13:31:06.604Z,أشترى علي 5 كتب، كل كتاب يكلف 70 درهمًا. كم دفع علي في المجمل؟,350 ÷ 5,,,,,,,,
stu_1777023763129_6667,test_1777023978840_kask7x7,choose_answer,0,4,choose_answer|attempt=0|log=4|63a155e17e,arithmetic_fluency,0.6,operation_identification_from_context,,OneStepProblem,WordProblem,Horizontal,1,30406,slow,1,,2,easy,,,2026-04-28T13:28:59.897Z,2026-04-28T13:31:06.604Z,ذهب أحمد إلى السوق واشترى 2 كيلو من التفاح بسعر 15 درهمًا للكيلو. كم دفع أحمد في المجمل؟,2 × 15,,,,,,,,
stu_1777023763129_6667,test_1777023978840_kask7x7,choose_answer,0,4,choose_answer|attempt=0|log=4|63a155e17e,number_sense,0.2,operation_identification_from_context,,OneStepProblem,WordProblem,Horizontal,1,30406,slow,1,,2,easy,,,2026-04-28T13:28:59.897Z,2026-04-28T13:31:06.604Z,ذهب أحمد إلى السوق واشترى 2 كيلو من التفاح بسعر 15 درهمًا للكيلو. كم دفع أحمد في المجمل؟,2 × 15,,,,,,,,
stu_1777023763129_6667,test_1777023978840_kask7x7,choose_answer,0,4,choose_answer|attempt=0|log=4|63a155e17e,sequential_thinking,0.2,operation_identification_from_context,,OneStepProblem,WordProblem,Horizontal,1,30406,slow,1,,2,easy,,,2026-04-28T13:28:59.897Z,2026-04-28T13:31:06.604Z,ذهب أحمد إلى السوق واشترى 2 كيلو من التفاح بسعر 15 درهمًا للكيلو. كم دفع أحمد في المجمل؟,2 × 15,,,,,,,,
stu_1777023763129_6667,test_1777023978840_kask7x7,choose_answer,1,0,choose_answer|attempt=1|log=0|26fa41bb4a,arithmetic_fluency,0.6,operation_identification_from_context,Addition,OneStepProblem,WordProblem,Horizontal,1,11386,medium,0,,2,easy,,,2026-04-28T13:31:06.711Z,2026-04-28T13:32:49.157Z,في مزرعة هناك 20 دجاجة. إذا وضعت 5 دجاجات أخرى. كم دجاجة في المجموع؟,20 + 5,,,,,,,Addition,Addition
stu_1777023763129_6667,test_1777023978840_kask7x7,choose_answer,1,0,choose_answer|attempt=1|log=0|26fa41bb4a,number_sense,0.2,operation_identification_from_context,Addition,OneStepProblem,WordProblem,Horizontal,1,11386,medium,0,,2,easy,,,2026-04-28T13:31:06.711Z,2026-04-28T13:32:49.157Z,في مزرعة هناك 20 دجاجة. إذا وضعت 5 دجاجات أخرى. كم دجاجة في المجموع؟,20 + 5,,,,,,,Addition,Addition
stu_1777023763129_6667,test_1777023978840_kask7x7,choose_answer,1,0,choose_answer|attempt=1|log=0|26fa41bb4a,sequential_thinking,0.2,operation_identification_from_context,Addition,OneStepProblem,WordProblem,Horizontal,1,11386,medium,0,,2,easy,,,2026-04-28T13:31:06.711Z,2026-04-28T13:32:49.157Z,في مزرعة هناك 20 دجاجة. إذا وضعت 5 دجاجات أخرى. كم دجاجة في المجموع؟,20 + 5,,,,,,,Addition,Addition
stu_1777023763129_6667,test_1777023978840_kask7x7,choose_answer,1,1,choose_answer|attempt=1|log=1|7bc8487e1d,arithmetic_fluency,0.6,operation_identification_from_context,Subtraction,OneStepProblem,WordProblem,Horizontal,1,4557,fast,0,,2,easy,,,2026-04-28T13:31:06.711Z,2026-04-28T13:32:49.157Z,لدى فاطمة 80 درهمًا. إذا اشترت 4 كتب، كل كتاب يكلف 20 درهمًا، كم تبقى معها؟,80 - (4 × 20),,,,,,,Subtraction,Subtraction
stu_1777023763129_6667,test_1777023978840_kask7x7,choose_answer,1,1,choose_answer|attempt=1|log=1|7bc8487e1d,number_sense,0.2,operation_identification_from_context,Subtraction,OneStepProblem,WordProblem,Horizontal,1,4557,fast,0,,2,easy,,,2026-04-28T13:31:06.711Z,2026-04-28T13:32:49.157Z,لدى فاطمة 80 درهمًا. إذا اشترت 4 كتب، كل كتاب يكلف 20 درهمًا، كم تبقى معها؟,80 - (4 × 20),,,,,,,Subtraction,Subtraction
stu_1777023763129_6667,test_1777023978840_kask7x7,choose_answer,1,1,choose_answer|attempt=1|log=1|7bc8487e1d,sequential_thinking,0.2,operation_identification_from_context,Subtraction,OneStepProblem,WordProblem,Horizontal,1,4557,fast,0,,2,easy,,,2026-04-28T13:31:06.711Z,2026-04-28T13:32:49.157Z,لدى فاطمة 80 درهمًا. إذا اشترت 4 كتب، كل كتاب يكلف 20 درهمًا، كم تبقى معها؟,80 - (4 × 20),,,,,,,Subtraction,Subtraction
stu_1777023763129_6667,test_1777023978840_kask7x7,choose_answer,1,2,choose_answer|attempt=1|log=2|fb4b6eef1e,arithmetic_fluency,0.6,operation_identification_from_context,Subtraction,OneStepProblem,WordProblem,Horizontal,1,33965,slow,1,,2,easy,,,2026-04-28T13:31:06.711Z,2026-04-28T13:32:49.157Z,كانت عندك 10 تفاحات، أكلت 3. كم بقي؟,10 - 3,,,,,,,Subtraction,Subtraction
stu_1777023763129_6667,test_1777023978840_kask7x7,choose_answer,1,2,choose_answer|attempt=1|log=2|fb4b6eef1e,number_sense,0.2,operation_identification_from_context,Subtraction,OneStepProblem,WordProblem,Horizontal,1,33965,slow,1,,2,easy,,,2026-04-28T13:31:06.711Z,2026-04-28T13:32:49.157Z,كانت عندك 10 تفاحات، أكلت 3. كم بقي؟,10 - 3,,,,,,,Subtraction,Subtraction
stu_1777023763129_6667,test_1777023978840_kask7x7,choose_answer,1,2,choose_answer|attempt=1|log=2|fb4b6eef1e,sequential_thinking,0.2,operation_identification_from_context,Subtraction,OneStepProblem,WordProblem,Horizontal,1,33965,slow,1,,2,easy,,,2026-04-28T13:31:06.711Z,2026-04-28T13:32:49.157Z,كانت عندك 10 تفاحات، أكلت 3. كم بقي؟,10 - 3,,,,,,,Subtraction,Subtraction
stu_1777023763129_6667,test_1777023978840_kask7x7,choose_answer,1,3,choose_answer|attempt=1|log=3|416dd4f7a0,arithmetic_fluency,0.6,operation_identification_from_context,Addition,OneStepProblem,WordProblem,Horizontal,0,18643,medium,0,MisidentifiedOperation,2,easy,,,2026-04-28T13:31:06.711Z,2026-04-28T13:32:49.157Z,تملك سلوى 30 درهما ومنحها أبوها 20 درهما. كم أصبح لدى سلوى من درهم؟,30 - 20,,,,,,,Addition,Subtraction
stu_1777023763129_6667,test_1777023978840_kask7x7,choose_answer,1,3,choose_answer|attempt=1|log=3|416dd4f7a0,number_sense,0.2,operation_identification_from_context,Addition,OneStepProblem,WordProblem,Horizontal,0,18643,medium,0,MisidentifiedOperation,2,easy,,,2026-04-28T13:31:06.711Z,2026-04-28T13:32:49.157Z,تملك سلوى 30 درهما ومنحها أبوها 20 درهما. كم أصبح لدى سلوى من درهم؟,30 - 20,,,,,,,Addition,Subtraction
stu_1777023763129_6667,test_1777023978840_kask7x7,choose_answer,1,3,choose_answer|attempt=1|log=3|416dd4f7a0,sequential_thinking,0.2,operation_identification_from_context,Addition,OneStepProblem,WordProblem,Horizontal,0,18643,medium,0,MisidentifiedOperation,2,easy,,,2026-04-28T13:31:06.711Z,2026-04-28T13:32:49.157Z,تملك سلوى 30 درهما ومنحها أبوها 20 درهما. كم أصبح لدى سلوى من درهم؟,30 - 20,,,,,,,Addition,Subtraction
stu_1777023763129_6667,test_1777023978840_kask7x7,choose_answer,1,4,choose_answer|attempt=1|log=4|ce8dbb3931,arithmetic_fluency,0.6,operation_identification_from_context,Addition,OneStepProblem,WordProblem,Horizontal,1,33895,slow,1,,2,easy,,,2026-04-28T13:31:06.711Z,2026-04-28T13:32:49.157Z,في حديقة هناك 45 شجرة، زرعوا 12 شجرة أخرى. كم عدد الأشجار في الحديقة الآن؟,45 + 12,,,,,,,Addition,Addition
stu_1777023763129_6667,test_1777023978840_kask7x7,choose_answer,1,4,choose_answer|attempt=1|log=4|ce8dbb3931,number_sense,0.2,operation_identification_from_context,Addition,OneStepProblem,WordProblem,Horizontal,1,33895,slow,1,,2,easy,,,2026-04-28T13:31:06.711Z,2026-04-28T13:32:49.157Z,في حديقة هناك 45 شجرة، زرعوا 12 شجرة أخرى. كم عدد الأشجار في الحديقة الآن؟,45 + 12,,,,,,,Addition,Addition
stu_1777023763129_6667,test_1777023978840_kask7x7,choose_answer,1,4,choose_answer|attempt=1|log=4|ce8dbb3931,sequential_thinking,0.2,operation_identification_from_context,Addition,OneStepProblem,WordProblem,Horizontal,1,33895,slow,1,,2,easy,,,2026-04-28T13:31:06.711Z,2026-04-28T13:32:49.157Z,في حديقة هناك 45 شجرة، زرعوا 12 شجرة أخرى. كم عدد الأشجار في الحديقة الآن؟,45 + 12,,,,,,,Addition,Addition
stu_1777023763129_6667,test_1777023978840_kask7x7,compare_numbers,0,0,compare_numbers|attempt=0|log=0|d9452d5823,comparison_skill,1.0,number_comparison,,Greater,Comparison,Horizontal,1,24681,slow,1,,3,medium,,,2026-04-28T13:36:35.663Z,2026-04-28T13:37:50.909Z,,,,,,,Greater,,,
stu_1777023763129_6667,test_1777023978840_kask7x7,compare_numbers,0,1,compare_numbers|attempt=0|log=1|dc0c59c675,comparison_skill,1.0,number_comparison,,Less,Comparison,Horizontal,1,44939,slow,1,,3,medium,,,2026-04-28T13:36:35.663Z,2026-04-28T13:37:50.909Z,,,,,,,Less,,,
stu_1777023763129_6667,test_1777023978840_kask7x7,compare_numbers,0,2,compare_numbers|attempt=0|log=2|61b4aa91ca,comparison_skill,1.0,number_comparison,,Equal,Comparison,Horizontal,1,5626,fast,0,,3,medium,,,2026-04-28T13:36:35.663Z,2026-04-28T13:37:50.909Z,,,,,,,Equal,,,
stu_1777023763129_6667,test_1777023978840_kask7x7,find_previous_next_number,0,0,find_previous_next_number|attempt=0|log=0|086a1b6509,sequential_thinking,1.0,previous_next_number,,PreviousAndNext,Sequence,Horizontal,1,48617,fast,0,,3,medium,280-289,,2026-04-28T13:36:19.270Z,2026-04-28T13:36:35.574Z,285,,,,"[284, 286]","[284, 286]",,,,
stu_1777023763129_6667,test_1777023978840_kask7x7,find_previous_next_number,0,1,find_previous_next_number|attempt=0|log=1|e1803da4d4,sequential_thinking,1.0,previous_next_number,,PreviousAndNext,Sequence,Horizontal,1,24909,fast,0,,3,medium,530-539,,2026-04-28T13:36:19.270Z,2026-04-28T13:36:35.574Z,534,,,,"[533, 535]","[533, 535]",,,,
stu_1777023763129_6667,test_1777023978840_kask7x7,find_previous_next_number,0,2,find_previous_next_number|attempt=0|log=2|985e61cc83,sequential_thinking,1.0,previous_next_number,,PreviousAndNext,Sequence,Horizontal,1,16303,fast,0,,2,easy,80-89,,2026-04-28T13:36:19.270Z,2026-04-28T13:36:35.574Z,85,,,,"[84, 86]","[84, 86]",,,,
stu_1777023763129_6667,test_1777023978840_kask7x7,identify_place_value,0,0,identify_place_value|attempt=0|log=0|ad9ae90c10,number_sense,1.0,place_value_identification,,PlaceValue,PlaceValue,Visual,1,63848,fast,0,,2,easy,,,2026-04-28T13:28:25.905Z,2026-04-28T13:28:59.799Z,,,,,"{""pos_0"": 5, ""pos_1"": 1}","{""pos_0"": 5, ""pos_1"": 1}",,,,
stu_1777023763129_6667,test_1777023978840_kask7x7,identify_place_value,0,1,identify_place_value|attempt=0|log=1|b625e1a0b3,number_sense,1.0,place_value_identification,,PlaceValue,PlaceValue,Visual,1,31976,fast,0,,2,easy,,,2026-04-28T13:28:25.905Z,2026-04-28T13:28:59.799Z,,,,,"{""pos_0"": 7, ""pos_1"": 4}","{""pos_0"": 7, ""pos_1"": 4}",,,,
stu_1777023763129_6667,test_1777023978840_kask7x7,identify_place_value,0,2,identify_place_value|attempt=0|log=2|fa42a0e35b,number_sense,1.0,place_value_identification,,PlaceValue,PlaceValue,Visual,1,58458,fast,0,,2,easy,,,2026-04-28T13:28:25.905Z,2026-04-28T13:28:59.799Z,,,,,"{""pos_0"": 2, ""pos_1"": 7}","{""pos_0"": 2, ""pos_1"": ""7""}",,,,
stu_1777023763129_6667,test_1777023978840_kask7x7,identify_place_value,0,3,identify_place_value|attempt=0|log=3|3a9f4f763f,number_sense,1.0,place_value_identification,,PlaceValue,PlaceValue,Visual,1,33894,fast,0,,2,easy,,,2026-04-28T13:28:25.905Z,2026-04-28T13:28:59.799Z,,,,,"{""pos_0"": 5, ""pos_1"": 7}","{""pos_0"": 5, ""pos_1"": 7}",,,,
stu_1777023763129_6667,test_1777023978840_kask7x7,order_numbers,0,0,order_numbers|attempt=0|log=0|91b594f114,sequential_thinking,1.0,number_ordering,,Ordering_asc,Ordering,Visual,1,72560,fast,0,,2,easy,,6.0,2026-04-28T13:22:48.911Z,2026-04-28T13:25:51.521Z,,,,,,,,asc,,
stu_1777023763129_6667,test_1777023978840_kask7x7,order_numbers,0,1,order_numbers|attempt=0|log=1|e6e954044c,sequential_thinking,1.0,number_ordering,,Ordering_desc,Ordering,Visual,1,40639,fast,0,,2,easy,,2.0,2026-04-28T13:22:48.911Z,2026-04-28T13:25:51.521Z,,,,,,,,desc,,
stu_1777023763129_6667,test_1777023978840_kask7x7,order_numbers,0,2,order_numbers|attempt=0|log=2|1270e79636,sequential_thinking,1.0,number_ordering,,Ordering_asc,Ordering,Visual,1,69410,fast,0,,2,easy,,5.0,2026-04-28T13:22:48.911Z,2026-04-28T13:25:51.521Z,,,,,,,,asc,,
stu_1777023763129_6667,test_1777023978840_kask7x7,vertical_operations,0,0,vertical_operations|attempt=0|log=0|1dc77ef8f8,arithmetic_fluency,1.0,vertical_operation_fluency,Subtraction,SubtractionWithBorrow,VerticalOperation,Vertical,1,83773,fast,0,,4,hard,,,2026-04-28T13:32:49.265Z,2026-04-28T13:35:05.719Z,4171 Subtraction 3449,,722,722,,,,,,
stu_1777023763129_6667,test_1777023978840_kask7x7,vertical_operations,0,1,vertical_operations|attempt=0|log=1|8c7587f2df,arithmetic_fluency,1.0,vertical_operation_fluency,Addition,AdditionWithCarry,VerticalOperation,Vertical,1,52681,fast,0,,5,hard,,,2026-04-28T13:32:49.265Z,2026-04-28T13:35:05.719Z,9284 Addition 6000,,15284,15284,,,,,,
stu_1777340051462_9691,test_1777341418390_7p46nbr,choose_answer,0,0,choose_answer|attempt=0|log=0|432d98c1df,arithmetic_fluency,0.6,operation_identification_from_context,,OneStepProblem,WordProblem,Horizontal,1,24378,slow,1,,2,easy,,,2026-04-28T10:56:25.102Z,2026-04-28T10:59:37.559Z,في إحدى المزارع هناك 8 حقول. في كل حقل 10 أشجار. كم عدد الأشجار في جميع الحقول؟,8 × 10,,,,,,,,
stu_1777340051462_9691,test_1777341418390_7p46nbr,choose_answer,0,0,choose_answer|attempt=0|log=0|432d98c1df,number_sense,0.2,operation_identification_from_context,,OneStepProblem,WordProblem,Horizontal,1,24378,slow,1,,2,easy,,,2026-04-28T10:56:25.102Z,2026-04-28T10:59:37.559Z,في إحدى المزارع هناك 8 حقول. في كل حقل 10 أشجار. كم عدد الأشجار في جميع الحقول؟,8 × 10,,,,,,,,
stu_1777340051462_9691,test_1777341418390_7p46nbr,choose_answer,0,0,choose_answer|attempt=0|log=0|432d98c1df,sequential_thinking,0.2,operation_identification_from_context,,OneStepProblem,WordProblem,Horizontal,1,24378,slow,1,,2,easy,,,2026-04-28T10:56:25.102Z,2026-04-28T10:59:37.559Z,في إحدى المزارع هناك 8 حقول. في كل حقل 10 أشجار. كم عدد الأشجار في جميع الحقول؟,8 × 10,,,,,,,,
stu_1777340051462_9691,test_1777341418390_7p46nbr,choose_answer,0,1,choose_answer|attempt=0|log=1|4c8d702889,arithmetic_fluency,0.6,operation_identification_from_context,Subtraction,OneStepProblem,WordProblem,Horizontal,1,70342,slow,1,,3,medium,,,2026-04-28T10:56:25.102Z,2026-04-28T10:59:37.559Z,إذا كان لديك 250 درهمًا واشتريت 3 كتب، كل كتاب يكلف 50 درهمًا. كم يتبقى لديك؟,250 - (3 × 50),,,,,,,Subtraction,Subtraction
stu_1777340051462_9691,test_1777341418390_7p46nbr,choose_answer,0,1,choose_answer|attempt=0|log=1|4c8d702889,number_sense,0.2,operation_identification_from_context,Subtraction,OneStepProblem,WordProblem,Horizontal,1,70342,slow,1,,3,medium,,,2026-04-28T10:56:25.102Z,2026-04-28T10:59:37.559Z,إذا كان لديك 250 درهمًا واشتريت 3 كتب، كل كتاب يكلف 50 درهمًا. كم يتبقى لديك؟,250 - (3 × 50),,,,,,,Subtraction,Subtraction
stu_1777340051462_9691,test_1777341418390_7p46nbr,choose_answer,0,1,choose_answer|attempt=0|log=1|4c8d702889,sequential_thinking,0.2,operation_identification_from_context,Subtraction,OneStepProblem,WordProblem,Horizontal,1,70342,slow,1,,3,medium,,,2026-04-28T10:56:25.102Z,2026-04-28T10:59:37.559Z,إذا كان لديك 250 درهمًا واشتريت 3 كتب، كل كتاب يكلف 50 درهمًا. كم يتبقى لديك؟,250 - (3 × 50),,,,,,,Subtraction,Subtraction
stu_1777340051462_9691,test_1777341418390_7p46nbr,choose_answer,0,2,choose_answer|attempt=0|log=2|5ba992af62,arithmetic_fluency,0.6,operation_identification_from_context,,OneStepProblem,WordProblem,Horizontal,1,50564,slow,1,,3,medium,,,2026-04-28T10:56:25.102Z,2026-04-28T10:59:37.559Z,كان لديك 250 درهما وأنت بحاجة إلى شراء 5 كتب، كل كتاب يكلف 60 درهما. هل لديك ما يكفي من المال؟,5 × 60 = 300 > 250,,,,,,,,
stu_1777340051462_9691,test_1777341418390_7p46nbr,choose_answer,0,2,choose_answer|attempt=0|log=2|5ba992af62,number_sense,0.2,operation_identification_from_context,,OneStepProblem,WordProblem,Horizontal,1,50564,slow,1,,3,medium,,,2026-04-28T10:56:25.102Z,2026-04-28T10:59:37.559Z,كان لديك 250 درهما وأنت بحاجة إلى شراء 5 كتب، كل كتاب يكلف 60 درهما. هل لديك ما يكفي من المال؟,5 × 60 = 300 > 250,,,,,,,,
stu_1777340051462_9691,test_1777341418390_7p46nbr,choose_answer,0,2,choose_answer|attempt=0|log=2|5ba992af62,sequential_thinking,0.2,operation_identification_from_context,,OneStepProblem,WordProblem,Horizontal,1,50564,slow,1,,3,medium,,,2026-04-28T10:56:25.102Z,2026-04-28T10:59:37.559Z,كان لديك 250 درهما وأنت بحاجة إلى شراء 5 كتب، كل كتاب يكلف 60 درهما. هل لديك ما يكفي من المال؟,5 × 60 = 300 > 250,,,,,,,,
stu_1777340051462_9691,test_1777341418390_7p46nbr,choose_answer,0,3,choose_answer|attempt=0|log=3|2b7e3b3ce6,arithmetic_fluency,0.6,operation_identification_from_context,Subtraction,OneStepProblem,WordProblem,Horizontal,0,17514,medium,0,ComputationError,3,medium,,,2026-04-28T10:56:25.102Z,2026-04-28T10:59:37.559Z,إذا كنت قد وفرت 300 درهمًا، واشتريت 2 أحذية ب 80 درهمًا لكل منهما. كم تبقى معك من المال؟,300 - 80,,,,,,,Subtraction,Subtraction
stu_1777340051462_9691,test_1777341418390_7p46nbr,choose_answer,0,3,choose_answer|attempt=0|log=3|2b7e3b3ce6,number_sense,0.2,operation_identification_from_context,Subtraction,OneStepProblem,WordProblem,Horizontal,0,17514,medium,0,ComputationError,3,medium,,,2026-04-28T10:56:25.102Z,2026-04-28T10:59:37.559Z,إذا كنت قد وفرت 300 درهمًا، واشتريت 2 أحذية ب 80 درهمًا لكل منهما. كم تبقى معك من المال؟,300 - 80,,,,,,,Subtraction,Subtraction
stu_1777340051462_9691,test_1777341418390_7p46nbr,choose_answer,0,3,choose_answer|attempt=0|log=3|2b7e3b3ce6,sequential_thinking,0.2,operation_identification_from_context,Subtraction,OneStepProblem,WordProblem,Horizontal,0,17514,medium,0,ComputationError,3,medium,,,2026-04-28T10:56:25.102Z,2026-04-28T10:59:37.559Z,إذا كنت قد وفرت 300 درهمًا، واشتريت 2 أحذية ب 80 درهمًا لكل منهما. كم تبقى معك من المال؟,300 - 80,,,,,,,Subtraction,Subtraction
stu_1777340051462_9691,test_1777341418390_7p46nbr,choose_answer,0,4,choose_answer|attempt=0|log=4|7b6befba9b,arithmetic_fluency,0.6,operation_identification_from_context,Addition,OneStepProblem,WordProblem,Horizontal,1,29654,slow,1,,2,easy,,,2026-04-28T10:56:25.102Z,2026-04-28T10:59:37.559Z,تملك سلوى 30 درهما ومنحها أبوها 20 درهما. كم أصبح لدى سلوى من درهم؟,30 + 20,,,,,,,Addition,Addition
stu_1777340051462_9691,test_1777341418390_7p46nbr,choose_answer,0,4,choose_answer|attempt=0|log=4|7b6befba9b,number_sense,0.2,operation_identification_from_context,Addition,OneStepProblem,WordProblem,Horizontal,1,29654,slow,1,,2,easy,,,2026-04-28T10:56:25.102Z,2026-04-28T10:59:37.559Z,تملك سلوى 30 درهما ومنحها أبوها 20 درهما. كم أصبح لدى سلوى من درهم؟,30 + 20,,,,,,,Addition,Addition
stu_1777340051462_9691,test_1777341418390_7p46nbr,choose_answer,0,4,choose_answer|attempt=0|log=4|7b6befba9b,sequential_thinking,0.2,operation_identification_from_context,Addition,OneStepProblem,WordProblem,Horizontal,1,29654,slow,1,,2,easy,,,2026-04-28T10:56:25.102Z,2026-04-28T10:59:37.559Z,تملك سلوى 30 درهما ومنحها أبوها 20 درهما. كم أصبح لدى سلوى من درهم؟,30 + 20,,,,,,,Addition,Addition
stu_1777340051462_9691,test_1777341418390_7p46nbr,find_previous_next_number,0,0,find_previous_next_number|attempt=0|log=0|e79eae01da,sequential_thinking,1.0,previous_next_number,,PreviousAndNext,Sequence,Horizontal,1,75864,medium,0,,5,hard,18890-18899,,2026-04-28T10:45:19.647Z,2026-04-28T10:46:25.939Z,18892,,,,"[18891, 18893]","[18891, 18893]",,,,
stu_1777340051462_9691,test_1777341418390_7p46nbr,find_previous_next_number,0,1,find_previous_next_number|attempt=0|log=1|f5967f0759,sequential_thinking,1.0,previous_next_number,,PreviousAndNext,Sequence,Horizontal,1,67800,medium,0,,5,hard,24950-24959,,2026-04-28T10:45:19.647Z,2026-04-28T10:46:25.939Z,24951,,,,"[24950, 24952]","[24950, 24952]",,,,
stu_1777340051462_9691,test_1777341418390_7p46nbr,find_previous_next_number,0,2,find_previous_next_number|attempt=0|log=2|6c90968ab8,sequential_thinking,1.0,previous_next_number,,PreviousAndNext,Sequence,Horizontal,1,66287,medium,0,,5,hard,87420-87429,,2026-04-28T10:45:19.647Z,2026-04-28T10:46:25.939Z,87427,,,,"[87426, 87428]","[87426, 87428]",,,,
stu_1777340051462_9691,test_1777341418390_7p46nbr,identify_place_value,0,0,identify_place_value|attempt=0|log=0|e0b9087ac0,number_sense,1.0,place_value_identification,,PlaceValue,PlaceValue,Visual,1,90664,fast,0,,6,hard,,,2026-04-28T10:55:27.925Z,2026-04-28T10:56:24.913Z,,,,,"{""pos_0"": 4, ""pos_1"": 9, ""pos_2"": 3, ""pos_3"": 7, ""pos_4"": 1, ""pos_5"": 9}","{""pos_0"": 4, ""pos_1"": 9, ""pos_2"": 3, ""pos_3"": 7, ""pos_4"": 1, ""pos_5"": 9}",,,,
stu_1777340051462_9691,test_1777341418390_7p46nbr,identify_place_value,0,1,identify_place_value|attempt=0|log=1|83195dbdcf,number_sense,1.0,place_value_identification,,PlaceValue,PlaceValue,Visual,1,37113,fast,0,,6,hard,,,2026-04-28T10:55:27.925Z,2026-04-28T10:56:24.913Z,,,,,"{""pos_0"": 1, ""pos_1"": 1, ""pos_2"": 7, ""pos_3"": 1, ""pos_4"": 6, ""pos_5"": 9}","{""pos_0"": 1, ""pos_1"": 1, ""pos_2"": 7, ""pos_3"": 1, ""pos_4"": 6, ""pos_5"": 9}",,,,
stu_1777340051462_9691,test_1777341418390_7p46nbr,identify_place_value,0,2,identify_place_value|attempt=0|log=2|f3a3910b1c,number_sense,1.0,place_value_identification,,PlaceValue,PlaceValue,Visual,1,47947,fast,0,,6,hard,,,2026-04-28T10:55:27.925Z,2026-04-28T10:56:24.913Z,,,,,"{""pos_0"": 6, ""pos_1"": 2, ""pos_2"": 1, ""pos_3"": 2, ""pos_4"": 1, ""pos_5"": 1}","{""pos_0"": 6, ""pos_1"": 2, ""pos_2"": 1, ""pos_3"": 2, ""pos_4"": 1, ""pos_5"": 1}",,,,
stu_1777340051462_9691,test_1777341418390_7p46nbr,identify_place_value,0,3,identify_place_value|attempt=0|log=3|3365f081d8,number_sense,1.0,place_value_identification,,PlaceValue,PlaceValue,Visual,1,56979,fast,0,,6,hard,,,2026-04-28T10:55:27.925Z,2026-04-28T10:56:24.913Z,,,,,"{""pos_0"": 8, ""pos_1"": 9, ""pos_2"": 8, ""pos_3"": 7, ""pos_4"": 9, ""pos_5"": 8}","{""pos_0"": 8, ""pos_1"": 9, ""pos_2"": 8, ""pos_3"": 7, ""pos_4"": 9, ""pos_5"": 8}",,,,
stu_1777340051462_9691,test_1777341418390_7p46nbr,order_numbers,0,0,order_numbers|attempt=0|log=0|6f580b491e,sequential_thinking,1.0,number_ordering,,Ordering_asc,Ordering,Visual,1,37848,fast,0,,6,hard,,3.0,2026-04-28T10:46:26.009Z,2026-04-28T10:52:32.017Z,,,,,,,,asc,,
stu_1777340051462_9691,test_1777341418390_7p46nbr,order_numbers,0,1,order_numbers|attempt=0|log=1|fe0632a5d5,sequential_thinking,1.0,number_ordering,,Ordering_desc,Ordering,Visual,1,137979,fast,0,,6,hard,,7.0,2026-04-28T10:46:26.009Z,2026-04-28T10:52:32.017Z,,,,,,,,desc,,
stu_1777340051462_9691,test_1777341418390_7p46nbr,order_numbers,0,2,order_numbers|attempt=0|log=2|7ca5d760bb,sequential_thinking,1.0,number_ordering,,Ordering_desc,Ordering,Visual,1,47214,fast,0,,6,hard,,3.0,2026-04-28T10:46:26.009Z,2026-04-28T10:52:32.017Z,,,,,,,,desc,,
stu_1777340051462_9691,test_1777341418390_7p46nbr,order_numbers,0,3,order_numbers|attempt=0|log=3|1a676bfcbb,sequential_thinking,1.0,number_ordering,,Ordering_desc,Ordering,Visual,1,62139,fast,0,,6,hard,,5.0,2026-04-28T10:46:26.009Z,2026-04-28T10:52:32.017Z,,,,,,,,desc,,
stu_1777340051462_9691,test_1777341418390_7p46nbr,order_numbers,0,4,order_numbers|attempt=0|log=4|58ee2e2e93,sequential_thinking,1.0,number_ordering,,Ordering_asc,Ordering,Visual,1,80801,fast,0,,6,hard,,5.0,2026-04-28T10:46:26.009Z,2026-04-28T10:52:32.017Z,,,,,,,,asc,,
stu_1777340051462_9691,test_1777341418390_7p46nbr,vertical_operations,0,0,vertical_operations|attempt=0|log=0|0eeaf30a0d,arithmetic_fluency,1.0,vertical_operation_fluency,Addition,AdditionWithCarry,VerticalOperation,Vertical,1,67711,fast,0,,4,hard,,,2026-04-28T10:59:38.126Z,2026-04-28T11:06:28.506Z,680 Addition 780,,1460,1460,,,,,,
stu_1777340051462_9691,test_1777341418390_7p46nbr,vertical_operations,0,1,vertical_operations|attempt=0|log=1|d408cefd1f,arithmetic_fluency,1.0,vertical_operation_fluency,Multiplication,MultiStepMultiplication,VerticalOperation,Vertical,1,230603,fast,0,,6,hard,,,2026-04-28T10:59:38.126Z,2026-04-28T11:06:28.506Z,714 Multiplication 162,,115668,115668,,,,,,
stu_1777340051462_9691,test_1777341418390_7p46nbr,vertical_operations,0,2,vertical_operations|attempt=0|log=2|3dd91e8d6f,arithmetic_fluency,1.0,vertical_operation_fluency,Subtraction,SubtractionWithBorrow,VerticalOperation,Vertical,0,71581,fast,0,ComputationError,3,medium,,,2026-04-28T10:59:38.126Z,2026-04-28T11:06:28.506Z,624 Subtraction 126,,498,508,,,,,,
stu_1777340051462_9691,test_1777341418390_7p46nbr,vertical_operations,0,3,vertical_operations|attempt=0|log=3|a6956597ad,arithmetic_fluency,1.0,vertical_operation_fluency,Subtraction,SubtractionWithBorrow,VerticalOperation,Vertical,1,40485,fast,0,,3,medium,,,2026-04-28T10:59:38.126Z,2026-04-28T11:06:28.506Z,903 Subtraction 642,,261,261,,,,,,
stu_1777340051462_9691,test_1777341418390_7p46nbr,what_number_do_you_hear,0,0,what_number_do_you_hear|attempt=0|log=0|6389c6fcc0,audio_recognition,1.0,auditory_number_recognition,,HeardNumberChoice,AudioRecognition,Audio,1,8094,fast,0,,1,very-easy,,,2026-04-28T10:42:32.409Z,2026-04-28T10:42:55.485Z,3,3,,,,,,,,
stu_1777340051462_9691,test_1777341418390_7p46nbr,what_number_do_you_hear,0,1,what_number_do_you_hear|attempt=0|log=1|7a0434f689,audio_recognition,1.0,auditory_number_recognition,,HeardNumberChoice,AudioRecognition,Audio,1,4245,fast,0,,1,very-easy,,,2026-04-28T10:42:32.409Z,2026-04-28T10:42:55.485Z,1,1,,,,,,,,
stu_1777340051462_9691,test_1777341418390_7p46nbr,what_number_do_you_hear,0,2,what_number_do_you_hear|attempt=0|log=2|d227c7be7e,audio_recognition,1.0,auditory_number_recognition,,HeardNumberChoice,AudioRecognition,Audio,1,2860,fast,0,,1,very-easy,,,2026-04-28T10:42:32.409Z,2026-04-28T10:42:55.485Z,9,9,,,,,,,,
stu_1777340051462_9691,test_1777341418390_7p46nbr,what_number_do_you_hear,0,3,what_number_do_you_hear|attempt=0|log=3|b3bc431d2b,audio_recognition,1.0,auditory_number_recognition,,HeardNumberChoice,AudioRecognition,Audio,1,2956,fast,0,,1,very-easy,,,2026-04-28T10:42:32.409Z,2026-04-28T10:42:55.485Z,0,0,,,,,,,,
stu_1777340051462_9691,test_1777341418390_7p46nbr,what_number_do_you_hear,0,4,what_number_do_you_hear|attempt=0|log=4|72abc24b92,audio_recognition,1.0,auditory_number_recognition,,HeardNumberChoice,AudioRecognition,Audio,1,2686,fast,0,,2,easy,,,2026-04-28T10:42:32.409Z,2026-04-28T10:42:55.485Z,10,10,,,,,,,,
stu_1777340051462_9691,test_1777341418390_7p46nbr,what_number_do_you_hear,0,5,what_number_do_you_hear|attempt=0|log=5|6f85d3b8f0,audio_recognition,1.0,auditory_number_recognition,,HeardNumberChoice,AudioRecognition,Audio,1,2230,fast,0,,1,very-easy,,,2026-04-28T10:42:32.409Z,2026-04-28T10:42:55.485Z,6,6,,,,,,,,
stu_1777340052046_4165,test_1777341418390_7p46nbr,choose_answer,0,0,choose_answer|attempt=0|log=0|90510ac005,arithmetic_fluency,0.6,operation_identification_from_context,Subtraction,OneStepProblem,WordProblem,Horizontal,1,54097,slow,1,,3,medium,,,2026-04-28T11:00:34.610Z,2026-04-28T11:02:22.557Z,إذا كان لديك 250 درهمًا واشتريت 3 كتب، كل كتاب يكلف 50 درهمًا. كم يتبقى لديك؟,250 - (3 × 50),,,,,,,Subtraction,Subtraction
stu_1777340052046_4165,test_1777341418390_7p46nbr,choose_answer,0,0,choose_answer|attempt=0|log=0|90510ac005,number_sense,0.2,operation_identification_from_context,Subtraction,OneStepProblem,WordProblem,Horizontal,1,54097,slow,1,,3,medium,,,2026-04-28T11:00:34.610Z,2026-04-28T11:02:22.557Z,إذا كان لديك 250 درهمًا واشتريت 3 كتب، كل كتاب يكلف 50 درهمًا. كم يتبقى لديك؟,250 - (3 × 50),,,,,,,Subtraction,Subtraction
stu_1777340052046_4165,test_1777341418390_7p46nbr,choose_answer,0,0,choose_answer|attempt=0|log=0|90510ac005,sequential_thinking,0.2,operation_identification_from_context,Subtraction,OneStepProblem,WordProblem,Horizontal,1,54097,slow,1,,3,medium,,,2026-04-28T11:00:34.610Z,2026-04-28T11:02:22.557Z,إذا كان لديك 250 درهمًا واشتريت 3 كتب، كل كتاب يكلف 50 درهمًا. كم يتبقى لديك؟,250 - (3 × 50),,,,,,,Subtraction,Subtraction
stu_1777340052046_4165,test_1777341418390_7p46nbr,choose_answer,0,1,choose_answer|attempt=0|log=1|511515f32b,arithmetic_fluency,0.6,operation_identification_from_context,Subtraction,OneStepProblem,WordProblem,Horizontal,1,7735,fast,0,,2,easy,,,2026-04-28T11:00:34.610Z,2026-04-28T11:02:22.557Z,كانت عندك 10 تفاحات، أكلت 3. كم بقي؟,10 - 3,,,,,,,Subtraction,Subtraction
stu_1777340052046_4165,test_1777341418390_7p46nbr,choose_answer,0,1,choose_answer|attempt=0|log=1|511515f32b,number_sense,0.2,operation_identification_from_context,Subtraction,OneStepProblem,WordProblem,Horizontal,1,7735,fast,0,,2,easy,,,2026-04-28T11:00:34.610Z,2026-04-28T11:02:22.557Z,كانت عندك 10 تفاحات، أكلت 3. كم بقي؟,10 - 3,,,,,,,Subtraction,Subtraction
stu_1777340052046_4165,test_1777341418390_7p46nbr,choose_answer,0,1,choose_answer|attempt=0|log=1|511515f32b,sequential_thinking,0.2,operation_identification_from_context,Subtraction,OneStepProblem,WordProblem,Horizontal,1,7735,fast,0,,2,easy,,,2026-04-28T11:00:34.610Z,2026-04-28T11:02:22.557Z,كانت عندك 10 تفاحات، أكلت 3. كم بقي؟,10 - 3,,,,,,,Subtraction,Subtraction
stu_1777340052046_4165,test_1777341418390_7p46nbr,choose_answer,0,2,choose_answer|attempt=0|log=2|e6f67fb665,arithmetic_fluency,0.6,operation_identification_from_context,,OneStepProblem,WordProblem,Horizontal,1,23669,slow,1,,2,easy,,,2026-04-28T11:00:34.610Z,2026-04-28T11:02:22.557Z,أشترى علي 5 كتب، كل كتاب يكلف 70 درهمًا. كم دفع علي في المجمل؟,5 × 70,,,,,,,,
stu_1777340052046_4165,test_1777341418390_7p46nbr,choose_answer,0,2,choose_answer|attempt=0|log=2|e6f67fb665,number_sense,0.2,operation_identification_from_context,,OneStepProblem,WordProblem,Horizontal,1,23669,slow,1,,2,easy,,,2026-04-28T11:00:34.610Z,2026-04-28T11:02:22.557Z,أشترى علي 5 كتب، كل كتاب يكلف 70 درهمًا. كم دفع علي في المجمل؟,5 × 70,,,,,,,,
stu_1777340052046_4165,test_1777341418390_7p46nbr,choose_answer,0,2,choose_answer|attempt=0|log=2|e6f67fb665,sequential_thinking,0.2,operation_identification_from_context,,OneStepProblem,WordProblem,Horizontal,1,23669,slow,1,,2,easy,,,2026-04-28T11:00:34.610Z,2026-04-28T11:02:22.557Z,أشترى علي 5 كتب، كل كتاب يكلف 70 درهمًا. كم دفع علي في المجمل؟,5 × 70,,,,,,,,
stu_1777340052046_4165,test_1777341418390_7p46nbr,choose_answer,0,3,choose_answer|attempt=0|log=3|fa5f6b23d2,arithmetic_fluency,0.6,operation_identification_from_context,Subtraction,OneStepProblem,WordProblem,Horizontal,1,6980,fast,0,,3,medium,,,2026-04-28T11:00:34.610Z,2026-04-28T11:02:22.557Z,إذا كانت لديك 500 درهمًا وأعطيت 200 درهمًا لصديقك، كم يتبقى لديك؟,500 - 200,,,,,,,Subtraction,Subtraction
stu_1777340052046_4165,test_1777341418390_7p46nbr,choose_answer,0,3,choose_answer|attempt=0|log=3|fa5f6b23d2,number_sense,0.2,operation_identification_from_context,Subtraction,OneStepProblem,WordProblem,Horizontal,1,6980,fast,0,,3,medium,,,2026-04-28T11:00:34.610Z,2026-04-28T11:02:22.557Z,إذا كانت لديك 500 درهمًا وأعطيت 200 درهمًا لصديقك، كم يتبقى لديك؟,500 - 200,,,,,,,Subtraction,Subtraction
stu_1777340052046_4165,test_1777341418390_7p46nbr,choose_answer,0,3,choose_answer|attempt=0|log=3|fa5f6b23d2,sequential_thinking,0.2,operation_identification_from_context,Subtraction,OneStepProblem,WordProblem,Horizontal,1,6980,fast,0,,3,medium,,,2026-04-28T11:00:34.610Z,2026-04-28T11:02:22.557Z,إذا كانت لديك 500 درهمًا وأعطيت 200 درهمًا لصديقك، كم يتبقى لديك؟,500 - 200,,,,,,,Subtraction,Subtraction
stu_1777340052046_4165,test_1777341418390_7p46nbr,choose_answer,0,4,choose_answer|attempt=0|log=4|6acd2467c1,arithmetic_fluency,0.6,operation_identification_from_context,Subtraction,OneStepProblem,WordProblem,Horizontal,1,15466,medium,0,,3,medium,,,2026-04-28T11:00:34.610Z,2026-04-28T11:02:22.557Z,كانت لديك 500 درهمًا، اشتريت 3 هدايا بتكلفة 120 درهمًا لكل هدية. كم تبقى لديك؟,500 - (3 × 120),,,,,,,Subtraction,Subtraction
stu_1777340052046_4165,test_1777341418390_7p46nbr,choose_answer,0,4,choose_answer|attempt=0|log=4|6acd2467c1,number_sense,0.2,operation_identification_from_context,Subtraction,OneStepProblem,WordProblem,Horizontal,1,15466,medium,0,,3,medium,,,2026-04-28T11:00:34.610Z,2026-04-28T11:02:22.557Z,كانت لديك 500 درهمًا، اشتريت 3 هدايا بتكلفة 120 درهمًا لكل هدية. كم تبقى لديك؟,500 - (3 × 120),,,,,,,Subtraction,Subtraction
stu_1777340052046_4165,test_1777341418390_7p46nbr,choose_answer,0,4,choose_answer|attempt=0|log=4|6acd2467c1,sequential_thinking,0.2,operation_identification_from_context,Subtraction,OneStepProblem,WordProblem,Horizontal,1,15466,medium,0,,3,medium,,,2026-04-28T11:00:34.610Z,2026-04-28T11:02:22.557Z,كانت لديك 500 درهمًا، اشتريت 3 هدايا بتكلفة 120 درهمًا لكل هدية. كم تبقى لديك؟,500 - (3 × 120),,,,,,,Subtraction,Subtraction
stu_1777340052046_4165,test_1777341418390_7p46nbr,find_previous_next_number,0,0,find_previous_next_number|attempt=0|log=0|59b292348d,sequential_thinking,1.0,previous_next_number,,PreviousAndNext,Sequence,Horizontal,1,211385,slow,1,,5,hard,55000-55009,,2026-04-28T10:47:10.196Z,2026-04-28T10:48:32.753Z,55005,,,,"[55004, 55006]","[55004, 55006]",,,,
stu_1777340052046_4165,test_1777341418390_7p46nbr,find_previous_next_number,0,1,find_previous_next_number|attempt=0|log=1|98448e0a50,sequential_thinking,1.0,previous_next_number,,PreviousAndNext,Sequence,Horizontal,1,58752,fast,0,,5,hard,40240-40249,,2026-04-28T10:47:10.196Z,2026-04-28T10:48:32.753Z,40246,,,,"[40245, 40247]","[40245, 40247]",,,,
stu_1777340052046_4165,test_1777341418390_7p46nbr,find_previous_next_number,0,2,find_previous_next_number|attempt=0|log=2|23cbe4d57a,sequential_thinking,1.0,previous_next_number,,PreviousAndNext,Sequence,Horizontal,1,82557,medium,0,,5,hard,58980-58989,,2026-04-28T10:47:10.196Z,2026-04-28T10:48:32.753Z,58986,,,,"[58985, 58987]","[58985, 58987]",,,,
stu_1777340052046_4165,test_1777341418390_7p46nbr,identify_place_value,0,0,identify_place_value|attempt=0|log=0|6d7c7d82f8,number_sense,1.0,place_value_identification,,PlaceValue,PlaceValue,Visual,0,85911,fast,0,PlaceValueMisidentification,6,hard,,,2026-04-28T10:56:53.655Z,2026-04-28T10:58:04.584Z,,,,,"{""pos_0"": 9, ""pos_1"": 4, ""pos_2"": 8, ""pos_3"": 9, ""pos_4"": 6, ""pos_5"": 4}","{""pos_0"": 4, ""pos_1"": 9, ""pos_2"": 8, ""pos_3"": 9, ""pos_4"": 6, ""pos_5"": 4}",,,,
stu_1777340052046_4165,test_1777341418390_7p46nbr,identify_place_value,0,1,identify_place_value|attempt=0|log=1|182a2f446c,number_sense,1.0,place_value_identification,,PlaceValue,PlaceValue,Visual,0,60848,fast,0,PlaceValueMisidentification,6,hard,,,2026-04-28T10:56:53.655Z,2026-04-28T10:58:04.584Z,,,,,"{""pos_0"": 2, ""pos_1"": 4, ""pos_2"": 2, ""pos_3"": 8, ""pos_4"": 3, ""pos_5"": 7}","{""pos_0"": 4, ""pos_1"": 2, ""pos_2"": 2, ""pos_3"": 8, ""pos_4"": 3, ""pos_5"": 7}",,,,
stu_1777340052046_4165,test_1777341418390_7p46nbr,identify_place_value,0,2,identify_place_value|attempt=0|log=2|0fe3a34a05,number_sense,1.0,place_value_identification,,PlaceValue,PlaceValue,Visual,1,75014,fast,0,,6,hard,,,2026-04-28T10:56:53.655Z,2026-04-28T10:58:04.584Z,,,,,"{""pos_0"": 3, ""pos_1"": 4, ""pos_2"": 6, ""pos_3"": 3, ""pos_4"": 1, ""pos_5"": 2}","{""pos_0"": 3, ""pos_1"": 4, ""pos_2"": 6, ""pos_3"": 3, ""pos_4"": 1, ""pos_5"": 2}",,,,
stu_1777340052046_4165,test_1777341418390_7p46nbr,identify_place_value,0,3,identify_place_value|attempt=0|log=3|1e1172e009,number_sense,1.0,place_value_identification,,PlaceValue,PlaceValue,Visual,1,70929,fast,0,,6,hard,,,2026-04-28T10:56:53.655Z,2026-04-28T10:58:04.584Z,,,,,"{""pos_0"": 8, ""pos_1"": 9, ""pos_2"": 4, ""pos_3"": 4, ""pos_4"": 9, ""pos_5"": 5}","{""pos_0"": 8, ""pos_1"": 9, ""pos_2"": 4, ""pos_3"": 4, ""pos_4"": 9, ""pos_5"": 5}",,,,
stu_1777340052046_4165,test_1777341418390_7p46nbr,identify_place_value,1,0,identify_place_value|attempt=1|log=0|90bfcb55ce,number_sense,1.0,place_value_identification,,PlaceValue,PlaceValue,Visual,1,40186,fast,0,,5,hard,,,2026-04-28T10:59:51.791Z,2026-04-28T11:00:34.378Z,,,,,"{""pos_0"": 2, ""pos_1"": 6, ""pos_2"": 2, ""pos_3"": 9, ""pos_4"": 3}","{""pos_0"": 2, ""pos_1"": 6, ""pos_2"": 2, ""pos_3"": 9, ""pos_4"": 3}",,,,
stu_1777340052046_4165,test_1777341418390_7p46nbr,identify_place_value,1,1,identify_place_value|attempt=1|log=1|ed030955b4,number_sense,1.0,place_value_identification,,PlaceValue,PlaceValue,Visual,1,29287,fast,0,,5,hard,,,2026-04-28T10:59:51.791Z,2026-04-28T11:00:34.378Z,,,,,"{""pos_0"": 4, ""pos_1"": 9, ""pos_2"": 9, ""pos_3"": 9, ""pos_4"": 3}","{""pos_0"": 4, ""pos_1"": 9, ""pos_2"": 9, ""pos_3"": 9, ""pos_4"": 3}",,,,
stu_1777340052046_4165,test_1777341418390_7p46nbr,identify_place_value,1,2,identify_place_value|attempt=1|log=2|b2dc3078df,number_sense,1.0,place_value_identification,,PlaceValue,PlaceValue,Visual,1,37539,fast,0,,5,hard,,,2026-04-28T10:59:51.791Z,2026-04-28T11:00:34.378Z,,,,,"{""pos_0"": 9, ""pos_1"": 2, ""pos_2"": 4, ""pos_3"": 4, ""pos_4"": 8}","{""pos_0"": 9, ""pos_1"": 2, ""pos_2"": 4, ""pos_3"": 4, ""pos_4"": 8}",,,,
stu_1777340052046_4165,test_1777341418390_7p46nbr,identify_place_value,1,3,identify_place_value|attempt=1|log=3|dc5f343fb5,number_sense,1.0,place_value_identification,,PlaceValue,PlaceValue,Visual,1,42587,fast,0,,5,hard,,,2026-04-28T10:59:51.791Z,2026-04-28T11:00:34.378Z,,,,,"{""pos_0"": 4, ""pos_1"": 7, ""pos_2"": 4, ""pos_3"": 0, ""pos_4"": 1}","{""pos_0"": 4, ""pos_1"": 7, ""pos_2"": 4, ""pos_3"": 0, ""pos_4"": 1}",,,,
stu_1777340052046_4165,test_1777341418390_7p46nbr,order_numbers,0,0,order_numbers|attempt=0|log=0|02944aa388,sequential_thinking,1.0,number_ordering,,Ordering_desc,Ordering,Visual,1,70449,fast,0,,6,hard,,7.0,2026-04-28T10:48:33.015Z,2026-04-28T10:53:11.206Z,,,,,,,,desc,,
stu_1777340052046_4165,test_1777341418390_7p46nbr,order_numbers,0,1,order_numbers|attempt=0|log=1|dd3e00e06b,sequential_thinking,1.0,number_ordering,,Ordering_desc,Ordering,Visual,1,14047,fast,0,,6,hard,,3.0,2026-04-28T10:48:33.015Z,2026-04-28T10:53:11.206Z,,,,,,,,desc,,
stu_1777340052046_4165,test_1777341418390_7p46nbr,order_numbers,0,2,order_numbers|attempt=0|log=2|dd27b8fc07,sequential_thinking,1.0,number_ordering,,Ordering_desc,Ordering,Visual,1,17969,fast,0,,6,hard,,3.0,2026-04-28T10:48:33.015Z,2026-04-28T10:53:11.206Z,,,,,,,,desc,,
stu_1777340052046_4165,test_1777341418390_7p46nbr,order_numbers,0,3,order_numbers|attempt=0|log=3|006ffb9b3a,sequential_thinking,1.0,number_ordering,,Ordering_desc,Ordering,Visual,1,47894,fast,0,,6,hard,,7.0,2026-04-28T10:48:33.015Z,2026-04-28T10:53:11.206Z,,,,,,,,desc,,
stu_1777340052046_4165,test_1777341418390_7p46nbr,order_numbers,0,4,order_numbers|attempt=0|log=4|ea145cc664,sequential_thinking,1.0,number_ordering,,Ordering_asc,Ordering,Visual,1,127830,fast,0,,6,hard,,7.0,2026-04-28T10:48:33.015Z,2026-04-28T10:53:11.206Z,,,,,,,,asc,,
stu_1777340052046_4165,test_1777341418390_7p46nbr,vertical_operations,0,0,vertical_operations|attempt=0|log=0|38081e4d73,arithmetic_fluency,1.0,vertical_operation_fluency,Subtraction,SubtractionWithBorrow,VerticalOperation,Vertical,1,41865,fast,0,,3,medium,,,2026-04-28T11:02:22.638Z,2026-04-28T11:10:55.643Z,575 Subtraction 385,,190,190,,,,,,
stu_1777340052046_4165,test_1777341418390_7p46nbr,vertical_operations,0,1,vertical_operations|attempt=0|log=1|75171b74bf,arithmetic_fluency,1.0,vertical_operation_fluency,Subtraction,SimpleSubtraction,VerticalOperation,Vertical,1,101268,fast,0,,3,medium,,,2026-04-28T11:02:22.638Z,2026-04-28T11:10:55.643Z,736 Subtraction 20,,716,716,,,,,,
stu_1777340052046_4165,test_1777341418390_7p46nbr,vertical_operations,0,2,vertical_operations|attempt=0|log=2|a3076fb9c6,arithmetic_fluency,1.0,vertical_operation_fluency,Multiplication,MultiStepMultiplication,VerticalOperation,Vertical,1,348148,fast,0,,6,hard,,,2026-04-28T11:02:22.638Z,2026-04-28T11:10:55.643Z,245 Multiplication 786,,192570,192570,,,,,,
stu_1777340052046_4165,test_1777341418390_7p46nbr,vertical_operations,0,3,vertical_operations|attempt=0|log=3|a1d5caf244,arithmetic_fluency,1.0,vertical_operation_fluency,Addition,AdditionWithCarry,VerticalOperation,Vertical,1,21724,fast,0,,3,medium,,,2026-04-28T11:02:22.638Z,2026-04-28T11:10:55.643Z,159 Addition 303,,462,462,,,,,,
stu_1777340052046_4165,test_1777341418390_7p46nbr,what_number_do_you_hear,0,0,what_number_do_you_hear|attempt=0|log=0|884405f75c,audio_recognition,1.0,auditory_number_recognition,,HeardNumberChoice,AudioRecognition,Audio,1,18636,medium,0,,1,very-easy,,,2026-04-28T10:42:03.920Z,2026-04-28T10:42:39.935Z,0,0,,,,,,,,
stu_1777340052046_4165,test_1777341418390_7p46nbr,what_number_do_you_hear,0,1,what_number_do_you_hear|attempt=0|log=1|4efd899ade,audio_recognition,1.0,auditory_number_recognition,,HeardNumberChoice,AudioRecognition,Audio,1,5793,fast,0,,1,very-easy,,,2026-04-28T10:42:03.920Z,2026-04-28T10:42:39.935Z,9,9,,,,,,,,
stu_1777340052046_4165,test_1777341418390_7p46nbr,what_number_do_you_hear,0,2,what_number_do_you_hear|attempt=0|log=2|15c4750f18,audio_recognition,1.0,auditory_number_recognition,,HeardNumberChoice,AudioRecognition,Audio,1,3588,fast,0,,1,very-easy,,,2026-04-28T10:42:03.920Z,2026-04-28T10:42:39.935Z,4,4,,,,,,,,
stu_1777340052046_4165,test_1777341418390_7p46nbr,what_number_do_you_hear,0,3,what_number_do_you_hear|attempt=0|log=3|4e6eccc237,audio_recognition,1.0,auditory_number_recognition,,HeardNumberChoice,AudioRecognition,Audio,1,2252,fast,0,,1,very-easy,,,2026-04-28T10:42:03.920Z,2026-04-28T10:42:39.935Z,8,8,,,,,,,,
stu_1777340052046_4165,test_1777341418390_7p46nbr,what_number_do_you_hear,0,4,what_number_do_you_hear|attempt=0|log=4|29561a35ab,audio_recognition,1.0,auditory_number_recognition,,HeardNumberChoice,AudioRecognition,Audio,1,2541,fast,0,,1,very-easy,,,2026-04-28T10:42:03.920Z,2026-04-28T10:42:39.935Z,6,6,,,,,,,,
stu_1777340052046_4165,test_1777341418390_7p46nbr,what_number_do_you_hear,0,5,what_number_do_you_hear|attempt=0|log=5|15a36c2c7b,audio_recognition,1.0,auditory_number_recognition,,HeardNumberChoice,AudioRecognition,Audio,1,3205,fast,0,,1,very-easy,,,2026-04-28T10:42:03.920Z,2026-04-28T10:42:39.935Z,1,1,,,,,,,,
stu_1777340052233_9667,test_1777341418390_7p46nbr,choose_answer,0,0,choose_answer|attempt=0|log=0|6c5216b1dd,arithmetic_fluency,0.6,operation_identification_from_context,Subtraction,OneStepProblem,WordProblem,Horizontal,1,28895,slow,1,,2,easy,,,2026-04-28T11:00:42.410Z,2026-04-28T11:02:23.244Z,لدى فاطمة 80 درهمًا. إذا اشترت 4 كتب، كل كتاب يكلف 20 درهمًا، كم تبقى معها؟,80 - (4 × 20),,,,,,,Subtraction,Subtraction
stu_1777340052233_9667,test_1777341418390_7p46nbr,choose_answer,0,0,choose_answer|attempt=0|log=0|6c5216b1dd,number_sense,0.2,operation_identification_from_context,Subtraction,OneStepProblem,WordProblem,Horizontal,1,28895,slow,1,,2,easy,,,2026-04-28T11:00:42.410Z,2026-04-28T11:02:23.244Z,لدى فاطمة 80 درهمًا. إذا اشترت 4 كتب، كل كتاب يكلف 20 درهمًا، كم تبقى معها؟,80 - (4 × 20),,,,,,,Subtraction,Subtraction
stu_1777340052233_9667,test_1777341418390_7p46nbr,choose_answer,0,0,choose_answer|attempt=0|log=0|6c5216b1dd,sequential_thinking,0.2,operation_identification_from_context,Subtraction,OneStepProblem,WordProblem,Horizontal,1,28895,slow,1,,2,easy,,,2026-04-28T11:00:42.410Z,2026-04-28T11:02:23.244Z,لدى فاطمة 80 درهمًا. إذا اشترت 4 كتب، كل كتاب يكلف 20 درهمًا، كم تبقى معها؟,80 - (4 × 20),,,,,,,Subtraction,Subtraction
stu_1777340052233_9667,test_1777341418390_7p46nbr,choose_answer,0,1,choose_answer|attempt=0|log=1|351ff3d95d,arithmetic_fluency,0.6,operation_identification_from_context,Subtraction,OneStepProblem,WordProblem,Horizontal,1,11043,medium,0,,3,medium,,,2026-04-28T11:00:42.410Z,2026-04-28T11:02:23.244Z,لدى أحمد 120 درهما، وأعطى 50 درهما لصديقه. كم تبقى لديه؟,120 - 50,,,,,,,Subtraction,Subtraction
stu_1777340052233_9667,test_1777341418390_7p46nbr,choose_answer,0,1,choose_answer|attempt=0|log=1|351ff3d95d,number_sense,0.2,operation_identification_from_context,Subtraction,OneStepProblem,WordProblem,Horizontal,1,11043,medium,0,,3,medium,,,2026-04-28T11:00:42.410Z,2026-04-28T11:02:23.244Z,لدى أحمد 120 درهما، وأعطى 50 درهما لصديقه. كم تبقى لديه؟,120 - 50,,,,,,,Subtraction,Subtraction
stu_1777340052233_9667,test_1777341418390_7p46nbr,choose_answer,0,1,choose_answer|attempt=0|log=1|351ff3d95d,sequential_thinking,0.2,operation_identification_from_context,Subtraction,OneStepProblem,WordProblem,Horizontal,1,11043,medium,0,,3,medium,,,2026-04-28T11:00:42.410Z,2026-04-28T11:02:23.244Z,لدى أحمد 120 درهما، وأعطى 50 درهما لصديقه. كم تبقى لديه؟,120 - 50,,,,,,,Subtraction,Subtraction
stu_1777340052233_9667,test_1777341418390_7p46nbr,choose_answer,0,2,choose_answer|attempt=0|log=2|a932af5362,arithmetic_fluency,0.6,operation_identification_from_context,,OneStepProblem,WordProblem,Horizontal,1,16592,medium,0,,2,easy,,,2026-04-28T11:00:42.410Z,2026-04-28T11:02:23.244Z,في إحدى المزارع هناك 8 حقول. في كل حقل 10 أشجار. كم عدد الأشجار في جميع الحقول؟,8 × 10,,,,,,,,
stu_1777340052233_9667,test_1777341418390_7p46nbr,choose_answer,0,2,choose_answer|attempt=0|log=2|a932af5362,number_sense,0.2,operation_identification_from_context,,OneStepProblem,WordProblem,Horizontal,1,16592,medium,0,,2,easy,,,2026-04-28T11:00:42.410Z,2026-04-28T11:02:23.244Z,في إحدى المزارع هناك 8 حقول. في كل حقل 10 أشجار. كم عدد الأشجار في جميع الحقول؟,8 × 10,,,,,,,,
stu_1777340052233_9667,test_1777341418390_7p46nbr,choose_answer,0,2,choose_answer|attempt=0|log=2|a932af5362,sequential_thinking,0.2,operation_identification_from_context,,OneStepProblem,WordProblem,Horizontal,1,16592,medium,0,,2,easy,,,2026-04-28T11:00:42.410Z,2026-04-28T11:02:23.244Z,في إحدى المزارع هناك 8 حقول. في كل حقل 10 أشجار. كم عدد الأشجار في جميع الحقول؟,8 × 10,,,,,,,,
stu_1777340052233_9667,test_1777341418390_7p46nbr,choose_answer,0,3,choose_answer|attempt=0|log=3|b854bfd627,arithmetic_fluency,0.6,operation_identification_from_context,Subtraction,OneStepProblem,WordProblem,Horizontal,1,34447,slow,1,,3,medium,,,2026-04-28T11:00:42.410Z,2026-04-28T11:02:23.244Z,كانت لديك 500 درهمًا، اشتريت 3 هدايا بتكلفة 120 درهمًا لكل هدية. كم تبقى لديك؟,500 - (3 × 120),,,,,,,Subtraction,Subtraction
stu_1777340052233_9667,test_1777341418390_7p46nbr,choose_answer,0,3,choose_answer|attempt=0|log=3|b854bfd627,number_sense,0.2,operation_identification_from_context,Subtraction,OneStepProblem,WordProblem,Horizontal,1,34447,slow,1,,3,medium,,,2026-04-28T11:00:42.410Z,2026-04-28T11:02:23.244Z,كانت لديك 500 درهمًا، اشتريت 3 هدايا بتكلفة 120 درهمًا لكل هدية. كم تبقى لديك؟,500 - (3 × 120),,,,,,,Subtraction,Subtraction
stu_1777340052233_9667,test_1777341418390_7p46nbr,choose_answer,0,3,choose_answer|attempt=0|log=3|b854bfd627,sequential_thinking,0.2,operation_identification_from_context,Subtraction,OneStepProblem,WordProblem,Horizontal,1,34447,slow,1,,3,medium,,,2026-04-28T11:00:42.410Z,2026-04-28T11:02:23.244Z,كانت لديك 500 درهمًا، اشتريت 3 هدايا بتكلفة 120 درهمًا لكل هدية. كم تبقى لديك؟,500 - (3 × 120),,,,,,,Subtraction,Subtraction
stu_1777340052233_9667,test_1777341418390_7p46nbr,choose_answer,0,4,choose_answer|attempt=0|log=4|47cc5ef5b1,arithmetic_fluency,0.6,operation_identification_from_context,Subtraction,OneStepProblem,WordProblem,Horizontal,1,9857,fast,0,,3,medium,,,2026-04-28T11:00:42.410Z,2026-04-28T11:02:23.244Z,إذا كانت لديك 500 درهمًا وأعطيت 200 درهمًا لصديقك، كم يتبقى لديك؟,500 - 200,,,,,,,Subtraction,Subtraction
stu_1777340052233_9667,test_1777341418390_7p46nbr,choose_answer,0,4,choose_answer|attempt=0|log=4|47cc5ef5b1,number_sense,0.2,operation_identification_from_context,Subtraction,OneStepProblem,WordProblem,Horizontal,1,9857,fast,0,,3,medium,,,2026-04-28T11:00:42.410Z,2026-04-28T11:02:23.244Z,إذا كانت لديك 500 درهمًا وأعطيت 200 درهمًا لصديقك، كم يتبقى لديك؟,500 - 200,,,,,,,Subtraction,Subtraction
stu_1777340052233_9667,test_1777341418390_7p46nbr,choose_answer,0,4,choose_answer|attempt=0|log=4|47cc5ef5b1,sequential_thinking,0.2,operation_identification_from_context,Subtraction,OneStepProblem,WordProblem,Horizontal,1,9857,fast,0,,3,medium,,,2026-04-28T11:00:42.410Z,2026-04-28T11:02:23.244Z,إذا كانت لديك 500 درهمًا وأعطيت 200 درهمًا لصديقك، كم يتبقى لديك؟,500 - 200,,,,,,,Subtraction,Subtraction
stu_1777340052233_9667,test_1777341418390_7p46nbr,find_previous_next_number,0,0,find_previous_next_number|attempt=0|log=0|8376afcca5,sequential_thinking,1.0,previous_next_number,,PreviousAndNext,Sequence,Horizontal,1,111250,medium,0,,5,hard,60530-60539,,2026-04-28T10:50:57.202Z,2026-04-28T10:52:10.216Z,60533,,,,"[60532, 60534]","[60532, 60534]",,,,
stu_1777340052233_9667,test_1777341418390_7p46nbr,find_previous_next_number,0,1,find_previous_next_number|attempt=0|log=1|2ded962eed,sequential_thinking,1.0,previous_next_number,,PreviousAndNext,Sequence,Horizontal,1,64646,medium,0,,4,hard,9800-9809,,2026-04-28T10:50:57.202Z,2026-04-28T10:52:10.216Z,9804,,,,"[9803, 9805]","[9803, 9805]",,,,
stu_1777340052233_9667,test_1777341418390_7p46nbr,find_previous_next_number,0,2,find_previous_next_number|attempt=0|log=2|c4fe1ee21b,sequential_thinking,1.0,previous_next_number,,PreviousAndNext,Sequence,Horizontal,1,73014,medium,0,,5,hard,90180-90189,,2026-04-28T10:50:57.202Z,2026-04-28T10:52:10.216Z,90180,,,,"[90179, 90181]","[90179, 90181]",,,,
stu_1777340052233_9667,test_1777341418390_7p46nbr,identify_place_value,0,0,identify_place_value|attempt=0|log=0|07bd7aacae,number_sense,1.0,place_value_identification,,PlaceValue,PlaceValue,Visual,1,93206,fast,0,,6,hard,,,2026-04-28T10:59:01.685Z,2026-04-28T11:00:42.172Z,,,,,"{""pos_0"": 4, ""pos_1"": 3, ""pos_2"": 5, ""pos_3"": 9, ""pos_4"": 6, ""pos_5"": 8}","{""pos_0"": ""4"", ""pos_1"": ""3"", ""pos_2"": ""5"", ""pos_3"": ""9"", ""pos_4"": ""6"", ""pos_5"": ""8""}",,,,
stu_1777340052233_9667,test_1777341418390_7p46nbr,identify_place_value,0,1,identify_place_value|attempt=0|log=1|b676e7f454,number_sense,1.0,place_value_identification,,PlaceValue,PlaceValue,Visual,1,74557,fast,0,,6,hard,,,2026-04-28T10:59:01.685Z,2026-04-28T11:00:42.172Z,,,,,"{""pos_0"": 1, ""pos_1"": 8, ""pos_2"": 4, ""pos_3"": 2, ""pos_4"": 6, ""pos_5"": 3}","{""pos_0"": ""1"", ""pos_1"": ""8"", ""pos_2"": ""4"", ""pos_3"": ""2"", ""pos_4"": ""6"", ""pos_5"": ""3""}",,,,
stu_1777340052233_9667,test_1777341418390_7p46nbr,identify_place_value,0,2,identify_place_value|attempt=0|log=2|cb0b891198,number_sense,1.0,place_value_identification,,PlaceValue,PlaceValue,Visual,1,50793,fast,0,,6,hard,,,2026-04-28T10:59:01.685Z,2026-04-28T11:00:42.172Z,,,,,"{""pos_0"": 2, ""pos_1"": 0, ""pos_2"": 7, ""pos_3"": 8, ""pos_4"": 8, ""pos_5"": 2}","{""pos_0"": ""2"", ""pos_1"": ""0"", ""pos_2"": ""7"", ""pos_3"": ""8"", ""pos_4"": ""8"", ""pos_5"": ""2""}",,,,
stu_1777340052233_9667,test_1777341418390_7p46nbr,identify_place_value,0,3,identify_place_value|attempt=0|log=3|a7c3e4b190,number_sense,1.0,place_value_identification,,PlaceValue,PlaceValue,Visual,1,100487,fast,0,,6,hard,,,2026-04-28T10:59:01.685Z,2026-04-28T11:00:42.172Z,,,,,"{""pos_0"": 9, ""pos_1"": 4, ""pos_2"": 1, ""pos_3"": 2, ""pos_4"": 4, ""pos_5"": 4}","{""pos_0"": 9, ""pos_1"": ""4"", ""pos_2"": 1, ""pos_3"": 2, ""pos_4"": ""4"", ""pos_5"": ""4""}",,,,
stu_1777340052233_9667,test_1777341418390_7p46nbr,order_numbers,0,0,order_numbers|attempt=0|log=0|13a50cfdd1,sequential_thinking,1.0,number_ordering,,Ordering_desc,Ordering,Visual,1,45875,fast,0,,6,hard,,3.0,2026-04-28T10:52:10.445Z,2026-04-28T10:55:22.894Z,,,,,,,,desc,,
stu_1777340052233_9667,test_1777341418390_7p46nbr,order_numbers,0,1,order_numbers|attempt=0|log=1|f97e1e3904,sequential_thinking,1.0,number_ordering,,Ordering_asc,Ordering,Visual,1,17398,fast,0,,6,hard,,2.0,2026-04-28T10:52:10.445Z,2026-04-28T10:55:22.894Z,,,,,,,,asc,,
stu_1777340052233_9667,test_1777341418390_7p46nbr,order_numbers,0,2,order_numbers|attempt=0|log=2|22e888c94b,sequential_thinking,1.0,number_ordering,,Ordering_asc,Ordering,Visual,1,51913,fast,0,,6,hard,,6.0,2026-04-28T10:52:10.445Z,2026-04-28T10:55:22.894Z,,,,,,,,asc,,
stu_1777340052233_9667,test_1777341418390_7p46nbr,order_numbers,0,3,order_numbers|attempt=0|log=3|ac67ce5168,sequential_thinking,1.0,number_ordering,,Ordering_asc,Ordering,Visual,1,32376,fast,0,,6,hard,,5.0,2026-04-28T10:52:10.445Z,2026-04-28T10:55:22.894Z,,,,,,,,asc,,
stu_1777340052233_9667,test_1777341418390_7p46nbr,order_numbers,0,4,order_numbers|attempt=0|log=4|5d5626a6b9,sequential_thinking,1.0,number_ordering,,Ordering_desc,Ordering,Visual,1,44887,fast,0,,6,hard,,6.0,2026-04-28T10:52:10.445Z,2026-04-28T10:55:22.894Z,,,,,,,,desc,,
stu_1777340052233_9667,test_1777341418390_7p46nbr,vertical_operations,0,0,vertical_operations|attempt=0|log=0|fbf7fa9bb6,arithmetic_fluency,1.0,vertical_operation_fluency,Addition,AdditionWithCarry,VerticalOperation,Vertical,1,57002,fast,0,,3,medium,,,2026-04-28T11:02:23.513Z,2026-04-28T11:10:06.583Z,84 Addition 392,,476,476,,,,,,
stu_1777340052233_9667,test_1777341418390_7p46nbr,vertical_operations,0,1,vertical_operations|attempt=0|log=1|353d364920,arithmetic_fluency,1.0,vertical_operation_fluency,Multiplication,MultiStepMultiplication,VerticalOperation,Vertical,0,251286,fast,0,ComputationError,6,hard,,,2026-04-28T11:02:23.513Z,2026-04-28T11:10:06.583Z,315 Multiplication 897,,282555,182555,,,,,,
stu_1777340052233_9667,test_1777341418390_7p46nbr,vertical_operations,0,2,vertical_operations|attempt=0|log=2|ccaf05cb2e,arithmetic_fluency,1.0,vertical_operation_fluency,Multiplication,MultiStepMultiplication,VerticalOperation,Vertical,1,118999,fast,0,,4,hard,,,2026-04-28T11:02:23.513Z,2026-04-28T11:10:06.583Z,75 Multiplication 85,,6375,6375,,,,,,
stu_1777340052233_9667,test_1777341418390_7p46nbr,vertical_operations,0,3,vertical_operations|attempt=0|log=3|54bf453f5b,arithmetic_fluency,1.0,vertical_operation_fluency,Addition,SimpleAddition,VerticalOperation,Vertical,1,35783,fast,0,,3,medium,,,2026-04-28T11:02:23.513Z,2026-04-28T11:10:06.583Z,104 Addition 500,,604,604,,,,,,
stu_1777340052233_9667,test_1777341418390_7p46nbr,what_number_do_you_hear,0,0,what_number_do_you_hear|attempt=0|log=0|8646396bed,audio_recognition,1.0,auditory_number_recognition,,HeardNumberChoice,AudioRecognition,Audio,1,12654,medium,0,,1,very-easy,,,2026-04-28T10:47:31.781Z,2026-04-28T10:48:01.121Z,1,1,,,,,,,,
stu_1777340052233_9667,test_1777341418390_7p46nbr,what_number_do_you_hear,0,1,what_number_do_you_hear|attempt=0|log=1|f4d412c7cb,audio_recognition,1.0,auditory_number_recognition,,HeardNumberChoice,AudioRecognition,Audio,1,6766,fast,0,,2,easy,,,2026-04-28T10:47:31.781Z,2026-04-28T10:48:01.121Z,10,10,,,,,,,,
stu_1777340052233_9667,test_1777341418390_7p46nbr,what_number_do_you_hear,0,2,what_number_do_you_hear|attempt=0|log=2|7a790e1358,audio_recognition,1.0,auditory_number_recognition,,HeardNumberChoice,AudioRecognition,Audio,1,2528,fast,0,,1,very-easy,,,2026-04-28T10:47:31.781Z,2026-04-28T10:48:01.121Z,3,3,,,,,,,,
stu_1777340052233_9667,test_1777341418390_7p46nbr,what_number_do_you_hear,0,3,what_number_do_you_hear|attempt=0|log=3|985a94f767,audio_recognition,1.0,auditory_number_recognition,,HeardNumberChoice,AudioRecognition,Audio,1,2640,fast,0,,1,very-easy,,,2026-04-28T10:47:31.781Z,2026-04-28T10:48:01.121Z,7,7,,,,,,,,
stu_1777340052233_9667,test_1777341418390_7p46nbr,what_number_do_you_hear,0,4,what_number_do_you_hear|attempt=0|log=4|fb12a5fe0f,audio_recognition,1.0,auditory_number_recognition,,HeardNumberChoice,AudioRecognition,Audio,1,2568,fast,0,,1,very-easy,,,2026-04-28T10:47:31.781Z,2026-04-28T10:48:01.121Z,9,9,,,,,,,,
stu_1777340052233_9667,test_1777341418390_7p46nbr,what_number_do_you_hear,0,5,what_number_do_you_hear|attempt=0|log=5|106518953b,audio_recognition,1.0,auditory_number_recognition,,HeardNumberChoice,AudioRecognition,Audio,1,2184,fast,0,,1,very-easy,,,2026-04-28T10:47:31.781Z,2026-04-28T10:48:01.121Z,8,8,,,,,,,,
stu_1777340052756_4794,test_1777341418390_7p46nbr,find_previous_next_number,0,0,find_previous_next_number|attempt=0|log=0|f366f46a56,sequential_thinking,1.0,previous_next_number,,PreviousAndNext,Sequence,Horizontal,1,60708,medium,0,,5,hard,76230-76239,,2026-04-28T11:25:55.075Z,2026-04-28T11:26:55.522Z,76236,,,,"[76235, 76237]","[76235, 76237]",,,,
stu_1777340052756_4794,test_1777341418390_7p46nbr,find_previous_next_number,0,1,find_previous_next_number|attempt=0|log=1|34a245802a,sequential_thinking,1.0,previous_next_number,,PreviousAndNext,Sequence,Horizontal,1,62477,medium,0,,5,hard,47320-47329,,2026-04-28T11:25:55.075Z,2026-04-28T11:26:55.522Z,47323,,,,"[47322, 47324]","[47322, 47324]",,,,
stu_1777340052756_4794,test_1777341418390_7p46nbr,find_previous_next_number,0,2,find_previous_next_number|attempt=0|log=2|dc95419d6e,sequential_thinking,1.0,previous_next_number,,PreviousAndNext,Sequence,Horizontal,1,60447,medium,0,,5,hard,75770-75779,,2026-04-28T11:25:55.075Z,2026-04-28T11:26:55.522Z,75775,,,,"[75774, 75776]","[75774, 75776]",,,,
stu_1777340052756_4794,test_1777341418390_7p46nbr,find_previous_next_number,1,0,find_previous_next_number|attempt=1|log=0|9e6ea6834f,sequential_thinking,1.0,previous_next_number,,PreviousAndNext,Sequence,Horizontal,1,41270,fast,0,,4,hard,8760-8769,,2026-04-28T11:21:09.452Z,2026-04-28T11:22:22.035Z,8763,,,,"[8762, 8764]","[8762, 8764]",,,,
stu_1777340052756_4794,test_1777341418390_7p46nbr,find_previous_next_number,1,1,find_previous_next_number|attempt=1|log=1|bfbffad95d,sequential_thinking,1.0,previous_next_number,,PreviousAndNext,Sequence,Horizontal,0,48238,fast,0,MissingPrevious,4,hard,7500-7509,,2026-04-28T11:21:09.452Z,2026-04-28T11:22:22.035Z,7500,,,,"[7499, 7501]","[7500, 7501]",,,,
stu_1777340052756_4794,test_1777341418390_7p46nbr,find_previous_next_number,1,2,find_previous_next_number|attempt=1|log=2|3b0cba6b39,sequential_thinking,1.0,previous_next_number,,PreviousAndNext,Sequence,Horizontal,0,72583,medium,0,MissingPrevious,4,hard,9770-9779,,2026-04-28T11:21:09.452Z,2026-04-28T11:22:22.035Z,9770,,,,"[9769, 9771]","[9770, 9771]",,,,
stu_1777340052756_4794,test_1777341418390_7p46nbr,order_numbers,0,0,order_numbers|attempt=0|log=0|a7efd701f8,sequential_thinking,1.0,number_ordering,,Ordering_desc,Ordering,Visual,1,107656,fast,0,,6,hard,,7.0,2026-04-28T11:26:55.592Z,2026-04-28T11:31:10.015Z,,,,,,,,desc,,
stu_1777340052756_4794,test_1777341418390_7p46nbr,order_numbers,0,1,order_numbers|attempt=0|log=1|d547da27b3,sequential_thinking,1.0,number_ordering,,Ordering_asc,Ordering,Visual,0,38607,fast,0,ReversedDescending,6,hard,,6.0,2026-04-28T11:26:55.592Z,2026-04-28T11:31:10.015Z,,,,,,,,asc,,
stu_1777340052756_4794,test_1777341418390_7p46nbr,order_numbers,0,2,order_numbers|attempt=0|log=2|c9d5f418e6,sequential_thinking,1.0,number_ordering,,Ordering_asc,Ordering,Visual,0,15345,fast,0,ReversedDescending,6,hard,,3.0,2026-04-28T11:26:55.592Z,2026-04-28T11:31:10.015Z,,,,,,,,asc,,
stu_1777340052756_4794,test_1777341418390_7p46nbr,order_numbers,0,3,order_numbers|attempt=0|log=3|1020609baf,sequential_thinking,1.0,number_ordering,,Ordering_asc,Ordering,Visual,0,27343,fast,0,ReversedDescending,6,hard,,5.0,2026-04-28T11:26:55.592Z,2026-04-28T11:31:10.015Z,,,,,,,,asc,,
stu_1777340052756_4794,test_1777341418390_7p46nbr,order_numbers,0,4,order_numbers|attempt=0|log=4|8fd7dc34e5,sequential_thinking,1.0,number_ordering,,Ordering_desc,Ordering,Visual,1,65472,fast,0,,6,hard,,7.0,2026-04-28T11:26:55.592Z,2026-04-28T11:31:10.015Z,,,,,,,,desc,,
stu_1777340052756_4794,test_1777341418390_7p46nbr,what_number_do_you_hear,0,0,what_number_do_you_hear|attempt=0|log=0|053c898c5b,audio_recognition,1.0,auditory_number_recognition,,HeardNumberChoice,AudioRecognition,Audio,1,3431,fast,0,,1,very-easy,,,2026-04-28T11:23:31.043Z,2026-04-28T11:23:51.778Z,6,6,,,,,,,,
stu_1777340052756_4794,test_1777341418390_7p46nbr,what_number_do_you_hear,0,1,what_number_do_you_hear|attempt=0|log=1|9cbffe27bb,audio_recognition,1.0,auditory_number_recognition,,HeardNumberChoice,AudioRecognition,Audio,1,2768,fast,0,,1,very-easy,,,2026-04-28T11:23:31.043Z,2026-04-28T11:23:51.778Z,3,3,,,,,,,,
stu_1777340052756_4794,test_1777341418390_7p46nbr,what_number_do_you_hear,0,2,what_number_do_you_hear|attempt=0|log=2|e2afb25ef6,audio_recognition,1.0,auditory_number_recognition,,HeardNumberChoice,AudioRecognition,Audio,1,1880,fast,0,,1,very-easy,,,2026-04-28T11:23:31.043Z,2026-04-28T11:23:51.778Z,1,1,,,,,,,,
stu_1777340052756_4794,test_1777341418390_7p46nbr,what_number_do_you_hear,0,3,what_number_do_you_hear|attempt=0|log=3|f0a1022b45,audio_recognition,1.0,auditory_number_recognition,,HeardNumberChoice,AudioRecognition,Audio,1,9384,fast,0,,1,very-easy,,,2026-04-28T11:23:31.043Z,2026-04-28T11:23:51.778Z,0,0,,,,,,,,
stu_1777340052756_4794,test_1777341418390_7p46nbr,what_number_do_you_hear,0,4,what_number_do_you_hear|attempt=0|log=4|26ef815725,audio_recognition,1.0,auditory_number_recognition,,HeardNumberChoice,AudioRecognition,Audio,1,1568,fast,0,,2,easy,,,2026-04-28T11:23:31.043Z,2026-04-28T11:23:51.778Z,10,10,,,,,,,,
stu_1777340052756_4794,test_1777341418390_7p46nbr,what_number_do_you_hear,0,5,what_number_do_you_hear|attempt=0|log=5|4992588009,audio_recognition,1.0,auditory_number_recognition,,HeardNumberChoice,AudioRecognition,Audio,1,1704,fast,0,,1,very-easy,,,2026-04-28T11:23:31.043Z,2026-04-28T11:23:51.778Z,5,5,,,,,,,,
stu_1777340052928_1612,test_1777341418390_7p46nbr,choose_answer,0,0,choose_answer|attempt=0|log=0|8a317b751b,arithmetic_fluency,0.6,operation_identification_from_context,,OneStepProblem,WordProblem,Horizontal,1,27496,slow,1,,2,easy,,,2026-04-28T11:47:18.781Z,2026-04-28T11:48:35.551Z,في أحد المخابز يوجد 15 صندوقًا من الخبز. في كل صندوق 20 رغيفًا. كم رغيفًا في المجموع؟,15 × 20,,,,,,,,
stu_1777340052928_1612,test_1777341418390_7p46nbr,choose_answer,0,0,choose_answer|attempt=0|log=0|8a317b751b,number_sense,0.2,operation_identification_from_context,,OneStepProblem,WordProblem,Horizontal,1,27496,slow,1,,2,easy,,,2026-04-28T11:47:18.781Z,2026-04-28T11:48:35.551Z,في أحد المخابز يوجد 15 صندوقًا من الخبز. في كل صندوق 20 رغيفًا. كم رغيفًا في المجموع؟,15 × 20,,,,,,,,
stu_1777340052928_1612,test_1777341418390_7p46nbr,choose_answer,0,0,choose_answer|attempt=0|log=0|8a317b751b,sequential_thinking,0.2,operation_identification_from_context,,OneStepProblem,WordProblem,Horizontal,1,27496,slow,1,,2,easy,,,2026-04-28T11:47:18.781Z,2026-04-28T11:48:35.551Z,في أحد المخابز يوجد 15 صندوقًا من الخبز. في كل صندوق 20 رغيفًا. كم رغيفًا في المجموع؟,15 × 20,,,,,,,,
stu_1777340052928_1612,test_1777341418390_7p46nbr,choose_answer,0,1,choose_answer|attempt=0|log=1|eb983361b0,arithmetic_fluency,0.6,operation_identification_from_context,,OneStepProblem,WordProblem,Horizontal,1,15596,medium,0,,1,very-easy,,,2026-04-28T11:47:18.781Z,2026-04-28T11:48:35.551Z,أبنى 6 منازل في حي جديد، وفي كل منزل 8 نوافذ. كم عدد النوافذ في الحي؟,6 × 8,,,,,,,,
stu_1777340052928_1612,test_1777341418390_7p46nbr,choose_answer,0,1,choose_answer|attempt=0|log=1|eb983361b0,number_sense,0.2,operation_identification_from_context,,OneStepProblem,WordProblem,Horizontal,1,15596,medium,0,,1,very-easy,,,2026-04-28T11:47:18.781Z,2026-04-28T11:48:35.551Z,أبنى 6 منازل في حي جديد، وفي كل منزل 8 نوافذ. كم عدد النوافذ في الحي؟,6 × 8,,,,,,,,
stu_1777340052928_1612,test_1777341418390_7p46nbr,choose_answer,0,1,choose_answer|attempt=0|log=1|eb983361b0,sequential_thinking,0.2,operation_identification_from_context,,OneStepProblem,WordProblem,Horizontal,1,15596,medium,0,,1,very-easy,,,2026-04-28T11:47:18.781Z,2026-04-28T11:48:35.551Z,أبنى 6 منازل في حي جديد، وفي كل منزل 8 نوافذ. كم عدد النوافذ في الحي؟,6 × 8,,,,,,,,
stu_1777340052928_1612,test_1777341418390_7p46nbr,choose_answer,0,2,choose_answer|attempt=0|log=2|22bd9010b4,arithmetic_fluency,0.6,operation_identification_from_context,,OneStepProblem,WordProblem,Horizontal,1,11639,medium,0,,2,easy,,,2026-04-28T11:47:18.781Z,2026-04-28T11:48:35.551Z,أشترى أحمد 12 تذكرة سينما، سعر التذكرة الواحدة 50 درهما. كم دفع أحمد في المجمل؟,12 × 50,,,,,,,,
stu_1777340052928_1612,test_1777341418390_7p46nbr,choose_answer,0,2,choose_answer|attempt=0|log=2|22bd9010b4,number_sense,0.2,operation_identification_from_context,,OneStepProblem,WordProblem,Horizontal,1,11639,medium,0,,2,easy,,,2026-04-28T11:47:18.781Z,2026-04-28T11:48:35.551Z,أشترى أحمد 12 تذكرة سينما، سعر التذكرة الواحدة 50 درهما. كم دفع أحمد في المجمل؟,12 × 50,,,,,,,,
stu_1777340052928_1612,test_1777341418390_7p46nbr,choose_answer,0,2,choose_answer|attempt=0|log=2|22bd9010b4,sequential_thinking,0.2,operation_identification_from_context,,OneStepProblem,WordProblem,Horizontal,1,11639,medium,0,,2,easy,,,2026-04-28T11:47:18.781Z,2026-04-28T11:48:35.551Z,أشترى أحمد 12 تذكرة سينما، سعر التذكرة الواحدة 50 درهما. كم دفع أحمد في المجمل؟,12 × 50,,,,,,,,
stu_1777340052928_1612,test_1777341418390_7p46nbr,choose_answer,0,3,choose_answer|attempt=0|log=3|392725d13f,arithmetic_fluency,0.6,operation_identification_from_context,Addition,OneStepProblem,WordProblem,Horizontal,1,8984,fast,0,,1,very-easy,,,2026-04-28T11:47:18.781Z,2026-04-28T11:48:35.551Z,اشترت فاطمة 3 تفاحات و4 برتقالات. كم فاكهة اشترت فاطمة؟,3 + 4,,,,,,,Addition,Addition
stu_1777340052928_1612,test_1777341418390_7p46nbr,choose_answer,0,3,choose_answer|attempt=0|log=3|392725d13f,number_sense,0.2,operation_identification_from_context,Addition,OneStepProblem,WordProblem,Horizontal,1,8984,fast,0,,1,very-easy,,,2026-04-28T11:47:18.781Z,2026-04-28T11:48:35.551Z,اشترت فاطمة 3 تفاحات و4 برتقالات. كم فاكهة اشترت فاطمة؟,3 + 4,,,,,,,Addition,Addition
stu_1777340052928_1612,test_1777341418390_7p46nbr,choose_answer,0,3,choose_answer|attempt=0|log=3|392725d13f,sequential_thinking,0.2,operation_identification_from_context,Addition,OneStepProblem,WordProblem,Horizontal,1,8984,fast,0,,1,very-easy,,,2026-04-28T11:47:18.781Z,2026-04-28T11:48:35.551Z,اشترت فاطمة 3 تفاحات و4 برتقالات. كم فاكهة اشترت فاطمة؟,3 + 4,,,,,,,Addition,Addition
stu_1777340052928_1612,test_1777341418390_7p46nbr,choose_answer,0,4,choose_answer|attempt=0|log=4|cf429c5478,arithmetic_fluency,0.6,operation_identification_from_context,,OneStepProblem,WordProblem,Horizontal,1,13055,medium,0,,2,easy,,,2026-04-28T11:47:18.781Z,2026-04-28T11:48:35.551Z,في مستودع هناك 15 صندوقًا، وكل صندوق يحتوي على 35 قطعة. كم عدد القطع في المستودع؟,15 × 35,,,,,,,,
stu_1777340052928_1612,test_1777341418390_7p46nbr,choose_answer,0,4,choose_answer|attempt=0|log=4|cf429c5478,number_sense,0.2,operation_identification_from_context,,OneStepProblem,WordProblem,Horizontal,1,13055,medium,0,,2,easy,,,2026-04-28T11:47:18.781Z,2026-04-28T11:48:35.551Z,في مستودع هناك 15 صندوقًا، وكل صندوق يحتوي على 35 قطعة. كم عدد القطع في المستودع؟,15 × 35,,,,,,,,
stu_1777340052928_1612,test_1777341418390_7p46nbr,choose_answer,0,4,choose_answer|attempt=0|log=4|cf429c5478,sequential_thinking,0.2,operation_identification_from_context,,OneStepProblem,WordProblem,Horizontal,1,13055,medium,0,,2,easy,,,2026-04-28T11:47:18.781Z,2026-04-28T11:48:35.551Z,في مستودع هناك 15 صندوقًا، وكل صندوق يحتوي على 35 قطعة. كم عدد القطع في المستودع؟,15 × 35,,,,,,,,
stu_1777340052928_1612,test_1777341418390_7p46nbr,find_previous_next_number,0,0,find_previous_next_number|attempt=0|log=0|5b73cc6f33,sequential_thinking,1.0,previous_next_number,,PreviousAndNext,Sequence,Horizontal,1,94003,medium,0,,5,hard,68960-68969,,2026-04-28T11:36:40.767Z,2026-04-28T11:38:21.372Z,68964,,,,"[68963, 68965]","[68963, 68965]",,,,
stu_1777340052928_1612,test_1777341418390_7p46nbr,find_previous_next_number,0,1,find_previous_next_number|attempt=0|log=1|ae9fcfaba1,sequential_thinking,1.0,previous_next_number,,PreviousAndNext,Sequence,Horizontal,1,115550,medium,0,,5,hard,77220-77229,,2026-04-28T11:36:40.767Z,2026-04-28T11:38:21.372Z,77227,,,,"[77226, 77228]","[77226, 77228]",,,,
stu_1777340052928_1612,test_1777341418390_7p46nbr,find_previous_next_number,0,2,find_previous_next_number|attempt=0|log=2|d378ec858a,sequential_thinking,1.0,previous_next_number,,PreviousAndNext,Sequence,Horizontal,1,100605,medium,0,,5,hard,19060-19069,,2026-04-28T11:36:40.767Z,2026-04-28T11:38:21.372Z,19064,,,,"[19063, 19065]","[19063, 19065]",,,,
stu_1777340052928_1612,test_1777341418390_7p46nbr,identify_place_value,0,0,identify_place_value|attempt=0|log=0|df1e686176,number_sense,1.0,place_value_identification,,PlaceValue,PlaceValue,Visual,1,63280,fast,0,,6,hard,,,2026-04-28T11:46:23.217Z,2026-04-28T11:47:18.705Z,,,,,"{""pos_0"": 2, ""pos_1"": 7, ""pos_2"": 9, ""pos_3"": 8, ""pos_4"": 6, ""pos_5"": 4}","{""pos_0"": 2, ""pos_1"": 7, ""pos_2"": 9, ""pos_3"": 8, ""pos_4"": 6, ""pos_5"": 4}",,,,
stu_1777340052928_1612,test_1777341418390_7p46nbr,identify_place_value,0,1,identify_place_value|attempt=0|log=1|ef99a9d716,number_sense,1.0,place_value_identification,,PlaceValue,PlaceValue,Visual,1,56559,fast,0,,6,hard,,,2026-04-28T11:46:23.217Z,2026-04-28T11:47:18.705Z,,,,,"{""pos_0"": 9, ""pos_1"": 2, ""pos_2"": 0, ""pos_3"": 0, ""pos_4"": 6, ""pos_5"": 9}","{""pos_0"": 9, ""pos_1"": 2, ""pos_2"": 0, ""pos_3"": 0, ""pos_4"": 6, ""pos_5"": 9}",,,,
stu_1777340052928_1612,test_1777341418390_7p46nbr,identify_place_value,0,2,identify_place_value|attempt=0|log=2|a83c3bb8d6,number_sense,1.0,place_value_identification,,PlaceValue,PlaceValue,Visual,1,44617,fast,0,,6,hard,,,2026-04-28T11:46:23.217Z,2026-04-28T11:47:18.705Z,,,,,"{""pos_0"": 3, ""pos_1"": 8, ""pos_2"": 6, ""pos_3"": 8, ""pos_4"": 3, ""pos_5"": 6}","{""pos_0"": 3, ""pos_1"": 8, ""pos_2"": 6, ""pos_3"": 8, ""pos_4"": 3, ""pos_5"": 6}",,,,
stu_1777340052928_1612,test_1777341418390_7p46nbr,identify_place_value,0,3,identify_place_value|attempt=0|log=3|85a928f36f,number_sense,1.0,place_value_identification,,PlaceValue,PlaceValue,Visual,1,55487,fast,0,,6,hard,,,2026-04-28T11:46:23.217Z,2026-04-28T11:47:18.705Z,,,,,"{""pos_0"": 6, ""pos_1"": 5, ""pos_2"": 0, ""pos_3"": 5, ""pos_4"": 5, ""pos_5"": 4}","{""pos_0"": 6, ""pos_1"": 5, ""pos_2"": 0, ""pos_3"": 5, ""pos_4"": 5, ""pos_5"": 4}",,,,
stu_1777340052928_1612,test_1777341418390_7p46nbr,order_numbers,0,0,order_numbers|attempt=0|log=0|f09a13b8e8,sequential_thinking,1.0,number_ordering,,Ordering_desc,Ordering,Visual,1,39998,fast,0,,6,hard,,6.0,2026-04-28T11:38:21.439Z,2026-04-28T11:43:38.682Z,,,,,,,,desc,,
stu_1777340052928_1612,test_1777341418390_7p46nbr,order_numbers,0,1,order_numbers|attempt=0|log=1|02d39e7a5c,sequential_thinking,1.0,number_ordering,,Ordering_asc,Ordering,Visual,1,73566,fast,0,,6,hard,,7.0,2026-04-28T11:38:21.439Z,2026-04-28T11:43:38.682Z,,,,,,,,asc,,
stu_1777340052928_1612,test_1777341418390_7p46nbr,order_numbers,0,2,order_numbers|attempt=0|log=2|48743e76b9,sequential_thinking,1.0,number_ordering,,Ordering_desc,Ordering,Visual,1,78487,fast,0,,6,hard,,7.0,2026-04-28T11:38:21.439Z,2026-04-28T11:43:38.682Z,,,,,,,,desc,,
stu_1777340052928_1612,test_1777341418390_7p46nbr,order_numbers,0,3,order_numbers|attempt=0|log=3|f1755636d3,sequential_thinking,1.0,number_ordering,,Ordering_desc,Ordering,Visual,1,95319,fast,0,,6,hard,,7.0,2026-04-28T11:38:21.439Z,2026-04-28T11:43:38.682Z,,,,,,,,desc,,
stu_1777340052928_1612,test_1777341418390_7p46nbr,order_numbers,0,4,order_numbers|attempt=0|log=4|1517df793b,sequential_thinking,1.0,number_ordering,,Ordering_desc,Ordering,Visual,1,29872,fast,0,,6,hard,,4.0,2026-04-28T11:38:21.439Z,2026-04-28T11:43:38.682Z,,,,,,,,desc,,
stu_1777340052928_1612,test_1777341418390_7p46nbr,vertical_operations,0,0,vertical_operations|attempt=0|log=0|8e06cdb563,arithmetic_fluency,1.0,vertical_operation_fluency,Addition,AdditionWithCarry,VerticalOperation,Vertical,1,62288,fast,0,,4,hard,,,2026-04-28T11:48:35.751Z,2026-04-28T11:54:22.125Z,656 Addition 563,,1219,1219,,,,,,
stu_1777340052928_1612,test_1777341418390_7p46nbr,vertical_operations,0,1,vertical_operations|attempt=0|log=1|0a6f7df480,arithmetic_fluency,1.0,vertical_operation_fluency,Subtraction,SubtractionWithBorrow,VerticalOperation,Vertical,1,78799,fast,0,,3,medium,,,2026-04-28T11:48:35.751Z,2026-04-28T11:54:22.125Z,401 Subtraction 236,,165,165,,,,,,
stu_1777340052928_1612,test_1777341418390_7p46nbr,vertical_operations,0,2,vertical_operations|attempt=0|log=2|af7c3e8410,arithmetic_fluency,1.0,vertical_operation_fluency,Multiplication,MultiStepMultiplication,VerticalOperation,Vertical,1,159840,fast,0,,6,hard,,,2026-04-28T11:48:35.751Z,2026-04-28T11:54:22.125Z,375 Multiplication 455,,170625,170625,,,,,,
stu_1777340052928_1612,test_1777341418390_7p46nbr,vertical_operations,0,3,vertical_operations|attempt=0|log=3|6cd5d9a352,arithmetic_fluency,1.0,vertical_operation_fluency,Addition,AdditionWithCarry,VerticalOperation,Vertical,1,45447,fast,0,,3,medium,,,2026-04-28T11:48:35.751Z,2026-04-28T11:54:22.125Z,182 Addition 77,,259,259,,,,,,
stu_1777340052928_1612,test_1777341418390_7p46nbr,what_number_do_you_hear,0,0,what_number_do_you_hear|attempt=0|log=0|650e02a280,audio_recognition,1.0,auditory_number_recognition,,HeardNumberChoice,AudioRecognition,Audio,1,4229,fast,0,,1,very-easy,,,2026-04-28T11:32:39.681Z,2026-04-28T11:33:11.103Z,0,0,,,,,,,,
stu_1777340052928_1612,test_1777341418390_7p46nbr,what_number_do_you_hear,0,1,what_number_do_you_hear|attempt=0|log=1|6365031b16,audio_recognition,1.0,auditory_number_recognition,,HeardNumberChoice,AudioRecognition,Audio,1,10584,medium,0,,1,very-easy,,,2026-04-28T11:32:39.681Z,2026-04-28T11:33:11.103Z,1,1,,,,,,,,
stu_1777340052928_1612,test_1777341418390_7p46nbr,what_number_do_you_hear,0,2,what_number_do_you_hear|attempt=0|log=2|554b00ef68,audio_recognition,1.0,auditory_number_recognition,,HeardNumberChoice,AudioRecognition,Audio,1,11201,medium,0,,1,very-easy,,,2026-04-28T11:32:39.681Z,2026-04-28T11:33:11.103Z,5,5,,,,,,,,
stu_1777340052928_1612,test_1777341418390_7p46nbr,what_number_do_you_hear,0,3,what_number_do_you_hear|attempt=0|log=3|983d9c3c7d,audio_recognition,1.0,auditory_number_recognition,,HeardNumberChoice,AudioRecognition,Audio,1,1512,fast,0,,1,very-easy,,,2026-04-28T11:32:39.681Z,2026-04-28T11:33:11.103Z,2,2,,,,,,,,
stu_1777340052928_1612,test_1777341418390_7p46nbr,what_number_do_you_hear,0,4,what_number_do_you_hear|attempt=0|log=4|5fa3ea9ef2,audio_recognition,1.0,auditory_number_recognition,,HeardNumberChoice,AudioRecognition,Audio,1,1655,fast,0,,1,very-easy,,,2026-04-28T11:32:39.681Z,2026-04-28T11:33:11.103Z,9,9,,,,,,,,
stu_1777340052928_1612,test_1777341418390_7p46nbr,what_number_do_you_hear,0,5,what_number_do_you_hear|attempt=0|log=5|5873554691,audio_recognition,1.0,auditory_number_recognition,,HeardNumberChoice,AudioRecognition,Audio,1,2241,fast,0,,1,very-easy,,,2026-04-28T11:32:39.681Z,2026-04-28T11:33:11.103Z,3,3,,,,,,,,
stu_1777374905378_409,test_1777341418390_7p46nbr,find_previous_next_number,0,0,find_previous_next_number|attempt=0|log=0|360e161f75,sequential_thinking,1.0,previous_next_number,,PreviousAndNext,Sequence,Horizontal,1,55027,fast,0,,5,hard,62410-62419,,2026-04-28T11:34:45.599Z,2026-04-28T11:35:40.376Z,62416,,,,"[62415, 62417]","[62415, 62417]",,,,
stu_1777374905378_409,test_1777341418390_7p46nbr,find_previous_next_number,0,1,find_previous_next_number|attempt=0|log=1|ca818fcd21,sequential_thinking,1.0,previous_next_number,,PreviousAndNext,Sequence,Horizontal,1,54562,fast,0,,5,hard,75970-75979,,2026-04-28T11:34:45.599Z,2026-04-28T11:35:40.376Z,75978,,,,"[75977, 75979]","[75977, 75979]",,,,
stu_1777374905378_409,test_1777341418390_7p46nbr,find_previous_next_number,0,2,find_previous_next_number|attempt=0|log=2|236e3489a6,sequential_thinking,1.0,previous_next_number,,PreviousAndNext,Sequence,Horizontal,1,54777,fast,0,,5,hard,24780-24789,,2026-04-28T11:34:45.599Z,2026-04-28T11:35:40.376Z,24787,,,,"[24786, 24788]","[24786, 24788]",,,,
stu_1777374905378_409,test_1777341418390_7p46nbr,order_numbers,0,0,order_numbers|attempt=0|log=0|326ef3e296,sequential_thinking,1.0,number_ordering,,Ordering_asc,Ordering,Visual,0,69212,fast,0,OneMisplacedNumber,6,hard,,7.0,2026-04-28T11:35:40.440Z,2026-04-28T11:38:57.193Z,,,,,,,,asc,,
stu_1777374905378_409,test_1777341418390_7p46nbr,order_numbers,0,1,order_numbers|attempt=0|log=1|d6bc852a1f,sequential_thinking,1.0,number_ordering,,Ordering_desc,Ordering,Visual,0,32234,fast,0,ReversedAscending,6,hard,,6.0,2026-04-28T11:35:40.440Z,2026-04-28T11:38:57.193Z,,,,,,,,desc,,
stu_1777374905378_409,test_1777341418390_7p46nbr,order_numbers,0,2,order_numbers|attempt=0|log=2|d0748501a3,sequential_thinking,1.0,number_ordering,,Ordering_asc,Ordering,Visual,1,14697,fast,0,,6,hard,,3.0,2026-04-28T11:35:40.440Z,2026-04-28T11:38:57.193Z,,,,,,,,asc,,
stu_1777374905378_409,test_1777341418390_7p46nbr,order_numbers,0,3,order_numbers|attempt=0|log=3|466af78b00,sequential_thinking,1.0,number_ordering,,Ordering_desc,Ordering,Visual,0,60073,fast,0,ReversedAscending,6,hard,,6.0,2026-04-28T11:35:40.440Z,2026-04-28T11:38:57.193Z,,,,,,,,desc,,
stu_1777374905378_409,test_1777341418390_7p46nbr,order_numbers,0,4,order_numbers|attempt=0|log=4|49333040f2,sequential_thinking,1.0,number_ordering,,Ordering_asc,Ordering,Visual,1,20535,fast,0,,6,hard,,5.0,2026-04-28T11:35:40.440Z,2026-04-28T11:38:57.193Z,,,,,,,,asc,,
stu_1777374905378_409,test_1777341418390_7p46nbr,what_number_do_you_hear,0,0,what_number_do_you_hear|attempt=0|log=0|7fed0c3d10,audio_recognition,1.0,auditory_number_recognition,,HeardNumberChoice,AudioRecognition,Audio,1,3545,fast,0,,1,very-easy,,,2026-04-28T11:32:42.687Z,2026-04-28T11:32:55.907Z,7,7,,,,,,,,
stu_1777374905378_409,test_1777341418390_7p46nbr,what_number_do_you_hear,0,1,what_number_do_you_hear|attempt=0|log=1|8a9cfb1503,audio_recognition,1.0,auditory_number_recognition,,HeardNumberChoice,AudioRecognition,Audio,1,2419,fast,0,,1,very-easy,,,2026-04-28T11:32:42.687Z,2026-04-28T11:32:55.907Z,0,0,,,,,,,,
stu_1777374905378_409,test_1777341418390_7p46nbr,what_number_do_you_hear,0,2,what_number_do_you_hear|attempt=0|log=2|0dcf5d90e3,audio_recognition,1.0,auditory_number_recognition,,HeardNumberChoice,AudioRecognition,Audio,1,1766,fast,0,,2,easy,,,2026-04-28T11:32:42.687Z,2026-04-28T11:32:55.907Z,10,10,,,,,,,,
stu_1777374905378_409,test_1777341418390_7p46nbr,what_number_do_you_hear,0,3,what_number_do_you_hear|attempt=0|log=3|697f177add,audio_recognition,1.0,auditory_number_recognition,,HeardNumberChoice,AudioRecognition,Audio,1,2075,fast,0,,1,very-easy,,,2026-04-28T11:32:42.687Z,2026-04-28T11:32:55.907Z,9,9,,,,,,,,
stu_1777374905378_409,test_1777341418390_7p46nbr,what_number_do_you_hear,0,4,what_number_do_you_hear|attempt=0|log=4|837326e1bd,audio_recognition,1.0,auditory_number_recognition,,HeardNumberChoice,AudioRecognition,Audio,1,1726,fast,0,,1,very-easy,,,2026-04-28T11:32:42.687Z,2026-04-28T11:32:55.907Z,8,8,,,,,,,,
stu_1777374905378_409,test_1777341418390_7p46nbr,what_number_do_you_hear,0,5,what_number_do_you_hear|attempt=0|log=5|e68235d73d,audio_recognition,1.0,auditory_number_recognition,,HeardNumberChoice,AudioRecognition,Audio,1,1689,fast,0,,1,very-easy,,,2026-04-28T11:32:42.687Z,2026-04-28T11:32:55.907Z,5,5,,,,,,,,
