student_id,test_id,game_type,attempt_idx,log_idx,item_key,axis,axis_weight,fine_skill,operation,skill_subtype,question_type,format,correct,time_spent_ms,answer_time_category,is_slow,mistake_type,num_digits,complexity_level,difficulty_zone,sequence_length,started_at,finished_at,question,selected,correct_answer,answered,expected,given,comparison_type,order_direction,operations_expected,operations_used
stu_1776848582102_8186,test_1776848340577_ghi7b5y,compare_numbers,0,0,compare_numbers|attempt=0|log=0|41ba2b78fc,comparison_skill,1.0,number_comparison,,Greater,Comparison,Horizontal,1,43866,slow,1,,3.0,medium,,,2026-04-22T09:19:40.315Z,2026-04-22T09:21:07.125Z,,,,,,,Greater,,,
stu_1776848582102_8186,test_1776848340577_ghi7b5y,compare_numbers,0,1,compare_numbers|attempt=0|log=1|991f772d69,comparison_skill,1.0,number_comparison,,Less,Comparison,Horizontal,1,31058,slow,1,,3.0,medium,,,2026-04-22T09:19:40.315Z,2026-04-22T09:21:07.125Z,,,,,,,Less,,,
stu_1776848582102_8186,test_1776848340577_ghi7b5y,compare_numbers,0,2,compare_numbers|attempt=0|log=2|f662966fca,comparison_skill,1.0,number_comparison,,Equal,Comparison,Horizontal,1,11885,medium,0,,3.0,medium,,,2026-04-22T09:19:40.315Z,2026-04-22T09:21:07.125Z,,,,,,,Equal,,,
stu_1776848582102_8186,test_1776848340577_ghi7b5y,decompose_number,0,0,decompose_number|attempt=0|log=0|4457dfbb5e,number_sense,1.0,number_decomposition,,Decomposition,Decomposition,Visual,1,47863,fast,0,,3.0,medium,,,2026-04-22T09:26:18.064Z,2026-04-22T09:27:18.073Z,,,,,"[200, 3]","[200, 3]",,,,
stu_1776848582102_8186,test_1776848340577_ghi7b5y,decompose_number,0,1,decompose_number|attempt=0|log=1|a7bfed2279,number_sense,1.0,number_decomposition,,Decomposition,Decomposition,Visual,1,41898,fast,0,,3.0,medium,,,2026-04-22T09:26:18.064Z,2026-04-22T09:27:18.073Z,,,,,"[600, 20, 2]","[600, 20, 2]",,,,
stu_1776848582102_8186,test_1776848340577_ghi7b5y,decompose_number,0,2,decompose_number|attempt=0|log=2|ca2a8d7b6f,number_sense,1.0,number_decomposition,,Decomposition,Decomposition,Visual,1,79288,fast,0,,3.0,medium,,,2026-04-22T09:26:18.064Z,2026-04-22T09:27:18.073Z,,,,,"[800, 80]","[800, 80]",,,,
stu_1776848582102_8186,test_1776848340577_ghi7b5y,decompose_number,0,3,decompose_number|attempt=0|log=3|a51559b15d,number_sense,1.0,number_decomposition,,Decomposition,Decomposition,Visual,1,60009,fast,0,,3.0,medium,,,2026-04-22T09:26:18.064Z,2026-04-22T09:27:18.073Z,,,,,"[300, 50, 7]","[300, 50, 7]",,,,
stu_1776848582102_8186,test_1776848340577_ghi7b5y,find_previous_next_number,0,0,find_previous_next_number|attempt=0|log=0|0fff32e99c,sequential_thinking,1.0,previous_next_number,,PreviousAndNext,Sequence,Horizontal,1,110760,medium,0,,3.0,medium,100-109,,2026-04-22T09:16:22.083Z,2026-04-22T09:17:48.529Z,105,,,,"[104, 106]","[104, 106]",,,,
stu_1776848582102_8186,test_1776848340577_ghi7b5y,find_previous_next_number,0,1,find_previous_next_number|attempt=0|log=1|b72fa6aa66,sequential_thinking,1.0,previous_next_number,,PreviousAndNext,Sequence,Horizontal,0,86446,medium,0,OffByOne,3.0,medium,460-469,,2026-04-22T09:16:22.083Z,2026-04-22T09:17:48.529Z,463,,,,"[462, 464]","[464, 465]",,,,
stu_1776848582102_8186,test_1776848340577_ghi7b5y,find_previous_next_number,1,0,find_previous_next_number|attempt=1|log=0|b3bf4a87b7,sequential_thinking,1.0,previous_next_number,,PreviousAndNext,Sequence,Horizontal,1,67579,medium,0,,1.0,very-easy,0-9,,2026-04-22T09:18:56.249Z,2026-04-22T09:19:40.185Z,8,,,,"[7, 9]","[7, 9]",,,,
stu_1776848582102_8186,test_1776848340577_ghi7b5y,find_previous_next_number,1,1,find_previous_next_number|attempt=1|log=1|d632a6f4b6,sequential_thinking,1.0,previous_next_number,,PreviousAndNext,Sequence,Horizontal,1,43936,fast,0,,2.0,easy,40-49,,2026-04-22T09:18:56.249Z,2026-04-22T09:19:40.185Z,42,,,,"[41, 43]","[41, 43]",,,,
stu_1776848582102_8186,test_1776848340577_ghi7b5y,identify_place_value,0,0,identify_place_value|attempt=0|log=0|34f163ddf0,number_sense,1.0,place_value_identification,,PlaceValue,PlaceValue,Visual,1,32206,fast,0,,3.0,medium,,,2026-04-22T09:28:33.615Z,2026-04-22T09:29:08.592Z,,,,,"{""pos_0"": 5, ""pos_1"": 5, ""pos_2"": 5}","{""pos_0"": 5, ""pos_1"": 5, ""pos_2"": 5}",,,,
stu_1776848582102_8186,test_1776848340577_ghi7b5y,identify_place_value,0,1,identify_place_value|attempt=0|log=1|5513e1cb5d,number_sense,1.0,place_value_identification,,PlaceValue,PlaceValue,Visual,0,43218,fast,0,PlaceValueMisidentification,3.0,medium,,,2026-04-22T09:28:33.615Z,2026-04-22T09:29:08.592Z,,,,,"{""pos_0"": 4, ""pos_1"": 8, ""pos_2"": 8}","{""pos_0"": 8, ""pos_1"": 8, ""pos_2"": 4}",,,,
stu_1776848582102_8186,test_1776848340577_ghi7b5y,identify_place_value,0,2,identify_place_value|attempt=0|log=2|e77d7ddc73,number_sense,1.0,place_value_identification,,PlaceValue,PlaceValue,Visual,0,34976,fast,0,PlaceValueMisidentification,3.0,medium,,,2026-04-22T09:28:33.615Z,2026-04-22T09:29:08.592Z,,,,,"{""pos_0"": 2, ""pos_1"": 9, ""pos_2"": 9}","{""pos_0"": 9, ""pos_1"": 9, ""pos_2"": 2}",,,,
stu_1776848582102_8186,test_1776848340577_ghi7b5y,identify_place_value,1,0,identify_place_value|attempt=1|log=0|c22a0d857d,number_sense,1.0,place_value_identification,,PlaceValue,PlaceValue,Visual,0,28146,fast,0,PlaceValueMisidentification,2.0,easy,,,2026-04-22T09:29:57.469Z,2026-04-22T09:30:15.385Z,,,,,"{""pos_0"": 9, ""pos_1"": 2}","{""pos_0"": 2, ""pos_1"": 9}",,,,
stu_1776848582102_8186,test_1776848340577_ghi7b5y,identify_place_value,1,1,identify_place_value|attempt=1|log=1|86443c0a16,number_sense,1.0,place_value_identification,,PlaceValue,PlaceValue,Visual,1,20613,fast,0,,2.0,easy,,,2026-04-22T09:29:57.469Z,2026-04-22T09:30:15.385Z,,,,,"{""pos_0"": 4, ""pos_1"": 4}","{""pos_0"": 4, ""pos_1"": 4}",,,,
stu_1776848582102_8186,test_1776848340577_ghi7b5y,identify_place_value,1,2,identify_place_value|attempt=1|log=2|c22cbc65ff,number_sense,1.0,place_value_identification,,PlaceValue,PlaceValue,Visual,1,17916,fast,0,,2.0,easy,,,2026-04-22T09:29:57.469Z,2026-04-22T09:30:15.385Z,,,,,"{""pos_0"": 1, ""pos_1"": 1}","{""pos_0"": 1, ""pos_1"": 1}",,,,
stu_1776848582102_8186,test_1776848340577_ghi7b5y,identify_place_value,2,0,identify_place_value|attempt=2|log=0|6575f84d64,number_sense,1.0,place_value_identification,,PlaceValue,PlaceValue,Visual,0,57529,fast,0,PlaceValueMisidentification,2.0,easy,,,2026-04-22T09:31:26.692Z,2026-04-22T09:31:59.449Z,,,,,"{""pos_0"": 6, ""pos_1"": 9}","{""pos_0"": 6, ""pos_1"": 6}",,,,
stu_1776848582102_8186,test_1776848340577_ghi7b5y,identify_place_value,2,1,identify_place_value|attempt=2|log=1|3a9f4f763f,number_sense,1.0,place_value_identification,,PlaceValue,PlaceValue,Visual,0,13631,fast,0,PlaceValueMisidentification,2.0,easy,,,2026-04-22T09:31:26.692Z,2026-04-22T09:31:59.449Z,,,,,"{""pos_0"": 5, ""pos_1"": 7}","{""pos_0"": 7, ""pos_1"": 5}",,,,
stu_1776848582102_8186,test_1776848340577_ghi7b5y,identify_place_value,2,2,identify_place_value|attempt=2|log=2|7d396dee1a,number_sense,1.0,place_value_identification,,PlaceValue,PlaceValue,Visual,0,32757,fast,0,PlaceValueMisidentification,2.0,easy,,,2026-04-22T09:31:26.692Z,2026-04-22T09:31:59.449Z,,,,,"{""pos_0"": 4, ""pos_1"": 2}","{""pos_0"": 2, ""pos_1"": 4}",,,,
stu_1776848582102_8186,test_1776848340577_ghi7b5y,order_numbers,0,0,order_numbers|attempt=0|log=0|bc9a276423,sequential_thinking,1.0,number_ordering,,Ordering_asc,Ordering,Visual,1,74834,fast,0,,3.0,medium,,5.0,2026-04-22T09:21:07.236Z,2026-04-22T09:23:28.881Z,,,,,,,,asc,,
stu_1776848582102_8186,test_1776848340577_ghi7b5y,order_numbers,0,1,order_numbers|attempt=0|log=1|e3a0fe3b90,sequential_thinking,1.0,number_ordering,,Ordering_desc,Ordering,Visual,1,40331,fast,0,,3.0,medium,,3.0,2026-04-22T09:21:07.236Z,2026-04-22T09:23:28.881Z,,,,,,,,desc,,
stu_1776848582102_8186,test_1776848340577_ghi7b5y,order_numbers,0,2,order_numbers|attempt=0|log=2|773cc3abd4,sequential_thinking,1.0,number_ordering,,Ordering_desc,Ordering,Visual,1,26477,fast,0,,3.0,medium,,2.0,2026-04-22T09:21:07.236Z,2026-04-22T09:23:28.881Z,,,,,,,,desc,,
stu_1776848747452_2240,test_1776848340577_ghi7b5y,compare_numbers,0,0,compare_numbers|attempt=0|log=0|49e1df1901,comparison_skill,1.0,number_comparison,,Greater,Comparison,Horizontal,0,8893,fast,0,ReversedSign,3.0,medium,,,2026-04-22T09:54:51.613Z,2026-04-22T09:55:19.233Z,,,,,,,Greater,,,
stu_1776848747452_2240,test_1776848340577_ghi7b5y,compare_numbers,0,1,compare_numbers|attempt=0|log=1|bc5876dc92,comparison_skill,1.0,number_comparison,,Less,Comparison,Horizontal,1,12973,medium,0,,3.0,medium,,,2026-04-22T09:54:51.613Z,2026-04-22T09:55:19.233Z,,,,,,,Less,,,
stu_1776848747452_2240,test_1776848340577_ghi7b5y,compare_numbers,0,2,compare_numbers|attempt=0|log=2|65a91ca3d0,comparison_skill,1.0,number_comparison,,Equal,Comparison,Horizontal,1,5754,fast,0,,3.0,medium,,,2026-04-22T09:54:51.613Z,2026-04-22T09:55:19.233Z,,,,,,,Equal,,,
stu_1776848747452_2240,test_1776848340577_ghi7b5y,compare_numbers,1,0,compare_numbers|attempt=1|log=0|c796ff35f1,comparison_skill,1.0,number_comparison,,Greater,Comparison,Horizontal,0,26141,slow,1,ReversedSign,2.0,easy,,,2026-04-22T09:55:19.370Z,2026-04-22T09:55:59.080Z,,,,,,,Greater,,,
stu_1776848747452_2240,test_1776848340577_ghi7b5y,compare_numbers,1,1,compare_numbers|attempt=1|log=1|5ec0808602,comparison_skill,1.0,number_comparison,,Less,Comparison,Horizontal,0,7725,fast,0,ReversedSign,2.0,easy,,,2026-04-22T09:55:19.370Z,2026-04-22T09:55:59.080Z,,,,,,,Less,,,
stu_1776848747452_2240,test_1776848340577_ghi7b5y,compare_numbers,1,2,compare_numbers|attempt=1|log=2|e7b684e8bf,comparison_skill,1.0,number_comparison,,Equal,Comparison,Horizontal,1,5843,fast,0,,2.0,easy,,,2026-04-22T09:55:19.370Z,2026-04-22T09:55:59.080Z,,,,,,,Equal,,,
stu_1776848747452_2240,test_1776848340577_ghi7b5y,find_previous_next_number,0,0,find_previous_next_number|attempt=0|log=0|738cc27b5b,sequential_thinking,1.0,previous_next_number,,PreviousAndNext,Sequence,Horizontal,1,55806,fast,0,,3.0,medium,880-889,,2026-04-22T09:54:19.652Z,2026-04-22T09:54:51.475Z,882,,,,"[881, 883]","[881, 883]",,,,
stu_1776848747452_2240,test_1776848340577_ghi7b5y,find_previous_next_number,0,1,find_previous_next_number|attempt=0|log=1|2549f4fabc,sequential_thinking,1.0,previous_next_number,,PreviousAndNext,Sequence,Horizontal,1,31822,fast,0,,2.0,easy,80-89,,2026-04-22T09:54:19.652Z,2026-04-22T09:54:51.475Z,82,,,,"[81, 83]","[81, 83]",,,,
stu_1776848747452_2240,test_1776848340577_ghi7b5y,order_numbers,0,0,order_numbers|attempt=0|log=0|448ac44b7d,sequential_thinking,1.0,number_ordering,,Ordering_asc,Ordering,Visual,0,36238,fast,0,ReversedDescending,3.0,medium,,3.0,2026-04-22T09:46:48.063Z,2026-04-22T09:47:56.187Z,,,,,,,,asc,,
stu_1776848747452_2240,test_1776848340577_ghi7b5y,order_numbers,0,1,order_numbers|attempt=0|log=1|9687947702,sequential_thinking,1.0,number_ordering,,Ordering_desc,Ordering,Visual,0,14374,fast,0,ReversedAscending,3.0,medium,,2.0,2026-04-22T09:46:48.063Z,2026-04-22T09:47:56.187Z,,,,,,,,desc,,
stu_1776848747452_2240,test_1776848340577_ghi7b5y,order_numbers,0,2,order_numbers|attempt=0|log=2|e02b846126,sequential_thinking,1.0,number_ordering,,Ordering_asc,Ordering,Visual,1,17511,fast,0,,3.0,medium,,3.0,2026-04-22T09:46:48.063Z,2026-04-22T09:47:56.187Z,,,,,,,,asc,,
stu_1776848747452_2240,test_1776848340577_ghi7b5y,order_numbers,1,0,order_numbers|attempt=1|log=0|89629dece8,sequential_thinking,1.0,number_ordering,,Ordering_desc,Ordering,Visual,1,17755,fast,0,,2.0,easy,,3.0,2026-04-22T09:47:56.337Z,2026-04-22T09:49:07.715Z,,,,,,,,desc,,
stu_1776848747452_2240,test_1776848340577_ghi7b5y,order_numbers,1,1,order_numbers|attempt=1|log=1|c7b85d4462,sequential_thinking,1.0,number_ordering,,Ordering_asc,Ordering,Visual,0,22673,fast,0,ReversedDescending,2.0,easy,,3.0,2026-04-22T09:47:56.337Z,2026-04-22T09:49:07.715Z,,,,,,,,asc,,
stu_1776848747452_2240,test_1776848340577_ghi7b5y,order_numbers,1,2,order_numbers|attempt=1|log=2|0ac9faa28c,sequential_thinking,1.0,number_ordering,,Ordering_desc,Ordering,Visual,0,30949,fast,0,MultipleMisplacements,2.0,easy,,5.0,2026-04-22T09:47:56.337Z,2026-04-22T09:49:07.715Z,,,,,,,,desc,,
stu_1776848878846_8648,test_1776848340577_ghi7b5y,choose_answer,0,0,choose_answer|attempt=0|log=0|ce8dbb3931,arithmetic_fluency,0.6,operation_identification_from_context,Addition,OneStepProblem,WordProblem,Horizontal,1,12759,medium,0,,2.0,easy,,,2026-04-22T09:38:10.871Z,2026-04-22T09:38:38.168Z,في حديقة هناك 45 شجرة، زرعوا 12 شجرة أخرى. كم عدد الأشجار في الحديقة الآن؟,45 + 12,,,,,,,Addition,Addition
stu_1776848878846_8648,test_1776848340577_ghi7b5y,choose_answer,0,0,choose_answer|attempt=0|log=0|ce8dbb3931,number_sense,0.2,operation_identification_from_context,Addition,OneStepProblem,WordProblem,Horizontal,1,12759,medium,0,,2.0,easy,,,2026-04-22T09:38:10.871Z,2026-04-22T09:38:38.168Z,في حديقة هناك 45 شجرة، زرعوا 12 شجرة أخرى. كم عدد الأشجار في الحديقة الآن؟,45 + 12,,,,,,,Addition,Addition
stu_1776848878846_8648,test_1776848340577_ghi7b5y,choose_answer,0,0,choose_answer|attempt=0|log=0|ce8dbb3931,sequential_thinking,0.2,operation_identification_from_context,Addition,OneStepProblem,WordProblem,Horizontal,1,12759,medium,0,,2.0,easy,,,2026-04-22T09:38:10.871Z,2026-04-22T09:38:38.168Z,في حديقة هناك 45 شجرة، زرعوا 12 شجرة أخرى. كم عدد الأشجار في الحديقة الآن؟,45 + 12,,,,,,,Addition,Addition
stu_1776848878846_8648,test_1776848340577_ghi7b5y,choose_answer,0,1,choose_answer|attempt=0|log=1|c33fcb0cfd,arithmetic_fluency,0.6,operation_identification_from_context,Addition,OneStepProblem,WordProblem,Horizontal,1,7219,fast,0,,2.0,easy,,,2026-04-22T09:38:10.871Z,2026-04-22T09:38:38.168Z,في مزرعة هناك 20 دجاجة. إذا وضعت 5 دجاجات أخرى. كم دجاجة في المجموع؟,20 + 5,,,,,,,Addition,Addition
stu_1776848878846_8648,test_1776848340577_ghi7b5y,choose_answer,0,1,choose_answer|attempt=0|log=1|c33fcb0cfd,number_sense,0.2,operation_identification_from_context,Addition,OneStepProblem,WordProblem,Horizontal,1,7219,fast,0,,2.0,easy,,,2026-04-22T09:38:10.871Z,2026-04-22T09:38:38.168Z,في مزرعة هناك 20 دجاجة. إذا وضعت 5 دجاجات أخرى. كم دجاجة في المجموع؟,20 + 5,,,,,,,Addition,Addition
stu_1776848878846_8648,test_1776848340577_ghi7b5y,choose_answer,0,1,choose_answer|attempt=0|log=1|c33fcb0cfd,sequential_thinking,0.2,operation_identification_from_context,Addition,OneStepProblem,WordProblem,Horizontal,1,7219,fast,0,,2.0,easy,,,2026-04-22T09:38:10.871Z,2026-04-22T09:38:38.168Z,في مزرعة هناك 20 دجاجة. إذا وضعت 5 دجاجات أخرى. كم دجاجة في المجموع؟,20 + 5,,,,,,,Addition,Addition
stu_1776848878846_8648,test_1776848340577_ghi7b5y,choose_answer,0,2,choose_answer|attempt=0|log=2|f3333aca51,arithmetic_fluency,0.6,operation_identification_from_context,,OneStepProblem,WordProblem,Horizontal,1,7319,fast,0,,2.0,easy,,,2026-04-22T09:38:10.871Z,2026-04-22T09:38:38.168Z,في إحدى المزارع هناك 8 حقول. في كل حقل 10 أشجار. كم عدد الأشجار في جميع الحقول؟,8 × 10,,,,,,,,
stu_1776848878846_8648,test_1776848340577_ghi7b5y,choose_answer,0,2,choose_answer|attempt=0|log=2|f3333aca51,number_sense,0.2,operation_identification_from_context,,OneStepProblem,WordProblem,Horizontal,1,7319,fast,0,,2.0,easy,,,2026-04-22T09:38:10.871Z,2026-04-22T09:38:38.168Z,في إحدى المزارع هناك 8 حقول. في كل حقل 10 أشجار. كم عدد الأشجار في جميع الحقول؟,8 × 10,,,,,,,,
stu_1776848878846_8648,test_1776848340577_ghi7b5y,choose_answer,0,2,choose_answer|attempt=0|log=2|f3333aca51,sequential_thinking,0.2,operation_identification_from_context,,OneStepProblem,WordProblem,Horizontal,1,7319,fast,0,,2.0,easy,,,2026-04-22T09:38:10.871Z,2026-04-22T09:38:38.168Z,في إحدى المزارع هناك 8 حقول. في كل حقل 10 أشجار. كم عدد الأشجار في جميع الحقول؟,8 × 10,,,,,,,,
stu_1776848878846_8648,test_1776848340577_ghi7b5y,compare_numbers,0,0,compare_numbers|attempt=0|log=0|bd5b1bd4c2,comparison_skill,1.0,number_comparison,,Greater,Comparison,Horizontal,1,15392,medium,0,,3.0,medium,,,2026-04-22T09:27:57.579Z,2026-04-22T09:28:33.332Z,,,,,,,Greater,,,
stu_1776848878846_8648,test_1776848340577_ghi7b5y,compare_numbers,0,1,compare_numbers|attempt=0|log=1|b9ab1e9650,comparison_skill,1.0,number_comparison,,Less,Comparison,Horizontal,1,12923,medium,0,,3.0,medium,,,2026-04-22T09:27:57.579Z,2026-04-22T09:28:33.332Z,,,,,,,Less,,,
stu_1776848878846_8648,test_1776848340577_ghi7b5y,compare_numbers,0,2,compare_numbers|attempt=0|log=2|f907f27156,comparison_skill,1.0,number_comparison,,Equal,Comparison,Horizontal,1,7438,fast,0,,3.0,medium,,,2026-04-22T09:27:57.579Z,2026-04-22T09:28:33.332Z,,,,,,,Equal,,,
stu_1776848878846_8648,test_1776848340577_ghi7b5y,decompose_number,0,0,decompose_number|attempt=0|log=0|98d9e3aeef,number_sense,1.0,number_decomposition,,Decomposition,Decomposition,Visual,1,22306,fast,0,,3.0,medium,,,2026-04-22T09:33:45.740Z,2026-04-22T09:34:18.582Z,,,,,"[600, 20]","[600, 20]",,,,
stu_1776848878846_8648,test_1776848340577_ghi7b5y,decompose_number,0,1,decompose_number|attempt=0|log=1|eab27dec19,number_sense,1.0,number_decomposition,,Decomposition,Decomposition,Visual,1,80263,fast,0,,3.0,medium,,,2026-04-22T09:33:45.740Z,2026-04-22T09:34:18.582Z,,,,,"[200, 40, 9]","[200, 40, 9]",,,,
stu_1776848878846_8648,test_1776848340577_ghi7b5y,decompose_number,0,2,decompose_number|attempt=0|log=2|a8bcb73a95,number_sense,1.0,number_decomposition,,Decomposition,Decomposition,Visual,1,41233,fast,0,,3.0,medium,,,2026-04-22T09:33:45.740Z,2026-04-22T09:34:18.582Z,,,,,"[200, 10, 7]","[200, 10, 7]",,,,
stu_1776848878846_8648,test_1776848340577_ghi7b5y,decompose_number,0,3,decompose_number|attempt=0|log=3|882ca0556c,number_sense,1.0,number_decomposition,,Decomposition,Decomposition,Visual,1,32835,fast,0,,3.0,medium,,,2026-04-22T09:33:45.740Z,2026-04-22T09:34:18.582Z,,,,,"[900, 90, 7]","[900, 90, 7]",,,,
stu_1776848878846_8648,test_1776848340577_ghi7b5y,find_previous_next_number,0,0,find_previous_next_number|attempt=0|log=0|d0ee09052d,sequential_thinking,1.0,previous_next_number,,PreviousAndNext,Sequence,Horizontal,1,105336,medium,0,,3.0,medium,290-299,,2026-04-22T09:26:16.189Z,2026-04-22T09:27:57.437Z,293,,,,"[292, 294]","[292, 294]",,,,
stu_1776848878846_8648,test_1776848340577_ghi7b5y,find_previous_next_number,0,1,find_previous_next_number|attempt=0|log=1|40b1f433ff,sequential_thinking,1.0,previous_next_number,,PreviousAndNext,Sequence,Horizontal,1,101247,medium,0,,3.0,medium,820-829,,2026-04-22T09:26:16.189Z,2026-04-22T09:27:57.437Z,827,,,,"[826, 828]","[826, 828]",,,,
stu_1776848878846_8648,test_1776848340577_ghi7b5y,identify_place_value,0,0,identify_place_value|attempt=0|log=0|f909d35aeb,number_sense,1.0,place_value_identification,,PlaceValue,PlaceValue,Visual,1,29521,fast,0,,3.0,medium,,,2026-04-22T09:35:34.194Z,2026-04-22T09:36:12.304Z,,,,,"{""pos_0"": 1, ""pos_1"": 6, ""pos_2"": 2}","{""pos_0"": 1, ""pos_1"": 6, ""pos_2"": 2}",,,,
stu_1776848878846_8648,test_1776848340577_ghi7b5y,identify_place_value,0,1,identify_place_value|attempt=0|log=1|b9e844b019,number_sense,1.0,place_value_identification,,PlaceValue,PlaceValue,Visual,1,45894,fast,0,,3.0,medium,,,2026-04-22T09:35:34.194Z,2026-04-22T09:36:12.304Z,,,,,"{""pos_0"": 4, ""pos_1"": 2, ""pos_2"": 6}","{""pos_0"": 4, ""pos_1"": 2, ""pos_2"": 6}",,,,
stu_1776848878846_8648,test_1776848340577_ghi7b5y,identify_place_value,0,2,identify_place_value|attempt=0|log=2|1779d26fc8,number_sense,1.0,place_value_identification,,PlaceValue,PlaceValue,Visual,1,38110,fast,0,,3.0,medium,,,2026-04-22T09:35:34.194Z,2026-04-22T09:36:12.304Z,,,,,"{""pos_0"": 5, ""pos_1"": 5, ""pos_2"": 3}","{""pos_0"": 5, ""pos_1"": 5, ""pos_2"": 3}",,,,
stu_1776848878846_8648,test_1776848340577_ghi7b5y,order_numbers,0,0,order_numbers|attempt=0|log=0|280f2e2a2e,sequential_thinking,1.0,number_ordering,,Ordering_asc,Ordering,Visual,1,37308,fast,0,,3.0,medium,,4.0,2026-04-22T09:28:33.447Z,2026-04-22T09:31:21.794Z,,,,,,,,asc,,
stu_1776848878846_8648,test_1776848340577_ghi7b5y,order_numbers,0,1,order_numbers|attempt=0|log=1|edc61e34b7,sequential_thinking,1.0,number_ordering,,Ordering_asc,Ordering,Visual,1,44248,fast,0,,3.0,medium,,5.0,2026-04-22T09:28:33.447Z,2026-04-22T09:31:21.794Z,,,,,,,,asc,,
stu_1776848878846_8648,test_1776848340577_ghi7b5y,order_numbers,0,2,order_numbers|attempt=0|log=2|9ff117768b,sequential_thinking,1.0,number_ordering,,Ordering_desc,Ordering,Visual,1,86790,fast,0,,3.0,medium,,5.0,2026-04-22T09:28:33.447Z,2026-04-22T09:31:21.794Z,,,,,,,,desc,,
stu_1776848878846_8648,test_1776848340577_ghi7b5y,order_numbers,1,0,order_numbers|attempt=1|log=0|b1e461731c,sequential_thinking,1.0,number_ordering,,Ordering_desc,Ordering,Visual,1,13793,fast,0,,2.0,easy,,5.0,2026-04-22T09:20:24.572Z,2026-04-22T09:21:27.484Z,,,,,,,,desc,,
stu_1776848878846_8648,test_1776848340577_ghi7b5y,order_numbers,1,1,order_numbers|attempt=1|log=1|be81f30ce3,sequential_thinking,1.0,number_ordering,,Ordering_asc,Ordering,Visual,0,7013,fast,0,MultipleMisplacements,2.0,easy,,3.0,2026-04-22T09:20:24.572Z,2026-04-22T09:21:27.484Z,,,,,,,,asc,,
stu_1776848878846_8648,test_1776848340577_ghi7b5y,order_numbers,1,2,order_numbers|attempt=1|log=2|86094ed374,sequential_thinking,1.0,number_ordering,,Ordering_desc,Ordering,Visual,1,42088,fast,0,,2.0,easy,,5.0,2026-04-22T09:20:24.572Z,2026-04-22T09:21:27.484Z,,,,,,,,desc,,
stu_1776848878846_8648,test_1776848340577_ghi7b5y,vertical_operations,0,0,vertical_operations|attempt=0|log=0|6edfb1acbd,arithmetic_fluency,1.0,vertical_operation_fluency,Subtraction,SimpleSubtraction,VerticalOperation,Vertical,1,94673,fast,0,,2.0,easy,,,2026-04-22T09:38:38.319Z,2026-04-22T09:41:01.046Z,96 Subtraction 52,,44,44,,,,,,
stu_1776848878846_8648,test_1776848340577_ghi7b5y,vertical_operations,0,1,vertical_operations|attempt=0|log=1|839291889c,arithmetic_fluency,1.0,vertical_operation_fluency,Addition,SimpleAddition,VerticalOperation,Vertical,0,48054,fast,0,ComputationError,2.0,easy,,,2026-04-22T09:38:38.319Z,2026-04-22T09:41:01.046Z,50 Addition 9,,59,41,,,,,,
stu_1776848878846_8648,test_1776848340577_ghi7b5y,what_number_do_you_hear,0,0,what_number_do_you_hear|attempt=0|log=0|152da3eb0f,audio_recognition,1.0,auditory_number_recognition,,HeardNumberChoice,AudioRecognition,Audio,1,56675,slow,1,,1.0,very-easy,,,2026-04-22T09:41:01.050Z,2026-04-22T09:42:29.839Z,6,6,,,,,,,,
stu_1776848878846_8648,test_1776848340577_ghi7b5y,what_number_do_you_hear,0,1,what_number_do_you_hear|attempt=0|log=1|7acdee2966,audio_recognition,1.0,auditory_number_recognition,,HeardNumberChoice,AudioRecognition,Audio,0,6425,fast,0,AudioNumberRecognitionError,2.0,easy,,,2026-04-22T09:41:01.050Z,2026-04-22T09:42:29.839Z,0,10,,,,,,,,
stu_1776848878846_8648,test_1776848340577_ghi7b5y,what_number_do_you_hear,0,2,what_number_do_you_hear|attempt=0|log=2|3bec842c23,audio_recognition,1.0,auditory_number_recognition,,HeardNumberChoice,AudioRecognition,Audio,1,8135,fast,0,,2.0,easy,,,2026-04-22T09:41:01.050Z,2026-04-22T09:42:29.839Z,10,10,,,,,,,,
stu_1776848878846_8648,test_1776848340577_ghi7b5y,what_number_do_you_hear,0,3,what_number_do_you_hear|attempt=0|log=3|6973c437b8,audio_recognition,1.0,auditory_number_recognition,,HeardNumberChoice,AudioRecognition,Audio,1,10112,medium,0,,1.0,very-easy,,,2026-04-22T09:41:01.050Z,2026-04-22T09:42:29.839Z,1,1,,,,,,,,
stu_1776848878846_8648,test_1776848340577_ghi7b5y,what_number_do_you_hear,0,4,what_number_do_you_hear|attempt=0|log=4|1dd225ade9,audio_recognition,1.0,auditory_number_recognition,,HeardNumberChoice,AudioRecognition,Audio,1,4738,fast,0,,1.0,very-easy,,,2026-04-22T09:41:01.050Z,2026-04-22T09:42:29.839Z,2,2,,,,,,,,
stu_1776848878846_8648,test_1776848340577_ghi7b5y,what_number_do_you_hear,0,5,what_number_do_you_hear|attempt=0|log=5|10dcf288b3,audio_recognition,1.0,auditory_number_recognition,,HeardNumberChoice,AudioRecognition,Audio,1,2704,fast,0,,1.0,very-easy,,,2026-04-22T09:41:01.050Z,2026-04-22T09:42:29.839Z,5,5,,,,,,,,
stu_1776848878846_8648,test_1776848340577_ghi7b5y,write_number_in_letters,0,0,write_number_in_letters|attempt=0|log=0|57a3162d0f,number_sense,1.0,number_writing,,WrittenNumberProduction,NumberWriting,Mixed,1,102687,fast,0,,3.0,medium,,,2026-04-22T09:37:55.112Z,2026-04-22T09:38:10.735Z,,,,,"[""\u0633\u062a"", ""\u0645\u0626\u0629"", ""\u0648"", ""\u062b\u0645\u0627\u0646\u064a\u0629"", ""\u0648"", ""\u062b\u0645\u0627\u0646\u0648\u0646""]","[""\u0633\u062a"", ""\u0645\u0626\u0629"", ""\u0648"", ""\u062b\u0645\u0627\u0646\u064a\u0629"", ""\u0648"", ""\u062b\u0645\u0627\u0646\u0648\u0646""]",,,,
stu_1776848878846_8648,test_1776848340577_ghi7b5y,write_number_in_letters,0,1,write_number_in_letters|attempt=0|log=1|e55de393ed,number_sense,1.0,number_writing,,WrittenNumberProduction,NumberWriting,Mixed,1,15622,fast,0,,3.0,medium,,,2026-04-22T09:37:55.112Z,2026-04-22T09:38:10.735Z,,,,,"[""\u062e\u0645\u0633\u0645\u0626\u0629"", ""\u0648"", ""\u0633\u0628\u0639\u0629""]","[""\u062e\u0645\u0633\u0645\u0626\u0629"", ""\u0648"", ""\u0633\u0628\u0639\u0629""]",,,,
stu_1776848879378_2063,test_1776848340577_ghi7b5y,compare_numbers,0,0,compare_numbers|attempt=0|log=0|89bc385f32,comparison_skill,1.0,number_comparison,,Greater,Comparison,Horizontal,1,11670,medium,0,,3.0,medium,,,2026-04-22T09:52:46.266Z,2026-04-22T09:53:15.373Z,,,,,,,Greater,,,
stu_1776848879378_2063,test_1776848340577_ghi7b5y,compare_numbers,0,1,compare_numbers|attempt=0|log=1|0d99e52ed3,comparison_skill,1.0,number_comparison,,Less,Comparison,Horizontal,1,10454,medium,0,,3.0,medium,,,2026-04-22T09:52:46.266Z,2026-04-22T09:53:15.373Z,,,,,,,Less,,,
stu_1776848879378_2063,test_1776848340577_ghi7b5y,compare_numbers,0,2,compare_numbers|attempt=0|log=2|e24da88802,comparison_skill,1.0,number_comparison,,Equal,Comparison,Horizontal,1,6983,fast,0,,3.0,medium,,,2026-04-22T09:52:46.266Z,2026-04-22T09:53:15.373Z,,,,,,,Equal,,,
stu_1776848879378_2063,test_1776848340577_ghi7b5y,find_previous_next_number,0,0,find_previous_next_number|attempt=0|log=0|91b917fc9e,sequential_thinking,1.0,previous_next_number,,PreviousAndNext,Sequence,Horizontal,1,80517,medium,0,,2.0,easy,70-79,,2026-04-22T09:49:30.978Z,2026-04-22T09:51:16.033Z,74,,,,"[73, 75]","[73, 75]",,,,
stu_1776848879378_2063,test_1776848340577_ghi7b5y,find_previous_next_number,0,1,find_previous_next_number|attempt=0|log=1|0e1544cad7,sequential_thinking,1.0,previous_next_number,,PreviousAndNext,Sequence,Horizontal,0,105055,medium,0,MissingPrevious,3.0,medium,990-999,,2026-04-22T09:49:30.978Z,2026-04-22T09:51:16.033Z,990,,,,"[989, 991]","[990, 991]",,,,
stu_1776848879378_2063,test_1776848340577_ghi7b5y,find_previous_next_number,1,0,find_previous_next_number|attempt=1|log=0|00748c91cc,sequential_thinking,1.0,previous_next_number,,PreviousAndNext,Sequence,Horizontal,1,39000,fast,0,,2.0,easy,40-49,,2026-04-22T09:51:55.137Z,2026-04-22T09:52:46.148Z,41,,,,"[40, 42]","[40, 42]",,,,
stu_1776848879378_2063,test_1776848340577_ghi7b5y,find_previous_next_number,1,1,find_previous_next_number|attempt=1|log=1|a446fbbc9e,sequential_thinking,1.0,previous_next_number,,PreviousAndNext,Sequence,Horizontal,1,51011,fast,0,,2.0,easy,10-19,,2026-04-22T09:51:55.137Z,2026-04-22T09:52:46.148Z,19,,,,"[18, 20]","[18, 20]",,,,
stu_1776848879378_2063,test_1776848340577_ghi7b5y,order_numbers,0,0,order_numbers|attempt=0|log=0|b3bbfc8a26,sequential_thinking,1.0,number_ordering,,Ordering_asc,Ordering,Visual,0,61197,fast,0,MultipleMisplacements,3.0,medium,,5.0,2026-04-22T09:53:15.463Z,2026-04-22T09:55:24.047Z,,,,,,,,asc,,
stu_1776848879378_2063,test_1776848340577_ghi7b5y,order_numbers,0,1,order_numbers|attempt=0|log=1|fd6ffc1fad,sequential_thinking,1.0,number_ordering,,Ordering_desc,Ordering,Visual,1,29092,fast,0,,3.0,medium,,4.0,2026-04-22T09:53:15.463Z,2026-04-22T09:55:24.047Z,,,,,,,,desc,,
stu_1776848879378_2063,test_1776848340577_ghi7b5y,order_numbers,0,2,order_numbers|attempt=0|log=2|b0db573429,sequential_thinking,1.0,number_ordering,,Ordering_asc,Ordering,Visual,1,38295,fast,0,,3.0,medium,,4.0,2026-04-22T09:53:15.463Z,2026-04-22T09:55:24.047Z,,,,,,,,asc,,
stu_1776848879378_2063,test_1776848340577_ghi7b5y,order_numbers,1,0,order_numbers|attempt=1|log=0|72f865ebcc,sequential_thinking,1.0,number_ordering,,Ordering_desc,Ordering,Visual,1,15707,fast,0,,2.0,easy,,2.0,2026-04-22T09:55:24.206Z,2026-04-22T09:57:14.495Z,,,,,,,,desc,,
stu_1776848879378_2063,test_1776848340577_ghi7b5y,order_numbers,1,1,order_numbers|attempt=1|log=1|32c5f49d92,sequential_thinking,1.0,number_ordering,,Ordering_asc,Ordering,Visual,1,34782,fast,0,,2.0,easy,,4.0,2026-04-22T09:55:24.206Z,2026-04-22T09:57:14.495Z,,,,,,,,asc,,
stu_1776848879378_2063,test_1776848340577_ghi7b5y,order_numbers,1,2,order_numbers|attempt=1|log=2|de76d914f2,sequential_thinking,1.0,number_ordering,,Ordering_asc,Ordering,Visual,1,59800,fast,0,,2.0,easy,,5.0,2026-04-22T09:55:24.206Z,2026-04-22T09:57:14.495Z,,,,,,,,asc,,
stu_1777023080044_2956,test_1777023978840_kask7x7,choose_answer,0,0,choose_answer|attempt=0|log=0|bc5956e3e9,arithmetic_fluency,0.6,operation_identification_from_context,,OneStepProblem,WordProblem,Horizontal,1,10530,medium,0,,2.0,easy,,,2026-04-24T11:21:17.335Z,2026-04-24T11:23:02.831Z,في مستودع هناك 15 صندوقًا، وكل صندوق يحتوي على 35 قطعة. كم عدد القطع في المستودع؟,15 × 35,,,,,,,,
stu_1777023080044_2956,test_1777023978840_kask7x7,choose_answer,0,0,choose_answer|attempt=0|log=0|bc5956e3e9,number_sense,0.2,operation_identification_from_context,,OneStepProblem,WordProblem,Horizontal,1,10530,medium,0,,2.0,easy,,,2026-04-24T11:21:17.335Z,2026-04-24T11:23:02.831Z,في مستودع هناك 15 صندوقًا، وكل صندوق يحتوي على 35 قطعة. كم عدد القطع في المستودع؟,15 × 35,,,,,,,,
stu_1777023080044_2956,test_1777023978840_kask7x7,choose_answer,0,0,choose_answer|attempt=0|log=0|bc5956e3e9,sequential_thinking,0.2,operation_identification_from_context,,OneStepProblem,WordProblem,Horizontal,1,10530,medium,0,,2.0,easy,,,2026-04-24T11:21:17.335Z,2026-04-24T11:23:02.831Z,في مستودع هناك 15 صندوقًا، وكل صندوق يحتوي على 35 قطعة. كم عدد القطع في المستودع؟,15 × 35,,,,,,,,
stu_1777023080044_2956,test_1777023978840_kask7x7,choose_answer,0,1,choose_answer|attempt=0|log=1|98936eb1b9,arithmetic_fluency,0.6,operation_identification_from_context,Subtraction,OneStepProblem,WordProblem,Horizontal,1,4847,fast,0,,2.0,easy,,,2026-04-24T11:21:17.335Z,2026-04-24T11:23:02.831Z,كانت عندك 10 تفاحات، أكلت 3. كم بقي؟,10 - 3,,,,,,,Subtraction,Subtraction
stu_1777023080044_2956,test_1777023978840_kask7x7,choose_answer,0,1,choose_answer|attempt=0|log=1|98936eb1b9,number_sense,0.2,operation_identification_from_context,Subtraction,OneStepProblem,WordProblem,Horizontal,1,4847,fast,0,,2.0,easy,,,2026-04-24T11:21:17.335Z,2026-04-24T11:23:02.831Z,كانت عندك 10 تفاحات، أكلت 3. كم بقي؟,10 - 3,,,,,,,Subtraction,Subtraction
stu_1777023080044_2956,test_1777023978840_kask7x7,choose_answer,0,1,choose_answer|attempt=0|log=1|98936eb1b9,sequential_thinking,0.2,operation_identification_from_context,Subtraction,OneStepProblem,WordProblem,Horizontal,1,4847,fast,0,,2.0,easy,,,2026-04-24T11:21:17.335Z,2026-04-24T11:23:02.831Z,كانت عندك 10 تفاحات، أكلت 3. كم بقي؟,10 - 3,,,,,,,Subtraction,Subtraction
stu_1777023080044_2956,test_1777023978840_kask7x7,choose_answer,0,2,choose_answer|attempt=0|log=2|1eacd493a9,arithmetic_fluency,0.6,operation_identification_from_context,,OneStepProblem,WordProblem,Horizontal,1,34553,slow,1,,1.0,very-easy,,,2026-04-24T11:21:17.335Z,2026-04-24T11:23:02.831Z,أبنى 6 منازل في حي جديد، وفي كل منزل 8 نوافذ. كم عدد النوافذ في الحي؟,6 × 8,,,,,,,,
stu_1777023080044_2956,test_1777023978840_kask7x7,choose_answer,0,2,choose_answer|attempt=0|log=2|1eacd493a9,number_sense,0.2,operation_identification_from_context,,OneStepProblem,WordProblem,Horizontal,1,34553,slow,1,,1.0,very-easy,,,2026-04-24T11:21:17.335Z,2026-04-24T11:23:02.831Z,أبنى 6 منازل في حي جديد، وفي كل منزل 8 نوافذ. كم عدد النوافذ في الحي؟,6 × 8,,,,,,,,
stu_1777023080044_2956,test_1777023978840_kask7x7,choose_answer,0,2,choose_answer|attempt=0|log=2|1eacd493a9,sequential_thinking,0.2,operation_identification_from_context,,OneStepProblem,WordProblem,Horizontal,1,34553,slow,1,,1.0,very-easy,,,2026-04-24T11:21:17.335Z,2026-04-24T11:23:02.831Z,أبنى 6 منازل في حي جديد، وفي كل منزل 8 نوافذ. كم عدد النوافذ في الحي؟,6 × 8,,,,,,,,
stu_1777023080044_2956,test_1777023978840_kask7x7,choose_answer,0,3,choose_answer|attempt=0|log=3|589d06e11e,arithmetic_fluency,0.6,operation_identification_from_context,,OneStepProblem,WordProblem,Horizontal,0,20909,slow,1,ComputationError,3.0,medium,,,2026-04-24T11:21:17.335Z,2026-04-24T11:23:02.831Z,كان لديك 250 درهما وأنت بحاجة إلى شراء 5 كتب، كل كتاب يكلف 60 درهما. هل لديك ما يكفي من المال؟,60 × 5 = 250,,,,,,,,
stu_1777023080044_2956,test_1777023978840_kask7x7,choose_answer,0,3,choose_answer|attempt=0|log=3|589d06e11e,number_sense,0.2,operation_identification_from_context,,OneStepProblem,WordProblem,Horizontal,0,20909,slow,1,ComputationError,3.0,medium,,,2026-04-24T11:21:17.335Z,2026-04-24T11:23:02.831Z,كان لديك 250 درهما وأنت بحاجة إلى شراء 5 كتب، كل كتاب يكلف 60 درهما. هل لديك ما يكفي من المال؟,60 × 5 = 250,,,,,,,,
stu_1777023080044_2956,test_1777023978840_kask7x7,choose_answer,0,3,choose_answer|attempt=0|log=3|589d06e11e,sequential_thinking,0.2,operation_identification_from_context,,OneStepProblem,WordProblem,Horizontal,0,20909,slow,1,ComputationError,3.0,medium,,,2026-04-24T11:21:17.335Z,2026-04-24T11:23:02.831Z,كان لديك 250 درهما وأنت بحاجة إلى شراء 5 كتب، كل كتاب يكلف 60 درهما. هل لديك ما يكفي من المال؟,60 × 5 = 250,,,,,,,,
stu_1777023080044_2956,test_1777023978840_kask7x7,choose_answer,0,4,choose_answer|attempt=0|log=4|8544acd8df,arithmetic_fluency,0.6,operation_identification_from_context,Subtraction,OneStepProblem,WordProblem,Horizontal,1,34649,slow,1,,3.0,medium,,,2026-04-24T11:21:17.335Z,2026-04-24T11:23:02.831Z,إذا كان لديك 250 درهمًا واشتريت 3 كتب، كل كتاب يكلف 50 درهمًا. كم يتبقى لديك؟,250 - (3 × 50),,,,,,,Subtraction,Subtraction
stu_1777023080044_2956,test_1777023978840_kask7x7,choose_answer,0,4,choose_answer|attempt=0|log=4|8544acd8df,number_sense,0.2,operation_identification_from_context,Subtraction,OneStepProblem,WordProblem,Horizontal,1,34649,slow,1,,3.0,medium,,,2026-04-24T11:21:17.335Z,2026-04-24T11:23:02.831Z,إذا كان لديك 250 درهمًا واشتريت 3 كتب، كل كتاب يكلف 50 درهمًا. كم يتبقى لديك؟,250 - (3 × 50),,,,,,,Subtraction,Subtraction
stu_1777023080044_2956,test_1777023978840_kask7x7,choose_answer,0,4,choose_answer|attempt=0|log=4|8544acd8df,sequential_thinking,0.2,operation_identification_from_context,Subtraction,OneStepProblem,WordProblem,Horizontal,1,34649,slow,1,,3.0,medium,,,2026-04-24T11:21:17.335Z,2026-04-24T11:23:02.831Z,إذا كان لديك 250 درهمًا واشتريت 3 كتب، كل كتاب يكلف 50 درهمًا. كم يتبقى لديك؟,250 - (3 × 50),,,,,,,Subtraction,Subtraction
stu_1777023080044_2956,test_1777023978840_kask7x7,compare_numbers,0,0,compare_numbers|attempt=0|log=0|e25e946b03,comparison_skill,1.0,number_comparison,,Greater,Comparison,Horizontal,1,17725,medium,0,,3.0,medium,,,2026-04-24T11:08:08.492Z,2026-04-24T11:08:35.155Z,,,,,,,Greater,,,
stu_1777023080044_2956,test_1777023978840_kask7x7,compare_numbers,0,1,compare_numbers|attempt=0|log=1|bef7f5cc46,comparison_skill,1.0,number_comparison,,Less,Comparison,Horizontal,1,5147,fast,0,,3.0,medium,,,2026-04-24T11:08:08.492Z,2026-04-24T11:08:35.155Z,,,,,,,Less,,,
stu_1777023080044_2956,test_1777023978840_kask7x7,compare_numbers,0,2,compare_numbers|attempt=0|log=2|18a9ae7074,comparison_skill,1.0,number_comparison,,Equal,Comparison,Horizontal,1,3773,fast,0,,3.0,medium,,,2026-04-24T11:08:08.492Z,2026-04-24T11:08:35.155Z,,,,,,,Equal,,,
stu_1777023080044_2956,test_1777023978840_kask7x7,find_previous_next_number,0,0,find_previous_next_number|attempt=0|log=0|fda9e8f4b2,sequential_thinking,1.0,previous_next_number,,PreviousAndNext,Sequence,Horizontal,1,38775,fast,0,,3.0,medium,910-919,,2026-04-24T11:07:45.276Z,2026-04-24T11:08:08.235Z,917,,,,"[916, 918]","[916, 918]",,,,
stu_1777023080044_2956,test_1777023978840_kask7x7,find_previous_next_number,0,1,find_previous_next_number|attempt=0|log=1|3ded8fd4b2,sequential_thinking,1.0,previous_next_number,,PreviousAndNext,Sequence,Horizontal,1,27251,fast,0,,3.0,medium,400-409,,2026-04-24T11:07:45.276Z,2026-04-24T11:08:08.235Z,405,,,,"[404, 406]","[404, 406]",,,,
stu_1777023080044_2956,test_1777023978840_kask7x7,find_previous_next_number,0,2,find_previous_next_number|attempt=0|log=2|d05e2aed55,sequential_thinking,1.0,previous_next_number,,PreviousAndNext,Sequence,Horizontal,1,22952,fast,0,,3.0,medium,750-759,,2026-04-24T11:07:45.276Z,2026-04-24T11:08:08.235Z,759,,,,"[758, 760]","[758, 760]",,,,
stu_1777023080044_2956,test_1777023978840_kask7x7,identify_place_value,0,0,identify_place_value|attempt=0|log=0|a3622e2605,number_sense,1.0,place_value_identification,,PlaceValue,PlaceValue,Visual,1,8988,fast,0,,2.0,easy,,,2026-04-24T11:21:09.638Z,2026-04-24T11:21:16.004Z,,,,,"{""pos_0"": 9, ""pos_1"": 8}","{""pos_0"": 9, ""pos_1"": 8}",,,,
stu_1777023080044_2956,test_1777023978840_kask7x7,identify_place_value,0,1,identify_place_value|attempt=0|log=1|7862a93fbb,number_sense,1.0,place_value_identification,,PlaceValue,PlaceValue,Visual,1,5694,fast,0,,2.0,easy,,,2026-04-24T11:21:09.638Z,2026-04-24T11:21:16.004Z,,,,,"{""pos_0"": 2, ""pos_1"": 8}","{""pos_0"": 2, ""pos_1"": 8}",,,,
stu_1777023080044_2956,test_1777023978840_kask7x7,identify_place_value,0,2,identify_place_value|attempt=0|log=2|bd322b34a8,number_sense,1.0,place_value_identification,,PlaceValue,PlaceValue,Visual,1,7058,fast,0,,2.0,easy,,,2026-04-24T11:21:09.638Z,2026-04-24T11:21:16.004Z,,,,,"{""pos_0"": 2, ""pos_1"": 0}","{""pos_0"": 2, ""pos_1"": 0}",,,,
stu_1777023080044_2956,test_1777023978840_kask7x7,identify_place_value,0,3,identify_place_value|attempt=0|log=3|379034d5eb,number_sense,1.0,place_value_identification,,PlaceValue,PlaceValue,Visual,1,6360,fast,0,,2.0,easy,,,2026-04-24T11:21:09.638Z,2026-04-24T11:21:16.004Z,,,,,"{""pos_0"": 1, ""pos_1"": 9}","{""pos_0"": 1, ""pos_1"": 9}",,,,
stu_1777023080044_2956,test_1777023978840_kask7x7,identify_place_value,1,0,identify_place_value|attempt=1|log=0|111466362c,number_sense,1.0,place_value_identification,,PlaceValue,PlaceValue,Visual,1,5135,fast,0,,1.0,very-easy,,,2026-04-24T11:04:07.252Z,2026-04-24T11:04:14.634Z,,,,,"{""pos_0"": 9}","{""pos_0"": 9}",,,,
stu_1777023080044_2956,test_1777023978840_kask7x7,identify_place_value,1,1,identify_place_value|attempt=1|log=1|525561e967,number_sense,1.0,place_value_identification,,PlaceValue,PlaceValue,Visual,1,6514,fast,0,,1.0,very-easy,,,2026-04-24T11:04:07.252Z,2026-04-24T11:04:14.634Z,,,,,"{""pos_0"": 7}","{""pos_0"": 7}",,,,
stu_1777023080044_2956,test_1777023978840_kask7x7,identify_place_value,1,2,identify_place_value|attempt=1|log=2|8089870410,number_sense,1.0,place_value_identification,,PlaceValue,PlaceValue,Visual,1,4475,fast,0,,1.0,very-easy,,,2026-04-24T11:04:07.252Z,2026-04-24T11:04:14.634Z,,,,,"{""pos_0"": 1}","{""pos_0"": 1}",,,,
stu_1777023080044_2956,test_1777023978840_kask7x7,identify_place_value,1,3,identify_place_value|attempt=1|log=3|d840bfeef2,number_sense,1.0,place_value_identification,,PlaceValue,PlaceValue,Visual,1,7377,fast,0,,1.0,very-easy,,,2026-04-24T11:04:07.252Z,2026-04-24T11:04:14.634Z,,,,,"{""pos_0"": 6}","{""pos_0"": 6}",,,,
stu_1777023080044_2956,test_1777023978840_kask7x7,order_numbers,0,0,order_numbers|attempt=0|log=0|f8febb2a24,sequential_thinking,1.0,number_ordering,,Ordering_desc,Ordering,Visual,1,14488,fast,0,,2.0,easy,,3.0,2026-04-24T11:19:46.437Z,2026-04-24T11:20:47.762Z,,,,,,,,desc,,
stu_1777023080044_2956,test_1777023978840_kask7x7,order_numbers,0,1,order_numbers|attempt=0|log=1|077589f9b2,sequential_thinking,1.0,number_ordering,,Ordering_asc,Ordering,Visual,1,21858,fast,0,,2.0,easy,,5.0,2026-04-24T11:19:46.437Z,2026-04-24T11:20:47.762Z,,,,,,,,asc,,
stu_1777023080044_2956,test_1777023978840_kask7x7,order_numbers,0,2,order_numbers|attempt=0|log=2|098d2d2fe1,sequential_thinking,1.0,number_ordering,,Ordering_asc,Ordering,Visual,1,24966,fast,0,,2.0,easy,,5.0,2026-04-24T11:19:46.437Z,2026-04-24T11:20:47.762Z,,,,,,,,asc,,
stu_1777023080044_2956,test_1777023978840_kask7x7,vertical_operations,0,0,vertical_operations|attempt=0|log=0|9ff97cf75f,arithmetic_fluency,1.0,vertical_operation_fluency,Addition,AdditionWithCarry,VerticalOperation,Vertical,1,49332,fast,0,,5.0,hard,,,2026-04-24T11:05:23.598Z,2026-04-24T11:06:39.215Z,6399 Addition 6089,,12488,12488,,,,,,
stu_1777023080044_2956,test_1777023978840_kask7x7,vertical_operations,0,1,vertical_operations|attempt=0|log=1|05d5cd9a19,arithmetic_fluency,1.0,vertical_operation_fluency,Addition,AdditionWithCarry,VerticalOperation,Vertical,1,26285,fast,0,,4.0,hard,,,2026-04-24T11:05:23.598Z,2026-04-24T11:06:39.215Z,4800 Addition 4813,,9613,9613,,,,,,
stu_1777023080044_2956,test_1781048227348_yh9wms9,choose_answer,0,0,choose_answer|attempt=0|log=0|7a5e46a3cd,arithmetic_fluency,0.6,operation_identification_from_context,Subtraction,OneStepProblem,WordProblem,Horizontal,1,12221,medium,0,,5.0,hard,,,2026-06-12T10:29:32.661Z,2026-06-12T10:30:19.842Z,لدى أحمد 50772 درهما، وأعطى 11353 درهما لصديقه. كم تبقى لديه؟,50772 - 11353,,,,,,,Subtraction,Subtraction
stu_1777023080044_2956,test_1781048227348_yh9wms9,choose_answer,0,0,choose_answer|attempt=0|log=0|7a5e46a3cd,number_sense,0.2,operation_identification_from_context,Subtraction,OneStepProblem,WordProblem,Horizontal,1,12221,medium,0,,5.0,hard,,,2026-06-12T10:29:32.661Z,2026-06-12T10:30:19.842Z,لدى أحمد 50772 درهما، وأعطى 11353 درهما لصديقه. كم تبقى لديه؟,50772 - 11353,,,,,,,Subtraction,Subtraction
stu_1777023080044_2956,test_1781048227348_yh9wms9,choose_answer,0,0,choose_answer|attempt=0|log=0|7a5e46a3cd,sequential_thinking,0.2,operation_identification_from_context,Subtraction,OneStepProblem,WordProblem,Horizontal,1,12221,medium,0,,5.0,hard,,,2026-06-12T10:29:32.661Z,2026-06-12T10:30:19.842Z,لدى أحمد 50772 درهما، وأعطى 11353 درهما لصديقه. كم تبقى لديه؟,50772 - 11353,,,,,,,Subtraction,Subtraction
stu_1777023080044_2956,test_1781048227348_yh9wms9,choose_answer,0,1,choose_answer|attempt=0|log=1|730c0f7dee,arithmetic_fluency,0.6,operation_identification_from_context,Subtraction,OneStepProblem,WordProblem,Horizontal,1,7224,fast,0,,4.0,hard,,,2026-06-12T10:29:32.661Z,2026-06-12T10:30:19.842Z,لدى أحمد 6770 درهما، وأعطى 2680 درهما لصديقه. كم تبقى لديه؟,6770 - 2680,,,,,,,Subtraction,Subtraction
stu_1777023080044_2956,test_1781048227348_yh9wms9,choose_answer,0,1,choose_answer|attempt=0|log=1|730c0f7dee,number_sense,0.2,operation_identification_from_context,Subtraction,OneStepProblem,WordProblem,Horizontal,1,7224,fast,0,,4.0,hard,,,2026-06-12T10:29:32.661Z,2026-06-12T10:30:19.842Z,لدى أحمد 6770 درهما، وأعطى 2680 درهما لصديقه. كم تبقى لديه؟,6770 - 2680,,,,,,,Subtraction,Subtraction
stu_1777023080044_2956,test_1781048227348_yh9wms9,choose_answer,0,1,choose_answer|attempt=0|log=1|730c0f7dee,sequential_thinking,0.2,operation_identification_from_context,Subtraction,OneStepProblem,WordProblem,Horizontal,1,7224,fast,0,,4.0,hard,,,2026-06-12T10:29:32.661Z,2026-06-12T10:30:19.842Z,لدى أحمد 6770 درهما، وأعطى 2680 درهما لصديقه. كم تبقى لديه؟,6770 - 2680,,,,,,,Subtraction,Subtraction
stu_1777023080044_2956,test_1781048227348_yh9wms9,choose_answer,0,2,choose_answer|attempt=0|log=2|f1ba19038a,arithmetic_fluency,0.6,operation_identification_from_context,,OneStepProblem,WordProblem,Horizontal,1,6185,fast,0,,4.0,hard,,,2026-06-12T10:29:32.661Z,2026-06-12T10:30:19.842Z,لدى 1960 قطعة حلوى، أريد توزيعها بالتساوي على 4 أطفال. كم قطعة يحصل كل طفل؟,1960 ÷ 4,,,,,,,,
stu_1777023080044_2956,test_1781048227348_yh9wms9,choose_answer,0,2,choose_answer|attempt=0|log=2|f1ba19038a,number_sense,0.2,operation_identification_from_context,,OneStepProblem,WordProblem,Horizontal,1,6185,fast,0,,4.0,hard,,,2026-06-12T10:29:32.661Z,2026-06-12T10:30:19.842Z,لدى 1960 قطعة حلوى، أريد توزيعها بالتساوي على 4 أطفال. كم قطعة يحصل كل طفل؟,1960 ÷ 4,,,,,,,,
stu_1777023080044_2956,test_1781048227348_yh9wms9,choose_answer,0,2,choose_answer|attempt=0|log=2|f1ba19038a,sequential_thinking,0.2,operation_identification_from_context,,OneStepProblem,WordProblem,Horizontal,1,6185,fast,0,,4.0,hard,,,2026-06-12T10:29:32.661Z,2026-06-12T10:30:19.842Z,لدى 1960 قطعة حلوى، أريد توزيعها بالتساوي على 4 أطفال. كم قطعة يحصل كل طفل؟,1960 ÷ 4,,,,,,,,
stu_1777023080044_2956,test_1781048227348_yh9wms9,choose_answer,0,3,choose_answer|attempt=0|log=3|56d07e82e9,arithmetic_fluency,0.6,operation_identification_from_context,,OneStepProblem,WordProblem,Horizontal,1,12304,medium,0,,2.0,easy,,,2026-06-12T10:29:32.661Z,2026-06-12T10:30:19.842Z,في مستودع هناك 15 صندوقًا، وكل صندوق يحتوي على 35 قطعة. كم عدد القطع في المستودع؟,15 × 35,,,,,,,,
stu_1777023080044_2956,test_1781048227348_yh9wms9,choose_answer,0,3,choose_answer|attempt=0|log=3|56d07e82e9,number_sense,0.2,operation_identification_from_context,,OneStepProblem,WordProblem,Horizontal,1,12304,medium,0,,2.0,easy,,,2026-06-12T10:29:32.661Z,2026-06-12T10:30:19.842Z,في مستودع هناك 15 صندوقًا، وكل صندوق يحتوي على 35 قطعة. كم عدد القطع في المستودع؟,15 × 35,,,,,,,,
stu_1777023080044_2956,test_1781048227348_yh9wms9,choose_answer,0,3,choose_answer|attempt=0|log=3|56d07e82e9,sequential_thinking,0.2,operation_identification_from_context,,OneStepProblem,WordProblem,Horizontal,1,12304,medium,0,,2.0,easy,,,2026-06-12T10:29:32.661Z,2026-06-12T10:30:19.842Z,في مستودع هناك 15 صندوقًا، وكل صندوق يحتوي على 35 قطعة. كم عدد القطع في المستودع؟,15 × 35,,,,,,,,
stu_1777023080044_2956,test_1781048227348_yh9wms9,choose_answer,0,4,choose_answer|attempt=0|log=4|a04f90ae66,arithmetic_fluency,0.6,operation_identification_from_context,Addition,OneStepProblem,WordProblem,Horizontal,1,9247,fast,0,,5.0,hard,,,2026-06-12T10:29:32.661Z,2026-06-12T10:30:19.842Z,لديك 44218 درهم ومنحك والده 47795 درهما. كم أصبح لديك من درهم؟,44218 + 47795,,,,,,,Addition,Addition
stu_1777023080044_2956,test_1781048227348_yh9wms9,choose_answer,0,4,choose_answer|attempt=0|log=4|a04f90ae66,number_sense,0.2,operation_identification_from_context,Addition,OneStepProblem,WordProblem,Horizontal,1,9247,fast,0,,5.0,hard,,,2026-06-12T10:29:32.661Z,2026-06-12T10:30:19.842Z,لديك 44218 درهم ومنحك والده 47795 درهما. كم أصبح لديك من درهم؟,44218 + 47795,,,,,,,Addition,Addition
stu_1777023080044_2956,test_1781048227348_yh9wms9,choose_answer,0,4,choose_answer|attempt=0|log=4|a04f90ae66,sequential_thinking,0.2,operation_identification_from_context,Addition,OneStepProblem,WordProblem,Horizontal,1,9247,fast,0,,5.0,hard,,,2026-06-12T10:29:32.661Z,2026-06-12T10:30:19.842Z,لديك 44218 درهم ومنحك والده 47795 درهما. كم أصبح لديك من درهم؟,44218 + 47795,,,,,,,Addition,Addition
stu_1777023080044_2956,test_1781048227348_yh9wms9,identify_place_value,0,0,identify_place_value|attempt=0|log=0|e5ba36f5c5,number_sense,1.0,place_value_identification,,PlaceValue,PlaceValue,Visual,1,90235,fast,0,,6.0,hard,,,2026-06-12T10:28:17.986Z,2026-06-12T10:29:32.555Z,,,,,"{""pos_0"": 2, ""pos_1"": 2, ""pos_2"": 2, ""pos_3"": 0, ""pos_4"": 1, ""pos_5"": 3}","{""pos_0"": 2, ""pos_1"": 2, ""pos_2"": 2, ""pos_3"": 0, ""pos_4"": 1, ""pos_5"": 3}",,,,
stu_1777023080044_2956,test_1781048227348_yh9wms9,identify_place_value,0,1,identify_place_value|attempt=0|log=1|97ad4e4da0,number_sense,1.0,place_value_identification,,PlaceValue,PlaceValue,Visual,1,74567,fast,0,,6.0,hard,,,2026-06-12T10:28:17.986Z,2026-06-12T10:29:32.555Z,,,,,"{""pos_0"": 9, ""pos_1"": 5, ""pos_2"": 9, ""pos_3"": 0, ""pos_4"": 4, ""pos_5"": 9}","{""pos_0"": 9, ""pos_1"": 5, ""pos_2"": 9, ""pos_3"": 0, ""pos_4"": 4, ""pos_5"": 9}",,,,
stu_1777023080044_2956,test_1781048227348_yh9wms9,order_numbers,0,0,order_numbers|attempt=0|log=0|c0f5e896d9,sequential_thinking,1.0,number_ordering,,Ordering_desc,Ordering,Visual,1,108666,fast,0,,6.0,hard,,6.0,2026-06-12T10:23:56.062Z,2026-06-12T10:26:47.562Z,,,,,,,,desc,,
stu_1777023080044_2956,test_1781048227348_yh9wms9,order_numbers,0,1,order_numbers|attempt=0|log=1|683687e8d1,sequential_thinking,1.0,number_ordering,,Ordering_desc,Ordering,Visual,1,62833,fast,0,,6.0,hard,,5.0,2026-06-12T10:23:56.062Z,2026-06-12T10:26:47.562Z,,,,,,,,desc,,
stu_1777023080044_2956,test_1781048227348_yh9wms9,vertical_operations,0,0,vertical_operations|attempt=0|log=0|d3391e9bd6,arithmetic_fluency,1.0,vertical_operation_fluency,Addition,AdditionWithCarry,VerticalOperation,Vertical,1,44964,fast,0,,4.0,hard,,,2026-06-12T10:30:19.983Z,2026-06-12T10:39:21.067Z,756 Addition 612,,1368,1368,,,,,,
stu_1777023080044_2956,test_1781048227348_yh9wms9,vertical_operations,0,1,vertical_operations|attempt=0|log=1|dfbec8b7fb,arithmetic_fluency,1.0,vertical_operation_fluency,Multiplication,MultiStepMultiplication,VerticalOperation,Vertical,0,442293,fast,0,ComputationError,5.0,hard,,,2026-06-12T10:30:19.983Z,2026-06-12T10:39:21.067Z,378 Multiplication 187,,70686,76706,,,,,,
stu_1777023080044_2956,test_1781048227348_yh9wms9,vertical_operations,0,2,vertical_operations|attempt=0|log=2|54e4177215,arithmetic_fluency,1.0,vertical_operation_fluency,Subtraction,SubtractionWithBorrow,VerticalOperation,Vertical,1,53827,fast,0,,3.0,medium,,,2026-06-12T10:30:19.983Z,2026-06-12T10:39:21.067Z,535 Subtraction 442,,93,93,,,,,,
stu_1777023080044_2956,test_1781048227348_yh9wms9,vertical_operations,1,0,vertical_operations|attempt=1|log=0|1b40f1f8f5,arithmetic_fluency,1.0,vertical_operation_fluency,Addition,AdditionWithCarry,VerticalOperation,Vertical,1,36209,fast,0,,3.0,medium,,,2026-06-12T10:39:21.076Z,2026-06-12T10:41:04.002Z,89 Addition 25,,114,114,,,,,,
stu_1777023080044_2956,test_1781048227348_yh9wms9,vertical_operations,1,1,vertical_operations|attempt=1|log=1|ae04e446d4,arithmetic_fluency,1.0,vertical_operation_fluency,Multiplication,MultiStepMultiplication,VerticalOperation,Vertical,1,46487,fast,0,,3.0,medium,,,2026-06-12T10:39:21.076Z,2026-06-12T10:41:04.002Z,72 Multiplication 12,,864,864,,,,,,
stu_1777023080044_2956,test_1781048227348_yh9wms9,vertical_operations,1,2,vertical_operations|attempt=1|log=2|c0e06aecda,arithmetic_fluency,1.0,vertical_operation_fluency,Subtraction,SimpleSubtraction,VerticalOperation,Vertical,0,20230,fast,0,ComputationError,2.0,easy,,,2026-06-12T10:39:21.076Z,2026-06-12T10:41:04.002Z,27 Subtraction 6,,21,11,,,,,,
stu_1777023080044_2956,test_1781048227348_yh9wms9,vertical_operations,2,0,vertical_operations|attempt=2|log=0|e1d56985cc,arithmetic_fluency,1.0,vertical_operation_fluency,Subtraction,SimpleSubtraction,VerticalOperation,Vertical,1,18295,fast,0,,1.0,very-easy,,,2026-06-12T10:41:04.008Z,2026-06-12T10:42:02.490Z,9 Subtraction 4,,5,5,,,,,,
stu_1777023080044_2956,test_1781048227348_yh9wms9,vertical_operations,2,1,vertical_operations|attempt=2|log=1|e4dcb42510,arithmetic_fluency,1.0,vertical_operation_fluency,Addition,AdditionWithCarry,VerticalOperation,Vertical,1,21984,fast,0,,2.0,easy,,,2026-06-12T10:41:04.008Z,2026-06-12T10:42:02.490Z,9 Addition 7,,16,16,,,,,,
stu_1777023080044_2956,test_1781048227348_yh9wms9,vertical_operations,2,2,vertical_operations|attempt=2|log=2|e51719f42e,arithmetic_fluency,1.0,vertical_operation_fluency,Multiplication,SingleStepMultiplication,VerticalOperation,Vertical,1,18203,fast,0,,1.0,very-easy,,,2026-06-12T10:41:04.008Z,2026-06-12T10:42:02.490Z,1 Multiplication 7,,7,7,,,,,,
stu_1777023761242_7194,test_1777023978840_kask7x7,choose_answer,0,0,choose_answer|attempt=0|log=0|3ca3d5e557,arithmetic_fluency,0.6,operation_identification_from_context,,OneStepProblem,WordProblem,Horizontal,1,32607,slow,1,,3.0,medium,,,2026-04-24T11:09:36.207Z,2026-04-24T11:11:18.307Z,كان لديك 250 درهما وأنت بحاجة إلى شراء 5 كتب، كل كتاب يكلف 60 درهما. هل لديك ما يكفي من المال؟,5 × 60 = 300 > 250,,,,,,,,
stu_1777023761242_7194,test_1777023978840_kask7x7,choose_answer,0,0,choose_answer|attempt=0|log=0|3ca3d5e557,number_sense,0.2,operation_identification_from_context,,OneStepProblem,WordProblem,Horizontal,1,32607,slow,1,,3.0,medium,,,2026-04-24T11:09:36.207Z,2026-04-24T11:11:18.307Z,كان لديك 250 درهما وأنت بحاجة إلى شراء 5 كتب، كل كتاب يكلف 60 درهما. هل لديك ما يكفي من المال؟,5 × 60 = 300 > 250,,,,,,,,
stu_1777023761242_7194,test_1777023978840_kask7x7,choose_answer,0,0,choose_answer|attempt=0|log=0|3ca3d5e557,sequential_thinking,0.2,operation_identification_from_context,,OneStepProblem,WordProblem,Horizontal,1,32607,slow,1,,3.0,medium,,,2026-04-24T11:09:36.207Z,2026-04-24T11:11:18.307Z,كان لديك 250 درهما وأنت بحاجة إلى شراء 5 كتب، كل كتاب يكلف 60 درهما. هل لديك ما يكفي من المال؟,5 × 60 = 300 > 250,,,,,,,,
stu_1777023761242_7194,test_1777023978840_kask7x7,choose_answer,0,1,choose_answer|attempt=0|log=1|e4567d43fd,arithmetic_fluency,0.6,operation_identification_from_context,Subtraction,OneStepProblem,WordProblem,Horizontal,1,8110,fast,0,,2.0,easy,,,2026-04-24T11:09:36.207Z,2026-04-24T11:11:18.307Z,كانت عندك 10 تفاحات، أكلت 3. كم بقي؟,10 - 3,,,,,,,Subtraction,Subtraction
stu_1777023761242_7194,test_1777023978840_kask7x7,choose_answer,0,1,choose_answer|attempt=0|log=1|e4567d43fd,number_sense,0.2,operation_identification_from_context,Subtraction,OneStepProblem,WordProblem,Horizontal,1,8110,fast,0,,2.0,easy,,,2026-04-24T11:09:36.207Z,2026-04-24T11:11:18.307Z,كانت عندك 10 تفاحات، أكلت 3. كم بقي؟,10 - 3,,,,,,,Subtraction,Subtraction
stu_1777023761242_7194,test_1777023978840_kask7x7,choose_answer,0,1,choose_answer|attempt=0|log=1|e4567d43fd,sequential_thinking,0.2,operation_identification_from_context,Subtraction,OneStepProblem,WordProblem,Horizontal,1,8110,fast,0,,2.0,easy,,,2026-04-24T11:09:36.207Z,2026-04-24T11:11:18.307Z,كانت عندك 10 تفاحات، أكلت 3. كم بقي؟,10 - 3,,,,,,,Subtraction,Subtraction
stu_1777023761242_7194,test_1777023978840_kask7x7,choose_answer,0,2,choose_answer|attempt=0|log=2|bc47ebec6c,arithmetic_fluency,0.6,operation_identification_from_context,Subtraction,OneStepProblem,WordProblem,Horizontal,1,31974,slow,1,,3.0,medium,,,2026-04-24T11:09:36.207Z,2026-04-24T11:11:18.307Z,أحمد لديه 150 درهمًا. اشترى 3 كتب، كل كتاب يكلف 40 درهمًا. كم تبقى معه؟,150 - (3 × 40),,,,,,,Subtraction,Subtraction
stu_1777023761242_7194,test_1777023978840_kask7x7,choose_answer,0,2,choose_answer|attempt=0|log=2|bc47ebec6c,number_sense,0.2,operation_identification_from_context,Subtraction,OneStepProblem,WordProblem,Horizontal,1,31974,slow,1,,3.0,medium,,,2026-04-24T11:09:36.207Z,2026-04-24T11:11:18.307Z,أحمد لديه 150 درهمًا. اشترى 3 كتب، كل كتاب يكلف 40 درهمًا. كم تبقى معه؟,150 - (3 × 40),,,,,,,Subtraction,Subtraction
stu_1777023761242_7194,test_1777023978840_kask7x7,choose_answer,0,2,choose_answer|attempt=0|log=2|bc47ebec6c,sequential_thinking,0.2,operation_identification_from_context,Subtraction,OneStepProblem,WordProblem,Horizontal,1,31974,slow,1,,3.0,medium,,,2026-04-24T11:09:36.207Z,2026-04-24T11:11:18.307Z,أحمد لديه 150 درهمًا. اشترى 3 كتب، كل كتاب يكلف 40 درهمًا. كم تبقى معه؟,150 - (3 × 40),,,,,,,Subtraction,Subtraction
stu_1777023761242_7194,test_1777023978840_kask7x7,choose_answer,0,3,choose_answer|attempt=0|log=3|e2a8279cbd,arithmetic_fluency,0.6,operation_identification_from_context,,OneStepProblem,WordProblem,Horizontal,1,6909,fast,0,,2.0,easy,,,2026-04-24T11:09:36.207Z,2026-04-24T11:11:18.307Z,أشترى علي 5 كتب، كل كتاب يكلف 70 درهمًا. كم دفع علي في المجمل؟,5 × 70,,,,,,,,
stu_1777023761242_7194,test_1777023978840_kask7x7,choose_answer,0,3,choose_answer|attempt=0|log=3|e2a8279cbd,number_sense,0.2,operation_identification_from_context,,OneStepProblem,WordProblem,Horizontal,1,6909,fast,0,,2.0,easy,,,2026-04-24T11:09:36.207Z,2026-04-24T11:11:18.307Z,أشترى علي 5 كتب، كل كتاب يكلف 70 درهمًا. كم دفع علي في المجمل؟,5 × 70,,,,,,,,
stu_1777023761242_7194,test_1777023978840_kask7x7,choose_answer,0,3,choose_answer|attempt=0|log=3|e2a8279cbd,sequential_thinking,0.2,operation_identification_from_context,,OneStepProblem,WordProblem,Horizontal,1,6909,fast,0,,2.0,easy,,,2026-04-24T11:09:36.207Z,2026-04-24T11:11:18.307Z,أشترى علي 5 كتب، كل كتاب يكلف 70 درهمًا. كم دفع علي في المجمل؟,5 × 70,,,,,,,,
stu_1777023761242_7194,test_1777023978840_kask7x7,choose_answer,0,4,choose_answer|attempt=0|log=4|e74dbaa20e,arithmetic_fluency,0.6,operation_identification_from_context,,OneStepProblem,WordProblem,Horizontal,1,22500,slow,1,,2.0,easy,,,2026-04-24T11:09:36.207Z,2026-04-24T11:11:18.307Z,في أحد المخابز يوجد 15 صندوقًا من الخبز. في كل صندوق 20 رغيفًا. كم رغيفًا في المجموع؟,15 × 20,,,,,,,,
stu_1777023761242_7194,test_1777023978840_kask7x7,choose_answer,0,4,choose_answer|attempt=0|log=4|e74dbaa20e,number_sense,0.2,operation_identification_from_context,,OneStepProblem,WordProblem,Horizontal,1,22500,slow,1,,2.0,easy,,,2026-04-24T11:09:36.207Z,2026-04-24T11:11:18.307Z,في أحد المخابز يوجد 15 صندوقًا من الخبز. في كل صندوق 20 رغيفًا. كم رغيفًا في المجموع؟,15 × 20,,,,,,,,
stu_1777023761242_7194,test_1777023978840_kask7x7,choose_answer,0,4,choose_answer|attempt=0|log=4|e74dbaa20e,sequential_thinking,0.2,operation_identification_from_context,,OneStepProblem,WordProblem,Horizontal,1,22500,slow,1,,2.0,easy,,,2026-04-24T11:09:36.207Z,2026-04-24T11:11:18.307Z,في أحد المخابز يوجد 15 صندوقًا من الخبز. في كل صندوق 20 رغيفًا. كم رغيفًا في المجموع؟,15 × 20,,,,,,,,
stu_1777023761242_7194,test_1777023978840_kask7x7,compare_numbers,0,0,compare_numbers|attempt=0|log=0|ee91fd1175,comparison_skill,1.0,number_comparison,,Greater,Comparison,Horizontal,1,12747,medium,0,,3.0,medium,,,2026-04-24T11:16:44.959Z,2026-04-24T11:17:16.666Z,,,,,,,Greater,,,
stu_1777023761242_7194,test_1777023978840_kask7x7,compare_numbers,0,1,compare_numbers|attempt=0|log=1|f33c89d6fb,comparison_skill,1.0,number_comparison,,Less,Comparison,Horizontal,1,12435,medium,0,,3.0,medium,,,2026-04-24T11:16:44.959Z,2026-04-24T11:17:16.666Z,,,,,,,Less,,,
stu_1777023761242_7194,test_1777023978840_kask7x7,compare_numbers,0,2,compare_numbers|attempt=0|log=2|c7c5072368,comparison_skill,1.0,number_comparison,,Equal,Comparison,Horizontal,1,6523,fast,0,,3.0,medium,,,2026-04-24T11:16:44.959Z,2026-04-24T11:17:16.666Z,,,,,,,Equal,,,
stu_1777023761242_7194,test_1777023978840_kask7x7,find_previous_next_number,0,0,find_previous_next_number|attempt=0|log=0|8a08e3451b,sequential_thinking,1.0,previous_next_number,,PreviousAndNext,Sequence,Horizontal,1,66182,medium,0,,3.0,medium,520-529,,2026-04-24T11:16:00.401Z,2026-04-24T11:16:44.734Z,529,,,,"[528, 530]","[528, 530]",,,,
stu_1777023761242_7194,test_1777023978840_kask7x7,find_previous_next_number,0,1,find_previous_next_number|attempt=0|log=1|b5ed85ece6,sequential_thinking,1.0,previous_next_number,,PreviousAndNext,Sequence,Horizontal,1,48231,fast,0,,3.0,medium,680-689,,2026-04-24T11:16:00.401Z,2026-04-24T11:16:44.734Z,684,,,,"[683, 685]","[683, 685]",,,,
stu_1777023761242_7194,test_1777023978840_kask7x7,find_previous_next_number,0,2,find_previous_next_number|attempt=0|log=2|5b8c814586,sequential_thinking,1.0,previous_next_number,,PreviousAndNext,Sequence,Horizontal,1,44333,fast,0,,3.0,medium,870-879,,2026-04-24T11:16:00.401Z,2026-04-24T11:16:44.734Z,878,,,,"[877, 879]","[877, 879]",,,,
stu_1777023761242_7194,test_1777023978840_kask7x7,identify_place_value,0,0,identify_place_value|attempt=0|log=0|e7003cb89b,number_sense,1.0,place_value_identification,,PlaceValue,PlaceValue,Visual,1,20121,fast,0,,2.0,easy,,,2026-04-24T11:09:19.000Z,2026-04-24T11:09:36.047Z,,,,,"{""pos_0"": 5, ""pos_1"": 6}","{""pos_0"": 5, ""pos_1"": 6}",,,,
stu_1777023761242_7194,test_1777023978840_kask7x7,identify_place_value,0,1,identify_place_value|attempt=0|log=1|9e384b7934,number_sense,1.0,place_value_identification,,PlaceValue,PlaceValue,Visual,1,22571,fast,0,,2.0,easy,,,2026-04-24T11:09:19.000Z,2026-04-24T11:09:36.047Z,,,,,"{""pos_0"": 3, ""pos_1"": 6}","{""pos_0"": ""3"", ""pos_1"": 6}",,,,
stu_1777023761242_7194,test_1777023978840_kask7x7,identify_place_value,0,2,identify_place_value|attempt=0|log=2|d7114f220f,number_sense,1.0,place_value_identification,,PlaceValue,PlaceValue,Visual,1,20269,fast,0,,2.0,easy,,,2026-04-24T11:09:19.000Z,2026-04-24T11:09:36.047Z,,,,,"{""pos_0"": 3, ""pos_1"": 2}","{""pos_0"": 3, ""pos_1"": 2}",,,,
stu_1777023761242_7194,test_1777023978840_kask7x7,identify_place_value,0,3,identify_place_value|attempt=0|log=3|d3beb36600,number_sense,1.0,place_value_identification,,PlaceValue,PlaceValue,Visual,1,17047,fast,0,,2.0,easy,,,2026-04-24T11:09:19.000Z,2026-04-24T11:09:36.047Z,,,,,"{""pos_0"": 4, ""pos_1"": 3}","{""pos_0"": 4, ""pos_1"": 3}",,,,
stu_1777023761242_7194,test_1777023978840_kask7x7,order_numbers,0,0,order_numbers|attempt=0|log=0|2c197aac50,sequential_thinking,1.0,number_ordering,,Ordering_desc,Ordering,Visual,1,70415,fast,0,,2.0,easy,,7.0,2026-04-24T11:06:23.217Z,2026-04-24T11:08:15.787Z,,,,,,,,desc,,
stu_1777023761242_7194,test_1777023978840_kask7x7,order_numbers,0,1,order_numbers|attempt=0|log=1|ce22dd1e14,sequential_thinking,1.0,number_ordering,,Ordering_asc,Ordering,Visual,1,27501,fast,0,,2.0,easy,,3.0,2026-04-24T11:06:23.217Z,2026-04-24T11:08:15.787Z,,,,,,,,asc,,
stu_1777023761242_7194,test_1777023978840_kask7x7,order_numbers,0,2,order_numbers|attempt=0|log=2|90d0d5d6aa,sequential_thinking,1.0,number_ordering,,Ordering_desc,Ordering,Visual,1,14653,fast,0,,2.0,easy,,2.0,2026-04-24T11:06:23.217Z,2026-04-24T11:08:15.787Z,,,,,,,,desc,,
stu_1777023761242_7194,test_1777023978840_kask7x7,vertical_operations,0,0,vertical_operations|attempt=0|log=0|0239827141,arithmetic_fluency,1.0,vertical_operation_fluency,Addition,AdditionWithCarry,VerticalOperation,Vertical,1,86715,fast,0,,4.0,hard,,,2026-04-24T11:11:18.561Z,2026-04-24T11:14:05.957Z,6145 Addition 525,,6670,6670,,,,,,
stu_1777023761242_7194,test_1777023978840_kask7x7,vertical_operations,0,1,vertical_operations|attempt=0|log=1|286a2ced8d,arithmetic_fluency,1.0,vertical_operation_fluency,Addition,AdditionWithCarry,VerticalOperation,Vertical,1,80681,fast,0,,4.0,hard,,,2026-04-24T11:11:18.561Z,2026-04-24T11:14:05.957Z,3741 Addition 1621,,5362,5362,,,,,,
stu_1777023761242_7194,test_1781048227348_yh9wms9,choose_answer,0,0,choose_answer|attempt=0|log=0|3110abc746,arithmetic_fluency,0.6,operation_identification_from_context,Subtraction,OneStepProblem,WordProblem,Horizontal,1,16636,medium,0,,5.0,hard,,,2026-06-12T10:36:58.261Z,2026-06-12T10:38:06.165Z,كان لديك 99749 تفاحة وأكلت 3886. كم بقي؟,99749 - 3886,,,,,,,Subtraction,Subtraction
stu_1777023761242_7194,test_1781048227348_yh9wms9,choose_answer,0,0,choose_answer|attempt=0|log=0|3110abc746,number_sense,0.2,operation_identification_from_context,Subtraction,OneStepProblem,WordProblem,Horizontal,1,16636,medium,0,,5.0,hard,,,2026-06-12T10:36:58.261Z,2026-06-12T10:38:06.165Z,كان لديك 99749 تفاحة وأكلت 3886. كم بقي؟,99749 - 3886,,,,,,,Subtraction,Subtraction
stu_1777023761242_7194,test_1781048227348_yh9wms9,choose_answer,0,0,choose_answer|attempt=0|log=0|3110abc746,sequential_thinking,0.2,operation_identification_from_context,Subtraction,OneStepProblem,WordProblem,Horizontal,1,16636,medium,0,,5.0,hard,,,2026-06-12T10:36:58.261Z,2026-06-12T10:38:06.165Z,كان لديك 99749 تفاحة وأكلت 3886. كم بقي؟,99749 - 3886,,,,,,,Subtraction,Subtraction
stu_1777023761242_7194,test_1781048227348_yh9wms9,choose_answer,0,1,choose_answer|attempt=0|log=1|1e72de73d3,arithmetic_fluency,0.6,operation_identification_from_context,,OneStepProblem,WordProblem,Horizontal,1,8611,fast,0,,2.0,easy,,,2026-06-12T10:36:58.261Z,2026-06-12T10:38:06.165Z,أشترى أحمد 12 تذكرة سينما، سعر التذكرة الواحدة 50 درهما. كم دفع أحمد في المجمل؟,12 × 50,,,,,,,,
stu_1777023761242_7194,test_1781048227348_yh9wms9,choose_answer,0,1,choose_answer|attempt=0|log=1|1e72de73d3,number_sense,0.2,operation_identification_from_context,,OneStepProblem,WordProblem,Horizontal,1,8611,fast,0,,2.0,easy,,,2026-06-12T10:36:58.261Z,2026-06-12T10:38:06.165Z,أشترى أحمد 12 تذكرة سينما، سعر التذكرة الواحدة 50 درهما. كم دفع أحمد في المجمل؟,12 × 50,,,,,,,,
stu_1777023761242_7194,test_1781048227348_yh9wms9,choose_answer,0,1,choose_answer|attempt=0|log=1|1e72de73d3,sequential_thinking,0.2,operation_identification_from_context,,OneStepProblem,WordProblem,Horizontal,1,8611,fast,0,,2.0,easy,,,2026-06-12T10:36:58.261Z,2026-06-12T10:38:06.165Z,أشترى أحمد 12 تذكرة سينما، سعر التذكرة الواحدة 50 درهما. كم دفع أحمد في المجمل؟,12 × 50,,,,,,,,
stu_1777023761242_7194,test_1781048227348_yh9wms9,choose_answer,0,2,choose_answer|attempt=0|log=2|d68600dcac,arithmetic_fluency,0.6,operation_identification_from_context,Subtraction,OneStepProblem,WordProblem,Horizontal,1,16393,medium,0,,4.0,hard,,,2026-06-12T10:36:58.261Z,2026-06-12T10:38:06.165Z,لدى أحمد 5761 درهما، وأعطى 1059 درهما لصديقه. كم تبقى لديه؟,5761 - 1059,,,,,,,Subtraction,Subtraction
stu_1777023761242_7194,test_1781048227348_yh9wms9,choose_answer,0,2,choose_answer|attempt=0|log=2|d68600dcac,number_sense,0.2,operation_identification_from_context,Subtraction,OneStepProblem,WordProblem,Horizontal,1,16393,medium,0,,4.0,hard,,,2026-06-12T10:36:58.261Z,2026-06-12T10:38:06.165Z,لدى أحمد 5761 درهما، وأعطى 1059 درهما لصديقه. كم تبقى لديه؟,5761 - 1059,,,,,,,Subtraction,Subtraction
stu_1777023761242_7194,test_1781048227348_yh9wms9,choose_answer,0,2,choose_answer|attempt=0|log=2|d68600dcac,sequential_thinking,0.2,operation_identification_from_context,Subtraction,OneStepProblem,WordProblem,Horizontal,1,16393,medium,0,,4.0,hard,,,2026-06-12T10:36:58.261Z,2026-06-12T10:38:06.165Z,لدى أحمد 5761 درهما، وأعطى 1059 درهما لصديقه. كم تبقى لديه؟,5761 - 1059,,,,,,,Subtraction,Subtraction
stu_1777023761242_7194,test_1781048227348_yh9wms9,choose_answer,0,3,choose_answer|attempt=0|log=3|0a2b9eb41d,arithmetic_fluency,0.6,operation_identification_from_context,,OneStepProblem,WordProblem,Horizontal,1,12511,medium,0,,5.0,hard,,,2026-06-12T10:36:58.261Z,2026-06-12T10:38:06.165Z,لدى 69312 قطعة حلوى، أريد توزيعها بالتساوي على 12 أطفال. كم قطعة يحصل كل طفل؟,69312 ÷ 12,,,,,,,,
stu_1777023761242_7194,test_1781048227348_yh9wms9,choose_answer,0,3,choose_answer|attempt=0|log=3|0a2b9eb41d,number_sense,0.2,operation_identification_from_context,,OneStepProblem,WordProblem,Horizontal,1,12511,medium,0,,5.0,hard,,,2026-06-12T10:36:58.261Z,2026-06-12T10:38:06.165Z,لدى 69312 قطعة حلوى، أريد توزيعها بالتساوي على 12 أطفال. كم قطعة يحصل كل طفل؟,69312 ÷ 12,,,,,,,,
stu_1777023761242_7194,test_1781048227348_yh9wms9,choose_answer,0,3,choose_answer|attempt=0|log=3|0a2b9eb41d,sequential_thinking,0.2,operation_identification_from_context,,OneStepProblem,WordProblem,Horizontal,1,12511,medium,0,,5.0,hard,,,2026-06-12T10:36:58.261Z,2026-06-12T10:38:06.165Z,لدى 69312 قطعة حلوى، أريد توزيعها بالتساوي على 12 أطفال. كم قطعة يحصل كل طفل؟,69312 ÷ 12,,,,,,,,
stu_1777023761242_7194,test_1781048227348_yh9wms9,choose_answer,0,4,choose_answer|attempt=0|log=4|5828e2f311,arithmetic_fluency,0.6,operation_identification_from_context,,OneStepProblem,WordProblem,Horizontal,1,13747,medium,0,,2.0,easy,,,2026-06-12T10:36:58.261Z,2026-06-12T10:38:06.165Z,في أحد المخابز يوجد 15 صندوقًا من الخبز. في كل صندوق 20 رغيفًا. كم رغيفًا في المجموع؟,15 × 20,,,,,,,,
stu_1777023761242_7194,test_1781048227348_yh9wms9,choose_answer,0,4,choose_answer|attempt=0|log=4|5828e2f311,number_sense,0.2,operation_identification_from_context,,OneStepProblem,WordProblem,Horizontal,1,13747,medium,0,,2.0,easy,,,2026-06-12T10:36:58.261Z,2026-06-12T10:38:06.165Z,في أحد المخابز يوجد 15 صندوقًا من الخبز. في كل صندوق 20 رغيفًا. كم رغيفًا في المجموع؟,15 × 20,,,,,,,,
stu_1777023761242_7194,test_1781048227348_yh9wms9,choose_answer,0,4,choose_answer|attempt=0|log=4|5828e2f311,sequential_thinking,0.2,operation_identification_from_context,,OneStepProblem,WordProblem,Horizontal,1,13747,medium,0,,2.0,easy,,,2026-06-12T10:36:58.261Z,2026-06-12T10:38:06.165Z,في أحد المخابز يوجد 15 صندوقًا من الخبز. في كل صندوق 20 رغيفًا. كم رغيفًا في المجموع؟,15 × 20,,,,,,,,
stu_1777023761242_7194,test_1781048227348_yh9wms9,identify_place_value,0,0,identify_place_value|attempt=0|log=0|c5b3dce4a3,number_sense,1.0,place_value_identification,,PlaceValue,PlaceValue,Visual,1,89983,fast,0,,6.0,hard,,,2026-06-12T10:36:13.023Z,2026-06-12T10:36:58.059Z,,,,,"{""pos_0"": 8, ""pos_1"": 9, ""pos_2"": 6, ""pos_3"": 5, ""pos_4"": 5, ""pos_5"": 4}","{""pos_0"": 8, ""pos_1"": 9, ""pos_2"": 6, ""pos_3"": 5, ""pos_4"": 5, ""pos_5"": 4}",,,,
stu_1777023761242_7194,test_1781048227348_yh9wms9,identify_place_value,0,1,identify_place_value|attempt=0|log=1|513fd31c19,number_sense,1.0,place_value_identification,,PlaceValue,PlaceValue,Visual,1,45028,fast,0,,6.0,hard,,,2026-06-12T10:36:13.023Z,2026-06-12T10:36:58.059Z,,,,,"{""pos_0"": 1, ""pos_1"": 7, ""pos_2"": 9, ""pos_3"": 6, ""pos_4"": 5, ""pos_5"": 6}","{""pos_0"": 1, ""pos_1"": 7, ""pos_2"": 9, ""pos_3"": 6, ""pos_4"": 5, ""pos_5"": 6}",,,,
stu_1777023761242_7194,test_1781048227348_yh9wms9,order_numbers,0,0,order_numbers|attempt=0|log=0|5edf88a8fb,sequential_thinking,1.0,number_ordering,,Ordering_desc,Ordering,Visual,1,33488,fast,0,,6.0,hard,,4.0,2026-06-12T10:33:17.149Z,2026-06-12T10:34:42.923Z,,,,,,,,desc,,
stu_1777023761242_7194,test_1781048227348_yh9wms9,order_numbers,0,1,order_numbers|attempt=0|log=1|c570db81b8,sequential_thinking,1.0,number_ordering,,Ordering_asc,Ordering,Visual,1,52270,fast,0,,6.0,hard,,7.0,2026-06-12T10:33:17.149Z,2026-06-12T10:34:42.923Z,,,,,,,,asc,,
stu_1777023761242_7194,test_1781048227348_yh9wms9,vertical_operations,0,0,vertical_operations|attempt=0|log=0|106bd7538d,arithmetic_fluency,1.0,vertical_operation_fluency,Multiplication,MultiStepMultiplication,VerticalOperation,Vertical,1,228017,fast,0,,6.0,hard,,,2026-06-12T10:38:06.299Z,2026-06-12T10:42:53.577Z,590 Multiplication 566,,333940,333940,,,,,,
stu_1777023761242_7194,test_1781048227348_yh9wms9,vertical_operations,0,1,vertical_operations|attempt=0|log=1|71e8075635,arithmetic_fluency,1.0,vertical_operation_fluency,Subtraction,SubtractionWithBorrow,VerticalOperation,Vertical,1,37620,fast,0,,3.0,medium,,,2026-06-12T10:38:06.299Z,2026-06-12T10:42:53.577Z,519 Subtraction 343,,176,176,,,,,,
stu_1777023761242_7194,test_1781048227348_yh9wms9,vertical_operations,0,2,vertical_operations|attempt=0|log=2|5df8edf040,arithmetic_fluency,1.0,vertical_operation_fluency,Addition,SimpleAddition,VerticalOperation,Vertical,1,21641,fast,0,,3.0,medium,,,2026-06-12T10:38:06.299Z,2026-06-12T10:42:53.577Z,216 Addition 573,,789,789,,,,,,
stu_1777023761468_62,test_1777023978840_kask7x7,choose_answer,0,0,choose_answer|attempt=0|log=0|571503087a,arithmetic_fluency,0.6,operation_identification_from_context,,OneStepProblem,WordProblem,Horizontal,1,16941,medium,0,,2.0,easy,,,2026-04-28T12:50:16.785Z,2026-04-28T12:51:48.587Z,أشترت مريم 3 كتب، كل كتاب يكلف 40 درهما. كم دفعت مريم في المجمل؟,3 × 40,,,,,,,,
stu_1777023761468_62,test_1777023978840_kask7x7,choose_answer,0,0,choose_answer|attempt=0|log=0|571503087a,number_sense,0.2,operation_identification_from_context,,OneStepProblem,WordProblem,Horizontal,1,16941,medium,0,,2.0,easy,,,2026-04-28T12:50:16.785Z,2026-04-28T12:51:48.587Z,أشترت مريم 3 كتب، كل كتاب يكلف 40 درهما. كم دفعت مريم في المجمل؟,3 × 40,,,,,,,,
stu_1777023761468_62,test_1777023978840_kask7x7,choose_answer,0,0,choose_answer|attempt=0|log=0|571503087a,sequential_thinking,0.2,operation_identification_from_context,,OneStepProblem,WordProblem,Horizontal,1,16941,medium,0,,2.0,easy,,,2026-04-28T12:50:16.785Z,2026-04-28T12:51:48.587Z,أشترت مريم 3 كتب، كل كتاب يكلف 40 درهما. كم دفعت مريم في المجمل؟,3 × 40,,,,,,,,
stu_1777023761468_62,test_1777023978840_kask7x7,choose_answer,0,1,choose_answer|attempt=0|log=1|e4effaa143,arithmetic_fluency,0.6,operation_identification_from_context,Subtraction,OneStepProblem,WordProblem,Horizontal,1,8263,fast,0,,3.0,medium,,,2026-04-28T12:50:16.785Z,2026-04-28T12:51:48.587Z,إذا كانت لديك 500 درهمًا وأعطيت 200 درهمًا لصديقك، كم يتبقى لديك؟,500 - 200,,,,,,,Subtraction,Subtraction
stu_1777023761468_62,test_1777023978840_kask7x7,choose_answer,0,1,choose_answer|attempt=0|log=1|e4effaa143,number_sense,0.2,operation_identification_from_context,Subtraction,OneStepProblem,WordProblem,Horizontal,1,8263,fast,0,,3.0,medium,,,2026-04-28T12:50:16.785Z,2026-04-28T12:51:48.587Z,إذا كانت لديك 500 درهمًا وأعطيت 200 درهمًا لصديقك، كم يتبقى لديك؟,500 - 200,,,,,,,Subtraction,Subtraction
stu_1777023761468_62,test_1777023978840_kask7x7,choose_answer,0,1,choose_answer|attempt=0|log=1|e4effaa143,sequential_thinking,0.2,operation_identification_from_context,Subtraction,OneStepProblem,WordProblem,Horizontal,1,8263,fast,0,,3.0,medium,,,2026-04-28T12:50:16.785Z,2026-04-28T12:51:48.587Z,إذا كانت لديك 500 درهمًا وأعطيت 200 درهمًا لصديقك، كم يتبقى لديك؟,500 - 200,,,,,,,Subtraction,Subtraction
stu_1777023761468_62,test_1777023978840_kask7x7,choose_answer,0,2,choose_answer|attempt=0|log=2|a3c84861dc,arithmetic_fluency,0.6,operation_identification_from_context,Subtraction,OneStepProblem,WordProblem,Horizontal,0,19026,medium,0,ComputationError,3.0,medium,,,2026-04-28T12:50:16.785Z,2026-04-28T12:51:48.587Z,كانت لديك 500 درهمًا، اشتريت 3 هدايا بتكلفة 120 درهمًا لكل هدية. كم تبقى لديك؟,500 - 120,,,,,,,Subtraction,Subtraction
stu_1777023761468_62,test_1777023978840_kask7x7,choose_answer,0,2,choose_answer|attempt=0|log=2|a3c84861dc,number_sense,0.2,operation_identification_from_context,Subtraction,OneStepProblem,WordProblem,Horizontal,0,19026,medium,0,ComputationError,3.0,medium,,,2026-04-28T12:50:16.785Z,2026-04-28T12:51:48.587Z,كانت لديك 500 درهمًا، اشتريت 3 هدايا بتكلفة 120 درهمًا لكل هدية. كم تبقى لديك؟,500 - 120,,,,,,,Subtraction,Subtraction
stu_1777023761468_62,test_1777023978840_kask7x7,choose_answer,0,2,choose_answer|attempt=0|log=2|a3c84861dc,sequential_thinking,0.2,operation_identification_from_context,Subtraction,OneStepProblem,WordProblem,Horizontal,0,19026,medium,0,ComputationError,3.0,medium,,,2026-04-28T12:50:16.785Z,2026-04-28T12:51:48.587Z,كانت لديك 500 درهمًا، اشتريت 3 هدايا بتكلفة 120 درهمًا لكل هدية. كم تبقى لديك؟,500 - 120,,,,,,,Subtraction,Subtraction
stu_1777023761468_62,test_1777023978840_kask7x7,choose_answer,0,3,choose_answer|attempt=0|log=3|43d334b38e,arithmetic_fluency,0.6,operation_identification_from_context,Addition,OneStepProblem,WordProblem,Horizontal,1,23026,slow,1,,1.0,very-easy,,,2026-04-28T12:50:16.785Z,2026-04-28T12:51:48.587Z,اشترت فاطمة 3 تفاحات و4 برتقالات. كم فاكهة اشترت فاطمة؟,3 + 4,,,,,,,Addition,Addition
stu_1777023761468_62,test_1777023978840_kask7x7,choose_answer,0,3,choose_answer|attempt=0|log=3|43d334b38e,number_sense,0.2,operation_identification_from_context,Addition,OneStepProblem,WordProblem,Horizontal,1,23026,slow,1,,1.0,very-easy,,,2026-04-28T12:50:16.785Z,2026-04-28T12:51:48.587Z,اشترت فاطمة 3 تفاحات و4 برتقالات. كم فاكهة اشترت فاطمة؟,3 + 4,,,,,,,Addition,Addition
stu_1777023761468_62,test_1777023978840_kask7x7,choose_answer,0,3,choose_answer|attempt=0|log=3|43d334b38e,sequential_thinking,0.2,operation_identification_from_context,Addition,OneStepProblem,WordProblem,Horizontal,1,23026,slow,1,,1.0,very-easy,,,2026-04-28T12:50:16.785Z,2026-04-28T12:51:48.587Z,اشترت فاطمة 3 تفاحات و4 برتقالات. كم فاكهة اشترت فاطمة؟,3 + 4,,,,,,,Addition,Addition
stu_1777023761468_62,test_1777023978840_kask7x7,choose_answer,0,4,choose_answer|attempt=0|log=4|b1152ec4e4,arithmetic_fluency,0.6,operation_identification_from_context,,OneStepProblem,WordProblem,Horizontal,1,24541,slow,1,,2.0,easy,,,2026-04-28T12:50:16.785Z,2026-04-28T12:51:48.587Z,في أحد المخابز يوجد 15 صندوقًا من الخبز. في كل صندوق 20 رغيفًا. كم رغيفًا في المجموع؟,15 × 20,,,,,,,,
stu_1777023761468_62,test_1777023978840_kask7x7,choose_answer,0,4,choose_answer|attempt=0|log=4|b1152ec4e4,number_sense,0.2,operation_identification_from_context,,OneStepProblem,WordProblem,Horizontal,1,24541,slow,1,,2.0,easy,,,2026-04-28T12:50:16.785Z,2026-04-28T12:51:48.587Z,في أحد المخابز يوجد 15 صندوقًا من الخبز. في كل صندوق 20 رغيفًا. كم رغيفًا في المجموع؟,15 × 20,,,,,,,,
stu_1777023761468_62,test_1777023978840_kask7x7,choose_answer,0,4,choose_answer|attempt=0|log=4|b1152ec4e4,sequential_thinking,0.2,operation_identification_from_context,,OneStepProblem,WordProblem,Horizontal,1,24541,slow,1,,2.0,easy,,,2026-04-28T12:50:16.785Z,2026-04-28T12:51:48.587Z,في أحد المخابز يوجد 15 صندوقًا من الخبز. في كل صندوق 20 رغيفًا. كم رغيفًا في المجموع؟,15 × 20,,,,,,,,
stu_1777023761468_62,test_1777023978840_kask7x7,compare_numbers,0,0,compare_numbers|attempt=0|log=0|e3e046bdfd,comparison_skill,1.0,number_comparison,,Greater,Comparison,Horizontal,1,14676,medium,0,,3.0,medium,,,2026-04-28T13:00:52.108Z,2026-04-28T13:01:20.347Z,,,,,,,Greater,,,
stu_1777023761468_62,test_1777023978840_kask7x7,compare_numbers,0,1,compare_numbers|attempt=0|log=1|e8c3d97633,comparison_skill,1.0,number_comparison,,Less,Comparison,Horizontal,1,7908,fast,0,,3.0,medium,,,2026-04-28T13:00:52.108Z,2026-04-28T13:01:20.347Z,,,,,,,Less,,,
stu_1777023761468_62,test_1777023978840_kask7x7,compare_numbers,0,2,compare_numbers|attempt=0|log=2|d990f71d48,comparison_skill,1.0,number_comparison,,Equal,Comparison,Horizontal,1,5641,fast,0,,3.0,medium,,,2026-04-28T13:00:52.108Z,2026-04-28T13:01:20.347Z,,,,,,,Equal,,,
stu_1777023761468_62,test_1777023978840_kask7x7,find_previous_next_number,0,0,find_previous_next_number|attempt=0|log=0|e797afe734,sequential_thinking,1.0,previous_next_number,,PreviousAndNext,Sequence,Horizontal,0,34294,fast,0,RangeUncertainty,3.0,medium,420-429,,2026-04-28T12:59:28.490Z,2026-04-28T12:59:58.297Z,428,,,,"[427, 429]","[429, 427]",,,,
stu_1777023761468_62,test_1777023978840_kask7x7,find_previous_next_number,0,1,find_previous_next_number|attempt=0|log=1|dc8fd5be54,sequential_thinking,1.0,previous_next_number,,PreviousAndNext,Sequence,Horizontal,1,25302,fast,0,,3.0,medium,680-689,,2026-04-28T12:59:28.490Z,2026-04-28T12:59:58.297Z,685,,,,"[684, 686]","[684, 686]",,,,
stu_1777023761468_62,test_1777023978840_kask7x7,find_previous_next_number,0,2,find_previous_next_number|attempt=0|log=2|f9cc27678b,sequential_thinking,1.0,previous_next_number,,PreviousAndNext,Sequence,Horizontal,1,29800,fast,0,,3.0,medium,840-849,,2026-04-28T12:59:28.490Z,2026-04-28T12:59:58.297Z,840,,,,"[839, 841]","[839, 841]",,,,
stu_1777023761468_62,test_1777023978840_kask7x7,find_previous_next_number,1,0,find_previous_next_number|attempt=1|log=0|a0919fce69,sequential_thinking,1.0,previous_next_number,,PreviousAndNext,Sequence,Horizontal,1,17810,fast,0,,2.0,easy,10-19,,2026-04-28T13:00:31.017Z,2026-04-28T13:00:52.010Z,17,,,,"[16, 18]","[16, 18]",,,,
stu_1777023761468_62,test_1777023978840_kask7x7,find_previous_next_number,1,1,find_previous_next_number|attempt=1|log=1|d487f04a92,sequential_thinking,1.0,previous_next_number,,PreviousAndNext,Sequence,Horizontal,1,14790,fast,0,,2.0,easy,30-39,,2026-04-28T13:00:31.017Z,2026-04-28T13:00:52.010Z,35,,,,"[34, 36]","[34, 36]",,,,
stu_1777023761468_62,test_1777023978840_kask7x7,find_previous_next_number,1,2,find_previous_next_number|attempt=1|log=2|eb45abda67,sequential_thinking,1.0,previous_next_number,,PreviousAndNext,Sequence,Horizontal,1,20988,fast,0,,2.0,easy,90-99,,2026-04-28T13:00:31.017Z,2026-04-28T13:00:52.010Z,94,,,,"[93, 95]","[93, 95]",,,,
stu_1777023761468_62,test_1777023978840_kask7x7,identify_place_value,0,0,identify_place_value|attempt=0|log=0|cdd118738a,number_sense,1.0,place_value_identification,,PlaceValue,PlaceValue,Visual,1,13848,fast,0,,2.0,easy,,,2026-04-28T12:50:10.788Z,2026-04-28T12:50:16.669Z,,,,,"{""pos_0"": 1, ""pos_1"": 4}","{""pos_0"": 1, ""pos_1"": 4}",,,,
stu_1777023761468_62,test_1777023978840_kask7x7,identify_place_value,0,1,identify_place_value|attempt=0|log=1|fa42a0e35b,number_sense,1.0,place_value_identification,,PlaceValue,PlaceValue,Visual,1,8408,fast,0,,2.0,easy,,,2026-04-28T12:50:10.788Z,2026-04-28T12:50:16.669Z,,,,,"{""pos_0"": 2, ""pos_1"": 7}","{""pos_0"": 2, ""pos_1"": 7}",,,,
stu_1777023761468_62,test_1777023978840_kask7x7,identify_place_value,0,2,identify_place_value|attempt=0|log=2|6f9b324c6f,number_sense,1.0,place_value_identification,,PlaceValue,PlaceValue,Visual,1,8708,fast,0,,2.0,easy,,,2026-04-28T12:50:10.788Z,2026-04-28T12:50:16.669Z,,,,,"{""pos_0"": 1, ""pos_1"": 5}","{""pos_0"": 1, ""pos_1"": 5}",,,,
stu_1777023761468_62,test_1777023978840_kask7x7,identify_place_value,0,3,identify_place_value|attempt=0|log=3|f18a26f1e7,number_sense,1.0,place_value_identification,,PlaceValue,PlaceValue,Visual,1,5874,fast,0,,2.0,easy,,,2026-04-28T12:50:10.788Z,2026-04-28T12:50:16.669Z,,,,,"{""pos_0"": 1, ""pos_1"": 2}","{""pos_0"": 1, ""pos_1"": 2}",,,,
stu_1777023761468_62,test_1777023978840_kask7x7,order_numbers,0,0,order_numbers|attempt=0|log=0|75315a8628,sequential_thinking,1.0,number_ordering,,Ordering_asc,Ordering,Visual,1,80539,fast,0,,2.0,easy,,7.0,2026-04-28T12:47:37.038Z,2026-04-28T12:49:39.698Z,,,,,,,,asc,,
stu_1777023761468_62,test_1777023978840_kask7x7,order_numbers,0,1,order_numbers|attempt=0|log=1|ee32685406,sequential_thinking,1.0,number_ordering,,Ordering_asc,Ordering,Visual,1,36263,fast,0,,2.0,easy,,5.0,2026-04-28T12:47:37.038Z,2026-04-28T12:49:39.698Z,,,,,,,,asc,,
stu_1777023761468_62,test_1777023978840_kask7x7,order_numbers,0,2,order_numbers|attempt=0|log=2|44a1983552,sequential_thinking,1.0,number_ordering,,Ordering_asc,Ordering,Visual,1,5842,fast,0,,2.0,easy,,2.0,2026-04-28T12:47:37.038Z,2026-04-28T12:49:39.698Z,,,,,,,,asc,,
stu_1777023761468_62,test_1777023978840_kask7x7,vertical_operations,0,0,vertical_operations|attempt=0|log=0|ff34178a5c,arithmetic_fluency,1.0,vertical_operation_fluency,Subtraction,SubtractionWithBorrow,VerticalOperation,Vertical,0,153030,fast,0,ComputationError,4.0,hard,,,2026-04-28T12:51:48.703Z,2026-04-28T12:56:09.742Z,5954 Subtraction 5356,,598,618,,,,,,
stu_1777023761468_62,test_1777023978840_kask7x7,vertical_operations,0,1,vertical_operations|attempt=0|log=1|60b327d8f6,arithmetic_fluency,1.0,vertical_operation_fluency,Subtraction,SubtractionWithBorrow,VerticalOperation,Vertical,0,108009,fast,0,ComputationError,4.0,hard,,,2026-04-28T12:51:48.703Z,2026-04-28T12:56:09.742Z,8573 Subtraction 285,,8288,0398,,,,,,
stu_1777023761468_62,test_1777023978840_kask7x7,vertical_operations,1,0,vertical_operations|attempt=1|log=0|44ca9ca456,arithmetic_fluency,1.0,vertical_operation_fluency,Subtraction,SubtractionWithBorrow,VerticalOperation,Vertical,1,45731,fast,0,,3.0,medium,,,2026-04-28T12:56:09.746Z,2026-04-28T12:57:22.588Z,980 Subtraction 24,,956,956,,,,,,
stu_1777023761468_62,test_1777023978840_kask7x7,vertical_operations,1,1,vertical_operations|attempt=1|log=1|1c96ce19ce,arithmetic_fluency,1.0,vertical_operation_fluency,Subtraction,SubtractionWithBorrow,VerticalOperation,Vertical,0,27111,fast,0,ComputationError,3.0,medium,,,2026-04-28T12:56:09.746Z,2026-04-28T12:57:22.588Z,724 Subtraction 230,,494,484,,,,,,
stu_1777023761468_62,test_1777023978840_kask7x7,vertical_operations,2,0,vertical_operations|attempt=2|log=0|c42830d3bb,arithmetic_fluency,1.0,vertical_operation_fluency,Subtraction,SubtractionWithBorrow,VerticalOperation,Vertical,1,36114,fast,0,,2.0,easy,,,2026-04-28T12:57:22.593Z,2026-04-28T12:58:28.850Z,37 Subtraction 28,,9,9,,,,,,
stu_1777023761468_62,test_1777023978840_kask7x7,vertical_operations,2,1,vertical_operations|attempt=2|log=1|6c8aec7535,arithmetic_fluency,1.0,vertical_operation_fluency,Addition,AdditionWithCarry,VerticalOperation,Vertical,1,30143,fast,0,,3.0,medium,,,2026-04-28T12:57:22.593Z,2026-04-28T12:58:28.850Z,77 Addition 81,,158,158,,,,,,
stu_1777023761689_8905,test_1777023978840_kask7x7,choose_answer,0,0,choose_answer|attempt=0|log=0|37fd736145,arithmetic_fluency,0.6,operation_identification_from_context,Subtraction,OneStepProblem,WordProblem,Horizontal,0,5229,fast,0,MisidentifiedOperation,3.0,medium,,,2026-04-24T10:49:23.232Z,2026-04-24T10:51:36.184Z,إذا كنت قد وفرت 300 درهمًا، واشتريت 2 أحذية ب 80 درهمًا لكل منهما. كم تبقى معك من المال؟,160 + 80,,,,,,,Subtraction,Addition
stu_1777023761689_8905,test_1777023978840_kask7x7,choose_answer,0,0,choose_answer|attempt=0|log=0|37fd736145,number_sense,0.2,operation_identification_from_context,Subtraction,OneStepProblem,WordProblem,Horizontal,0,5229,fast,0,MisidentifiedOperation,3.0,medium,,,2026-04-24T10:49:23.232Z,2026-04-24T10:51:36.184Z,إذا كنت قد وفرت 300 درهمًا، واشتريت 2 أحذية ب 80 درهمًا لكل منهما. كم تبقى معك من المال؟,160 + 80,,,,,,,Subtraction,Addition
stu_1777023761689_8905,test_1777023978840_kask7x7,choose_answer,0,0,choose_answer|attempt=0|log=0|37fd736145,sequential_thinking,0.2,operation_identification_from_context,Subtraction,OneStepProblem,WordProblem,Horizontal,0,5229,fast,0,MisidentifiedOperation,3.0,medium,,,2026-04-24T10:49:23.232Z,2026-04-24T10:51:36.184Z,إذا كنت قد وفرت 300 درهمًا، واشتريت 2 أحذية ب 80 درهمًا لكل منهما. كم تبقى معك من المال؟,160 + 80,,,,,,,Subtraction,Addition
stu_1777023761689_8905,test_1777023978840_kask7x7,choose_answer,0,1,choose_answer|attempt=0|log=1|16d5150b12,arithmetic_fluency,0.6,operation_identification_from_context,Subtraction,OneStepProblem,WordProblem,Horizontal,1,51793,slow,1,,3.0,medium,,,2026-04-24T10:49:23.232Z,2026-04-24T10:51:36.184Z,أحمد لديه 150 درهمًا. اشترى 3 كتب، كل كتاب يكلف 40 درهمًا. كم تبقى معه؟,150 - (3 × 40),,,,,,,Subtraction,Subtraction
stu_1777023761689_8905,test_1777023978840_kask7x7,choose_answer,0,1,choose_answer|attempt=0|log=1|16d5150b12,number_sense,0.2,operation_identification_from_context,Subtraction,OneStepProblem,WordProblem,Horizontal,1,51793,slow,1,,3.0,medium,,,2026-04-24T10:49:23.232Z,2026-04-24T10:51:36.184Z,أحمد لديه 150 درهمًا. اشترى 3 كتب، كل كتاب يكلف 40 درهمًا. كم تبقى معه؟,150 - (3 × 40),,,,,,,Subtraction,Subtraction
stu_1777023761689_8905,test_1777023978840_kask7x7,choose_answer,0,1,choose_answer|attempt=0|log=1|16d5150b12,sequential_thinking,0.2,operation_identification_from_context,Subtraction,OneStepProblem,WordProblem,Horizontal,1,51793,slow,1,,3.0,medium,,,2026-04-24T10:49:23.232Z,2026-04-24T10:51:36.184Z,أحمد لديه 150 درهمًا. اشترى 3 كتب، كل كتاب يكلف 40 درهمًا. كم تبقى معه؟,150 - (3 × 40),,,,,,,Subtraction,Subtraction
stu_1777023761689_8905,test_1777023978840_kask7x7,choose_answer,0,2,choose_answer|attempt=0|log=2|75f8ec58e6,arithmetic_fluency,0.6,operation_identification_from_context,Subtraction,OneStepProblem,WordProblem,Horizontal,1,21461,slow,1,,3.0,medium,,,2026-04-24T10:49:23.232Z,2026-04-24T10:51:36.184Z,إذا كان لديك 100 درهم وأعطيت صديقك 25 درهما، كم تبقى لديك؟,100 - 25,,,,,,,Subtraction,Subtraction
stu_1777023761689_8905,test_1777023978840_kask7x7,choose_answer,0,2,choose_answer|attempt=0|log=2|75f8ec58e6,number_sense,0.2,operation_identification_from_context,Subtraction,OneStepProblem,WordProblem,Horizontal,1,21461,slow,1,,3.0,medium,,,2026-04-24T10:49:23.232Z,2026-04-24T10:51:36.184Z,إذا كان لديك 100 درهم وأعطيت صديقك 25 درهما، كم تبقى لديك؟,100 - 25,,,,,,,Subtraction,Subtraction
stu_1777023761689_8905,test_1777023978840_kask7x7,choose_answer,0,2,choose_answer|attempt=0|log=2|75f8ec58e6,sequential_thinking,0.2,operation_identification_from_context,Subtraction,OneStepProblem,WordProblem,Horizontal,1,21461,slow,1,,3.0,medium,,,2026-04-24T10:49:23.232Z,2026-04-24T10:51:36.184Z,إذا كان لديك 100 درهم وأعطيت صديقك 25 درهما، كم تبقى لديك؟,100 - 25,,,,,,,Subtraction,Subtraction
stu_1777023761689_8905,test_1777023978840_kask7x7,choose_answer,0,3,choose_answer|attempt=0|log=3|bdd8b212b2,arithmetic_fluency,0.6,operation_identification_from_context,,OneStepProblem,WordProblem,Horizontal,0,14892,medium,0,ComputationError,2.0,easy,,,2026-04-24T10:49:23.232Z,2026-04-24T10:51:36.184Z,أشترى أحمد 12 تذكرة سينما، سعر التذكرة الواحدة 50 درهما. كم دفع أحمد في المجمل؟,50 - 12,,,,,,,,Subtraction
stu_1777023761689_8905,test_1777023978840_kask7x7,choose_answer,0,3,choose_answer|attempt=0|log=3|bdd8b212b2,number_sense,0.2,operation_identification_from_context,,OneStepProblem,WordProblem,Horizontal,0,14892,medium,0,ComputationError,2.0,easy,,,2026-04-24T10:49:23.232Z,2026-04-24T10:51:36.184Z,أشترى أحمد 12 تذكرة سينما، سعر التذكرة الواحدة 50 درهما. كم دفع أحمد في المجمل؟,50 - 12,,,,,,,,Subtraction
stu_1777023761689_8905,test_1777023978840_kask7x7,choose_answer,0,3,choose_answer|attempt=0|log=3|bdd8b212b2,sequential_thinking,0.2,operation_identification_from_context,,OneStepProblem,WordProblem,Horizontal,0,14892,medium,0,ComputationError,2.0,easy,,,2026-04-24T10:49:23.232Z,2026-04-24T10:51:36.184Z,أشترى أحمد 12 تذكرة سينما، سعر التذكرة الواحدة 50 درهما. كم دفع أحمد في المجمل؟,50 - 12,,,,,,,,Subtraction
stu_1777023761689_8905,test_1777023978840_kask7x7,choose_answer,0,4,choose_answer|attempt=0|log=4|241eeb1e58,arithmetic_fluency,0.6,operation_identification_from_context,,OneStepProblem,WordProblem,Horizontal,0,1268,fast,0,ComputationError,2.0,easy,,,2026-04-24T10:49:23.232Z,2026-04-24T10:51:36.184Z,في مستودع هناك 15 صندوقًا، وكل صندوق يحتوي على 35 قطعة. كم عدد القطع في المستودع؟,15 + 35,,,,,,,,Addition
stu_1777023761689_8905,test_1777023978840_kask7x7,choose_answer,0,4,choose_answer|attempt=0|log=4|241eeb1e58,number_sense,0.2,operation_identification_from_context,,OneStepProblem,WordProblem,Horizontal,0,1268,fast,0,ComputationError,2.0,easy,,,2026-04-24T10:49:23.232Z,2026-04-24T10:51:36.184Z,في مستودع هناك 15 صندوقًا، وكل صندوق يحتوي على 35 قطعة. كم عدد القطع في المستودع؟,15 + 35,,,,,,,,Addition
stu_1777023761689_8905,test_1777023978840_kask7x7,choose_answer,0,4,choose_answer|attempt=0|log=4|241eeb1e58,sequential_thinking,0.2,operation_identification_from_context,,OneStepProblem,WordProblem,Horizontal,0,1268,fast,0,ComputationError,2.0,easy,,,2026-04-24T10:49:23.232Z,2026-04-24T10:51:36.184Z,في مستودع هناك 15 صندوقًا، وكل صندوق يحتوي على 35 قطعة. كم عدد القطع في المستودع؟,15 + 35,,,,,,,,Addition
stu_1777023761689_8905,test_1777023978840_kask7x7,choose_answer,0,5,choose_answer|attempt=0|log=5|241eeb1e58,arithmetic_fluency,0.6,operation_identification_from_context,,OneStepProblem,WordProblem,Horizontal,0,1845,fast,0,ComputationError,2.0,easy,,,2026-04-24T10:49:23.232Z,2026-04-24T10:51:36.184Z,في مستودع هناك 15 صندوقًا، وكل صندوق يحتوي على 35 قطعة. كم عدد القطع في المستودع؟,15 + 35,,,,,,,,Addition
stu_1777023761689_8905,test_1777023978840_kask7x7,choose_answer,0,5,choose_answer|attempt=0|log=5|241eeb1e58,number_sense,0.2,operation_identification_from_context,,OneStepProblem,WordProblem,Horizontal,0,1845,fast,0,ComputationError,2.0,easy,,,2026-04-24T10:49:23.232Z,2026-04-24T10:51:36.184Z,في مستودع هناك 15 صندوقًا، وكل صندوق يحتوي على 35 قطعة. كم عدد القطع في المستودع؟,15 + 35,,,,,,,,Addition
stu_1777023761689_8905,test_1777023978840_kask7x7,choose_answer,0,5,choose_answer|attempt=0|log=5|241eeb1e58,sequential_thinking,0.2,operation_identification_from_context,,OneStepProblem,WordProblem,Horizontal,0,1845,fast,0,ComputationError,2.0,easy,,,2026-04-24T10:49:23.232Z,2026-04-24T10:51:36.184Z,في مستودع هناك 15 صندوقًا، وكل صندوق يحتوي على 35 قطعة. كم عدد القطع في المستودع؟,15 + 35,,,,,,,,Addition
stu_1777023761689_8905,test_1777023978840_kask7x7,choose_answer,0,6,choose_answer|attempt=0|log=6|241eeb1e58,arithmetic_fluency,0.6,operation_identification_from_context,,OneStepProblem,WordProblem,Horizontal,0,1131,fast,0,ComputationError,2.0,easy,,,2026-04-24T10:49:23.232Z,2026-04-24T10:51:36.184Z,في مستودع هناك 15 صندوقًا، وكل صندوق يحتوي على 35 قطعة. كم عدد القطع في المستودع؟,15 + 35,,,,,,,,Addition
stu_1777023761689_8905,test_1777023978840_kask7x7,choose_answer,0,6,choose_answer|attempt=0|log=6|241eeb1e58,number_sense,0.2,operation_identification_from_context,,OneStepProblem,WordProblem,Horizontal,0,1131,fast,0,ComputationError,2.0,easy,,,2026-04-24T10:49:23.232Z,2026-04-24T10:51:36.184Z,في مستودع هناك 15 صندوقًا، وكل صندوق يحتوي على 35 قطعة. كم عدد القطع في المستودع؟,15 + 35,,,,,,,,Addition
stu_1777023761689_8905,test_1777023978840_kask7x7,choose_answer,0,6,choose_answer|attempt=0|log=6|241eeb1e58,sequential_thinking,0.2,operation_identification_from_context,,OneStepProblem,WordProblem,Horizontal,0,1131,fast,0,ComputationError,2.0,easy,,,2026-04-24T10:49:23.232Z,2026-04-24T10:51:36.184Z,في مستودع هناك 15 صندوقًا، وكل صندوق يحتوي على 35 قطعة. كم عدد القطع في المستودع؟,15 + 35,,,,,,,,Addition
stu_1777023761689_8905,test_1777023978840_kask7x7,choose_answer,0,7,choose_answer|attempt=0|log=7|241eeb1e58,arithmetic_fluency,0.6,operation_identification_from_context,,OneStepProblem,WordProblem,Horizontal,1,8294,fast,0,,2.0,easy,,,2026-04-24T10:49:23.232Z,2026-04-24T10:51:36.184Z,في مستودع هناك 15 صندوقًا، وكل صندوق يحتوي على 35 قطعة. كم عدد القطع في المستودع؟,15 × 35,,,,,,,,
stu_1777023761689_8905,test_1777023978840_kask7x7,choose_answer,0,7,choose_answer|attempt=0|log=7|241eeb1e58,number_sense,0.2,operation_identification_from_context,,OneStepProblem,WordProblem,Horizontal,1,8294,fast,0,,2.0,easy,,,2026-04-24T10:49:23.232Z,2026-04-24T10:51:36.184Z,في مستودع هناك 15 صندوقًا، وكل صندوق يحتوي على 35 قطعة. كم عدد القطع في المستودع؟,15 × 35,,,,,,,,
stu_1777023761689_8905,test_1777023978840_kask7x7,choose_answer,0,7,choose_answer|attempt=0|log=7|241eeb1e58,sequential_thinking,0.2,operation_identification_from_context,,OneStepProblem,WordProblem,Horizontal,1,8294,fast,0,,2.0,easy,,,2026-04-24T10:49:23.232Z,2026-04-24T10:51:36.184Z,في مستودع هناك 15 صندوقًا، وكل صندوق يحتوي على 35 قطعة. كم عدد القطع في المستودع؟,15 × 35,,,,,,,,
stu_1777023761689_8905,test_1777023978840_kask7x7,choose_answer,0,8,choose_answer|attempt=0|log=8|241eeb1e58,arithmetic_fluency,0.6,operation_identification_from_context,,OneStepProblem,WordProblem,Horizontal,1,5504,fast,0,,2.0,easy,,,2026-04-24T10:49:23.232Z,2026-04-24T10:51:36.184Z,في مستودع هناك 15 صندوقًا، وكل صندوق يحتوي على 35 قطعة. كم عدد القطع في المستودع؟,15 × 35,,,,,,,,
stu_1777023761689_8905,test_1777023978840_kask7x7,choose_answer,0,8,choose_answer|attempt=0|log=8|241eeb1e58,number_sense,0.2,operation_identification_from_context,,OneStepProblem,WordProblem,Horizontal,1,5504,fast,0,,2.0,easy,,,2026-04-24T10:49:23.232Z,2026-04-24T10:51:36.184Z,في مستودع هناك 15 صندوقًا، وكل صندوق يحتوي على 35 قطعة. كم عدد القطع في المستودع؟,15 × 35,,,,,,,,
stu_1777023761689_8905,test_1777023978840_kask7x7,choose_answer,0,8,choose_answer|attempt=0|log=8|241eeb1e58,sequential_thinking,0.2,operation_identification_from_context,,OneStepProblem,WordProblem,Horizontal,1,5504,fast,0,,2.0,easy,,,2026-04-24T10:49:23.232Z,2026-04-24T10:51:36.184Z,في مستودع هناك 15 صندوقًا، وكل صندوق يحتوي على 35 قطعة. كم عدد القطع في المستودع؟,15 × 35,,,,,,,,
stu_1777023761689_8905,test_1777023978840_kask7x7,choose_answer,0,9,choose_answer|attempt=0|log=9|241eeb1e58,arithmetic_fluency,0.6,operation_identification_from_context,,OneStepProblem,WordProblem,Horizontal,1,5935,fast,0,,2.0,easy,,,2026-04-24T10:49:23.232Z,2026-04-24T10:51:36.184Z,في مستودع هناك 15 صندوقًا، وكل صندوق يحتوي على 35 قطعة. كم عدد القطع في المستودع؟,15 × 35,,,,,,,,
stu_1777023761689_8905,test_1777023978840_kask7x7,choose_answer,0,9,choose_answer|attempt=0|log=9|241eeb1e58,number_sense,0.2,operation_identification_from_context,,OneStepProblem,WordProblem,Horizontal,1,5935,fast,0,,2.0,easy,,,2026-04-24T10:49:23.232Z,2026-04-24T10:51:36.184Z,في مستودع هناك 15 صندوقًا، وكل صندوق يحتوي على 35 قطعة. كم عدد القطع في المستودع؟,15 × 35,,,,,,,,
stu_1777023761689_8905,test_1777023978840_kask7x7,choose_answer,0,9,choose_answer|attempt=0|log=9|241eeb1e58,sequential_thinking,0.2,operation_identification_from_context,,OneStepProblem,WordProblem,Horizontal,1,5935,fast,0,,2.0,easy,,,2026-04-24T10:49:23.232Z,2026-04-24T10:51:36.184Z,في مستودع هناك 15 صندوقًا، وكل صندوق يحتوي على 35 قطعة. كم عدد القطع في المستودع؟,15 × 35,,,,,,,,
stu_1777023761689_8905,test_1777023978840_kask7x7,choose_answer,0,10,choose_answer|attempt=0|log=10|241eeb1e58,arithmetic_fluency,0.6,operation_identification_from_context,,OneStepProblem,WordProblem,Horizontal,1,1134,fast,0,,2.0,easy,,,2026-04-24T10:49:23.232Z,2026-04-24T10:51:36.184Z,في مستودع هناك 15 صندوقًا، وكل صندوق يحتوي على 35 قطعة. كم عدد القطع في المستودع؟,15 × 35,,,,,,,,
stu_1777023761689_8905,test_1777023978840_kask7x7,choose_answer,0,10,choose_answer|attempt=0|log=10|241eeb1e58,number_sense,0.2,operation_identification_from_context,,OneStepProblem,WordProblem,Horizontal,1,1134,fast,0,,2.0,easy,,,2026-04-24T10:49:23.232Z,2026-04-24T10:51:36.184Z,في مستودع هناك 15 صندوقًا، وكل صندوق يحتوي على 35 قطعة. كم عدد القطع في المستودع؟,15 × 35,,,,,,,,
stu_1777023761689_8905,test_1777023978840_kask7x7,choose_answer,0,10,choose_answer|attempt=0|log=10|241eeb1e58,sequential_thinking,0.2,operation_identification_from_context,,OneStepProblem,WordProblem,Horizontal,1,1134,fast,0,,2.0,easy,,,2026-04-24T10:49:23.232Z,2026-04-24T10:51:36.184Z,في مستودع هناك 15 صندوقًا، وكل صندوق يحتوي على 35 قطعة. كم عدد القطع في المستودع؟,15 × 35,,,,,,,,
stu_1777023761689_8905,test_1777023978840_kask7x7,choose_answer,0,11,choose_answer|attempt=0|log=11|241eeb1e58,arithmetic_fluency,0.6,operation_identification_from_context,,OneStepProblem,WordProblem,Horizontal,0,1095,fast,0,ComputationError,2.0,easy,,,2026-04-24T10:49:23.232Z,2026-04-24T10:51:36.184Z,في مستودع هناك 15 صندوقًا، وكل صندوق يحتوي على 35 قطعة. كم عدد القطع في المستودع؟,525 ÷ 15,,,,,,,,
stu_1777023761689_8905,test_1777023978840_kask7x7,choose_answer,0,11,choose_answer|attempt=0|log=11|241eeb1e58,number_sense,0.2,operation_identification_from_context,,OneStepProblem,WordProblem,Horizontal,0,1095,fast,0,ComputationError,2.0,easy,,,2026-04-24T10:49:23.232Z,2026-04-24T10:51:36.184Z,في مستودع هناك 15 صندوقًا، وكل صندوق يحتوي على 35 قطعة. كم عدد القطع في المستودع؟,525 ÷ 15,,,,,,,,
stu_1777023761689_8905,test_1777023978840_kask7x7,choose_answer,0,11,choose_answer|attempt=0|log=11|241eeb1e58,sequential_thinking,0.2,operation_identification_from_context,,OneStepProblem,WordProblem,Horizontal,0,1095,fast,0,ComputationError,2.0,easy,,,2026-04-24T10:49:23.232Z,2026-04-24T10:51:36.184Z,في مستودع هناك 15 صندوقًا، وكل صندوق يحتوي على 35 قطعة. كم عدد القطع في المستودع؟,525 ÷ 15,,,,,,,,
stu_1777023761689_8905,test_1777023978840_kask7x7,choose_answer,0,12,choose_answer|attempt=0|log=12|241eeb1e58,arithmetic_fluency,0.6,operation_identification_from_context,,OneStepProblem,WordProblem,Horizontal,0,787,fast,0,ComputationError,2.0,easy,,,2026-04-24T10:49:23.232Z,2026-04-24T10:51:36.184Z,في مستودع هناك 15 صندوقًا، وكل صندوق يحتوي على 35 قطعة. كم عدد القطع في المستودع؟,525 ÷ 15,,,,,,,,
stu_1777023761689_8905,test_1777023978840_kask7x7,choose_answer,0,12,choose_answer|attempt=0|log=12|241eeb1e58,number_sense,0.2,operation_identification_from_context,,OneStepProblem,WordProblem,Horizontal,0,787,fast,0,ComputationError,2.0,easy,,,2026-04-24T10:49:23.232Z,2026-04-24T10:51:36.184Z,في مستودع هناك 15 صندوقًا، وكل صندوق يحتوي على 35 قطعة. كم عدد القطع في المستودع؟,525 ÷ 15,,,,,,,,
stu_1777023761689_8905,test_1777023978840_kask7x7,choose_answer,0,12,choose_answer|attempt=0|log=12|241eeb1e58,sequential_thinking,0.2,operation_identification_from_context,,OneStepProblem,WordProblem,Horizontal,0,787,fast,0,ComputationError,2.0,easy,,,2026-04-24T10:49:23.232Z,2026-04-24T10:51:36.184Z,في مستودع هناك 15 صندوقًا، وكل صندوق يحتوي على 35 قطعة. كم عدد القطع في المستودع؟,525 ÷ 15,,,,,,,,
stu_1777023761689_8905,test_1777023978840_kask7x7,choose_answer,0,13,choose_answer|attempt=0|log=13|241eeb1e58,arithmetic_fluency,0.6,operation_identification_from_context,,OneStepProblem,WordProblem,Horizontal,1,1261,fast,0,,2.0,easy,,,2026-04-24T10:49:23.232Z,2026-04-24T10:51:36.184Z,في مستودع هناك 15 صندوقًا، وكل صندوق يحتوي على 35 قطعة. كم عدد القطع في المستودع؟,15 × 35,,,,,,,,
stu_1777023761689_8905,test_1777023978840_kask7x7,choose_answer,0,13,choose_answer|attempt=0|log=13|241eeb1e58,number_sense,0.2,operation_identification_from_context,,OneStepProblem,WordProblem,Horizontal,1,1261,fast,0,,2.0,easy,,,2026-04-24T10:49:23.232Z,2026-04-24T10:51:36.184Z,في مستودع هناك 15 صندوقًا، وكل صندوق يحتوي على 35 قطعة. كم عدد القطع في المستودع؟,15 × 35,,,,,,,,
stu_1777023761689_8905,test_1777023978840_kask7x7,choose_answer,0,13,choose_answer|attempt=0|log=13|241eeb1e58,sequential_thinking,0.2,operation_identification_from_context,,OneStepProblem,WordProblem,Horizontal,1,1261,fast,0,,2.0,easy,,,2026-04-24T10:49:23.232Z,2026-04-24T10:51:36.184Z,في مستودع هناك 15 صندوقًا، وكل صندوق يحتوي على 35 قطعة. كم عدد القطع في المستودع؟,15 × 35,,,,,,,,
stu_1777023761689_8905,test_1777023978840_kask7x7,choose_answer,0,14,choose_answer|attempt=0|log=14|241eeb1e58,arithmetic_fluency,0.6,operation_identification_from_context,,OneStepProblem,WordProblem,Horizontal,1,560,fast,0,,2.0,easy,,,2026-04-24T10:49:23.232Z,2026-04-24T10:51:36.184Z,في مستودع هناك 15 صندوقًا، وكل صندوق يحتوي على 35 قطعة. كم عدد القطع في المستودع؟,15 × 35,,,,,,,,
stu_1777023761689_8905,test_1777023978840_kask7x7,choose_answer,0,14,choose_answer|attempt=0|log=14|241eeb1e58,number_sense,0.2,operation_identification_from_context,,OneStepProblem,WordProblem,Horizontal,1,560,fast,0,,2.0,easy,,,2026-04-24T10:49:23.232Z,2026-04-24T10:51:36.184Z,في مستودع هناك 15 صندوقًا، وكل صندوق يحتوي على 35 قطعة. كم عدد القطع في المستودع؟,15 × 35,,,,,,,,
stu_1777023761689_8905,test_1777023978840_kask7x7,choose_answer,0,14,choose_answer|attempt=0|log=14|241eeb1e58,sequential_thinking,0.2,operation_identification_from_context,,OneStepProblem,WordProblem,Horizontal,1,560,fast,0,,2.0,easy,,,2026-04-24T10:49:23.232Z,2026-04-24T10:51:36.184Z,في مستودع هناك 15 صندوقًا، وكل صندوق يحتوي على 35 قطعة. كم عدد القطع في المستودع؟,15 × 35,,,,,,,,
stu_1777023761689_8905,test_1777023978840_kask7x7,choose_answer,0,15,choose_answer|attempt=0|log=15|241eeb1e58,arithmetic_fluency,0.6,operation_identification_from_context,,OneStepProblem,WordProblem,Horizontal,0,2352,fast,0,ComputationError,2.0,easy,,,2026-04-24T10:49:23.232Z,2026-04-24T10:51:36.184Z,في مستودع هناك 15 صندوقًا، وكل صندوق يحتوي على 35 قطعة. كم عدد القطع في المستودع؟,15 + 35,,,,,,,,Addition
stu_1777023761689_8905,test_1777023978840_kask7x7,choose_answer,0,15,choose_answer|attempt=0|log=15|241eeb1e58,number_sense,0.2,operation_identification_from_context,,OneStepProblem,WordProblem,Horizontal,0,2352,fast,0,ComputationError,2.0,easy,,,2026-04-24T10:49:23.232Z,2026-04-24T10:51:36.184Z,في مستودع هناك 15 صندوقًا، وكل صندوق يحتوي على 35 قطعة. كم عدد القطع في المستودع؟,15 + 35,,,,,,,,Addition
stu_1777023761689_8905,test_1777023978840_kask7x7,choose_answer,0,15,choose_answer|attempt=0|log=15|241eeb1e58,sequential_thinking,0.2,operation_identification_from_context,,OneStepProblem,WordProblem,Horizontal,0,2352,fast,0,ComputationError,2.0,easy,,,2026-04-24T10:49:23.232Z,2026-04-24T10:51:36.184Z,في مستودع هناك 15 صندوقًا، وكل صندوق يحتوي على 35 قطعة. كم عدد القطع في المستودع؟,15 + 35,,,,,,,,Addition
stu_1777023761689_8905,test_1777023978840_kask7x7,choose_answer,0,16,choose_answer|attempt=0|log=16|241eeb1e58,arithmetic_fluency,0.6,operation_identification_from_context,,OneStepProblem,WordProblem,Horizontal,1,8411,fast,0,,2.0,easy,,,2026-04-24T10:49:23.232Z,2026-04-24T10:51:36.184Z,في مستودع هناك 15 صندوقًا، وكل صندوق يحتوي على 35 قطعة. كم عدد القطع في المستودع؟,15 × 35,,,,,,,,
stu_1777023761689_8905,test_1777023978840_kask7x7,choose_answer,0,16,choose_answer|attempt=0|log=16|241eeb1e58,number_sense,0.2,operation_identification_from_context,,OneStepProblem,WordProblem,Horizontal,1,8411,fast,0,,2.0,easy,,,2026-04-24T10:49:23.232Z,2026-04-24T10:51:36.184Z,في مستودع هناك 15 صندوقًا، وكل صندوق يحتوي على 35 قطعة. كم عدد القطع في المستودع؟,15 × 35,,,,,,,,
stu_1777023761689_8905,test_1777023978840_kask7x7,choose_answer,0,16,choose_answer|attempt=0|log=16|241eeb1e58,sequential_thinking,0.2,operation_identification_from_context,,OneStepProblem,WordProblem,Horizontal,1,8411,fast,0,,2.0,easy,,,2026-04-24T10:49:23.232Z,2026-04-24T10:51:36.184Z,في مستودع هناك 15 صندوقًا، وكل صندوق يحتوي على 35 قطعة. كم عدد القطع في المستودع؟,15 × 35,,,,,,,,
stu_1777023761689_8905,test_1777023978840_kask7x7,identify_place_value,0,0,identify_place_value|attempt=0|log=0|c27ff23eec,number_sense,1.0,place_value_identification,,PlaceValue,PlaceValue,Visual,1,37320,fast,0,,2.0,easy,,,2026-04-24T10:49:06.994Z,2026-04-24T10:49:22.988Z,,,,,"{""pos_0"": 9, ""pos_1"": 9}","{""pos_0"": 9, ""pos_1"": 9}",,,,
stu_1777023761689_8905,test_1777023978840_kask7x7,identify_place_value,0,1,identify_place_value|attempt=0|log=1|e7003cb89b,number_sense,1.0,place_value_identification,,PlaceValue,PlaceValue,Visual,1,33558,fast,0,,2.0,easy,,,2026-04-24T10:49:06.994Z,2026-04-24T10:49:22.988Z,,,,,"{""pos_0"": 5, ""pos_1"": 6}","{""pos_0"": 5, ""pos_1"": 6}",,,,
stu_1777023761689_8905,test_1777023978840_kask7x7,identify_place_value,0,2,identify_place_value|attempt=0|log=2|efcd6b9883,number_sense,1.0,place_value_identification,,PlaceValue,PlaceValue,Visual,1,12895,fast,0,,2.0,easy,,,2026-04-24T10:49:06.994Z,2026-04-24T10:49:22.988Z,,,,,"{""pos_0"": 9, ""pos_1"": 3}","{""pos_0"": 9, ""pos_1"": 3}",,,,
stu_1777023761689_8905,test_1777023978840_kask7x7,identify_place_value,0,3,identify_place_value|attempt=0|log=3|3a9f4f763f,number_sense,1.0,place_value_identification,,PlaceValue,PlaceValue,Visual,1,15993,fast,0,,2.0,easy,,,2026-04-24T10:49:06.994Z,2026-04-24T10:49:22.988Z,,,,,"{""pos_0"": 5, ""pos_1"": 7}","{""pos_0"": 5, ""pos_1"": 7}",,,,
stu_1777023761689_8905,test_1777023978840_kask7x7,order_numbers,0,0,order_numbers|attempt=0|log=0|e58cbf624d,sequential_thinking,1.0,number_ordering,,Ordering_asc,Ordering,Visual,1,156834,medium,0,,2.0,easy,,6.0,2026-04-24T10:41:25.687Z,2026-04-24T10:47:42.980Z,,,,,,,,asc,,
stu_1777023761689_8905,test_1777023978840_kask7x7,order_numbers,0,1,order_numbers|attempt=0|log=1|3afcf16c34,sequential_thinking,1.0,number_ordering,,Ordering_desc,Ordering,Visual,1,164212,medium,0,,2.0,easy,,5.0,2026-04-24T10:41:25.687Z,2026-04-24T10:47:42.980Z,,,,,,,,desc,,
stu_1777023761689_8905,test_1777023978840_kask7x7,order_numbers,0,2,order_numbers|attempt=0|log=2|05e9929d6d,sequential_thinking,1.0,number_ordering,,Ordering_desc,Ordering,Visual,1,56244,fast,0,,2.0,easy,,6.0,2026-04-24T10:41:25.687Z,2026-04-24T10:47:42.980Z,,,,,,,,desc,,
stu_1777023761689_8905,test_1781049725283_3of3fqe,choose_answer,0,0,choose_answer|attempt=0|log=0|f0970ac82c,arithmetic_fluency,0.6,operation_identification_from_context,Subtraction,OneStepProblem,WordProblem,Horizontal,0,19298,medium,0,ComputationError,3.0,medium,,,2026-06-10T09:50:52.716Z,2026-06-10T09:52:21.302Z,كانت لديك 500 درهمًا، اشتريت 3 هدايا بتكلفة 120 درهمًا لكل هدية. كم تبقى لديك؟,500 - 120,,,,,,,Subtraction,Subtraction
stu_1777023761689_8905,test_1781049725283_3of3fqe,choose_answer,0,0,choose_answer|attempt=0|log=0|f0970ac82c,number_sense,0.2,operation_identification_from_context,Subtraction,OneStepProblem,WordProblem,Horizontal,0,19298,medium,0,ComputationError,3.0,medium,,,2026-06-10T09:50:52.716Z,2026-06-10T09:52:21.302Z,كانت لديك 500 درهمًا، اشتريت 3 هدايا بتكلفة 120 درهمًا لكل هدية. كم تبقى لديك؟,500 - 120,,,,,,,Subtraction,Subtraction
stu_1777023761689_8905,test_1781049725283_3of3fqe,choose_answer,0,0,choose_answer|attempt=0|log=0|f0970ac82c,sequential_thinking,0.2,operation_identification_from_context,Subtraction,OneStepProblem,WordProblem,Horizontal,0,19298,medium,0,ComputationError,3.0,medium,,,2026-06-10T09:50:52.716Z,2026-06-10T09:52:21.302Z,كانت لديك 500 درهمًا، اشتريت 3 هدايا بتكلفة 120 درهمًا لكل هدية. كم تبقى لديك؟,500 - 120,,,,,,,Subtraction,Subtraction
stu_1777023761689_8905,test_1781049725283_3of3fqe,choose_answer,0,1,choose_answer|attempt=0|log=1|df0c0a6808,arithmetic_fluency,0.6,operation_identification_from_context,Subtraction,OneStepProblem,WordProblem,Horizontal,1,15380,medium,0,,2.0,easy,,,2026-06-10T09:50:52.716Z,2026-06-10T09:52:21.302Z,لدى أحمد 75 درهما، وأعطى 5 درهما لصديقه. كم تبقى لديه؟,75 - 5,,,,,,,Subtraction,Subtraction
stu_1777023761689_8905,test_1781049725283_3of3fqe,choose_answer,0,1,choose_answer|attempt=0|log=1|df0c0a6808,number_sense,0.2,operation_identification_from_context,Subtraction,OneStepProblem,WordProblem,Horizontal,1,15380,medium,0,,2.0,easy,,,2026-06-10T09:50:52.716Z,2026-06-10T09:52:21.302Z,لدى أحمد 75 درهما، وأعطى 5 درهما لصديقه. كم تبقى لديه؟,75 - 5,,,,,,,Subtraction,Subtraction
stu_1777023761689_8905,test_1781049725283_3of3fqe,choose_answer,0,1,choose_answer|attempt=0|log=1|df0c0a6808,sequential_thinking,0.2,operation_identification_from_context,Subtraction,OneStepProblem,WordProblem,Horizontal,1,15380,medium,0,,2.0,easy,,,2026-06-10T09:50:52.716Z,2026-06-10T09:52:21.302Z,لدى أحمد 75 درهما، وأعطى 5 درهما لصديقه. كم تبقى لديه؟,75 - 5,,,,,,,Subtraction,Subtraction
stu_1777023761689_8905,test_1781049725283_3of3fqe,choose_answer,0,2,choose_answer|attempt=0|log=2|5eed4f9a6a,arithmetic_fluency,0.6,operation_identification_from_context,,OneStepProblem,WordProblem,Horizontal,1,19518,medium,0,,3.0,medium,,,2026-06-10T09:50:52.716Z,2026-06-10T09:52:21.302Z,لدى 920 قطعة حلوى، أريد توزيعها بالتساوي على 10 أطفال. كم قطعة يحصل كل طفل؟,920 ÷ 10,,,,,,,,
stu_1777023761689_8905,test_1781049725283_3of3fqe,choose_answer,0,2,choose_answer|attempt=0|log=2|5eed4f9a6a,number_sense,0.2,operation_identification_from_context,,OneStepProblem,WordProblem,Horizontal,1,19518,medium,0,,3.0,medium,,,2026-06-10T09:50:52.716Z,2026-06-10T09:52:21.302Z,لدى 920 قطعة حلوى، أريد توزيعها بالتساوي على 10 أطفال. كم قطعة يحصل كل طفل؟,920 ÷ 10,,,,,,,,
stu_1777023761689_8905,test_1781049725283_3of3fqe,choose_answer,0,2,choose_answer|attempt=0|log=2|5eed4f9a6a,sequential_thinking,0.2,operation_identification_from_context,,OneStepProblem,WordProblem,Horizontal,1,19518,medium,0,,3.0,medium,,,2026-06-10T09:50:52.716Z,2026-06-10T09:52:21.302Z,لدى 920 قطعة حلوى، أريد توزيعها بالتساوي على 10 أطفال. كم قطعة يحصل كل طفل؟,920 ÷ 10,,,,,,,,
stu_1777023761689_8905,test_1781049725283_3of3fqe,choose_answer,0,3,choose_answer|attempt=0|log=3|d452560b5e,arithmetic_fluency,0.6,operation_identification_from_context,,OneStepProblem,WordProblem,Horizontal,0,15063,medium,0,ComputationError,1.0,very-easy,,,2026-06-10T09:50:52.716Z,2026-06-10T09:52:21.302Z,لدى 3 صناديق، كل صندوق يحتوي على 2 قطعة. كم قطعة في المجموع؟,3 + 2,,,,,,,,Addition
stu_1777023761689_8905,test_1781049725283_3of3fqe,choose_answer,0,3,choose_answer|attempt=0|log=3|d452560b5e,number_sense,0.2,operation_identification_from_context,,OneStepProblem,WordProblem,Horizontal,0,15063,medium,0,ComputationError,1.0,very-easy,,,2026-06-10T09:50:52.716Z,2026-06-10T09:52:21.302Z,لدى 3 صناديق، كل صندوق يحتوي على 2 قطعة. كم قطعة في المجموع؟,3 + 2,,,,,,,,Addition
stu_1777023761689_8905,test_1781049725283_3of3fqe,choose_answer,0,3,choose_answer|attempt=0|log=3|d452560b5e,sequential_thinking,0.2,operation_identification_from_context,,OneStepProblem,WordProblem,Horizontal,0,15063,medium,0,ComputationError,1.0,very-easy,,,2026-06-10T09:50:52.716Z,2026-06-10T09:52:21.302Z,لدى 3 صناديق، كل صندوق يحتوي على 2 قطعة. كم قطعة في المجموع؟,3 + 2,,,,,,,,Addition
stu_1777023761689_8905,test_1781049725283_3of3fqe,choose_answer,0,4,choose_answer|attempt=0|log=4|5e81d33021,arithmetic_fluency,0.6,operation_identification_from_context,,OneStepProblem,WordProblem,Horizontal,0,16783,medium,0,ComputationError,2.0,easy,,,2026-06-10T09:50:52.716Z,2026-06-10T09:52:21.302Z,في مستودع هناك 15 صندوقًا، وكل صندوق يحتوي على 35 قطعة. كم عدد القطع في المستودع؟,525 ÷ 15,,,,,,,,
stu_1777023761689_8905,test_1781049725283_3of3fqe,choose_answer,0,4,choose_answer|attempt=0|log=4|5e81d33021,number_sense,0.2,operation_identification_from_context,,OneStepProblem,WordProblem,Horizontal,0,16783,medium,0,ComputationError,2.0,easy,,,2026-06-10T09:50:52.716Z,2026-06-10T09:52:21.302Z,في مستودع هناك 15 صندوقًا، وكل صندوق يحتوي على 35 قطعة. كم عدد القطع في المستودع؟,525 ÷ 15,,,,,,,,
stu_1777023761689_8905,test_1781049725283_3of3fqe,choose_answer,0,4,choose_answer|attempt=0|log=4|5e81d33021,sequential_thinking,0.2,operation_identification_from_context,,OneStepProblem,WordProblem,Horizontal,0,16783,medium,0,ComputationError,2.0,easy,,,2026-06-10T09:50:52.716Z,2026-06-10T09:52:21.302Z,في مستودع هناك 15 صندوقًا، وكل صندوق يحتوي على 35 قطعة. كم عدد القطع في المستودع؟,525 ÷ 15,,,,,,,,
stu_1777023761689_8905,test_1781049725283_3of3fqe,choose_answer,0,5,choose_answer|attempt=0|log=5|5e81d33021,arithmetic_fluency,0.6,operation_identification_from_context,,OneStepProblem,WordProblem,Horizontal,0,575,fast,0,ComputationError,2.0,easy,,,2026-06-10T09:50:52.716Z,2026-06-10T09:52:21.302Z,في مستودع هناك 15 صندوقًا، وكل صندوق يحتوي على 35 قطعة. كم عدد القطع في المستودع؟,525 ÷ 15,,,,,,,,
stu_1777023761689_8905,test_1781049725283_3of3fqe,choose_answer,0,5,choose_answer|attempt=0|log=5|5e81d33021,number_sense,0.2,operation_identification_from_context,,OneStepProblem,WordProblem,Horizontal,0,575,fast,0,ComputationError,2.0,easy,,,2026-06-10T09:50:52.716Z,2026-06-10T09:52:21.302Z,في مستودع هناك 15 صندوقًا، وكل صندوق يحتوي على 35 قطعة. كم عدد القطع في المستودع؟,525 ÷ 15,,,,,,,,
stu_1777023761689_8905,test_1781049725283_3of3fqe,choose_answer,0,5,choose_answer|attempt=0|log=5|5e81d33021,sequential_thinking,0.2,operation_identification_from_context,,OneStepProblem,WordProblem,Horizontal,0,575,fast,0,ComputationError,2.0,easy,,,2026-06-10T09:50:52.716Z,2026-06-10T09:52:21.302Z,في مستودع هناك 15 صندوقًا، وكل صندوق يحتوي على 35 قطعة. كم عدد القطع في المستودع؟,525 ÷ 15,,,,,,,,
stu_1777023761689_8905,test_1781049725283_3of3fqe,choose_answer,0,6,choose_answer|attempt=0|log=6|5e81d33021,arithmetic_fluency,0.6,operation_identification_from_context,,OneStepProblem,WordProblem,Horizontal,0,1009,fast,0,ComputationError,2.0,easy,,,2026-06-10T09:50:52.716Z,2026-06-10T09:52:21.302Z,في مستودع هناك 15 صندوقًا، وكل صندوق يحتوي على 35 قطعة. كم عدد القطع في المستودع؟,525 ÷ 15,,,,,,,,
stu_1777023761689_8905,test_1781049725283_3of3fqe,choose_answer,0,6,choose_answer|attempt=0|log=6|5e81d33021,number_sense,0.2,operation_identification_from_context,,OneStepProblem,WordProblem,Horizontal,0,1009,fast,0,ComputationError,2.0,easy,,,2026-06-10T09:50:52.716Z,2026-06-10T09:52:21.302Z,في مستودع هناك 15 صندوقًا، وكل صندوق يحتوي على 35 قطعة. كم عدد القطع في المستودع؟,525 ÷ 15,,,,,,,,
stu_1777023761689_8905,test_1781049725283_3of3fqe,choose_answer,0,6,choose_answer|attempt=0|log=6|5e81d33021,sequential_thinking,0.2,operation_identification_from_context,,OneStepProblem,WordProblem,Horizontal,0,1009,fast,0,ComputationError,2.0,easy,,,2026-06-10T09:50:52.716Z,2026-06-10T09:52:21.302Z,في مستودع هناك 15 صندوقًا، وكل صندوق يحتوي على 35 قطعة. كم عدد القطع في المستودع؟,525 ÷ 15,,,,,,,,
stu_1777023761689_8905,test_1781049725283_3of3fqe,choose_answer,0,7,choose_answer|attempt=0|log=7|5e81d33021,arithmetic_fluency,0.6,operation_identification_from_context,,OneStepProblem,WordProblem,Horizontal,1,646,fast,0,,2.0,easy,,,2026-06-10T09:50:52.716Z,2026-06-10T09:52:21.302Z,في مستودع هناك 15 صندوقًا، وكل صندوق يحتوي على 35 قطعة. كم عدد القطع في المستودع؟,15 × 35,,,,,,,,
stu_1777023761689_8905,test_1781049725283_3of3fqe,choose_answer,0,7,choose_answer|attempt=0|log=7|5e81d33021,number_sense,0.2,operation_identification_from_context,,OneStepProblem,WordProblem,Horizontal,1,646,fast,0,,2.0,easy,,,2026-06-10T09:50:52.716Z,2026-06-10T09:52:21.302Z,في مستودع هناك 15 صندوقًا، وكل صندوق يحتوي على 35 قطعة. كم عدد القطع في المستودع؟,15 × 35,,,,,,,,
stu_1777023761689_8905,test_1781049725283_3of3fqe,choose_answer,0,7,choose_answer|attempt=0|log=7|5e81d33021,sequential_thinking,0.2,operation_identification_from_context,,OneStepProblem,WordProblem,Horizontal,1,646,fast,0,,2.0,easy,,,2026-06-10T09:50:52.716Z,2026-06-10T09:52:21.302Z,في مستودع هناك 15 صندوقًا، وكل صندوق يحتوي على 35 قطعة. كم عدد القطع في المستودع؟,15 × 35,,,,,,,,
stu_1777023761689_8905,test_1781049725283_3of3fqe,choose_answer,0,8,choose_answer|attempt=0|log=8|5e81d33021,arithmetic_fluency,0.6,operation_identification_from_context,,OneStepProblem,WordProblem,Horizontal,1,309,fast,0,,2.0,easy,,,2026-06-10T09:50:52.716Z,2026-06-10T09:52:21.302Z,في مستودع هناك 15 صندوقًا، وكل صندوق يحتوي على 35 قطعة. كم عدد القطع في المستودع؟,15 × 35,,,,,,,,
stu_1777023761689_8905,test_1781049725283_3of3fqe,choose_answer,0,8,choose_answer|attempt=0|log=8|5e81d33021,number_sense,0.2,operation_identification_from_context,,OneStepProblem,WordProblem,Horizontal,1,309,fast,0,,2.0,easy,,,2026-06-10T09:50:52.716Z,2026-06-10T09:52:21.302Z,في مستودع هناك 15 صندوقًا، وكل صندوق يحتوي على 35 قطعة. كم عدد القطع في المستودع؟,15 × 35,,,,,,,,
stu_1777023761689_8905,test_1781049725283_3of3fqe,choose_answer,0,8,choose_answer|attempt=0|log=8|5e81d33021,sequential_thinking,0.2,operation_identification_from_context,,OneStepProblem,WordProblem,Horizontal,1,309,fast,0,,2.0,easy,,,2026-06-10T09:50:52.716Z,2026-06-10T09:52:21.302Z,في مستودع هناك 15 صندوقًا، وكل صندوق يحتوي على 35 قطعة. كم عدد القطع في المستودع؟,15 × 35,,,,,,,,
stu_1777023761689_8905,test_1781049725283_3of3fqe,compare_numbers,0,0,compare_numbers|attempt=0|log=0|f48a4b554f,comparison_skill,1.0,number_comparison,,Greater,Comparison,Horizontal,1,10409,medium,0,,3.0,medium,,,2026-06-10T09:48:01.857Z,2026-06-10T09:48:29.153Z,,,,,,,Greater,,,
stu_1777023761689_8905,test_1781049725283_3of3fqe,compare_numbers,0,1,compare_numbers|attempt=0|log=1|1b0bcc2b82,comparison_skill,1.0,number_comparison,,Less,Comparison,Horizontal,1,13076,medium,0,,3.0,medium,,,2026-06-10T09:48:01.857Z,2026-06-10T09:48:29.153Z,,,,,,,Less,,,
stu_1777023761689_8905,test_1781049725283_3of3fqe,compare_numbers,0,2,compare_numbers|attempt=0|log=2|c29ba7f586,comparison_skill,1.0,number_comparison,,Equal,Comparison,Horizontal,1,3796,fast,0,,3.0,medium,,,2026-06-10T09:48:01.857Z,2026-06-10T09:48:29.153Z,,,,,,,Equal,,,
stu_1777023761689_8905,test_1781049725283_3of3fqe,find_previous_next_number,0,0,find_previous_next_number|attempt=0|log=0|368ff327d6,sequential_thinking,1.0,previous_next_number,,PreviousAndNext,Sequence,Horizontal,0,263494,slow,1,RangeUncertainty,3.0,medium,670-679,,2026-06-10T09:59:14.452Z,2026-06-10T09:59:28.486Z,677,,,,"[676, 678]","[566, 788]",,,,
stu_1777023761689_8905,test_1781049725283_3of3fqe,find_previous_next_number,0,1,find_previous_next_number|attempt=0|log=1|0920b1f1d0,sequential_thinking,1.0,previous_next_number,,PreviousAndNext,Sequence,Horizontal,0,42426,fast,0,RangeUncertainty,3.0,medium,880-889,,2026-06-10T09:59:14.452Z,2026-06-10T09:59:28.486Z,887,,,,"[886, 888]","[776, 998]",,,,
stu_1777023761689_8905,test_1781049725283_3of3fqe,find_previous_next_number,0,2,find_previous_next_number|attempt=0|log=2|b3bf4a87b7,sequential_thinking,1.0,previous_next_number,,PreviousAndNext,Sequence,Horizontal,1,14025,fast,0,,1.0,very-easy,0-9,,2026-06-10T09:59:14.452Z,2026-06-10T09:59:28.486Z,8,,,,"[7, 9]","[7, 9]",,,,
stu_1777023761689_8905,test_1781049725283_3of3fqe,find_previous_next_number,1,0,find_previous_next_number|attempt=1|log=0|5cfbe3c3a0,sequential_thinking,1.0,previous_next_number,,PreviousAndNext,Sequence,Horizontal,0,50730,fast,0,RangeUncertainty,2.0,easy,20-29,,2026-06-10T10:00:47.549Z,2026-06-10T10:01:58.457Z,25,,,,"[24, 26]","[14, 36]",,,,
stu_1777023761689_8905,test_1781049725283_3of3fqe,find_previous_next_number,1,1,find_previous_next_number|attempt=1|log=1|3c176bce80,sequential_thinking,1.0,previous_next_number,,PreviousAndNext,Sequence,Horizontal,0,28217,fast,0,RangeUncertainty,2.0,easy,20-29,,2026-06-10T10:00:47.549Z,2026-06-10T10:01:58.457Z,24,,,,"[23, 25]","[13, 35]",,,,
stu_1777023761689_8905,test_1781049725283_3of3fqe,find_previous_next_number,1,2,find_previous_next_number|attempt=1|log=2|9d4b9ee2a8,sequential_thinking,1.0,previous_next_number,,PreviousAndNext,Sequence,Horizontal,0,70901,medium,0,RangeUncertainty,2.0,easy,80-89,,2026-06-10T10:00:47.549Z,2026-06-10T10:01:58.457Z,86,,,,"[85, 87]","[75, 97]",,,,
stu_1777023761689_8905,test_1781049725283_3of3fqe,identify_place_value,0,0,identify_place_value|attempt=0|log=0|a1991d5002,number_sense,1.0,place_value_identification,,PlaceValue,PlaceValue,Visual,0,25625,fast,0,PlaceValueMisidentification,2.0,easy,,,2026-06-10T09:53:07.225Z,2026-06-10T09:53:20.823Z,,,,,"{""pos_0"": 2, ""pos_1"": 9}","{""pos_0"": 9, ""pos_1"": 2}",,,,
stu_1777023761689_8905,test_1781049725283_3of3fqe,identify_place_value,0,1,identify_place_value|attempt=0|log=1|86443c0a16,number_sense,1.0,place_value_identification,,PlaceValue,PlaceValue,Visual,1,9958,fast,0,,2.0,easy,,,2026-06-10T09:53:07.225Z,2026-06-10T09:53:20.823Z,,,,,"{""pos_0"": 4, ""pos_1"": 4}","{""pos_0"": 4, ""pos_1"": 4}",,,,
stu_1777023761689_8905,test_1781049725283_3of3fqe,identify_place_value,0,2,identify_place_value|attempt=0|log=2|00c70867e7,number_sense,1.0,place_value_identification,,PlaceValue,PlaceValue,Visual,1,9520,fast,0,,2.0,easy,,,2026-06-10T09:53:07.225Z,2026-06-10T09:53:20.823Z,,,,,"{""pos_0"": 4, ""pos_1"": 6}","{""pos_0"": 4, ""pos_1"": 6}",,,,
stu_1777023761689_8905,test_1781049725283_3of3fqe,identify_place_value,0,3,identify_place_value|attempt=0|log=3|28ad9a9597,number_sense,1.0,place_value_identification,,PlaceValue,PlaceValue,Visual,0,13589,fast,0,PlaceValueMisidentification,2.0,easy,,,2026-06-10T09:53:07.225Z,2026-06-10T09:53:20.823Z,,,,,"{""pos_0"": 9, ""pos_1"": 0}","{""pos_0"": 0, ""pos_1"": 9}",,,,
stu_1777023761689_8905,test_1781049725283_3of3fqe,identify_place_value,1,0,identify_place_value|attempt=1|log=0|849a9f07a2,number_sense,1.0,place_value_identification,,PlaceValue,PlaceValue,Visual,1,21655,fast,0,,2.0,easy,,,2026-06-10T09:54:00.087Z,2026-06-10T09:54:08.405Z,,,,,"{""pos_0"": 4, ""pos_1"": 9}","{""pos_0"": 4, ""pos_1"": 9}",,,,
stu_1777023761689_8905,test_1781049725283_3of3fqe,identify_place_value,1,1,identify_place_value|attempt=1|log=1|a276764cc4,number_sense,1.0,place_value_identification,,PlaceValue,PlaceValue,Visual,1,7791,fast,0,,2.0,easy,,,2026-06-10T09:54:00.087Z,2026-06-10T09:54:08.405Z,,,,,"{""pos_0"": 3, ""pos_1"": 1}","{""pos_0"": 3, ""pos_1"": 1}",,,,
stu_1777023761689_8905,test_1781049725283_3of3fqe,identify_place_value,1,2,identify_place_value|attempt=1|log=2|b62c7f9054,number_sense,1.0,place_value_identification,,PlaceValue,PlaceValue,Visual,0,9705,fast,0,PlaceValueMisidentification,2.0,easy,,,2026-06-10T09:54:00.087Z,2026-06-10T09:54:08.405Z,,,,,"{""pos_0"": 2, ""pos_1"": 3}","{""pos_0"": 3, ""pos_1"": 2}",,,,
stu_1777023761689_8905,test_1781049725283_3of3fqe,identify_place_value,1,3,identify_place_value|attempt=1|log=3|c62c206bba,number_sense,1.0,place_value_identification,,PlaceValue,PlaceValue,Visual,1,8311,fast,0,,2.0,easy,,,2026-06-10T09:54:00.087Z,2026-06-10T09:54:08.405Z,,,,,"{""pos_0"": 4, ""pos_1"": 0}","{""pos_0"": 4, ""pos_1"": 0}",,,,
stu_1777023761689_8905,test_1781049725283_3of3fqe,order_numbers,0,0,order_numbers|attempt=0|log=0|26fe529c3b,sequential_thinking,1.0,number_ordering,,Ordering_desc,Ordering,Visual,0,80963,fast,0,MultipleMisplacements,2.0,easy,,7.0,2026-06-10T09:48:29.256Z,2026-06-10T09:50:32.114Z,,,,,,,,desc,,
stu_1777023761689_8905,test_1781049725283_3of3fqe,order_numbers,0,1,order_numbers|attempt=0|log=1|89d684d9d2,sequential_thinking,1.0,number_ordering,,Ordering_desc,Ordering,Visual,0,21636,fast,0,MultipleMisplacements,2.0,easy,,6.0,2026-06-10T09:48:29.256Z,2026-06-10T09:50:32.114Z,,,,,,,,desc,,
stu_1777023761689_8905,test_1781049725283_3of3fqe,order_numbers,0,2,order_numbers|attempt=0|log=2|f93b4da5b5,sequential_thinking,1.0,number_ordering,,Ordering_asc,Ordering,Visual,1,6013,fast,0,,2.0,easy,,2.0,2026-06-10T09:48:29.256Z,2026-06-10T09:50:32.114Z,,,,,,,,asc,,
stu_1777023761689_8905,test_1781049725283_3of3fqe,order_numbers,0,3,order_numbers|attempt=0|log=3|f93b4da5b5,sequential_thinking,1.0,number_ordering,,Ordering_asc,Ordering,Visual,1,8909,fast,0,,2.0,easy,,2.0,2026-06-10T09:48:29.256Z,2026-06-10T09:50:32.114Z,,,,,,,,asc,,
stu_1777023761689_8905,test_1781049725283_3of3fqe,order_numbers,0,4,order_numbers|attempt=0|log=4|f93b4da5b5,sequential_thinking,1.0,number_ordering,,Ordering_asc,Ordering,Visual,1,9506,fast,0,,2.0,easy,,2.0,2026-06-10T09:48:29.256Z,2026-06-10T09:50:32.114Z,,,,,,,,asc,,
stu_1777023761689_8905,test_1781049725283_3of3fqe,order_numbers,0,5,order_numbers|attempt=0|log=5|f93b4da5b5,sequential_thinking,1.0,number_ordering,,Ordering_asc,Ordering,Visual,1,9841,fast,0,,2.0,easy,,2.0,2026-06-10T09:48:29.256Z,2026-06-10T09:50:32.114Z,,,,,,,,asc,,
stu_1777023761689_8905,test_1781049725283_3of3fqe,order_numbers,0,6,order_numbers|attempt=0|log=6|f93b4da5b5,sequential_thinking,1.0,number_ordering,,Ordering_asc,Ordering,Visual,1,10129,fast,0,,2.0,easy,,2.0,2026-06-10T09:48:29.256Z,2026-06-10T09:50:32.114Z,,,,,,,,asc,,
stu_1777023761689_8905,test_1781049725283_3of3fqe,order_numbers,0,7,order_numbers|attempt=0|log=7|f93b4da5b5,sequential_thinking,1.0,number_ordering,,Ordering_asc,Ordering,Visual,0,14007,fast,0,ReversedDescending,2.0,easy,,2.0,2026-06-10T09:48:29.256Z,2026-06-10T09:50:32.114Z,,,,,,,,asc,,
stu_1777023761689_8905,test_1781049725283_3of3fqe,order_numbers,0,8,order_numbers|attempt=0|log=8|f93b4da5b5,sequential_thinking,1.0,number_ordering,,Ordering_asc,Ordering,Visual,0,14839,fast,0,ReversedDescending,2.0,easy,,2.0,2026-06-10T09:48:29.256Z,2026-06-10T09:50:32.114Z,,,,,,,,asc,,
stu_1777023761689_8905,test_1781049725283_3of3fqe,order_numbers,0,9,order_numbers|attempt=0|log=9|f93b4da5b5,sequential_thinking,1.0,number_ordering,,Ordering_asc,Ordering,Visual,0,15326,fast,0,ReversedDescending,2.0,easy,,2.0,2026-06-10T09:48:29.256Z,2026-06-10T09:50:32.114Z,,,,,,,,asc,,
stu_1777023761689_8905,test_1781049725283_3of3fqe,order_numbers,0,10,order_numbers|attempt=0|log=10|f93b4da5b5,sequential_thinking,1.0,number_ordering,,Ordering_asc,Ordering,Visual,0,15557,fast,0,ReversedDescending,2.0,easy,,2.0,2026-06-10T09:48:29.256Z,2026-06-10T09:50:32.114Z,,,,,,,,asc,,
stu_1777023761689_8905,test_1781049725283_3of3fqe,order_numbers,0,11,order_numbers|attempt=0|log=11|f93b4da5b5,sequential_thinking,1.0,number_ordering,,Ordering_asc,Ordering,Visual,0,19639,fast,0,ReversedDescending,2.0,easy,,2.0,2026-06-10T09:48:29.256Z,2026-06-10T09:50:32.114Z,,,,,,,,asc,,
stu_1777023761689_8905,test_1781049725283_3of3fqe,order_numbers,0,12,order_numbers|attempt=0|log=12|f93b4da5b5,sequential_thinking,1.0,number_ordering,,Ordering_asc,Ordering,Visual,0,19803,fast,0,ReversedDescending,2.0,easy,,2.0,2026-06-10T09:48:29.256Z,2026-06-10T09:50:32.114Z,,,,,,,,asc,,
stu_1777023761689_8905,test_1781049725283_3of3fqe,order_numbers,0,13,order_numbers|attempt=0|log=13|f93b4da5b5,sequential_thinking,1.0,number_ordering,,Ordering_asc,Ordering,Visual,0,20018,fast,0,ReversedDescending,2.0,easy,,2.0,2026-06-10T09:48:29.256Z,2026-06-10T09:50:32.114Z,,,,,,,,asc,,
stu_1777023761689_8905,test_1781049725283_3of3fqe,order_numbers,0,14,order_numbers|attempt=0|log=14|f93b4da5b5,sequential_thinking,1.0,number_ordering,,Ordering_asc,Ordering,Visual,0,20239,fast,0,ReversedDescending,2.0,easy,,2.0,2026-06-10T09:48:29.256Z,2026-06-10T09:50:32.114Z,,,,,,,,asc,,
stu_1777023761689_8905,test_1781049725283_3of3fqe,vertical_operations,0,0,vertical_operations|attempt=0|log=0|d6d7e1260d,arithmetic_fluency,1.0,vertical_operation_fluency,Subtraction,SubtractionWithBorrow,VerticalOperation,Vertical,0,433046,fast,0,ComputationError,4.0,hard,,,2026-06-10T10:01:58.569Z,2026-06-10T10:10:45.961Z,8130 Subtraction 4482,,3648,4648,,,,,,
stu_1777023761689_8905,test_1781049725283_3of3fqe,vertical_operations,0,1,vertical_operations|attempt=0|log=1|a8db84d213,arithmetic_fluency,1.0,vertical_operation_fluency,Addition,SimpleAddition,VerticalOperation,Vertical,1,94346,fast,0,,4.0,hard,,,2026-06-10T10:01:58.569Z,2026-06-10T10:10:45.961Z,41 Addition 3101,,3142,3142,,,,,,
stu_1777023761689_8905,test_1781049725283_3of3fqe,vertical_operations,1,0,vertical_operations|attempt=1|log=0|6ced8a882f,arithmetic_fluency,1.0,vertical_operation_fluency,Subtraction,SubtractionWithBorrow,VerticalOperation,Vertical,0,113753,fast,0,ComputationError,3.0,medium,,,2026-06-10T10:10:45.966Z,2026-06-10T10:13:07.431Z,615 Subtraction 187,,428,200,,,,,,
stu_1777023761689_8905,test_1781049725283_3of3fqe,vertical_operations,1,1,vertical_operations|attempt=1|log=1|e4b596ba8f,arithmetic_fluency,1.0,vertical_operation_fluency,Addition,AdditionWithCarry,VerticalOperation,Vertical,0,27712,fast,0,ComputationError,3.0,medium,,,2026-06-10T10:10:45.966Z,2026-06-10T10:13:07.431Z,363 Addition 9,,372,725,,,,,,
stu_1777023761689_8905,test_1781049725283_3of3fqe,vertical_operations,2,0,vertical_operations|attempt=2|log=0|da7452cb16,arithmetic_fluency,1.0,vertical_operation_fluency,Addition,SimpleAddition,VerticalOperation,Vertical,1,32236,fast,0,,2.0,easy,,,2026-06-10T10:13:07.435Z,2026-06-10T10:14:25.004Z,23 Addition 72,,95,95,,,,,,
stu_1777023761689_8905,test_1781049725283_3of3fqe,vertical_operations,2,1,vertical_operations|attempt=2|log=1|e60a7bd9f9,arithmetic_fluency,1.0,vertical_operation_fluency,Subtraction,SimpleSubtraction,VerticalOperation,Vertical,1,45333,fast,0,,2.0,easy,,,2026-06-10T10:13:07.435Z,2026-06-10T10:14:25.004Z,19 Subtraction 5,,14,14,,,,,,
stu_1777023761898_3121,test_1777023978840_kask7x7,choose_answer,0,0,choose_answer|attempt=0|log=0|24f4021dbd,arithmetic_fluency,0.6,operation_identification_from_context,,OneStepProblem,WordProblem,Horizontal,1,18102,medium,0,,2.0,easy,,,2026-04-28T12:54:28.134Z,2026-04-28T12:55:55.447Z,في أحد المخابز يوجد 15 صندوقًا من الخبز. في كل صندوق 20 رغيفًا. كم رغيفًا في المجموع؟,15 × 20,,,,,,,,
stu_1777023761898_3121,test_1777023978840_kask7x7,choose_answer,0,0,choose_answer|attempt=0|log=0|24f4021dbd,number_sense,0.2,operation_identification_from_context,,OneStepProblem,WordProblem,Horizontal,1,18102,medium,0,,2.0,easy,,,2026-04-28T12:54:28.134Z,2026-04-28T12:55:55.447Z,في أحد المخابز يوجد 15 صندوقًا من الخبز. في كل صندوق 20 رغيفًا. كم رغيفًا في المجموع؟,15 × 20,,,,,,,,
stu_1777023761898_3121,test_1777023978840_kask7x7,choose_answer,0,0,choose_answer|attempt=0|log=0|24f4021dbd,sequential_thinking,0.2,operation_identification_from_context,,OneStepProblem,WordProblem,Horizontal,1,18102,medium,0,,2.0,easy,,,2026-04-28T12:54:28.134Z,2026-04-28T12:55:55.447Z,في أحد المخابز يوجد 15 صندوقًا من الخبز. في كل صندوق 20 رغيفًا. كم رغيفًا في المجموع؟,15 × 20,,,,,,,,
stu_1777023761898_3121,test_1777023978840_kask7x7,choose_answer,0,1,choose_answer|attempt=0|log=1|c04c49626f,arithmetic_fluency,0.6,operation_identification_from_context,,OneStepProblem,WordProblem,Horizontal,1,13078,medium,0,,2.0,easy,,,2026-04-28T12:54:28.134Z,2026-04-28T12:55:55.447Z,أشترت مريم 3 كتب، كل كتاب يكلف 40 درهما. كم دفعت مريم في المجمل؟,3 × 40,,,,,,,,
stu_1777023761898_3121,test_1777023978840_kask7x7,choose_answer,0,1,choose_answer|attempt=0|log=1|c04c49626f,number_sense,0.2,operation_identification_from_context,,OneStepProblem,WordProblem,Horizontal,1,13078,medium,0,,2.0,easy,,,2026-04-28T12:54:28.134Z,2026-04-28T12:55:55.447Z,أشترت مريم 3 كتب، كل كتاب يكلف 40 درهما. كم دفعت مريم في المجمل؟,3 × 40,,,,,,,,
stu_1777023761898_3121,test_1777023978840_kask7x7,choose_answer,0,1,choose_answer|attempt=0|log=1|c04c49626f,sequential_thinking,0.2,operation_identification_from_context,,OneStepProblem,WordProblem,Horizontal,1,13078,medium,0,,2.0,easy,,,2026-04-28T12:54:28.134Z,2026-04-28T12:55:55.447Z,أشترت مريم 3 كتب، كل كتاب يكلف 40 درهما. كم دفعت مريم في المجمل؟,3 × 40,,,,,,,,
stu_1777023761898_3121,test_1777023978840_kask7x7,choose_answer,0,2,choose_answer|attempt=0|log=2|0ea6351aa9,arithmetic_fluency,0.6,operation_identification_from_context,Addition,OneStepProblem,WordProblem,Horizontal,1,21686,slow,1,,2.0,easy,,,2026-04-28T12:54:28.134Z,2026-04-28T12:55:55.447Z,تملك سلوى 30 درهما ومنحها أبوها 20 درهما. كم أصبح لدى سلوى من درهم؟,30 + 20,,,,,,,Addition,Addition
stu_1777023761898_3121,test_1777023978840_kask7x7,choose_answer,0,2,choose_answer|attempt=0|log=2|0ea6351aa9,number_sense,0.2,operation_identification_from_context,Addition,OneStepProblem,WordProblem,Horizontal,1,21686,slow,1,,2.0,easy,,,2026-04-28T12:54:28.134Z,2026-04-28T12:55:55.447Z,تملك سلوى 30 درهما ومنحها أبوها 20 درهما. كم أصبح لدى سلوى من درهم؟,30 + 20,,,,,,,Addition,Addition
stu_1777023761898_3121,test_1777023978840_kask7x7,choose_answer,0,2,choose_answer|attempt=0|log=2|0ea6351aa9,sequential_thinking,0.2,operation_identification_from_context,Addition,OneStepProblem,WordProblem,Horizontal,1,21686,slow,1,,2.0,easy,,,2026-04-28T12:54:28.134Z,2026-04-28T12:55:55.447Z,تملك سلوى 30 درهما ومنحها أبوها 20 درهما. كم أصبح لدى سلوى من درهم؟,30 + 20,,,,,,,Addition,Addition
stu_1777023761898_3121,test_1777023978840_kask7x7,choose_answer,0,3,choose_answer|attempt=0|log=3|2730bae257,arithmetic_fluency,0.6,operation_identification_from_context,,OneStepProblem,WordProblem,Horizontal,1,17110,medium,0,,2.0,easy,,,2026-04-28T12:54:28.134Z,2026-04-28T12:55:55.447Z,ذهب أحمد إلى السوق واشترى 2 كيلو من التفاح بسعر 15 درهمًا للكيلو. كم دفع أحمد في المجمل؟,2 × 15,,,,,,,,
stu_1777023761898_3121,test_1777023978840_kask7x7,choose_answer,0,3,choose_answer|attempt=0|log=3|2730bae257,number_sense,0.2,operation_identification_from_context,,OneStepProblem,WordProblem,Horizontal,1,17110,medium,0,,2.0,easy,,,2026-04-28T12:54:28.134Z,2026-04-28T12:55:55.447Z,ذهب أحمد إلى السوق واشترى 2 كيلو من التفاح بسعر 15 درهمًا للكيلو. كم دفع أحمد في المجمل؟,2 × 15,,,,,,,,
stu_1777023761898_3121,test_1777023978840_kask7x7,choose_answer,0,3,choose_answer|attempt=0|log=3|2730bae257,sequential_thinking,0.2,operation_identification_from_context,,OneStepProblem,WordProblem,Horizontal,1,17110,medium,0,,2.0,easy,,,2026-04-28T12:54:28.134Z,2026-04-28T12:55:55.447Z,ذهب أحمد إلى السوق واشترى 2 كيلو من التفاح بسعر 15 درهمًا للكيلو. كم دفع أحمد في المجمل؟,2 × 15,,,,,,,,
stu_1777023761898_3121,test_1777023978840_kask7x7,choose_answer,0,4,choose_answer|attempt=0|log=4|ec4c485de0,arithmetic_fluency,0.6,operation_identification_from_context,,OneStepProblem,WordProblem,Horizontal,1,17337,medium,0,,2.0,easy,,,2026-04-28T12:54:28.134Z,2026-04-28T12:55:55.447Z,في فصل الصيف، اشترت سارة 15 زجاجة عصير، إذا كانت الزجاجة تكلف 30 درهمًا، كم دفعت سارة في المجمل؟,15 × 30,,,,,,,,
stu_1777023761898_3121,test_1777023978840_kask7x7,choose_answer,0,4,choose_answer|attempt=0|log=4|ec4c485de0,number_sense,0.2,operation_identification_from_context,,OneStepProblem,WordProblem,Horizontal,1,17337,medium,0,,2.0,easy,,,2026-04-28T12:54:28.134Z,2026-04-28T12:55:55.447Z,في فصل الصيف، اشترت سارة 15 زجاجة عصير، إذا كانت الزجاجة تكلف 30 درهمًا، كم دفعت سارة في المجمل؟,15 × 30,,,,,,,,
stu_1777023761898_3121,test_1777023978840_kask7x7,choose_answer,0,4,choose_answer|attempt=0|log=4|ec4c485de0,sequential_thinking,0.2,operation_identification_from_context,,OneStepProblem,WordProblem,Horizontal,1,17337,medium,0,,2.0,easy,,,2026-04-28T12:54:28.134Z,2026-04-28T12:55:55.447Z,في فصل الصيف، اشترت سارة 15 زجاجة عصير، إذا كانت الزجاجة تكلف 30 درهمًا، كم دفعت سارة في المجمل؟,15 × 30,,,,,,,,
stu_1777023761898_3121,test_1777023978840_kask7x7,choose_answer,1,0,choose_answer|attempt=1|log=0|56a2e862cd,arithmetic_fluency,0.6,operation_identification_from_context,Addition,OneStepProblem,WordProblem,Horizontal,1,9474,fast,0,,1.0,very-easy,,,2026-04-24T11:11:19.417Z,2026-04-24T11:12:57.186Z,اشترت فاطمة 3 تفاحات و4 برتقالات. كم فاكهة اشترت فاطمة؟,3 + 4,,,,,,,Addition,Addition
stu_1777023761898_3121,test_1777023978840_kask7x7,choose_answer,1,0,choose_answer|attempt=1|log=0|56a2e862cd,number_sense,0.2,operation_identification_from_context,Addition,OneStepProblem,WordProblem,Horizontal,1,9474,fast,0,,1.0,very-easy,,,2026-04-24T11:11:19.417Z,2026-04-24T11:12:57.186Z,اشترت فاطمة 3 تفاحات و4 برتقالات. كم فاكهة اشترت فاطمة؟,3 + 4,,,,,,,Addition,Addition
stu_1777023761898_3121,test_1777023978840_kask7x7,choose_answer,1,0,choose_answer|attempt=1|log=0|56a2e862cd,sequential_thinking,0.2,operation_identification_from_context,Addition,OneStepProblem,WordProblem,Horizontal,1,9474,fast,0,,1.0,very-easy,,,2026-04-24T11:11:19.417Z,2026-04-24T11:12:57.186Z,اشترت فاطمة 3 تفاحات و4 برتقالات. كم فاكهة اشترت فاطمة؟,3 + 4,,,,,,,Addition,Addition
stu_1777023761898_3121,test_1777023978840_kask7x7,choose_answer,1,1,choose_answer|attempt=1|log=1|4e43d88dec,arithmetic_fluency,0.6,operation_identification_from_context,,OneStepProblem,WordProblem,Horizontal,1,14134,medium,0,,1.0,very-easy,,,2026-04-24T11:11:19.417Z,2026-04-24T11:12:57.186Z,أبنى 6 منازل في حي جديد، وفي كل منزل 8 نوافذ. كم عدد النوافذ في الحي؟,6 × 8,,,,,,,,
stu_1777023761898_3121,test_1777023978840_kask7x7,choose_answer,1,1,choose_answer|attempt=1|log=1|4e43d88dec,number_sense,0.2,operation_identification_from_context,,OneStepProblem,WordProblem,Horizontal,1,14134,medium,0,,1.0,very-easy,,,2026-04-24T11:11:19.417Z,2026-04-24T11:12:57.186Z,أبنى 6 منازل في حي جديد، وفي كل منزل 8 نوافذ. كم عدد النوافذ في الحي؟,6 × 8,,,,,,,,
stu_1777023761898_3121,test_1777023978840_kask7x7,choose_answer,1,1,choose_answer|attempt=1|log=1|4e43d88dec,sequential_thinking,0.2,operation_identification_from_context,,OneStepProblem,WordProblem,Horizontal,1,14134,medium,0,,1.0,very-easy,,,2026-04-24T11:11:19.417Z,2026-04-24T11:12:57.186Z,أبنى 6 منازل في حي جديد، وفي كل منزل 8 نوافذ. كم عدد النوافذ في الحي؟,6 × 8,,,,,,,,
stu_1777023761898_3121,test_1777023978840_kask7x7,choose_answer,1,2,choose_answer|attempt=1|log=2|d49cc77f96,arithmetic_fluency,0.6,operation_identification_from_context,,OneStepProblem,WordProblem,Horizontal,1,31349,slow,1,,2.0,easy,,,2026-04-24T11:11:19.417Z,2026-04-24T11:12:57.186Z,ذهب أحمد إلى السوق واشترى 2 كيلو من التفاح بسعر 15 درهمًا للكيلو. كم دفع أحمد في المجمل؟,2 × 15,,,,,,,,
stu_1777023761898_3121,test_1777023978840_kask7x7,choose_answer,1,2,choose_answer|attempt=1|log=2|d49cc77f96,number_sense,0.2,operation_identification_from_context,,OneStepProblem,WordProblem,Horizontal,1,31349,slow,1,,2.0,easy,,,2026-04-24T11:11:19.417Z,2026-04-24T11:12:57.186Z,ذهب أحمد إلى السوق واشترى 2 كيلو من التفاح بسعر 15 درهمًا للكيلو. كم دفع أحمد في المجمل؟,2 × 15,,,,,,,,
stu_1777023761898_3121,test_1777023978840_kask7x7,choose_answer,1,2,choose_answer|attempt=1|log=2|d49cc77f96,sequential_thinking,0.2,operation_identification_from_context,,OneStepProblem,WordProblem,Horizontal,1,31349,slow,1,,2.0,easy,,,2026-04-24T11:11:19.417Z,2026-04-24T11:12:57.186Z,ذهب أحمد إلى السوق واشترى 2 كيلو من التفاح بسعر 15 درهمًا للكيلو. كم دفع أحمد في المجمل؟,2 × 15,,,,,,,,
stu_1777023761898_3121,test_1777023978840_kask7x7,choose_answer,1,3,choose_answer|attempt=1|log=3|562b9eb681,arithmetic_fluency,0.6,operation_identification_from_context,Addition,OneStepProblem,WordProblem,Horizontal,1,14316,medium,0,,2.0,easy,,,2026-04-24T11:11:19.417Z,2026-04-24T11:12:57.186Z,تملك سلوى 30 درهما ومنحها أبوها 20 درهما. كم أصبح لدى سلوى من درهم؟,30 + 20,,,,,,,Addition,Addition
stu_1777023761898_3121,test_1777023978840_kask7x7,choose_answer,1,3,choose_answer|attempt=1|log=3|562b9eb681,number_sense,0.2,operation_identification_from_context,Addition,OneStepProblem,WordProblem,Horizontal,1,14316,medium,0,,2.0,easy,,,2026-04-24T11:11:19.417Z,2026-04-24T11:12:57.186Z,تملك سلوى 30 درهما ومنحها أبوها 20 درهما. كم أصبح لدى سلوى من درهم؟,30 + 20,,,,,,,Addition,Addition
stu_1777023761898_3121,test_1777023978840_kask7x7,choose_answer,1,3,choose_answer|attempt=1|log=3|562b9eb681,sequential_thinking,0.2,operation_identification_from_context,Addition,OneStepProblem,WordProblem,Horizontal,1,14316,medium,0,,2.0,easy,,,2026-04-24T11:11:19.417Z,2026-04-24T11:12:57.186Z,تملك سلوى 30 درهما ومنحها أبوها 20 درهما. كم أصبح لدى سلوى من درهم؟,30 + 20,,,,,,,Addition,Addition
stu_1777023761898_3121,test_1777023978840_kask7x7,choose_answer,1,4,choose_answer|attempt=1|log=4|f88f631f06,arithmetic_fluency,0.6,operation_identification_from_context,,OneStepProblem,WordProblem,Horizontal,0,28488,slow,1,ComputationError,2.0,easy,,,2026-04-24T11:11:19.417Z,2026-04-24T11:12:57.186Z,في إحدى المزارع هناك 8 حقول. في كل حقل 10 أشجار. كم عدد الأشجار في جميع الحقول؟,80 ÷ 10,,,,,,,,
stu_1777023761898_3121,test_1777023978840_kask7x7,choose_answer,1,4,choose_answer|attempt=1|log=4|f88f631f06,number_sense,0.2,operation_identification_from_context,,OneStepProblem,WordProblem,Horizontal,0,28488,slow,1,ComputationError,2.0,easy,,,2026-04-24T11:11:19.417Z,2026-04-24T11:12:57.186Z,في إحدى المزارع هناك 8 حقول. في كل حقل 10 أشجار. كم عدد الأشجار في جميع الحقول؟,80 ÷ 10,,,,,,,,
stu_1777023761898_3121,test_1777023978840_kask7x7,choose_answer,1,4,choose_answer|attempt=1|log=4|f88f631f06,sequential_thinking,0.2,operation_identification_from_context,,OneStepProblem,WordProblem,Horizontal,0,28488,slow,1,ComputationError,2.0,easy,,,2026-04-24T11:11:19.417Z,2026-04-24T11:12:57.186Z,في إحدى المزارع هناك 8 حقول. في كل حقل 10 أشجار. كم عدد الأشجار في جميع الحقول؟,80 ÷ 10,,,,,,,,
stu_1777023761898_3121,test_1777023978840_kask7x7,compare_numbers,0,0,compare_numbers|attempt=0|log=0|d8013cdd15,comparison_skill,1.0,number_comparison,,Greater,Comparison,Horizontal,1,8599,fast,0,,3.0,medium,,,2026-04-28T13:03:50.894Z,2026-04-28T13:04:07.448Z,,,,,,,Greater,,,
stu_1777023761898_3121,test_1777023978840_kask7x7,compare_numbers,0,1,compare_numbers|attempt=0|log=1|e17887f80f,comparison_skill,1.0,number_comparison,,Less,Comparison,Horizontal,1,4093,fast,0,,3.0,medium,,,2026-04-28T13:03:50.894Z,2026-04-28T13:04:07.448Z,,,,,,,Less,,,
stu_1777023761898_3121,test_1777023978840_kask7x7,compare_numbers,0,2,compare_numbers|attempt=0|log=2|77b225b0d1,comparison_skill,1.0,number_comparison,,Equal,Comparison,Horizontal,1,3862,fast,0,,3.0,medium,,,2026-04-28T13:03:50.894Z,2026-04-28T13:04:07.448Z,,,,,,,Equal,,,
stu_1777023761898_3121,test_1777023978840_kask7x7,find_previous_next_number,0,0,find_previous_next_number|attempt=0|log=0|548fa80a79,sequential_thinking,1.0,previous_next_number,,PreviousAndNext,Sequence,Horizontal,1,34416,fast,0,,3.0,medium,470-479,,2026-04-28T13:03:17.397Z,2026-04-28T13:03:50.804Z,472,,,,"[471, 473]","[471, 473]",,,,
stu_1777023761898_3121,test_1777023978840_kask7x7,find_previous_next_number,0,1,find_previous_next_number|attempt=0|log=1|70ee3dedb8,sequential_thinking,1.0,previous_next_number,,PreviousAndNext,Sequence,Horizontal,1,64693,medium,0,,3.0,medium,270-279,,2026-04-28T13:03:17.397Z,2026-04-28T13:03:50.804Z,272,,,,"[271, 273]","[271, 273]",,,,
stu_1777023761898_3121,test_1777023978840_kask7x7,find_previous_next_number,0,2,find_previous_next_number|attempt=0|log=2|c85e0f994b,sequential_thinking,1.0,previous_next_number,,PreviousAndNext,Sequence,Horizontal,1,33407,fast,0,,3.0,medium,930-939,,2026-04-28T13:03:17.397Z,2026-04-28T13:03:50.804Z,936,,,,"[935, 937]","[935, 937]",,,,
stu_1777023761898_3121,test_1777023978840_kask7x7,identify_place_value,0,0,identify_place_value|attempt=0|log=0|27f444a23d,number_sense,1.0,place_value_identification,,PlaceValue,PlaceValue,Visual,1,14956,fast,0,,2.0,easy,,,2026-04-28T12:54:09.034Z,2026-04-28T12:54:27.076Z,,,,,"{""pos_0"": 5, ""pos_1"": 0}","{""pos_0"": 5, ""pos_1"": 0}",,,,
stu_1777023761898_3121,test_1777023978840_kask7x7,identify_place_value,0,1,identify_place_value|attempt=0|log=1|81ba212721,number_sense,1.0,place_value_identification,,PlaceValue,PlaceValue,Visual,1,15312,fast,0,,2.0,easy,,,2026-04-28T12:54:09.034Z,2026-04-28T12:54:27.076Z,,,,,"{""pos_0"": 7, ""pos_1"": 3}","{""pos_0"": 7, ""pos_1"": 3}",,,,
stu_1777023761898_3121,test_1777023978840_kask7x7,identify_place_value,0,2,identify_place_value|attempt=0|log=2|79a7591c03,number_sense,1.0,place_value_identification,,PlaceValue,PlaceValue,Visual,1,16080,fast,0,,2.0,easy,,,2026-04-28T12:54:09.034Z,2026-04-28T12:54:27.076Z,,,,,"{""pos_0"": 5, ""pos_1"": 4}","{""pos_0"": 5, ""pos_1"": 4}",,,,
stu_1777023761898_3121,test_1777023978840_kask7x7,identify_place_value,0,3,identify_place_value|attempt=0|log=3|efcd6b9883,number_sense,1.0,place_value_identification,,PlaceValue,PlaceValue,Visual,1,18042,fast,0,,2.0,easy,,,2026-04-28T12:54:09.034Z,2026-04-28T12:54:27.076Z,,,,,"{""pos_0"": 9, ""pos_1"": 3}","{""pos_0"": 9, ""pos_1"": 3}",,,,
stu_1777023761898_3121,test_1777023978840_kask7x7,order_numbers,0,0,order_numbers|attempt=0|log=0|7672e8ef57,sequential_thinking,1.0,number_ordering,,Ordering_desc,Ordering,Visual,1,19007,fast,0,,2.0,easy,,2.0,2026-04-28T12:52:19.553Z,2026-04-28T12:53:22.582Z,,,,,,,,desc,,
stu_1777023761898_3121,test_1777023978840_kask7x7,order_numbers,0,1,order_numbers|attempt=0|log=1|256ac1f771,sequential_thinking,1.0,number_ordering,,Ordering_asc,Ordering,Visual,1,23805,fast,0,,2.0,easy,,3.0,2026-04-28T12:52:19.553Z,2026-04-28T12:53:22.582Z,,,,,,,,asc,,
stu_1777023761898_3121,test_1777023978840_kask7x7,order_numbers,0,2,order_numbers|attempt=0|log=2|6537ded5a3,sequential_thinking,1.0,number_ordering,,Ordering_asc,Ordering,Visual,1,20216,fast,0,,2.0,easy,,4.0,2026-04-28T12:52:19.553Z,2026-04-28T12:53:22.582Z,,,,,,,,asc,,
stu_1777023761898_3121,test_1777023978840_kask7x7,vertical_operations,0,0,vertical_operations|attempt=0|log=0|83c46a7544,arithmetic_fluency,1.0,vertical_operation_fluency,Subtraction,SubtractionWithBorrow,VerticalOperation,Vertical,1,146776,fast,0,,4.0,hard,,,2026-04-28T12:55:55.551Z,2026-04-28T13:01:38.262Z,2510 Subtraction 1521,,989,989,,,,,,
stu_1777023761898_3121,test_1777023978840_kask7x7,vertical_operations,0,1,vertical_operations|attempt=0|log=1|9fe260a8da,arithmetic_fluency,1.0,vertical_operation_fluency,Subtraction,SubtractionWithBorrow,VerticalOperation,Vertical,1,195935,fast,0,,4.0,hard,,,2026-04-28T12:55:55.551Z,2026-04-28T13:01:38.262Z,6282 Subtraction 6099,,183,183,,,,,,
stu_1777023761898_3121,test_1781048227348_yh9wms9,choose_answer,0,0,choose_answer|attempt=0|log=0|72c1dbdcf5,arithmetic_fluency,0.6,operation_identification_from_context,,OneStepProblem,WordProblem,Horizontal,1,15428,medium,0,,2.0,easy,,,2026-06-12T11:13:45.040Z,2026-06-12T11:14:57.584Z,لدى 17 صناديق، كل صندوق يحتوي على 78 قطعة. كم قطعة في المجموع؟,17 × 78,,,,,,,,
stu_1777023761898_3121,test_1781048227348_yh9wms9,choose_answer,0,0,choose_answer|attempt=0|log=0|72c1dbdcf5,number_sense,0.2,operation_identification_from_context,,OneStepProblem,WordProblem,Horizontal,1,15428,medium,0,,2.0,easy,,,2026-06-12T11:13:45.040Z,2026-06-12T11:14:57.584Z,لدى 17 صناديق، كل صندوق يحتوي على 78 قطعة. كم قطعة في المجموع؟,17 × 78,,,,,,,,
stu_1777023761898_3121,test_1781048227348_yh9wms9,choose_answer,0,0,choose_answer|attempt=0|log=0|72c1dbdcf5,sequential_thinking,0.2,operation_identification_from_context,,OneStepProblem,WordProblem,Horizontal,1,15428,medium,0,,2.0,easy,,,2026-06-12T11:13:45.040Z,2026-06-12T11:14:57.584Z,لدى 17 صناديق، كل صندوق يحتوي على 78 قطعة. كم قطعة في المجموع؟,17 × 78,,,,,,,,
stu_1777023761898_3121,test_1781048227348_yh9wms9,choose_answer,0,1,choose_answer|attempt=0|log=1|ef1d390553,arithmetic_fluency,0.6,operation_identification_from_context,Subtraction,OneStepProblem,WordProblem,Horizontal,0,18774,medium,0,ComputationError,5.0,hard,,,2026-06-12T11:13:45.040Z,2026-06-12T11:14:57.584Z,كان لديك 77406 تفاحة وأكلت 46348. كم بقي؟,46348 - 77406,,,,,,,Subtraction,Subtraction
stu_1777023761898_3121,test_1781048227348_yh9wms9,choose_answer,0,1,choose_answer|attempt=0|log=1|ef1d390553,number_sense,0.2,operation_identification_from_context,Subtraction,OneStepProblem,WordProblem,Horizontal,0,18774,medium,0,ComputationError,5.0,hard,,,2026-06-12T11:13:45.040Z,2026-06-12T11:14:57.584Z,كان لديك 77406 تفاحة وأكلت 46348. كم بقي؟,46348 - 77406,,,,,,,Subtraction,Subtraction
stu_1777023761898_3121,test_1781048227348_yh9wms9,choose_answer,0,1,choose_answer|attempt=0|log=1|ef1d390553,sequential_thinking,0.2,operation_identification_from_context,Subtraction,OneStepProblem,WordProblem,Horizontal,0,18774,medium,0,ComputationError,5.0,hard,,,2026-06-12T11:13:45.040Z,2026-06-12T11:14:57.584Z,كان لديك 77406 تفاحة وأكلت 46348. كم بقي؟,46348 - 77406,,,,,,,Subtraction,Subtraction
stu_1777023761898_3121,test_1781048227348_yh9wms9,choose_answer,0,2,choose_answer|attempt=0|log=2|74c83ba290,arithmetic_fluency,0.6,operation_identification_from_context,Subtraction,OneStepProblem,WordProblem,Horizontal,0,283,fast,0,MisidentifiedOperation,5.0,hard,,,2026-06-12T11:13:45.040Z,2026-06-12T11:14:57.584Z,كان لديك 38737 تفاحة وأكلت 26587. كم بقي؟,38737 × 26587,,,,,,,Subtraction,
stu_1777023761898_3121,test_1781048227348_yh9wms9,choose_answer,0,2,choose_answer|attempt=0|log=2|74c83ba290,number_sense,0.2,operation_identification_from_context,Subtraction,OneStepProblem,WordProblem,Horizontal,0,283,fast,0,MisidentifiedOperation,5.0,hard,,,2026-06-12T11:13:45.040Z,2026-06-12T11:14:57.584Z,كان لديك 38737 تفاحة وأكلت 26587. كم بقي؟,38737 × 26587,,,,,,,Subtraction,
stu_1777023761898_3121,test_1781048227348_yh9wms9,choose_answer,0,2,choose_answer|attempt=0|log=2|74c83ba290,sequential_thinking,0.2,operation_identification_from_context,Subtraction,OneStepProblem,WordProblem,Horizontal,0,283,fast,0,MisidentifiedOperation,5.0,hard,,,2026-06-12T11:13:45.040Z,2026-06-12T11:14:57.584Z,كان لديك 38737 تفاحة وأكلت 26587. كم بقي؟,38737 × 26587,,,,,,,Subtraction,
stu_1777023761898_3121,test_1781048227348_yh9wms9,choose_answer,0,3,choose_answer|attempt=0|log=3|124f2d351c,arithmetic_fluency,0.6,operation_identification_from_context,,OneStepProblem,WordProblem,Horizontal,0,20011,slow,1,ComputationError,2.0,easy,,,2026-06-12T11:13:45.040Z,2026-06-12T11:14:57.584Z,في إحدى المزارع هناك 8 حقول. في كل حقل 10 أشجار. كم عدد الأشجار في جميع الحقول؟,80 ÷ 10,,,,,,,,
stu_1777023761898_3121,test_1781048227348_yh9wms9,choose_answer,0,3,choose_answer|attempt=0|log=3|124f2d351c,number_sense,0.2,operation_identification_from_context,,OneStepProblem,WordProblem,Horizontal,0,20011,slow,1,ComputationError,2.0,easy,,,2026-06-12T11:13:45.040Z,2026-06-12T11:14:57.584Z,في إحدى المزارع هناك 8 حقول. في كل حقل 10 أشجار. كم عدد الأشجار في جميع الحقول؟,80 ÷ 10,,,,,,,,
stu_1777023761898_3121,test_1781048227348_yh9wms9,choose_answer,0,3,choose_answer|attempt=0|log=3|124f2d351c,sequential_thinking,0.2,operation_identification_from_context,,OneStepProblem,WordProblem,Horizontal,0,20011,slow,1,ComputationError,2.0,easy,,,2026-06-12T11:13:45.040Z,2026-06-12T11:14:57.584Z,في إحدى المزارع هناك 8 حقول. في كل حقل 10 أشجار. كم عدد الأشجار في جميع الحقول؟,80 ÷ 10,,,,,,,,
stu_1777023761898_3121,test_1781048227348_yh9wms9,choose_answer,0,4,choose_answer|attempt=0|log=4|24c2b17dea,arithmetic_fluency,0.6,operation_identification_from_context,,OneStepProblem,WordProblem,Horizontal,1,18041,medium,0,,5.0,hard,,,2026-06-12T11:13:45.040Z,2026-06-12T11:14:57.584Z,لدى 38538 قطعة حلوى، أريد توزيعها بالتساوي على 9 أطفال. كم قطعة يحصل كل طفل؟,38538 ÷ 9,,,,,,,,
stu_1777023761898_3121,test_1781048227348_yh9wms9,choose_answer,0,4,choose_answer|attempt=0|log=4|24c2b17dea,number_sense,0.2,operation_identification_from_context,,OneStepProblem,WordProblem,Horizontal,1,18041,medium,0,,5.0,hard,,,2026-06-12T11:13:45.040Z,2026-06-12T11:14:57.584Z,لدى 38538 قطعة حلوى، أريد توزيعها بالتساوي على 9 أطفال. كم قطعة يحصل كل طفل؟,38538 ÷ 9,,,,,,,,
stu_1777023761898_3121,test_1781048227348_yh9wms9,choose_answer,0,4,choose_answer|attempt=0|log=4|24c2b17dea,sequential_thinking,0.2,operation_identification_from_context,,OneStepProblem,WordProblem,Horizontal,1,18041,medium,0,,5.0,hard,,,2026-06-12T11:13:45.040Z,2026-06-12T11:14:57.584Z,لدى 38538 قطعة حلوى، أريد توزيعها بالتساوي على 9 أطفال. كم قطعة يحصل كل طفل؟,38538 ÷ 9,,,,,,,,
stu_1777023761898_3121,test_1781048227348_yh9wms9,identify_place_value,0,0,identify_place_value|attempt=0|log=0|0ad8f97ad8,number_sense,1.0,place_value_identification,,PlaceValue,PlaceValue,Visual,1,59490,fast,0,,6.0,hard,,,2026-06-12T11:13:11.504Z,2026-06-12T11:13:44.927Z,,,,,"{""pos_0"": 8, ""pos_1"": 1, ""pos_2"": 8, ""pos_3"": 0, ""pos_4"": 1, ""pos_5"": 9}","{""pos_0"": 8, ""pos_1"": 1, ""pos_2"": 8, ""pos_3"": 0, ""pos_4"": 1, ""pos_5"": 9}",,,,
stu_1777023761898_3121,test_1781048227348_yh9wms9,identify_place_value,0,1,identify_place_value|attempt=0|log=1|59ba2d9419,number_sense,1.0,place_value_identification,,PlaceValue,PlaceValue,Visual,1,33415,fast,0,,6.0,hard,,,2026-06-12T11:13:11.504Z,2026-06-12T11:13:44.927Z,,,,,"{""pos_0"": 6, ""pos_1"": 5, ""pos_2"": 5, ""pos_3"": 5, ""pos_4"": 0, ""pos_5"": 6}","{""pos_0"": 6, ""pos_1"": 5, ""pos_2"": 5, ""pos_3"": 5, ""pos_4"": 0, ""pos_5"": 6}",,,,
stu_1777023761898_3121,test_1781048227348_yh9wms9,order_numbers,0,0,order_numbers|attempt=0|log=0|9166cf3801,sequential_thinking,1.0,number_ordering,,Ordering_asc,Ordering,Visual,1,26684,fast,0,,6.0,hard,,3.0,2026-06-12T11:10:29.938Z,2026-06-12T11:11:41.935Z,,,,,,,,asc,,
stu_1777023761898_3121,test_1781048227348_yh9wms9,order_numbers,0,1,order_numbers|attempt=0|log=1|ae4249abe9,sequential_thinking,1.0,number_ordering,,Ordering_asc,Ordering,Visual,0,45300,fast,0,MultipleMisplacements,6.0,hard,,7.0,2026-06-12T11:10:29.938Z,2026-06-12T11:11:41.935Z,,,,,,,,asc,,
stu_1777023761898_3121,test_1781048227348_yh9wms9,order_numbers,1,0,order_numbers|attempt=1|log=0|34418509a6,sequential_thinking,1.0,number_ordering,,Ordering_asc,Ordering,Visual,1,23875,fast,0,,5.0,hard,,3.0,2026-06-12T11:11:42.045Z,2026-06-12T11:12:11.892Z,,,,,,,,asc,,
stu_1777023761898_3121,test_1781048227348_yh9wms9,order_numbers,1,1,order_numbers|attempt=1|log=1|32298c0db4,sequential_thinking,1.0,number_ordering,,Ordering_desc,Ordering,Visual,1,5959,fast,0,,5.0,hard,,2.0,2026-06-12T11:11:42.045Z,2026-06-12T11:12:11.892Z,,,,,,,,desc,,
stu_1777023761898_3121,test_1781048227348_yh9wms9,vertical_operations,0,0,vertical_operations|attempt=0|log=0|7c1f20911b,arithmetic_fluency,1.0,vertical_operation_fluency,Subtraction,SubtractionWithBorrow,VerticalOperation,Vertical,1,70880,fast,0,,3.0,medium,,,2026-06-12T11:14:57.698Z,2026-06-12T11:25:51.461Z,465 Subtraction 426,,39,39,,,,,,
stu_1777023761898_3121,test_1781048227348_yh9wms9,vertical_operations,0,1,vertical_operations|attempt=0|log=1|3a692a3bd2,arithmetic_fluency,1.0,vertical_operation_fluency,Addition,AdditionWithCarry,VerticalOperation,Vertical,0,144900,fast,0,ComputationError,4.0,hard,,,2026-06-12T11:14:57.698Z,2026-06-12T11:25:51.461Z,552 Addition 666,,1218,9886,,,,,,
stu_1777023761898_3121,test_1781048227348_yh9wms9,vertical_operations,0,2,vertical_operations|attempt=0|log=2|16e2becf9b,arithmetic_fluency,1.0,vertical_operation_fluency,Multiplication,MultiStepMultiplication,VerticalOperation,Vertical,1,437983,fast,0,,6.0,hard,,,2026-06-12T11:14:57.698Z,2026-06-12T11:25:51.461Z,740 Multiplication 585,,432900,432900,,,,,,
stu_1777023761898_3121,test_1781048227348_yh9wms9,vertical_operations,1,0,vertical_operations|attempt=1|log=0|fef210f84a,arithmetic_fluency,1.0,vertical_operation_fluency,Subtraction,SimpleSubtraction,VerticalOperation,Vertical,1,26053,fast,0,,2.0,easy,,,2026-06-12T11:25:51.467Z,2026-06-12T11:28:50.686Z,99 Subtraction 47,,52,52,,,,,,
stu_1777023761898_3121,test_1781048227348_yh9wms9,vertical_operations,1,1,vertical_operations|attempt=1|log=1|160a31f68a,arithmetic_fluency,1.0,vertical_operation_fluency,Multiplication,MultiStepMultiplication,VerticalOperation,Vertical,1,120427,fast,0,,4.0,hard,,,2026-06-12T11:25:51.467Z,2026-06-12T11:28:50.686Z,97 Multiplication 54,,5238,5238,,,,,,
stu_1777023761898_3121,test_1781048227348_yh9wms9,vertical_operations,1,2,vertical_operations|attempt=1|log=2|483c0e8526,arithmetic_fluency,1.0,vertical_operation_fluency,Addition,AdditionWithCarry,VerticalOperation,Vertical,1,32739,fast,0,,3.0,medium,,,2026-06-12T11:25:51.467Z,2026-06-12T11:28:50.686Z,32 Addition 93,,125,125,,,,,,
stu_1777023762111_459,test_1777023978840_kask7x7,choose_answer,0,0,choose_answer|attempt=0|log=0|055b9a60b9,arithmetic_fluency,0.6,operation_identification_from_context,Subtraction,OneStepProblem,WordProblem,Horizontal,1,14588,medium,0,,3.0,medium,,,2026-04-24T10:57:22.748Z,2026-04-24T10:58:31.353Z,أحمد لديه 150 درهمًا. اشترى 3 كتب، كل كتاب يكلف 40 درهمًا. كم تبقى معه؟,150 - (3 × 40),,,,,,,Subtraction,Subtraction
stu_1777023762111_459,test_1777023978840_kask7x7,choose_answer,0,0,choose_answer|attempt=0|log=0|055b9a60b9,number_sense,0.2,operation_identification_from_context,Subtraction,OneStepProblem,WordProblem,Horizontal,1,14588,medium,0,,3.0,medium,,,2026-04-24T10:57:22.748Z,2026-04-24T10:58:31.353Z,أحمد لديه 150 درهمًا. اشترى 3 كتب، كل كتاب يكلف 40 درهمًا. كم تبقى معه؟,150 - (3 × 40),,,,,,,Subtraction,Subtraction
stu_1777023762111_459,test_1777023978840_kask7x7,choose_answer,0,0,choose_answer|attempt=0|log=0|055b9a60b9,sequential_thinking,0.2,operation_identification_from_context,Subtraction,OneStepProblem,WordProblem,Horizontal,1,14588,medium,0,,3.0,medium,,,2026-04-24T10:57:22.748Z,2026-04-24T10:58:31.353Z,أحمد لديه 150 درهمًا. اشترى 3 كتب، كل كتاب يكلف 40 درهمًا. كم تبقى معه؟,150 - (3 × 40),,,,,,,Subtraction,Subtraction
stu_1777023762111_459,test_1777023978840_kask7x7,choose_answer,0,1,choose_answer|attempt=0|log=1|87c4d55508,arithmetic_fluency,0.6,operation_identification_from_context,Subtraction,OneStepProblem,WordProblem,Horizontal,0,7410,fast,0,ComputationError,2.0,easy,,,2026-04-24T10:57:22.748Z,2026-04-24T10:58:31.353Z,كانت عندك 10 تفاحات، أكلت 3. كم بقي؟,3 - 10,,,,,,,Subtraction,Subtraction
stu_1777023762111_459,test_1777023978840_kask7x7,choose_answer,0,1,choose_answer|attempt=0|log=1|87c4d55508,number_sense,0.2,operation_identification_from_context,Subtraction,OneStepProblem,WordProblem,Horizontal,0,7410,fast,0,ComputationError,2.0,easy,,,2026-04-24T10:57:22.748Z,2026-04-24T10:58:31.353Z,كانت عندك 10 تفاحات، أكلت 3. كم بقي؟,3 - 10,,,,,,,Subtraction,Subtraction
stu_1777023762111_459,test_1777023978840_kask7x7,choose_answer,0,1,choose_answer|attempt=0|log=1|87c4d55508,sequential_thinking,0.2,operation_identification_from_context,Subtraction,OneStepProblem,WordProblem,Horizontal,0,7410,fast,0,ComputationError,2.0,easy,,,2026-04-24T10:57:22.748Z,2026-04-24T10:58:31.353Z,كانت عندك 10 تفاحات، أكلت 3. كم بقي؟,3 - 10,,,,,,,Subtraction,Subtraction
stu_1777023762111_459,test_1777023978840_kask7x7,choose_answer,0,2,choose_answer|attempt=0|log=2|59f232a406,arithmetic_fluency,0.6,operation_identification_from_context,,OneStepProblem,WordProblem,Horizontal,1,23675,slow,1,,2.0,easy,,,2026-04-24T10:57:22.748Z,2026-04-24T10:58:31.353Z,أشترت مريم 3 كتب، كل كتاب يكلف 40 درهما. كم دفعت مريم في المجمل؟,3 × 40,,,,,,,,
stu_1777023762111_459,test_1777023978840_kask7x7,choose_answer,0,2,choose_answer|attempt=0|log=2|59f232a406,number_sense,0.2,operation_identification_from_context,,OneStepProblem,WordProblem,Horizontal,1,23675,slow,1,,2.0,easy,,,2026-04-24T10:57:22.748Z,2026-04-24T10:58:31.353Z,أشترت مريم 3 كتب، كل كتاب يكلف 40 درهما. كم دفعت مريم في المجمل؟,3 × 40,,,,,,,,
stu_1777023762111_459,test_1777023978840_kask7x7,choose_answer,0,2,choose_answer|attempt=0|log=2|59f232a406,sequential_thinking,0.2,operation_identification_from_context,,OneStepProblem,WordProblem,Horizontal,1,23675,slow,1,,2.0,easy,,,2026-04-24T10:57:22.748Z,2026-04-24T10:58:31.353Z,أشترت مريم 3 كتب، كل كتاب يكلف 40 درهما. كم دفعت مريم في المجمل؟,3 × 40,,,,,,,,
stu_1777023762111_459,test_1777023978840_kask7x7,choose_answer,0,3,choose_answer|attempt=0|log=3|dfcb754258,arithmetic_fluency,0.6,operation_identification_from_context,Subtraction,OneStepProblem,WordProblem,Horizontal,1,10362,medium,0,,3.0,medium,,,2026-04-24T10:57:22.748Z,2026-04-24T10:58:31.353Z,لدى أحمد 120 درهما، وأعطى 50 درهما لصديقه. كم تبقى لديه؟,120 - 50,,,,,,,Subtraction,Subtraction
stu_1777023762111_459,test_1777023978840_kask7x7,choose_answer,0,3,choose_answer|attempt=0|log=3|dfcb754258,number_sense,0.2,operation_identification_from_context,Subtraction,OneStepProblem,WordProblem,Horizontal,1,10362,medium,0,,3.0,medium,,,2026-04-24T10:57:22.748Z,2026-04-24T10:58:31.353Z,لدى أحمد 120 درهما، وأعطى 50 درهما لصديقه. كم تبقى لديه؟,120 - 50,,,,,,,Subtraction,Subtraction
stu_1777023762111_459,test_1777023978840_kask7x7,choose_answer,0,3,choose_answer|attempt=0|log=3|dfcb754258,sequential_thinking,0.2,operation_identification_from_context,Subtraction,OneStepProblem,WordProblem,Horizontal,1,10362,medium,0,,3.0,medium,,,2026-04-24T10:57:22.748Z,2026-04-24T10:58:31.353Z,لدى أحمد 120 درهما، وأعطى 50 درهما لصديقه. كم تبقى لديه؟,120 - 50,,,,,,,Subtraction,Subtraction
stu_1777023762111_459,test_1777023978840_kask7x7,choose_answer,0,4,choose_answer|attempt=0|log=4|0ea6351aa9,arithmetic_fluency,0.6,operation_identification_from_context,Addition,OneStepProblem,WordProblem,Horizontal,1,12563,medium,0,,2.0,easy,,,2026-04-24T10:57:22.748Z,2026-04-24T10:58:31.353Z,تملك سلوى 30 درهما ومنحها أبوها 20 درهما. كم أصبح لدى سلوى من درهم؟,30 + 20,,,,,,,Addition,Addition
stu_1777023762111_459,test_1777023978840_kask7x7,choose_answer,0,4,choose_answer|attempt=0|log=4|0ea6351aa9,number_sense,0.2,operation_identification_from_context,Addition,OneStepProblem,WordProblem,Horizontal,1,12563,medium,0,,2.0,easy,,,2026-04-24T10:57:22.748Z,2026-04-24T10:58:31.353Z,تملك سلوى 30 درهما ومنحها أبوها 20 درهما. كم أصبح لدى سلوى من درهم؟,30 + 20,,,,,,,Addition,Addition
stu_1777023762111_459,test_1777023978840_kask7x7,choose_answer,0,4,choose_answer|attempt=0|log=4|0ea6351aa9,sequential_thinking,0.2,operation_identification_from_context,Addition,OneStepProblem,WordProblem,Horizontal,1,12563,medium,0,,2.0,easy,,,2026-04-24T10:57:22.748Z,2026-04-24T10:58:31.353Z,تملك سلوى 30 درهما ومنحها أبوها 20 درهما. كم أصبح لدى سلوى من درهم؟,30 + 20,,,,,,,Addition,Addition
stu_1777023762111_459,test_1777023978840_kask7x7,compare_numbers,0,0,compare_numbers|attempt=0|log=0|04871d0add,comparison_skill,1.0,number_comparison,,Greater,Comparison,Horizontal,1,8243,fast,0,,3.0,medium,,,2026-04-24T11:01:09.141Z,2026-04-24T11:01:32.214Z,,,,,,,Greater,,,
stu_1777023762111_459,test_1777023978840_kask7x7,compare_numbers,0,1,compare_numbers|attempt=0|log=1|9afab50b77,comparison_skill,1.0,number_comparison,,Less,Comparison,Horizontal,1,8523,fast,0,,3.0,medium,,,2026-04-24T11:01:09.141Z,2026-04-24T11:01:32.214Z,,,,,,,Less,,,
stu_1777023762111_459,test_1777023978840_kask7x7,compare_numbers,0,2,compare_numbers|attempt=0|log=2|29a8327190,comparison_skill,1.0,number_comparison,,Equal,Comparison,Horizontal,1,6291,fast,0,,3.0,medium,,,2026-04-24T11:01:09.141Z,2026-04-24T11:01:32.214Z,,,,,,,Equal,,,
stu_1777023762111_459,test_1777023978840_kask7x7,find_previous_next_number,0,0,find_previous_next_number|attempt=0|log=0|1dfb7edb3e,sequential_thinking,1.0,previous_next_number,,PreviousAndNext,Sequence,Horizontal,1,19046,fast,0,,2.0,easy,30-39,,2026-04-24T11:00:43.682Z,2026-04-24T11:01:08.925Z,34,,,,"[33, 35]","[33, 35]",,,,
stu_1777023762111_459,test_1777023978840_kask7x7,find_previous_next_number,0,1,find_previous_next_number|attempt=0|log=1|2a38bc5287,sequential_thinking,1.0,previous_next_number,,PreviousAndNext,Sequence,Horizontal,1,19137,fast,0,,3.0,medium,850-859,,2026-04-24T11:00:43.682Z,2026-04-24T11:01:08.925Z,854,,,,"[853, 855]","[853, 855]",,,,
stu_1777023762111_459,test_1777023978840_kask7x7,find_previous_next_number,0,2,find_previous_next_number|attempt=0|log=2|b38ffa1b14,sequential_thinking,1.0,previous_next_number,,PreviousAndNext,Sequence,Horizontal,1,25237,fast,0,,3.0,medium,700-709,,2026-04-24T11:00:43.682Z,2026-04-24T11:01:08.925Z,707,,,,"[706, 708]","[706, 708]",,,,
stu_1777023762111_459,test_1777023978840_kask7x7,identify_place_value,0,0,identify_place_value|attempt=0|log=0|1e8b1cb5b7,number_sense,1.0,place_value_identification,,PlaceValue,PlaceValue,Visual,1,11192,fast,0,,2.0,easy,,,2026-04-24T10:57:09.234Z,2026-04-24T10:57:22.528Z,,,,,"{""pos_0"": 9, ""pos_1"": 7}","{""pos_0"": 9, ""pos_1"": 7}",,,,
stu_1777023762111_459,test_1777023978840_kask7x7,identify_place_value,0,1,identify_place_value|attempt=0|log=1|211c1dbb28,number_sense,1.0,place_value_identification,,PlaceValue,PlaceValue,Visual,1,10003,fast,0,,2.0,easy,,,2026-04-24T10:57:09.234Z,2026-04-24T10:57:22.528Z,,,,,"{""pos_0"": 4, ""pos_1"": 1}","{""pos_0"": 4, ""pos_1"": 1}",,,,
stu_1777023762111_459,test_1777023978840_kask7x7,identify_place_value,0,2,identify_place_value|attempt=0|log=2|c22a0d857d,number_sense,1.0,place_value_identification,,PlaceValue,PlaceValue,Visual,1,15622,fast,0,,2.0,easy,,,2026-04-24T10:57:09.234Z,2026-04-24T10:57:22.528Z,,,,,"{""pos_0"": 9, ""pos_1"": 2}","{""pos_0"": 9, ""pos_1"": 2}",,,,
stu_1777023762111_459,test_1777023978840_kask7x7,identify_place_value,0,3,identify_place_value|attempt=0|log=3|fa85337a55,number_sense,1.0,place_value_identification,,PlaceValue,PlaceValue,Visual,1,13286,fast,0,,2.0,easy,,,2026-04-24T10:57:09.234Z,2026-04-24T10:57:22.528Z,,,,,"{""pos_0"": 8, ""pos_1"": 0}","{""pos_0"": 8, ""pos_1"": 0}",,,,
stu_1777023762111_459,test_1777023978840_kask7x7,order_numbers,0,0,order_numbers|attempt=0|log=0|55eca7fc25,sequential_thinking,1.0,number_ordering,,Ordering_desc,Ordering,Visual,1,42948,fast,0,,2.0,easy,,2.0,2026-04-24T10:54:42.549Z,2026-04-24T10:56:32.143Z,,,,,,,,desc,,
stu_1777023762111_459,test_1777023978840_kask7x7,order_numbers,0,1,order_numbers|attempt=0|log=1|4cb456f46f,sequential_thinking,1.0,number_ordering,,Ordering_asc,Ordering,Visual,1,56407,fast,0,,2.0,easy,,7.0,2026-04-24T10:54:42.549Z,2026-04-24T10:56:32.143Z,,,,,,,,asc,,
stu_1777023762111_459,test_1777023978840_kask7x7,order_numbers,0,2,order_numbers|attempt=0|log=2|03de3bd72f,sequential_thinking,1.0,number_ordering,,Ordering_asc,Ordering,Visual,1,10175,fast,0,,2.0,easy,,3.0,2026-04-24T10:54:42.549Z,2026-04-24T10:56:32.143Z,,,,,,,,asc,,
stu_1777023762111_459,test_1777023978840_kask7x7,vertical_operations,0,0,vertical_operations|attempt=0|log=0|17b0f1484b,arithmetic_fluency,1.0,vertical_operation_fluency,Addition,AdditionWithCarry,VerticalOperation,Vertical,1,57982,fast,0,,5.0,hard,,,2026-04-24T10:58:31.516Z,2026-04-24T11:00:05.467Z,6761 Addition 7235,,13996,13996,,,,,,
stu_1777023762111_459,test_1777023978840_kask7x7,vertical_operations,0,1,vertical_operations|attempt=0|log=1|36d4e881e0,arithmetic_fluency,1.0,vertical_operation_fluency,Addition,AdditionWithCarry,VerticalOperation,Vertical,1,35969,fast,0,,5.0,hard,,,2026-04-24T10:58:31.516Z,2026-04-24T11:00:05.467Z,8793 Addition 5014,,13807,13807,,,,,,
stu_1777023762111_459,test_1781048227348_yh9wms9,choose_answer,0,0,choose_answer|attempt=0|log=0|37f3084149,arithmetic_fluency,0.6,operation_identification_from_context,Subtraction,OneStepProblem,WordProblem,Horizontal,1,10974,medium,0,,3.0,medium,,,2026-06-12T10:21:54.328Z,2026-06-12T10:22:51.837Z,إذا كان لديك 100 درهم وأعطيت صديقك 25 درهما، كم تبقى لديك؟,100 - 25,,,,,,,Subtraction,Subtraction
stu_1777023762111_459,test_1781048227348_yh9wms9,choose_answer,0,0,choose_answer|attempt=0|log=0|37f3084149,number_sense,0.2,operation_identification_from_context,Subtraction,OneStepProblem,WordProblem,Horizontal,1,10974,medium,0,,3.0,medium,,,2026-06-12T10:21:54.328Z,2026-06-12T10:22:51.837Z,إذا كان لديك 100 درهم وأعطيت صديقك 25 درهما، كم تبقى لديك؟,100 - 25,,,,,,,Subtraction,Subtraction
stu_1777023762111_459,test_1781048227348_yh9wms9,choose_answer,0,0,choose_answer|attempt=0|log=0|37f3084149,sequential_thinking,0.2,operation_identification_from_context,Subtraction,OneStepProblem,WordProblem,Horizontal,1,10974,medium,0,,3.0,medium,,,2026-06-12T10:21:54.328Z,2026-06-12T10:22:51.837Z,إذا كان لديك 100 درهم وأعطيت صديقك 25 درهما، كم تبقى لديك؟,100 - 25,,,,,,,Subtraction,Subtraction
stu_1777023762111_459,test_1781048227348_yh9wms9,choose_answer,0,1,choose_answer|attempt=0|log=1|32e68f26cd,arithmetic_fluency,0.6,operation_identification_from_context,,OneStepProblem,WordProblem,Horizontal,1,13412,medium,0,,2.0,easy,,,2026-06-12T10:21:54.328Z,2026-06-12T10:22:51.837Z,لدى 86 صناديق، كل صندوق يحتوي على 51 قطعة. كم قطعة في المجموع؟,86 × 51,,,,,,,,
stu_1777023762111_459,test_1781048227348_yh9wms9,choose_answer,0,1,choose_answer|attempt=0|log=1|32e68f26cd,number_sense,0.2,operation_identification_from_context,,OneStepProblem,WordProblem,Horizontal,1,13412,medium,0,,2.0,easy,,,2026-06-12T10:21:54.328Z,2026-06-12T10:22:51.837Z,لدى 86 صناديق، كل صندوق يحتوي على 51 قطعة. كم قطعة في المجموع؟,86 × 51,,,,,,,,
stu_1777023762111_459,test_1781048227348_yh9wms9,choose_answer,0,1,choose_answer|attempt=0|log=1|32e68f26cd,sequential_thinking,0.2,operation_identification_from_context,,OneStepProblem,WordProblem,Horizontal,1,13412,medium,0,,2.0,easy,,,2026-06-12T10:21:54.328Z,2026-06-12T10:22:51.837Z,لدى 86 صناديق، كل صندوق يحتوي على 51 قطعة. كم قطعة في المجموع؟,86 × 51,,,,,,,,
stu_1777023762111_459,test_1781048227348_yh9wms9,choose_answer,0,2,choose_answer|attempt=0|log=2|f52d53006c,arithmetic_fluency,0.6,operation_identification_from_context,,OneStepProblem,WordProblem,Horizontal,1,15826,medium,0,,5.0,hard,,,2026-06-12T10:21:54.328Z,2026-06-12T10:22:51.837Z,لدى 41805 قطعة حلوى، أريد توزيعها بالتساوي على 3 أطفال. كم قطعة يحصل كل طفل؟,41805 ÷ 3,,,,,,,,
stu_1777023762111_459,test_1781048227348_yh9wms9,choose_answer,0,2,choose_answer|attempt=0|log=2|f52d53006c,number_sense,0.2,operation_identification_from_context,,OneStepProblem,WordProblem,Horizontal,1,15826,medium,0,,5.0,hard,,,2026-06-12T10:21:54.328Z,2026-06-12T10:22:51.837Z,لدى 41805 قطعة حلوى، أريد توزيعها بالتساوي على 3 أطفال. كم قطعة يحصل كل طفل؟,41805 ÷ 3,,,,,,,,
stu_1777023762111_459,test_1781048227348_yh9wms9,choose_answer,0,2,choose_answer|attempt=0|log=2|f52d53006c,sequential_thinking,0.2,operation_identification_from_context,,OneStepProblem,WordProblem,Horizontal,1,15826,medium,0,,5.0,hard,,,2026-06-12T10:21:54.328Z,2026-06-12T10:22:51.837Z,لدى 41805 قطعة حلوى، أريد توزيعها بالتساوي على 3 أطفال. كم قطعة يحصل كل طفل؟,41805 ÷ 3,,,,,,,,
stu_1777023762111_459,test_1781048227348_yh9wms9,choose_answer,0,3,choose_answer|attempt=0|log=3|94029757ab,arithmetic_fluency,0.6,operation_identification_from_context,,OneStepProblem,WordProblem,Horizontal,1,8964,fast,0,,5.0,hard,,,2026-06-12T10:21:54.328Z,2026-06-12T10:22:51.837Z,لدى 98925 قطعة حلوى، أريد توزيعها بالتساوي على 3 أطفال. كم قطعة يحصل كل طفل؟,98925 ÷ 3,,,,,,,,
stu_1777023762111_459,test_1781048227348_yh9wms9,choose_answer,0,3,choose_answer|attempt=0|log=3|94029757ab,number_sense,0.2,operation_identification_from_context,,OneStepProblem,WordProblem,Horizontal,1,8964,fast,0,,5.0,hard,,,2026-06-12T10:21:54.328Z,2026-06-12T10:22:51.837Z,لدى 98925 قطعة حلوى، أريد توزيعها بالتساوي على 3 أطفال. كم قطعة يحصل كل طفل؟,98925 ÷ 3,,,,,,,,
stu_1777023762111_459,test_1781048227348_yh9wms9,choose_answer,0,3,choose_answer|attempt=0|log=3|94029757ab,sequential_thinking,0.2,operation_identification_from_context,,OneStepProblem,WordProblem,Horizontal,1,8964,fast,0,,5.0,hard,,,2026-06-12T10:21:54.328Z,2026-06-12T10:22:51.837Z,لدى 98925 قطعة حلوى، أريد توزيعها بالتساوي على 3 أطفال. كم قطعة يحصل كل طفل؟,98925 ÷ 3,,,,,,,,
stu_1777023762111_459,test_1781048227348_yh9wms9,choose_answer,0,4,choose_answer|attempt=0|log=4|52183e9fb5,arithmetic_fluency,0.6,operation_identification_from_context,Addition,OneStepProblem,WordProblem,Horizontal,1,8329,fast,0,,2.0,easy,,,2026-06-12T10:21:54.328Z,2026-06-12T10:22:51.837Z,في حديقة هناك 45 شجرة، زرعوا 12 شجرة أخرى. كم عدد الأشجار في الحديقة الآن؟,45 + 12,,,,,,,Addition,Addition
stu_1777023762111_459,test_1781048227348_yh9wms9,choose_answer,0,4,choose_answer|attempt=0|log=4|52183e9fb5,number_sense,0.2,operation_identification_from_context,Addition,OneStepProblem,WordProblem,Horizontal,1,8329,fast,0,,2.0,easy,,,2026-06-12T10:21:54.328Z,2026-06-12T10:22:51.837Z,في حديقة هناك 45 شجرة، زرعوا 12 شجرة أخرى. كم عدد الأشجار في الحديقة الآن؟,45 + 12,,,,,,,Addition,Addition
stu_1777023762111_459,test_1781048227348_yh9wms9,choose_answer,0,4,choose_answer|attempt=0|log=4|52183e9fb5,sequential_thinking,0.2,operation_identification_from_context,Addition,OneStepProblem,WordProblem,Horizontal,1,8329,fast,0,,2.0,easy,,,2026-06-12T10:21:54.328Z,2026-06-12T10:22:51.837Z,في حديقة هناك 45 شجرة، زرعوا 12 شجرة أخرى. كم عدد الأشجار في الحديقة الآن؟,45 + 12,,,,,,,Addition,Addition
stu_1777023762111_459,test_1781048227348_yh9wms9,identify_place_value,0,0,identify_place_value|attempt=0|log=0|0e7d89507c,number_sense,1.0,place_value_identification,,PlaceValue,PlaceValue,Visual,0,71991,fast,0,PlaceValueMisidentification,6.0,hard,,,2026-06-12T10:19:48.153Z,2026-06-12T10:20:42.408Z,,,,,"{""pos_0"": 3, ""pos_1"": 6, ""pos_2"": 5, ""pos_3"": 1, ""pos_4"": 7, ""pos_5"": 2}","{""pos_0"": 5, ""pos_1"": 6, ""pos_2"": 3, ""pos_3"": 1, ""pos_4"": 7, ""pos_5"": 2}",,,,
stu_1777023762111_459,test_1781048227348_yh9wms9,identify_place_value,0,1,identify_place_value|attempt=0|log=1|76e0a0673d,number_sense,1.0,place_value_identification,,PlaceValue,PlaceValue,Visual,0,54245,fast,0,PlaceValueMisidentification,6.0,hard,,,2026-06-12T10:19:48.153Z,2026-06-12T10:20:42.408Z,,,,,"{""pos_0"": 8, ""pos_1"": 6, ""pos_2"": 1, ""pos_3"": 3, ""pos_4"": 3, ""pos_5"": 4}","{""pos_0"": 1, ""pos_1"": 6, ""pos_2"": 8, ""pos_3"": 3, ""pos_4"": 3, ""pos_5"": 4}",,,,
stu_1777023762111_459,test_1781048227348_yh9wms9,identify_place_value,1,0,identify_place_value|attempt=1|log=0|613a756f45,number_sense,1.0,place_value_identification,,PlaceValue,PlaceValue,Visual,0,44993,fast,0,PlaceValueMisidentification,5.0,hard,,,2026-06-12T10:21:27.586Z,2026-06-12T10:21:54.178Z,,,,,"{""pos_0"": 8, ""pos_1"": 5, ""pos_2"": 9, ""pos_3"": 4, ""pos_4"": 8}","{""pos_0"": 5, ""pos_1"": 8, ""pos_2"": 6, ""pos_3"": 4, ""pos_4"": 8}",,,,
stu_1777023762111_459,test_1781048227348_yh9wms9,identify_place_value,1,1,identify_place_value|attempt=1|log=1|ac6eeb08c0,number_sense,1.0,place_value_identification,,PlaceValue,PlaceValue,Visual,0,26586,fast,0,PlaceValueMisidentification,5.0,hard,,,2026-06-12T10:21:27.586Z,2026-06-12T10:21:54.178Z,,,,,"{""pos_0"": 4, ""pos_1"": 8, ""pos_2"": 6, ""pos_3"": 7, ""pos_4"": 1}","{""pos_0"": 8, ""pos_1"": 4, ""pos_2"": 6, ""pos_3"": 7, ""pos_4"": 1}",,,,
stu_1777023762111_459,test_1781048227348_yh9wms9,order_numbers,0,0,order_numbers|attempt=0|log=0|43d0816f0a,sequential_thinking,1.0,number_ordering,,Ordering_asc,Ordering,Visual,0,73876,fast,0,ReversedDescending,6.0,hard,,5.0,2026-06-12T10:15:25.405Z,2026-06-12T10:17:31.302Z,,,,,,,,asc,,
stu_1777023762111_459,test_1781048227348_yh9wms9,order_numbers,0,1,order_numbers|attempt=0|log=1|668cd398b0,sequential_thinking,1.0,number_ordering,,Ordering_asc,Ordering,Visual,0,52005,fast,0,ReversedDescending,6.0,hard,,4.0,2026-06-12T10:15:25.405Z,2026-06-12T10:17:31.302Z,,,,,,,,asc,,
stu_1777023762111_459,test_1781048227348_yh9wms9,order_numbers,1,0,order_numbers|attempt=1|log=0|049ca3061e,sequential_thinking,1.0,number_ordering,,Ordering_asc,Ordering,Visual,1,37329,fast,0,,5.0,hard,,3.0,2026-06-12T10:17:31.452Z,2026-06-12T10:18:35.947Z,,,,,,,,asc,,
stu_1777023762111_459,test_1781048227348_yh9wms9,order_numbers,1,1,order_numbers|attempt=1|log=1|6c2b63e3a5,sequential_thinking,1.0,number_ordering,,Ordering_asc,Ordering,Visual,1,27153,fast,0,,5.0,hard,,4.0,2026-06-12T10:17:31.452Z,2026-06-12T10:18:35.947Z,,,,,,,,asc,,
stu_1777023762111_459,test_1781048227348_yh9wms9,vertical_operations,0,0,vertical_operations|attempt=0|log=0|05447b1309,arithmetic_fluency,1.0,vertical_operation_fluency,Multiplication,MultiStepMultiplication,VerticalOperation,Vertical,1,214347,fast,0,,6.0,hard,,,2026-06-12T10:22:51.993Z,2026-06-12T10:28:19.412Z,391 Multiplication 737,,288167,288167,,,,,,
stu_1777023762111_459,test_1781048227348_yh9wms9,vertical_operations,0,1,vertical_operations|attempt=0|log=1|42d2122d53,arithmetic_fluency,1.0,vertical_operation_fluency,Subtraction,SubtractionWithBorrow,VerticalOperation,Vertical,0,41097,fast,0,ComputationError,3.0,medium,,,2026-06-12T10:22:51.993Z,2026-06-12T10:28:19.412Z,901 Subtraction 178,,723,833,,,,,,
stu_1777023762111_459,test_1781048227348_yh9wms9,vertical_operations,0,2,vertical_operations|attempt=0|log=2|4c333e873a,arithmetic_fluency,1.0,vertical_operation_fluency,Addition,AdditionWithCarry,VerticalOperation,Vertical,1,71975,fast,0,,4.0,hard,,,2026-06-12T10:22:51.993Z,2026-06-12T10:28:19.412Z,533 Addition 498,,1031,1031,,,,,,
stu_1777023762111_459,test_1781048227348_yh9wms9,vertical_operations,1,0,vertical_operations|attempt=1|log=0|e2f09fdb78,arithmetic_fluency,1.0,vertical_operation_fluency,Multiplication,MultiStepMultiplication,VerticalOperation,Vertical,1,105555,fast,0,,2.0,easy,,,2026-06-12T10:28:19.420Z,2026-06-12T10:30:57.721Z,1 Multiplication 24,,24,24,,,,,,
stu_1777023762111_459,test_1781048227348_yh9wms9,vertical_operations,1,1,vertical_operations|attempt=1|log=1|817d584360,arithmetic_fluency,1.0,vertical_operation_fluency,Addition,SimpleAddition,VerticalOperation,Vertical,1,9728,fast,0,,2.0,easy,,,2026-06-12T10:28:19.420Z,2026-06-12T10:30:57.721Z,30 Addition 18,,48,48,,,,,,
stu_1777023762111_459,test_1781048227348_yh9wms9,vertical_operations,1,2,vertical_operations|attempt=1|log=2|e960b30d91,arithmetic_fluency,1.0,vertical_operation_fluency,Subtraction,SubtractionWithBorrow,VerticalOperation,Vertical,0,43018,fast,0,ComputationError,2.0,easy,,,2026-06-12T10:28:19.420Z,2026-06-12T10:30:57.721Z,81 Subtraction 43,,38,53,,,,,,
stu_1777023762111_459,test_1781048227348_yh9wms9,vertical_operations,2,0,vertical_operations|attempt=2|log=0|010d42afb1,arithmetic_fluency,1.0,vertical_operation_fluency,Multiplication,SingleStepMultiplication,VerticalOperation,Vertical,1,6242,fast,0,,1.0,very-easy,,,2026-06-12T10:30:57.725Z,2026-06-12T10:31:17.647Z,3 Multiplication 2,,6,6,,,,,,
stu_1777023762111_459,test_1781048227348_yh9wms9,vertical_operations,2,1,vertical_operations|attempt=2|log=1|215412a17d,arithmetic_fluency,1.0,vertical_operation_fluency,Addition,SimpleAddition,VerticalOperation,Vertical,1,6764,fast,0,,1.0,very-easy,,,2026-06-12T10:30:57.725Z,2026-06-12T10:31:17.647Z,7 Addition 2,,9,9,,,,,,
stu_1777023762111_459,test_1781048227348_yh9wms9,vertical_operations,2,2,vertical_operations|attempt=2|log=2|63f91eca3f,arithmetic_fluency,1.0,vertical_operation_fluency,Subtraction,SimpleSubtraction,VerticalOperation,Vertical,1,6916,fast,0,,1.0,very-easy,,,2026-06-12T10:30:57.725Z,2026-06-12T10:31:17.647Z,7 Subtraction 1,,6,6,,,,,,
stu_1777023762305_6832,test_1777023978840_kask7x7,choose_answer,0,0,choose_answer|attempt=0|log=0|3e4546de05,arithmetic_fluency,0.6,operation_identification_from_context,Subtraction,OneStepProblem,WordProblem,Horizontal,0,7253,fast,0,ComputationError,3.0,medium,,,2026-04-24T10:45:52.871Z,2026-04-24T10:46:36.548Z,أحمد لديه 150 درهمًا. اشترى 3 كتب، كل كتاب يكلف 40 درهمًا. كم تبقى معه؟,150 - 40,,,,,,,Subtraction,Subtraction
stu_1777023762305_6832,test_1777023978840_kask7x7,choose_answer,0,0,choose_answer|attempt=0|log=0|3e4546de05,number_sense,0.2,operation_identification_from_context,Subtraction,OneStepProblem,WordProblem,Horizontal,0,7253,fast,0,ComputationError,3.0,medium,,,2026-04-24T10:45:52.871Z,2026-04-24T10:46:36.548Z,أحمد لديه 150 درهمًا. اشترى 3 كتب، كل كتاب يكلف 40 درهمًا. كم تبقى معه؟,150 - 40,,,,,,,Subtraction,Subtraction
stu_1777023762305_6832,test_1777023978840_kask7x7,choose_answer,0,0,choose_answer|attempt=0|log=0|3e4546de05,sequential_thinking,0.2,operation_identification_from_context,Subtraction,OneStepProblem,WordProblem,Horizontal,0,7253,fast,0,ComputationError,3.0,medium,,,2026-04-24T10:45:52.871Z,2026-04-24T10:46:36.548Z,أحمد لديه 150 درهمًا. اشترى 3 كتب، كل كتاب يكلف 40 درهمًا. كم تبقى معه؟,150 - 40,,,,,,,Subtraction,Subtraction
stu_1777023762305_6832,test_1777023978840_kask7x7,choose_answer,0,1,choose_answer|attempt=0|log=1|4aaabffb0e,arithmetic_fluency,0.6,operation_identification_from_context,Addition,OneStepProblem,WordProblem,Horizontal,1,7197,fast,0,,2.0,easy,,,2026-04-24T10:45:52.871Z,2026-04-24T10:46:36.548Z,في مزرعة هناك 20 دجاجة. إذا وضعت 5 دجاجات أخرى. كم دجاجة في المجموع؟,20 + 5,,,,,,,Addition,Addition
stu_1777023762305_6832,test_1777023978840_kask7x7,choose_answer,0,1,choose_answer|attempt=0|log=1|4aaabffb0e,number_sense,0.2,operation_identification_from_context,Addition,OneStepProblem,WordProblem,Horizontal,1,7197,fast,0,,2.0,easy,,,2026-04-24T10:45:52.871Z,2026-04-24T10:46:36.548Z,في مزرعة هناك 20 دجاجة. إذا وضعت 5 دجاجات أخرى. كم دجاجة في المجموع؟,20 + 5,,,,,,,Addition,Addition
stu_1777023762305_6832,test_1777023978840_kask7x7,choose_answer,0,1,choose_answer|attempt=0|log=1|4aaabffb0e,sequential_thinking,0.2,operation_identification_from_context,Addition,OneStepProblem,WordProblem,Horizontal,1,7197,fast,0,,2.0,easy,,,2026-04-24T10:45:52.871Z,2026-04-24T10:46:36.548Z,في مزرعة هناك 20 دجاجة. إذا وضعت 5 دجاجات أخرى. كم دجاجة في المجموع؟,20 + 5,,,,,,,Addition,Addition
stu_1777023762305_6832,test_1777023978840_kask7x7,choose_answer,0,2,choose_answer|attempt=0|log=2|b3882ca07c,arithmetic_fluency,0.6,operation_identification_from_context,Addition,OneStepProblem,WordProblem,Horizontal,1,3019,fast,0,,2.0,easy,,,2026-04-24T10:45:52.871Z,2026-04-24T10:46:36.548Z,في حديقة هناك 45 شجرة، زرعوا 12 شجرة أخرى. كم عدد الأشجار في الحديقة الآن؟,45 + 12,,,,,,,Addition,Addition
stu_1777023762305_6832,test_1777023978840_kask7x7,choose_answer,0,2,choose_answer|attempt=0|log=2|b3882ca07c,number_sense,0.2,operation_identification_from_context,Addition,OneStepProblem,WordProblem,Horizontal,1,3019,fast,0,,2.0,easy,,,2026-04-24T10:45:52.871Z,2026-04-24T10:46:36.548Z,في حديقة هناك 45 شجرة، زرعوا 12 شجرة أخرى. كم عدد الأشجار في الحديقة الآن؟,45 + 12,,,,,,,Addition,Addition
stu_1777023762305_6832,test_1777023978840_kask7x7,choose_answer,0,2,choose_answer|attempt=0|log=2|b3882ca07c,sequential_thinking,0.2,operation_identification_from_context,Addition,OneStepProblem,WordProblem,Horizontal,1,3019,fast,0,,2.0,easy,,,2026-04-24T10:45:52.871Z,2026-04-24T10:46:36.548Z,في حديقة هناك 45 شجرة، زرعوا 12 شجرة أخرى. كم عدد الأشجار في الحديقة الآن؟,45 + 12,,,,,,,Addition,Addition
stu_1777023762305_6832,test_1777023978840_kask7x7,choose_answer,0,3,choose_answer|attempt=0|log=3|e5225d3f75,arithmetic_fluency,0.6,operation_identification_from_context,Subtraction,OneStepProblem,WordProblem,Horizontal,1,15406,medium,0,,3.0,medium,,,2026-04-24T10:45:52.871Z,2026-04-24T10:46:36.548Z,لدى أحمد 120 درهما، وأعطى 50 درهما لصديقه. كم تبقى لديه؟,120 - 50,,,,,,,Subtraction,Subtraction
stu_1777023762305_6832,test_1777023978840_kask7x7,choose_answer,0,3,choose_answer|attempt=0|log=3|e5225d3f75,number_sense,0.2,operation_identification_from_context,Subtraction,OneStepProblem,WordProblem,Horizontal,1,15406,medium,0,,3.0,medium,,,2026-04-24T10:45:52.871Z,2026-04-24T10:46:36.548Z,لدى أحمد 120 درهما، وأعطى 50 درهما لصديقه. كم تبقى لديه؟,120 - 50,,,,,,,Subtraction,Subtraction
stu_1777023762305_6832,test_1777023978840_kask7x7,choose_answer,0,3,choose_answer|attempt=0|log=3|e5225d3f75,sequential_thinking,0.2,operation_identification_from_context,Subtraction,OneStepProblem,WordProblem,Horizontal,1,15406,medium,0,,3.0,medium,,,2026-04-24T10:45:52.871Z,2026-04-24T10:46:36.548Z,لدى أحمد 120 درهما، وأعطى 50 درهما لصديقه. كم تبقى لديه؟,120 - 50,,,,,,,Subtraction,Subtraction
stu_1777023762305_6832,test_1777023978840_kask7x7,choose_answer,0,4,choose_answer|attempt=0|log=4|f3333aca51,arithmetic_fluency,0.6,operation_identification_from_context,,OneStepProblem,WordProblem,Horizontal,1,10797,medium,0,,2.0,easy,,,2026-04-24T10:45:52.871Z,2026-04-24T10:46:36.548Z,في إحدى المزارع هناك 8 حقول. في كل حقل 10 أشجار. كم عدد الأشجار في جميع الحقول؟,8 × 10,,,,,,,,
stu_1777023762305_6832,test_1777023978840_kask7x7,choose_answer,0,4,choose_answer|attempt=0|log=4|f3333aca51,number_sense,0.2,operation_identification_from_context,,OneStepProblem,WordProblem,Horizontal,1,10797,medium,0,,2.0,easy,,,2026-04-24T10:45:52.871Z,2026-04-24T10:46:36.548Z,في إحدى المزارع هناك 8 حقول. في كل حقل 10 أشجار. كم عدد الأشجار في جميع الحقول؟,8 × 10,,,,,,,,
stu_1777023762305_6832,test_1777023978840_kask7x7,choose_answer,0,4,choose_answer|attempt=0|log=4|f3333aca51,sequential_thinking,0.2,operation_identification_from_context,,OneStepProblem,WordProblem,Horizontal,1,10797,medium,0,,2.0,easy,,,2026-04-24T10:45:52.871Z,2026-04-24T10:46:36.548Z,في إحدى المزارع هناك 8 حقول. في كل حقل 10 أشجار. كم عدد الأشجار في جميع الحقول؟,8 × 10,,,,,,,,
stu_1777023762305_6832,test_1777023978840_kask7x7,compare_numbers,0,0,compare_numbers|attempt=0|log=0|afc57fd3e8,comparison_skill,1.0,number_comparison,,Greater,Comparison,Horizontal,1,5890,fast,0,,3.0,medium,,,2026-04-24T10:49:22.686Z,2026-04-24T10:49:33.826Z,,,,,,,Greater,,,
stu_1777023762305_6832,test_1777023978840_kask7x7,compare_numbers,0,1,compare_numbers|attempt=0|log=1|b89c44a2c5,comparison_skill,1.0,number_comparison,,Less,Comparison,Horizontal,1,2376,fast,0,,3.0,medium,,,2026-04-24T10:49:22.686Z,2026-04-24T10:49:33.826Z,,,,,,,Less,,,
stu_1777023762305_6832,test_1777023978840_kask7x7,compare_numbers,0,2,compare_numbers|attempt=0|log=2|c5a7960238,comparison_skill,1.0,number_comparison,,Equal,Comparison,Horizontal,1,2862,fast,0,,3.0,medium,,,2026-04-24T10:49:22.686Z,2026-04-24T10:49:33.826Z,,,,,,,Equal,,,
stu_1777023762305_6832,test_1777023978840_kask7x7,find_previous_next_number,0,0,find_previous_next_number|attempt=0|log=0|4b763160c7,sequential_thinking,1.0,previous_next_number,,PreviousAndNext,Sequence,Horizontal,1,68293,medium,0,,3.0,medium,210-219,,2026-04-24T10:49:02.774Z,2026-04-24T10:49:22.517Z,213,,,,"[212, 214]","[212, 214]",,,,
stu_1777023762305_6832,test_1777023978840_kask7x7,find_previous_next_number,0,1,find_previous_next_number|attempt=0|log=1|af1bb7d39b,sequential_thinking,1.0,previous_next_number,,PreviousAndNext,Sequence,Horizontal,1,17387,fast,0,,3.0,medium,490-499,,2026-04-24T10:49:02.774Z,2026-04-24T10:49:22.517Z,495,,,,"[494, 496]","[494, 496]",,,,
stu_1777023762305_6832,test_1777023978840_kask7x7,find_previous_next_number,0,2,find_previous_next_number|attempt=0|log=2|13ee887908,sequential_thinking,1.0,previous_next_number,,PreviousAndNext,Sequence,Horizontal,1,19736,fast,0,,3.0,medium,480-489,,2026-04-24T10:49:02.774Z,2026-04-24T10:49:22.517Z,488,,,,"[487, 489]","[487, 489]",,,,
stu_1777023762305_6832,test_1777023978840_kask7x7,identify_place_value,0,0,identify_place_value|attempt=0|log=0|a276764cc4,number_sense,1.0,place_value_identification,,PlaceValue,PlaceValue,Visual,1,4700,fast,0,,2.0,easy,,,2026-04-24T10:45:44.864Z,2026-04-24T10:45:52.749Z,,,,,"{""pos_0"": 3, ""pos_1"": 1}","{""pos_0"": 3, ""pos_1"": 1}",,,,
stu_1777023762305_6832,test_1777023978840_kask7x7,identify_place_value,0,1,identify_place_value|attempt=0|log=1|0fd381258c,number_sense,1.0,place_value_identification,,PlaceValue,PlaceValue,Visual,1,10354,fast,0,,2.0,easy,,,2026-04-24T10:45:44.864Z,2026-04-24T10:45:52.749Z,,,,,"{""pos_0"": 3, ""pos_1"": 8}","{""pos_0"": 3, ""pos_1"": 8}",,,,
stu_1777023762305_6832,test_1777023978840_kask7x7,identify_place_value,0,2,identify_place_value|attempt=0|log=2|e7003cb89b,number_sense,1.0,place_value_identification,,PlaceValue,PlaceValue,Visual,1,4012,fast,0,,2.0,easy,,,2026-04-24T10:45:44.864Z,2026-04-24T10:45:52.749Z,,,,,"{""pos_0"": 5, ""pos_1"": 6}","{""pos_0"": 5, ""pos_1"": 6}",,,,
stu_1777023762305_6832,test_1777023978840_kask7x7,identify_place_value,0,3,identify_place_value|attempt=0|log=3|b62c7f9054,number_sense,1.0,place_value_identification,,PlaceValue,PlaceValue,Visual,1,7878,fast,0,,2.0,easy,,,2026-04-24T10:45:44.864Z,2026-04-24T10:45:52.749Z,,,,,"{""pos_0"": 2, ""pos_1"": 3}","{""pos_0"": 2, ""pos_1"": 3}",,,,
stu_1777023762305_6832,test_1777023978840_kask7x7,order_numbers,0,0,order_numbers|attempt=0|log=0|2f35db1c54,sequential_thinking,1.0,number_ordering,,Ordering_desc,Ordering,Visual,1,7960,fast,0,,2.0,easy,,2.0,2026-04-24T10:44:24.844Z,2026-04-24T10:44:51.384Z,,,,,,,,desc,,
stu_1777023762305_6832,test_1777023978840_kask7x7,order_numbers,0,1,order_numbers|attempt=0|log=1|34ce4e2991,sequential_thinking,1.0,number_ordering,,Ordering_desc,Ordering,Visual,1,8211,fast,0,,2.0,easy,,2.0,2026-04-24T10:44:24.844Z,2026-04-24T10:44:51.384Z,,,,,,,,desc,,
stu_1777023762305_6832,test_1777023978840_kask7x7,order_numbers,0,2,order_numbers|attempt=0|log=2|7f059a9b70,sequential_thinking,1.0,number_ordering,,Ordering_asc,Ordering,Visual,0,10356,fast,0,ReversedDescending,2.0,easy,,3.0,2026-04-24T10:44:24.844Z,2026-04-24T10:44:51.384Z,,,,,,,,asc,,
stu_1777023762305_6832,test_1777023978840_kask7x7,order_numbers,1,0,order_numbers|attempt=1|log=0|8c03a5c95b,sequential_thinking,1.0,number_ordering,,Ordering_desc,Ordering,Visual,1,18922,fast,0,,1.0,very-easy,,4.0,2026-04-24T10:44:51.620Z,2026-04-24T10:45:25.656Z,,,,,,,,desc,,
stu_1777023762305_6832,test_1777023978840_kask7x7,order_numbers,1,1,order_numbers|attempt=1|log=1|f9249fe8a7,sequential_thinking,1.0,number_ordering,,Ordering_asc,Ordering,Visual,1,7190,fast,0,,1.0,very-easy,,3.0,2026-04-24T10:44:51.620Z,2026-04-24T10:45:25.656Z,,,,,,,,asc,,
stu_1777023762305_6832,test_1777023978840_kask7x7,order_numbers,1,2,order_numbers|attempt=1|log=2|87b6357d87,sequential_thinking,1.0,number_ordering,,Ordering_asc,Ordering,Visual,1,7908,fast,0,,1.0,very-easy,,4.0,2026-04-24T10:44:51.620Z,2026-04-24T10:45:25.656Z,,,,,,,,asc,,
stu_1777023762305_6832,test_1777023978840_kask7x7,vertical_operations,0,0,vertical_operations|attempt=0|log=0|88c6a87c10,arithmetic_fluency,1.0,vertical_operation_fluency,Addition,AdditionWithCarry,VerticalOperation,Vertical,1,44349,fast,0,,4.0,hard,,,2026-04-24T10:46:37.398Z,2026-04-24T10:47:37.057Z,3167 Addition 5286,,8453,8453,,,,,,
stu_1777023762305_6832,test_1777023978840_kask7x7,vertical_operations,0,1,vertical_operations|attempt=0|log=1|c4e4cbb11b,arithmetic_fluency,1.0,vertical_operation_fluency,Addition,AdditionWithCarry,VerticalOperation,Vertical,1,15310,fast,0,,4.0,hard,,,2026-04-24T10:46:37.398Z,2026-04-24T10:47:37.057Z,4473 Addition 4164,,8637,8637,,,,,,
stu_1777023762305_6832,test_1781048227348_yh9wms9,choose_answer,0,0,choose_answer|attempt=0|log=0|9f725dbfec,arithmetic_fluency,0.6,operation_identification_from_context,Subtraction,OneStepProblem,WordProblem,Horizontal,1,17454,medium,0,,5.0,hard,,,2026-06-12T11:14:40.834Z,2026-06-12T11:15:43.923Z,كان لديك 13811 تفاحة وأكلت 1491. كم بقي؟,13811 - 1491,,,,,,,Subtraction,Subtraction
stu_1777023762305_6832,test_1781048227348_yh9wms9,choose_answer,0,0,choose_answer|attempt=0|log=0|9f725dbfec,number_sense,0.2,operation_identification_from_context,Subtraction,OneStepProblem,WordProblem,Horizontal,1,17454,medium,0,,5.0,hard,,,2026-06-12T11:14:40.834Z,2026-06-12T11:15:43.923Z,كان لديك 13811 تفاحة وأكلت 1491. كم بقي؟,13811 - 1491,,,,,,,Subtraction,Subtraction
stu_1777023762305_6832,test_1781048227348_yh9wms9,choose_answer,0,0,choose_answer|attempt=0|log=0|9f725dbfec,sequential_thinking,0.2,operation_identification_from_context,Subtraction,OneStepProblem,WordProblem,Horizontal,1,17454,medium,0,,5.0,hard,,,2026-06-12T11:14:40.834Z,2026-06-12T11:15:43.923Z,كان لديك 13811 تفاحة وأكلت 1491. كم بقي؟,13811 - 1491,,,,,,,Subtraction,Subtraction
stu_1777023762305_6832,test_1781048227348_yh9wms9,choose_answer,0,1,choose_answer|attempt=0|log=1|36405f72e0,arithmetic_fluency,0.6,operation_identification_from_context,,OneStepProblem,WordProblem,Horizontal,1,15733,medium,0,,2.0,easy,,,2026-06-12T11:14:40.834Z,2026-06-12T11:15:43.923Z,أشترى أحمد 12 تذكرة سينما، سعر التذكرة الواحدة 50 درهما. كم دفع أحمد في المجمل؟,12 × 50,,,,,,,,
stu_1777023762305_6832,test_1781048227348_yh9wms9,choose_answer,0,1,choose_answer|attempt=0|log=1|36405f72e0,number_sense,0.2,operation_identification_from_context,,OneStepProblem,WordProblem,Horizontal,1,15733,medium,0,,2.0,easy,,,2026-06-12T11:14:40.834Z,2026-06-12T11:15:43.923Z,أشترى أحمد 12 تذكرة سينما، سعر التذكرة الواحدة 50 درهما. كم دفع أحمد في المجمل؟,12 × 50,,,,,,,,
stu_1777023762305_6832,test_1781048227348_yh9wms9,choose_answer,0,1,choose_answer|attempt=0|log=1|36405f72e0,sequential_thinking,0.2,operation_identification_from_context,,OneStepProblem,WordProblem,Horizontal,1,15733,medium,0,,2.0,easy,,,2026-06-12T11:14:40.834Z,2026-06-12T11:15:43.923Z,أشترى أحمد 12 تذكرة سينما، سعر التذكرة الواحدة 50 درهما. كم دفع أحمد في المجمل؟,12 × 50,,,,,,,,
stu_1777023762305_6832,test_1781048227348_yh9wms9,choose_answer,0,2,choose_answer|attempt=0|log=2|265f86096e,arithmetic_fluency,0.6,operation_identification_from_context,,OneStepProblem,WordProblem,Horizontal,1,6783,fast,0,,2.0,easy,,,2026-06-12T11:14:40.834Z,2026-06-12T11:15:43.923Z,أشترى علي 5 كتب، كل كتاب يكلف 70 درهمًا. كم دفع علي في المجمل؟,70 × 5,,,,,,,,
stu_1777023762305_6832,test_1781048227348_yh9wms9,choose_answer,0,2,choose_answer|attempt=0|log=2|265f86096e,number_sense,0.2,operation_identification_from_context,,OneStepProblem,WordProblem,Horizontal,1,6783,fast,0,,2.0,easy,,,2026-06-12T11:14:40.834Z,2026-06-12T11:15:43.923Z,أشترى علي 5 كتب، كل كتاب يكلف 70 درهمًا. كم دفع علي في المجمل؟,70 × 5,,,,,,,,
stu_1777023762305_6832,test_1781048227348_yh9wms9,choose_answer,0,2,choose_answer|attempt=0|log=2|265f86096e,sequential_thinking,0.2,operation_identification_from_context,,OneStepProblem,WordProblem,Horizontal,1,6783,fast,0,,2.0,easy,,,2026-06-12T11:14:40.834Z,2026-06-12T11:15:43.923Z,أشترى علي 5 كتب، كل كتاب يكلف 70 درهمًا. كم دفع علي في المجمل؟,70 × 5,,,,,,,,
stu_1777023762305_6832,test_1781048227348_yh9wms9,choose_answer,0,3,choose_answer|attempt=0|log=3|973cbf561f,arithmetic_fluency,0.6,operation_identification_from_context,Subtraction,OneStepProblem,WordProblem,Horizontal,0,14295,medium,0,ComputationError,3.0,medium,,,2026-06-12T11:14:40.834Z,2026-06-12T11:15:43.923Z,إذا كنت قد وفرت 300 درهمًا، واشتريت 2 أحذية ب 80 درهمًا لكل منهما. كم تبقى معك من المال؟,300 - 80,,,,,,,Subtraction,Subtraction
stu_1777023762305_6832,test_1781048227348_yh9wms9,choose_answer,0,3,choose_answer|attempt=0|log=3|973cbf561f,number_sense,0.2,operation_identification_from_context,Subtraction,OneStepProblem,WordProblem,Horizontal,0,14295,medium,0,ComputationError,3.0,medium,,,2026-06-12T11:14:40.834Z,2026-06-12T11:15:43.923Z,إذا كنت قد وفرت 300 درهمًا، واشتريت 2 أحذية ب 80 درهمًا لكل منهما. كم تبقى معك من المال؟,300 - 80,,,,,,,Subtraction,Subtraction
stu_1777023762305_6832,test_1781048227348_yh9wms9,choose_answer,0,3,choose_answer|attempt=0|log=3|973cbf561f,sequential_thinking,0.2,operation_identification_from_context,Subtraction,OneStepProblem,WordProblem,Horizontal,0,14295,medium,0,ComputationError,3.0,medium,,,2026-06-12T11:14:40.834Z,2026-06-12T11:15:43.923Z,إذا كنت قد وفرت 300 درهمًا، واشتريت 2 أحذية ب 80 درهمًا لكل منهما. كم تبقى معك من المال؟,300 - 80,,,,,,,Subtraction,Subtraction
stu_1777023762305_6832,test_1781048227348_yh9wms9,choose_answer,0,4,choose_answer|attempt=0|log=4|105421c4b4,arithmetic_fluency,0.6,operation_identification_from_context,Subtraction,OneStepProblem,WordProblem,Horizontal,1,8824,fast,0,,5.0,hard,,,2026-06-12T11:14:40.834Z,2026-06-12T11:15:43.923Z,كان لديك 79915 تفاحة وأكلت 77014. كم بقي؟,79915 - 77014,,,,,,,Subtraction,Subtraction
stu_1777023762305_6832,test_1781048227348_yh9wms9,choose_answer,0,4,choose_answer|attempt=0|log=4|105421c4b4,number_sense,0.2,operation_identification_from_context,Subtraction,OneStepProblem,WordProblem,Horizontal,1,8824,fast,0,,5.0,hard,,,2026-06-12T11:14:40.834Z,2026-06-12T11:15:43.923Z,كان لديك 79915 تفاحة وأكلت 77014. كم بقي؟,79915 - 77014,,,,,,,Subtraction,Subtraction
stu_1777023762305_6832,test_1781048227348_yh9wms9,choose_answer,0,4,choose_answer|attempt=0|log=4|105421c4b4,sequential_thinking,0.2,operation_identification_from_context,Subtraction,OneStepProblem,WordProblem,Horizontal,1,8824,fast,0,,5.0,hard,,,2026-06-12T11:14:40.834Z,2026-06-12T11:15:43.923Z,كان لديك 79915 تفاحة وأكلت 77014. كم بقي؟,79915 - 77014,,,,,,,Subtraction,Subtraction
stu_1777023762305_6832,test_1781048227348_yh9wms9,identify_place_value,0,0,identify_place_value|attempt=0|log=0|b86579e40e,number_sense,1.0,place_value_identification,,PlaceValue,PlaceValue,Visual,1,61172,fast,0,,6.0,hard,,,2026-06-12T11:13:51.073Z,2026-06-12T11:14:40.542Z,,,,,"{""pos_0"": 5, ""pos_1"": 2, ""pos_2"": 2, ""pos_3"": 7, ""pos_4"": 9, ""pos_5"": 8}","{""pos_0"": 5, ""pos_1"": 2, ""pos_2"": 2, ""pos_3"": 7, ""pos_4"": 9, ""pos_5"": 8}",,,,
stu_1777023762305_6832,test_1781048227348_yh9wms9,identify_place_value,0,1,identify_place_value|attempt=0|log=1|741a33f7df,number_sense,1.0,place_value_identification,,PlaceValue,PlaceValue,Visual,1,49469,fast,0,,6.0,hard,,,2026-06-12T11:13:51.073Z,2026-06-12T11:14:40.542Z,,,,,"{""pos_0"": 8, ""pos_1"": 6, ""pos_2"": 6, ""pos_3"": 3, ""pos_4"": 1, ""pos_5"": 4}","{""pos_0"": 8, ""pos_1"": 6, ""pos_2"": 6, ""pos_3"": 3, ""pos_4"": 1, ""pos_5"": 4}",,,,
stu_1777023762305_6832,test_1781048227348_yh9wms9,order_numbers,0,0,order_numbers|attempt=0|log=0|71c8df36fb,sequential_thinking,1.0,number_ordering,,Ordering_asc,Ordering,Visual,1,92569,fast,0,,6.0,hard,,3.0,2026-06-12T11:10:54.701Z,2026-06-12T11:12:49.687Z,,,,,,,,asc,,
stu_1777023762305_6832,test_1781048227348_yh9wms9,order_numbers,0,1,order_numbers|attempt=0|log=1|4dc68c44a1,sequential_thinking,1.0,number_ordering,,Ordering_asc,Ordering,Visual,1,22415,fast,0,,6.0,hard,,3.0,2026-06-12T11:10:54.701Z,2026-06-12T11:12:49.687Z,,,,,,,,asc,,
stu_1777023762305_6832,test_1781048227348_yh9wms9,vertical_operations,0,0,vertical_operations|attempt=0|log=0|19c5c237ef,arithmetic_fluency,1.0,vertical_operation_fluency,Multiplication,MultiStepMultiplication,VerticalOperation,Vertical,1,215505,fast,0,,5.0,hard,,,2026-06-12T11:15:44.174Z,2026-06-12T11:20:29.821Z,203 Multiplication 466,,94598,94598,,,,,,
stu_1777023762305_6832,test_1781048227348_yh9wms9,vertical_operations,0,1,vertical_operations|attempt=0|log=1|424057a92f,arithmetic_fluency,1.0,vertical_operation_fluency,Addition,AdditionWithCarry,VerticalOperation,Vertical,1,29281,fast,0,,3.0,medium,,,2026-06-12T11:15:44.174Z,2026-06-12T11:20:29.821Z,490 Addition 380,,870,870,,,,,,
stu_1777023762305_6832,test_1781048227348_yh9wms9,vertical_operations,0,2,vertical_operations|attempt=0|log=2|ed56b56ff3,arithmetic_fluency,1.0,vertical_operation_fluency,Subtraction,SimpleSubtraction,VerticalOperation,Vertical,1,40861,fast,0,,3.0,medium,,,2026-06-12T11:15:44.174Z,2026-06-12T11:20:29.821Z,958 Subtraction 156,,802,802,,,,,,
stu_1777023762504_1364,test_1777023978840_kask7x7,choose_answer,0,0,choose_answer|attempt=0|log=0|88e5a4695e,arithmetic_fluency,0.6,operation_identification_from_context,,OneStepProblem,WordProblem,Horizontal,1,55182,slow,1,,2.0,easy,,,2026-04-28T13:26:04.808Z,2026-04-28T13:27:42.404Z,في مستودع هناك 15 صندوقًا، وكل صندوق يحتوي على 35 قطعة. كم عدد القطع في المستودع؟,15 × 35,,,,,,,,
stu_1777023762504_1364,test_1777023978840_kask7x7,choose_answer,0,0,choose_answer|attempt=0|log=0|88e5a4695e,number_sense,0.2,operation_identification_from_context,,OneStepProblem,WordProblem,Horizontal,1,55182,slow,1,,2.0,easy,,,2026-04-28T13:26:04.808Z,2026-04-28T13:27:42.404Z,في مستودع هناك 15 صندوقًا، وكل صندوق يحتوي على 35 قطعة. كم عدد القطع في المستودع؟,15 × 35,,,,,,,,
stu_1777023762504_1364,test_1777023978840_kask7x7,choose_answer,0,0,choose_answer|attempt=0|log=0|88e5a4695e,sequential_thinking,0.2,operation_identification_from_context,,OneStepProblem,WordProblem,Horizontal,1,55182,slow,1,,2.0,easy,,,2026-04-28T13:26:04.808Z,2026-04-28T13:27:42.404Z,في مستودع هناك 15 صندوقًا، وكل صندوق يحتوي على 35 قطعة. كم عدد القطع في المستودع؟,15 × 35,,,,,,,,
stu_1777023762504_1364,test_1777023978840_kask7x7,choose_answer,0,1,choose_answer|attempt=0|log=1|92b4161816,arithmetic_fluency,0.6,operation_identification_from_context,Subtraction,OneStepProblem,WordProblem,Horizontal,1,15624,medium,0,,3.0,medium,,,2026-04-28T13:26:04.808Z,2026-04-28T13:27:42.404Z,كانت لديك 500 درهمًا، اشتريت 3 هدايا بتكلفة 120 درهمًا لكل هدية. كم تبقى لديك؟,500 - (3 × 120),,,,,,,Subtraction,Subtraction
stu_1777023762504_1364,test_1777023978840_kask7x7,choose_answer,0,1,choose_answer|attempt=0|log=1|92b4161816,number_sense,0.2,operation_identification_from_context,Subtraction,OneStepProblem,WordProblem,Horizontal,1,15624,medium,0,,3.0,medium,,,2026-04-28T13:26:04.808Z,2026-04-28T13:27:42.404Z,كانت لديك 500 درهمًا، اشتريت 3 هدايا بتكلفة 120 درهمًا لكل هدية. كم تبقى لديك؟,500 - (3 × 120),,,,,,,Subtraction,Subtraction
stu_1777023762504_1364,test_1777023978840_kask7x7,choose_answer,0,1,choose_answer|attempt=0|log=1|92b4161816,sequential_thinking,0.2,operation_identification_from_context,Subtraction,OneStepProblem,WordProblem,Horizontal,1,15624,medium,0,,3.0,medium,,,2026-04-28T13:26:04.808Z,2026-04-28T13:27:42.404Z,كانت لديك 500 درهمًا، اشتريت 3 هدايا بتكلفة 120 درهمًا لكل هدية. كم تبقى لديك؟,500 - (3 × 120),,,,,,,Subtraction,Subtraction
stu_1777023762504_1364,test_1777023978840_kask7x7,choose_answer,0,2,choose_answer|attempt=0|log=2|0f3309c7c3,arithmetic_fluency,0.6,operation_identification_from_context,Addition,OneStepProblem,WordProblem,Horizontal,1,7547,fast,0,,2.0,easy,,,2026-04-28T13:26:04.808Z,2026-04-28T13:27:42.404Z,تملك سلوى 30 درهما ومنحها أبوها 20 درهما. كم أصبح لدى سلوى من درهم؟,30 + 20,,,,,,,Addition,Addition
stu_1777023762504_1364,test_1777023978840_kask7x7,choose_answer,0,2,choose_answer|attempt=0|log=2|0f3309c7c3,number_sense,0.2,operation_identification_from_context,Addition,OneStepProblem,WordProblem,Horizontal,1,7547,fast,0,,2.0,easy,,,2026-04-28T13:26:04.808Z,2026-04-28T13:27:42.404Z,تملك سلوى 30 درهما ومنحها أبوها 20 درهما. كم أصبح لدى سلوى من درهم؟,30 + 20,,,,,,,Addition,Addition
stu_1777023762504_1364,test_1777023978840_kask7x7,choose_answer,0,2,choose_answer|attempt=0|log=2|0f3309c7c3,sequential_thinking,0.2,operation_identification_from_context,Addition,OneStepProblem,WordProblem,Horizontal,1,7547,fast,0,,2.0,easy,,,2026-04-28T13:26:04.808Z,2026-04-28T13:27:42.404Z,تملك سلوى 30 درهما ومنحها أبوها 20 درهما. كم أصبح لدى سلوى من درهم؟,30 + 20,,,,,,,Addition,Addition
stu_1777023762504_1364,test_1777023978840_kask7x7,choose_answer,0,3,choose_answer|attempt=0|log=3|055b9a60b9,arithmetic_fluency,0.6,operation_identification_from_context,Subtraction,OneStepProblem,WordProblem,Horizontal,1,9229,fast,0,,3.0,medium,,,2026-04-28T13:26:04.808Z,2026-04-28T13:27:42.404Z,أحمد لديه 150 درهمًا. اشترى 3 كتب، كل كتاب يكلف 40 درهمًا. كم تبقى معه؟,150 - (3 × 40),,,,,,,Subtraction,Subtraction
stu_1777023762504_1364,test_1777023978840_kask7x7,choose_answer,0,3,choose_answer|attempt=0|log=3|055b9a60b9,number_sense,0.2,operation_identification_from_context,Subtraction,OneStepProblem,WordProblem,Horizontal,1,9229,fast,0,,3.0,medium,,,2026-04-28T13:26:04.808Z,2026-04-28T13:27:42.404Z,أحمد لديه 150 درهمًا. اشترى 3 كتب، كل كتاب يكلف 40 درهمًا. كم تبقى معه؟,150 - (3 × 40),,,,,,,Subtraction,Subtraction
stu_1777023762504_1364,test_1777023978840_kask7x7,choose_answer,0,3,choose_answer|attempt=0|log=3|055b9a60b9,sequential_thinking,0.2,operation_identification_from_context,Subtraction,OneStepProblem,WordProblem,Horizontal,1,9229,fast,0,,3.0,medium,,,2026-04-28T13:26:04.808Z,2026-04-28T13:27:42.404Z,أحمد لديه 150 درهمًا. اشترى 3 كتب، كل كتاب يكلف 40 درهمًا. كم تبقى معه؟,150 - (3 × 40),,,,,,,Subtraction,Subtraction
stu_1777023762504_1364,test_1777023978840_kask7x7,choose_answer,0,4,choose_answer|attempt=0|log=4|e0f50d9018,arithmetic_fluency,0.6,operation_identification_from_context,Subtraction,OneStepProblem,WordProblem,Horizontal,1,10005,medium,0,,3.0,medium,,,2026-04-28T13:26:04.808Z,2026-04-28T13:27:42.404Z,إذا كنت قد وفرت 300 درهمًا، واشتريت 2 أحذية ب 80 درهمًا لكل منهما. كم تبقى معك من المال؟,300 - (2 × 80),,,,,,,Subtraction,Subtraction
stu_1777023762504_1364,test_1777023978840_kask7x7,choose_answer,0,4,choose_answer|attempt=0|log=4|e0f50d9018,number_sense,0.2,operation_identification_from_context,Subtraction,OneStepProblem,WordProblem,Horizontal,1,10005,medium,0,,3.0,medium,,,2026-04-28T13:26:04.808Z,2026-04-28T13:27:42.404Z,إذا كنت قد وفرت 300 درهمًا، واشتريت 2 أحذية ب 80 درهمًا لكل منهما. كم تبقى معك من المال؟,300 - (2 × 80),,,,,,,Subtraction,Subtraction
stu_1777023762504_1364,test_1777023978840_kask7x7,choose_answer,0,4,choose_answer|attempt=0|log=4|e0f50d9018,sequential_thinking,0.2,operation_identification_from_context,Subtraction,OneStepProblem,WordProblem,Horizontal,1,10005,medium,0,,3.0,medium,,,2026-04-28T13:26:04.808Z,2026-04-28T13:27:42.404Z,إذا كنت قد وفرت 300 درهمًا، واشتريت 2 أحذية ب 80 درهمًا لكل منهما. كم تبقى معك من المال؟,300 - (2 × 80),,,,,,,Subtraction,Subtraction
stu_1777023762504_1364,test_1777023978840_kask7x7,compare_numbers,0,0,compare_numbers|attempt=0|log=0|81c491ab64,comparison_skill,1.0,number_comparison,,Greater,Comparison,Horizontal,0,6380,fast,0,ReversedSign,3.0,medium,,,2026-04-28T13:31:06.718Z,2026-04-28T13:31:22.229Z,,,,,,,Greater,,,
stu_1777023762504_1364,test_1777023978840_kask7x7,compare_numbers,0,1,compare_numbers|attempt=0|log=1|290d94567f,comparison_skill,1.0,number_comparison,,Less,Comparison,Horizontal,1,6989,fast,0,,3.0,medium,,,2026-04-28T13:31:06.718Z,2026-04-28T13:31:22.229Z,,,,,,,Less,,,
stu_1777023762504_1364,test_1777023978840_kask7x7,compare_numbers,0,2,compare_numbers|attempt=0|log=2|d43f8cbb48,comparison_skill,1.0,number_comparison,,Equal,Comparison,Horizontal,1,2128,fast,0,,3.0,medium,,,2026-04-28T13:31:06.718Z,2026-04-28T13:31:22.229Z,,,,,,,Equal,,,
stu_1777023762504_1364,test_1777023978840_kask7x7,compare_numbers,1,0,compare_numbers|attempt=1|log=0|224a7e180a,comparison_skill,1.0,number_comparison,,Greater,Comparison,Horizontal,0,3194,fast,0,ReversedSign,2.0,easy,,,2026-04-28T13:31:22.330Z,2026-04-28T13:31:41.955Z,,,,,,,Greater,,,
stu_1777023762504_1364,test_1777023978840_kask7x7,compare_numbers,1,1,compare_numbers|attempt=1|log=1|9f8bb26464,comparison_skill,1.0,number_comparison,,Less,Comparison,Horizontal,1,14458,medium,0,,2.0,easy,,,2026-04-28T13:31:22.330Z,2026-04-28T13:31:41.955Z,,,,,,,Less,,,
stu_1777023762504_1364,test_1777023978840_kask7x7,compare_numbers,1,2,compare_numbers|attempt=1|log=2|c50c66c18f,comparison_skill,1.0,number_comparison,,Equal,Comparison,Horizontal,1,1961,fast,0,,2.0,easy,,,2026-04-28T13:31:22.330Z,2026-04-28T13:31:41.955Z,,,,,,,Equal,,,
stu_1777023762504_1364,test_1777023978840_kask7x7,find_previous_next_number,0,0,find_previous_next_number|attempt=0|log=0|02aaca8b2f,sequential_thinking,1.0,previous_next_number,,PreviousAndNext,Sequence,Horizontal,1,25236,fast,0,,3.0,medium,280-289,,2026-04-28T13:31:00.623Z,2026-04-28T13:31:06.621Z,287,,,,"[286, 288]","[286, 288]",,,,
stu_1777023762504_1364,test_1777023978840_kask7x7,find_previous_next_number,0,1,find_previous_next_number|attempt=0|log=1|51c6ce49c5,sequential_thinking,1.0,previous_next_number,,PreviousAndNext,Sequence,Horizontal,1,23986,fast,0,,3.0,medium,530-539,,2026-04-28T13:31:00.623Z,2026-04-28T13:31:06.621Z,530,,,,"[529, 531]","[529, 531]",,,,
stu_1777023762504_1364,test_1777023978840_kask7x7,find_previous_next_number,0,2,find_previous_next_number|attempt=0|log=2|765db0bcd1,sequential_thinking,1.0,previous_next_number,,PreviousAndNext,Sequence,Horizontal,1,5992,fast,0,,1.0,very-easy,0-9,,2026-04-28T13:31:00.623Z,2026-04-28T13:31:06.621Z,2,,,,"[1, 3]","[1, 3]",,,,
stu_1777023762504_1364,test_1777023978840_kask7x7,identify_place_value,0,0,identify_place_value|attempt=0|log=0|14b759a72a,number_sense,1.0,place_value_identification,,PlaceValue,PlaceValue,Visual,1,16770,fast,0,,2.0,easy,,,2026-04-28T13:25:55.026Z,2026-04-28T13:26:04.691Z,,,,,"{""pos_0"": 5, ""pos_1"": 2}","{""pos_0"": 5, ""pos_1"": 2}",,,,
stu_1777023762504_1364,test_1777023978840_kask7x7,identify_place_value,0,1,identify_place_value|attempt=0|log=1|7c56b35938,number_sense,1.0,place_value_identification,,PlaceValue,PlaceValue,Visual,1,6890,fast,0,,2.0,easy,,,2026-04-28T13:25:55.026Z,2026-04-28T13:26:04.691Z,,,,,"{""pos_0"": 5, ""pos_1"": 9}","{""pos_0"": 5, ""pos_1"": 9}",,,,
stu_1777023762504_1364,test_1777023978840_kask7x7,identify_place_value,0,2,identify_place_value|attempt=0|log=2|2270f7895b,number_sense,1.0,place_value_identification,,PlaceValue,PlaceValue,Visual,0,3495,fast,0,PlaceValueMisidentification,2.0,easy,,,2026-04-28T13:25:55.026Z,2026-04-28T13:26:04.691Z,,,,,"{""pos_0"": 6, ""pos_1"": 1}","{""pos_0"": 1, ""pos_1"": 6}",,,,
stu_1777023762504_1364,test_1777023978840_kask7x7,identify_place_value,0,3,identify_place_value|attempt=0|log=3|d7493ad068,number_sense,1.0,place_value_identification,,PlaceValue,PlaceValue,Visual,1,9659,fast,0,,2.0,easy,,,2026-04-28T13:25:55.026Z,2026-04-28T13:26:04.691Z,,,,,"{""pos_0"": 1, ""pos_1"": 7}","{""pos_0"": 1, ""pos_1"": 7}",,,,
stu_1777023762504_1364,test_1777023978840_kask7x7,order_numbers,0,0,order_numbers|attempt=0|log=0|d2834d347d,sequential_thinking,1.0,number_ordering,,Ordering_asc,Ordering,Visual,1,24129,fast,0,,2.0,easy,,6.0,2026-04-28T13:24:45.259Z,2026-04-28T13:25:27.755Z,,,,,,,,asc,,
stu_1777023762504_1364,test_1777023978840_kask7x7,order_numbers,0,1,order_numbers|attempt=0|log=1|13d817a597,sequential_thinking,1.0,number_ordering,,Ordering_desc,Ordering,Visual,1,11610,fast,0,,2.0,easy,,5.0,2026-04-28T13:24:45.259Z,2026-04-28T13:25:27.755Z,,,,,,,,desc,,
stu_1777023762504_1364,test_1777023978840_kask7x7,order_numbers,0,2,order_numbers|attempt=0|log=2|3f335711a9,sequential_thinking,1.0,number_ordering,,Ordering_desc,Ordering,Visual,1,6741,fast,0,,2.0,easy,,4.0,2026-04-28T13:24:45.259Z,2026-04-28T13:25:27.755Z,,,,,,,,desc,,
stu_1777023762504_1364,test_1777023978840_kask7x7,vertical_operations,0,0,vertical_operations|attempt=0|log=0|6912644695,arithmetic_fluency,1.0,vertical_operation_fluency,Subtraction,SubtractionWithBorrow,VerticalOperation,Vertical,0,57334,fast,0,ComputationError,4.0,hard,,,2026-04-28T13:27:42.525Z,2026-04-28T13:29:33.752Z,8271 Subtraction 2433,,5838,4838,,,,,,
stu_1777023762504_1364,test_1777023978840_kask7x7,vertical_operations,0,1,vertical_operations|attempt=0|log=1|16aad22833,arithmetic_fluency,1.0,vertical_operation_fluency,Addition,AdditionWithCarry,VerticalOperation,Vertical,1,53893,fast,0,,5.0,hard,,,2026-04-28T13:27:42.525Z,2026-04-28T13:29:33.752Z,6558 Addition 4433,,10991,10991,,,,,,
stu_1777023762504_1364,test_1777023978840_kask7x7,vertical_operations,1,0,vertical_operations|attempt=1|log=0|30d3f605f6,arithmetic_fluency,1.0,vertical_operation_fluency,Addition,AdditionWithCarry,VerticalOperation,Vertical,1,11410,fast,0,,3.0,medium,,,2026-04-28T13:29:33.756Z,2026-04-28T13:30:11.359Z,44 Addition 602,,646,646,,,,,,
stu_1777023762504_1364,test_1777023978840_kask7x7,vertical_operations,1,1,vertical_operations|attempt=1|log=1|c8b5de8d6f,arithmetic_fluency,1.0,vertical_operation_fluency,Addition,AdditionWithCarry,VerticalOperation,Vertical,1,26193,fast,0,,4.0,hard,,,2026-04-28T13:29:33.756Z,2026-04-28T13:30:11.359Z,611 Addition 669,,1280,1280,,,,,,
stu_1777023762504_1364,test_1781048227348_yh9wms9,choose_answer,0,0,choose_answer|attempt=0|log=0|ca3a00a1b8,arithmetic_fluency,0.6,operation_identification_from_context,,OneStepProblem,WordProblem,Horizontal,0,12079,medium,0,ComputationError,2.0,easy,,,2026-06-10T09:53:19.067Z,2026-06-10T09:54:45.893Z,لدى 75 صناديق، كل صندوق يحتوي على 59 قطعة. كم قطعة في المجموع؟,75 + 59,,,,,,,,Addition
stu_1777023762504_1364,test_1781048227348_yh9wms9,choose_answer,0,0,choose_answer|attempt=0|log=0|ca3a00a1b8,number_sense,0.2,operation_identification_from_context,,OneStepProblem,WordProblem,Horizontal,0,12079,medium,0,ComputationError,2.0,easy,,,2026-06-10T09:53:19.067Z,2026-06-10T09:54:45.893Z,لدى 75 صناديق، كل صندوق يحتوي على 59 قطعة. كم قطعة في المجموع؟,75 + 59,,,,,,,,Addition
stu_1777023762504_1364,test_1781048227348_yh9wms9,choose_answer,0,0,choose_answer|attempt=0|log=0|ca3a00a1b8,sequential_thinking,0.2,operation_identification_from_context,,OneStepProblem,WordProblem,Horizontal,0,12079,medium,0,ComputationError,2.0,easy,,,2026-06-10T09:53:19.067Z,2026-06-10T09:54:45.893Z,لدى 75 صناديق، كل صندوق يحتوي على 59 قطعة. كم قطعة في المجموع؟,75 + 59,,,,,,,,Addition
stu_1777023762504_1364,test_1781048227348_yh9wms9,choose_answer,0,1,choose_answer|attempt=0|log=1|85cd39045c,arithmetic_fluency,0.6,operation_identification_from_context,Addition,OneStepProblem,WordProblem,Horizontal,1,12565,medium,0,,2.0,easy,,,2026-06-10T09:53:19.067Z,2026-06-10T09:54:45.893Z,في حديقة هناك 45 شجرة، زرعوا 12 شجرة أخرى. كم عدد الأشجار في الحديقة الآن؟,45 + 12,,,,,,,Addition,Addition
stu_1777023762504_1364,test_1781048227348_yh9wms9,choose_answer,0,1,choose_answer|attempt=0|log=1|85cd39045c,number_sense,0.2,operation_identification_from_context,Addition,OneStepProblem,WordProblem,Horizontal,1,12565,medium,0,,2.0,easy,,,2026-06-10T09:53:19.067Z,2026-06-10T09:54:45.893Z,في حديقة هناك 45 شجرة، زرعوا 12 شجرة أخرى. كم عدد الأشجار في الحديقة الآن؟,45 + 12,,,,,,,Addition,Addition
stu_1777023762504_1364,test_1781048227348_yh9wms9,choose_answer,0,1,choose_answer|attempt=0|log=1|85cd39045c,sequential_thinking,0.2,operation_identification_from_context,Addition,OneStepProblem,WordProblem,Horizontal,1,12565,medium,0,,2.0,easy,,,2026-06-10T09:53:19.067Z,2026-06-10T09:54:45.893Z,في حديقة هناك 45 شجرة، زرعوا 12 شجرة أخرى. كم عدد الأشجار في الحديقة الآن؟,45 + 12,,,,,,,Addition,Addition
stu_1777023762504_1364,test_1781048227348_yh9wms9,choose_answer,0,2,choose_answer|attempt=0|log=2|1e64c3e2ef,arithmetic_fluency,0.6,operation_identification_from_context,Addition,OneStepProblem,WordProblem,Horizontal,1,39604,slow,1,,5.0,hard,,,2026-06-10T09:53:19.067Z,2026-06-10T09:54:45.893Z,لديك 15649 درهم ومنحك والده 20922 درهما. كم أصبح لديك من درهم؟,15649 + 20922,,,,,,,Addition,Addition
stu_1777023762504_1364,test_1781048227348_yh9wms9,choose_answer,0,2,choose_answer|attempt=0|log=2|1e64c3e2ef,number_sense,0.2,operation_identification_from_context,Addition,OneStepProblem,WordProblem,Horizontal,1,39604,slow,1,,5.0,hard,,,2026-06-10T09:53:19.067Z,2026-06-10T09:54:45.893Z,لديك 15649 درهم ومنحك والده 20922 درهما. كم أصبح لديك من درهم؟,15649 + 20922,,,,,,,Addition,Addition
stu_1777023762504_1364,test_1781048227348_yh9wms9,choose_answer,0,2,choose_answer|attempt=0|log=2|1e64c3e2ef,sequential_thinking,0.2,operation_identification_from_context,Addition,OneStepProblem,WordProblem,Horizontal,1,39604,slow,1,,5.0,hard,,,2026-06-10T09:53:19.067Z,2026-06-10T09:54:45.893Z,لديك 15649 درهم ومنحك والده 20922 درهما. كم أصبح لديك من درهم؟,15649 + 20922,,,,,,,Addition,Addition
stu_1777023762504_1364,test_1781048227348_yh9wms9,choose_answer,0,3,choose_answer|attempt=0|log=3|1e40efb5e8,arithmetic_fluency,0.6,operation_identification_from_context,Subtraction,OneStepProblem,WordProblem,Horizontal,0,16165,medium,0,MisidentifiedOperation,5.0,hard,,,2026-06-10T09:53:19.067Z,2026-06-10T09:54:45.893Z,كان لديك 44051 تفاحة وأكلت 4920. كم بقي؟,44051 + 4920,,,,,,,Subtraction,Addition
stu_1777023762504_1364,test_1781048227348_yh9wms9,choose_answer,0,3,choose_answer|attempt=0|log=3|1e40efb5e8,number_sense,0.2,operation_identification_from_context,Subtraction,OneStepProblem,WordProblem,Horizontal,0,16165,medium,0,MisidentifiedOperation,5.0,hard,,,2026-06-10T09:53:19.067Z,2026-06-10T09:54:45.893Z,كان لديك 44051 تفاحة وأكلت 4920. كم بقي؟,44051 + 4920,,,,,,,Subtraction,Addition
stu_1777023762504_1364,test_1781048227348_yh9wms9,choose_answer,0,3,choose_answer|attempt=0|log=3|1e40efb5e8,sequential_thinking,0.2,operation_identification_from_context,Subtraction,OneStepProblem,WordProblem,Horizontal,0,16165,medium,0,MisidentifiedOperation,5.0,hard,,,2026-06-10T09:53:19.067Z,2026-06-10T09:54:45.893Z,كان لديك 44051 تفاحة وأكلت 4920. كم بقي؟,44051 + 4920,,,,,,,Subtraction,Addition
stu_1777023762504_1364,test_1781048227348_yh9wms9,choose_answer,0,4,choose_answer|attempt=0|log=4|446b6ee930,arithmetic_fluency,0.6,operation_identification_from_context,,OneStepProblem,WordProblem,Horizontal,1,6408,fast,0,,2.0,easy,,,2026-06-10T09:53:19.067Z,2026-06-10T09:54:45.893Z,أشترت مريم 3 كتب، كل كتاب يكلف 40 درهما. كم دفعت مريم في المجمل؟,3 × 40,,,,,,,,
stu_1777023762504_1364,test_1781048227348_yh9wms9,choose_answer,0,4,choose_answer|attempt=0|log=4|446b6ee930,number_sense,0.2,operation_identification_from_context,,OneStepProblem,WordProblem,Horizontal,1,6408,fast,0,,2.0,easy,,,2026-06-10T09:53:19.067Z,2026-06-10T09:54:45.893Z,أشترت مريم 3 كتب، كل كتاب يكلف 40 درهما. كم دفعت مريم في المجمل؟,3 × 40,,,,,,,,
stu_1777023762504_1364,test_1781048227348_yh9wms9,choose_answer,0,4,choose_answer|attempt=0|log=4|446b6ee930,sequential_thinking,0.2,operation_identification_from_context,,OneStepProblem,WordProblem,Horizontal,1,6408,fast,0,,2.0,easy,,,2026-06-10T09:53:19.067Z,2026-06-10T09:54:45.893Z,أشترت مريم 3 كتب، كل كتاب يكلف 40 درهما. كم دفعت مريم في المجمل؟,3 × 40,,,,,,,,
stu_1777023762504_1364,test_1781048227348_yh9wms9,choose_answer,1,0,choose_answer|attempt=1|log=0|84169328c1,arithmetic_fluency,0.6,operation_identification_from_context,Addition,OneStepProblem,WordProblem,Horizontal,1,15292,medium,0,,4.0,hard,,,2026-06-10T09:54:46.019Z,2026-06-10T09:55:39.839Z,لديك 141 درهم ومنحك والده 3281 درهما. كم أصبح لديك من درهم؟,141 + 3281,,,,,,,Addition,Addition
stu_1777023762504_1364,test_1781048227348_yh9wms9,choose_answer,1,0,choose_answer|attempt=1|log=0|84169328c1,number_sense,0.2,operation_identification_from_context,Addition,OneStepProblem,WordProblem,Horizontal,1,15292,medium,0,,4.0,hard,,,2026-06-10T09:54:46.019Z,2026-06-10T09:55:39.839Z,لديك 141 درهم ومنحك والده 3281 درهما. كم أصبح لديك من درهم؟,141 + 3281,,,,,,,Addition,Addition
stu_1777023762504_1364,test_1781048227348_yh9wms9,choose_answer,1,0,choose_answer|attempt=1|log=0|84169328c1,sequential_thinking,0.2,operation_identification_from_context,Addition,OneStepProblem,WordProblem,Horizontal,1,15292,medium,0,,4.0,hard,,,2026-06-10T09:54:46.019Z,2026-06-10T09:55:39.839Z,لديك 141 درهم ومنحك والده 3281 درهما. كم أصبح لديك من درهم؟,141 + 3281,,,,,,,Addition,Addition
stu_1777023762504_1364,test_1781048227348_yh9wms9,choose_answer,1,1,choose_answer|attempt=1|log=1|16dc23b59d,arithmetic_fluency,0.6,operation_identification_from_context,,OneStepProblem,WordProblem,Horizontal,1,11264,medium,0,,3.0,medium,,,2026-06-10T09:54:46.019Z,2026-06-10T09:55:39.839Z,كان لديك 250 درهما وأنت بحاجة إلى شراء 5 كتب، كل كتاب يكلف 60 درهما. هل لديك ما يكفي من المال؟,5 × 60 = 300 > 250,,,,,,,,
stu_1777023762504_1364,test_1781048227348_yh9wms9,choose_answer,1,1,choose_answer|attempt=1|log=1|16dc23b59d,number_sense,0.2,operation_identification_from_context,,OneStepProblem,WordProblem,Horizontal,1,11264,medium,0,,3.0,medium,,,2026-06-10T09:54:46.019Z,2026-06-10T09:55:39.839Z,كان لديك 250 درهما وأنت بحاجة إلى شراء 5 كتب، كل كتاب يكلف 60 درهما. هل لديك ما يكفي من المال؟,5 × 60 = 300 > 250,,,,,,,,
stu_1777023762504_1364,test_1781048227348_yh9wms9,choose_answer,1,1,choose_answer|attempt=1|log=1|16dc23b59d,sequential_thinking,0.2,operation_identification_from_context,,OneStepProblem,WordProblem,Horizontal,1,11264,medium,0,,3.0,medium,,,2026-06-10T09:54:46.019Z,2026-06-10T09:55:39.839Z,كان لديك 250 درهما وأنت بحاجة إلى شراء 5 كتب، كل كتاب يكلف 60 درهما. هل لديك ما يكفي من المال؟,5 × 60 = 300 > 250,,,,,,,,
stu_1777023762504_1364,test_1781048227348_yh9wms9,choose_answer,1,2,choose_answer|attempt=1|log=2|9b7fe3f37f,arithmetic_fluency,0.6,operation_identification_from_context,,OneStepProblem,WordProblem,Horizontal,1,14256,medium,0,,4.0,hard,,,2026-06-10T09:54:46.019Z,2026-06-10T09:55:39.839Z,لدى 2465 قطعة حلوى، أريد توزيعها بالتساوي على 5 أطفال. كم قطعة يحصل كل طفل؟,2465 ÷ 5,,,,,,,,
stu_1777023762504_1364,test_1781048227348_yh9wms9,choose_answer,1,2,choose_answer|attempt=1|log=2|9b7fe3f37f,number_sense,0.2,operation_identification_from_context,,OneStepProblem,WordProblem,Horizontal,1,14256,medium,0,,4.0,hard,,,2026-06-10T09:54:46.019Z,2026-06-10T09:55:39.839Z,لدى 2465 قطعة حلوى، أريد توزيعها بالتساوي على 5 أطفال. كم قطعة يحصل كل طفل؟,2465 ÷ 5,,,,,,,,
stu_1777023762504_1364,test_1781048227348_yh9wms9,choose_answer,1,2,choose_answer|attempt=1|log=2|9b7fe3f37f,sequential_thinking,0.2,operation_identification_from_context,,OneStepProblem,WordProblem,Horizontal,1,14256,medium,0,,4.0,hard,,,2026-06-10T09:54:46.019Z,2026-06-10T09:55:39.839Z,لدى 2465 قطعة حلوى، أريد توزيعها بالتساوي على 5 أطفال. كم قطعة يحصل كل طفل؟,2465 ÷ 5,,,,,,,,
stu_1777023762504_1364,test_1781048227348_yh9wms9,choose_answer,1,3,choose_answer|attempt=1|log=3|ad36d4e0eb,arithmetic_fluency,0.6,operation_identification_from_context,,OneStepProblem,WordProblem,Horizontal,1,4569,fast,0,,4.0,hard,,,2026-06-10T09:54:46.019Z,2026-06-10T09:55:39.839Z,لدى 3663 قطعة حلوى، أريد توزيعها بالتساوي على 11 أطفال. كم قطعة يحصل كل طفل؟,3663 ÷ 11,,,,,,,,
stu_1777023762504_1364,test_1781048227348_yh9wms9,choose_answer,1,3,choose_answer|attempt=1|log=3|ad36d4e0eb,number_sense,0.2,operation_identification_from_context,,OneStepProblem,WordProblem,Horizontal,1,4569,fast,0,,4.0,hard,,,2026-06-10T09:54:46.019Z,2026-06-10T09:55:39.839Z,لدى 3663 قطعة حلوى، أريد توزيعها بالتساوي على 11 أطفال. كم قطعة يحصل كل طفل؟,3663 ÷ 11,,,,,,,,
stu_1777023762504_1364,test_1781048227348_yh9wms9,choose_answer,1,3,choose_answer|attempt=1|log=3|ad36d4e0eb,sequential_thinking,0.2,operation_identification_from_context,,OneStepProblem,WordProblem,Horizontal,1,4569,fast,0,,4.0,hard,,,2026-06-10T09:54:46.019Z,2026-06-10T09:55:39.839Z,لدى 3663 قطعة حلوى، أريد توزيعها بالتساوي على 11 أطفال. كم قطعة يحصل كل طفل؟,3663 ÷ 11,,,,,,,,
stu_1777023762504_1364,test_1781048227348_yh9wms9,choose_answer,1,4,choose_answer|attempt=1|log=4|f21f9e9142,arithmetic_fluency,0.6,operation_identification_from_context,,OneStepProblem,WordProblem,Horizontal,0,8438,fast,0,ComputationError,2.0,easy,,,2026-06-10T09:54:46.019Z,2026-06-10T09:55:39.839Z,لدى 35 صناديق، كل صندوق يحتوي على 45 قطعة. كم قطعة في المجموع؟,35 - 45,,,,,,,,Subtraction
stu_1777023762504_1364,test_1781048227348_yh9wms9,choose_answer,1,4,choose_answer|attempt=1|log=4|f21f9e9142,number_sense,0.2,operation_identification_from_context,,OneStepProblem,WordProblem,Horizontal,0,8438,fast,0,ComputationError,2.0,easy,,,2026-06-10T09:54:46.019Z,2026-06-10T09:55:39.839Z,لدى 35 صناديق، كل صندوق يحتوي على 45 قطعة. كم قطعة في المجموع؟,35 - 45,,,,,,,,Subtraction
stu_1777023762504_1364,test_1781048227348_yh9wms9,choose_answer,1,4,choose_answer|attempt=1|log=4|f21f9e9142,sequential_thinking,0.2,operation_identification_from_context,,OneStepProblem,WordProblem,Horizontal,0,8438,fast,0,ComputationError,2.0,easy,,,2026-06-10T09:54:46.019Z,2026-06-10T09:55:39.839Z,لدى 35 صناديق، كل صندوق يحتوي على 45 قطعة. كم قطعة في المجموع؟,35 - 45,,,,,,,,Subtraction
stu_1777023762504_1364,test_1781048227348_yh9wms9,identify_place_value,0,0,identify_place_value|attempt=0|log=0|65c13a58f9,number_sense,1.0,place_value_identification,,PlaceValue,PlaceValue,Visual,1,66884,fast,0,,6.0,hard,,,2026-06-10T09:52:13.119Z,2026-06-10T09:53:18.948Z,,,,,"{""pos_0"": 5, ""pos_1"": 9, ""pos_2"": 1, ""pos_3"": 1, ""pos_4"": 1, ""pos_5"": 4}","{""pos_0"": ""5"", ""pos_1"": ""9"", ""pos_2"": ""1"", ""pos_3"": ""1"", ""pos_4"": ""1"", ""pos_5"": ""4""}",,,,
stu_1777023762504_1364,test_1781048227348_yh9wms9,identify_place_value,0,1,identify_place_value|attempt=0|log=1|be72641564,number_sense,1.0,place_value_identification,,PlaceValue,PlaceValue,Visual,1,65828,fast,0,,6.0,hard,,,2026-06-10T09:52:13.119Z,2026-06-10T09:53:18.948Z,,,,,"{""pos_0"": 2, ""pos_1"": 5, ""pos_2"": 9, ""pos_3"": 4, ""pos_4"": 6, ""pos_5"": 7}","{""pos_0"": ""2"", ""pos_1"": ""5"", ""pos_2"": ""9"", ""pos_3"": ""4"", ""pos_4"": ""6"", ""pos_5"": ""7""}",,,,
stu_1777023762504_1364,test_1781048227348_yh9wms9,order_numbers,0,0,order_numbers|attempt=0|log=0|1bf0b3fb3f,sequential_thinking,1.0,number_ordering,,Ordering_asc,Ordering,Visual,0,59307,fast,0,MultipleMisplacements,6.0,hard,,6.0,2026-06-10T09:47:51.388Z,2026-06-10T09:49:53.704Z,,,,,,,,asc,,
stu_1777023762504_1364,test_1781048227348_yh9wms9,order_numbers,0,1,order_numbers|attempt=0|log=1|12955bdce1,sequential_thinking,1.0,number_ordering,,Ordering_asc,Ordering,Visual,0,63006,fast,0,MultipleMisplacements,6.0,hard,,7.0,2026-06-10T09:47:51.388Z,2026-06-10T09:49:53.704Z,,,,,,,,asc,,
stu_1777023762504_1364,test_1781048227348_yh9wms9,order_numbers,1,0,order_numbers|attempt=1|log=0|047d5950f5,sequential_thinking,1.0,number_ordering,,Ordering_asc,Ordering,Visual,0,19612,fast,0,ReversedDescending,5.0,hard,,5.0,2026-06-10T09:49:59.708Z,2026-06-10T09:50:57.825Z,,,,,,,,asc,,
stu_1777023762504_1364,test_1781048227348_yh9wms9,order_numbers,1,1,order_numbers|attempt=1|log=1|02f292973f,sequential_thinking,1.0,number_ordering,,Ordering_desc,Ordering,Visual,0,38505,fast,0,ReversedAscending,5.0,hard,,3.0,2026-06-10T09:49:59.708Z,2026-06-10T09:50:57.825Z,,,,,,,,desc,,
stu_1777023762504_1364,test_1781048227348_yh9wms9,vertical_operations,0,0,vertical_operations|attempt=0|log=0|20a37d410c,arithmetic_fluency,1.0,vertical_operation_fluency,Subtraction,SubtractionWithBorrow,VerticalOperation,Vertical,0,90843,fast,0,ComputationError,3.0,medium,,,2026-06-10T09:55:39.972Z,2026-06-10T10:07:58.695Z,123 Subtraction 85,,38,48,,,,,,
stu_1777023762504_1364,test_1781048227348_yh9wms9,vertical_operations,0,1,vertical_operations|attempt=0|log=1|004d32c709,arithmetic_fluency,1.0,vertical_operation_fluency,Multiplication,MultiStepMultiplication,VerticalOperation,Vertical,0,627944,medium,0,ComputationError,6.0,hard,,,2026-06-10T09:55:39.972Z,2026-06-10T10:07:58.695Z,724 Multiplication 281,,203444,150344,,,,,,
stu_1777023762504_1364,test_1781048227348_yh9wms9,vertical_operations,0,2,vertical_operations|attempt=0|log=2|01e2120f2a,arithmetic_fluency,1.0,vertical_operation_fluency,Addition,AdditionWithCarry,VerticalOperation,Vertical,1,19936,fast,0,,3.0,medium,,,2026-06-10T09:55:39.972Z,2026-06-10T10:07:58.695Z,552 Addition 228,,780,780,,,,,,
stu_1777023762504_1364,test_1781048227348_yh9wms9,vertical_operations,1,0,vertical_operations|attempt=1|log=0|954aaf1e0f,arithmetic_fluency,1.0,vertical_operation_fluency,Addition,SimpleAddition,VerticalOperation,Vertical,1,8772,fast,0,,2.0,easy,,,2026-06-10T10:07:58.702Z,2026-06-10T10:12:28.503Z,1 Addition 46,,47,47,,,,,,
stu_1777023762504_1364,test_1781048227348_yh9wms9,vertical_operations,1,1,vertical_operations|attempt=1|log=1|e88463e9c7,arithmetic_fluency,1.0,vertical_operation_fluency,Subtraction,SubtractionWithBorrow,VerticalOperation,Vertical,1,163652,fast,0,,2.0,easy,,,2026-06-10T10:07:58.702Z,2026-06-10T10:12:28.503Z,72 Subtraction 63,,9,9,,,,,,
stu_1777023762504_1364,test_1781048227348_yh9wms9,vertical_operations,1,2,vertical_operations|attempt=1|log=2|0b360ad4cd,arithmetic_fluency,1.0,vertical_operation_fluency,Multiplication,MultiStepMultiplication,VerticalOperation,Vertical,1,97377,fast,0,,4.0,hard,,,2026-06-10T10:07:58.702Z,2026-06-10T10:12:28.503Z,63 Multiplication 64,,4032,4032,,,,,,
stu_1777023762699_4024,test_1777023978840_kask7x7,order_numbers,0,0,order_numbers|attempt=0|log=0|b38682eaee,sequential_thinking,1.0,number_ordering,,Ordering_asc,Ordering,Visual,1,105004,fast,0,,2.0,easy,,7.0,2026-04-24T10:32:17.337Z,2026-04-24T10:36:39.674Z,,,,,,,,asc,,
stu_1777023762699_4024,test_1777023978840_kask7x7,order_numbers,0,1,order_numbers|attempt=0|log=1|b6af9e3dfa,sequential_thinking,1.0,number_ordering,,Ordering_asc,Ordering,Visual,1,77225,fast,0,,2.0,easy,,6.0,2026-04-24T10:32:17.337Z,2026-04-24T10:36:39.674Z,,,,,,,,asc,,
stu_1777023762699_4024,test_1777023978840_kask7x7,order_numbers,0,2,order_numbers|attempt=0|log=2|c84c6a4251,sequential_thinking,1.0,number_ordering,,Ordering_desc,Ordering,Visual,0,80107,fast,0,ReversedAscending,2.0,easy,,6.0,2026-04-24T10:32:17.337Z,2026-04-24T10:36:39.674Z,,,,,,,,desc,,
stu_1777023762699_4024,test_1777023978840_kask7x7,order_numbers,1,0,order_numbers|attempt=1|log=0|9930a837b4,sequential_thinking,1.0,number_ordering,,Ordering_desc,Ordering,Visual,1,55958,fast,0,,1.0,very-easy,,5.0,2026-04-24T10:36:39.816Z,2026-04-24T10:39:31.519Z,,,,,,,,desc,,
stu_1777023762699_4024,test_1777023978840_kask7x7,order_numbers,1,1,order_numbers|attempt=1|log=1|43a17252ad,sequential_thinking,1.0,number_ordering,,Ordering_desc,Ordering,Visual,1,37499,fast,0,,1.0,very-easy,,5.0,2026-04-24T10:36:39.816Z,2026-04-24T10:39:31.519Z,,,,,,,,desc,,
stu_1777023762699_4024,test_1777023978840_kask7x7,order_numbers,1,2,order_numbers|attempt=1|log=2|dd0919b299,sequential_thinking,1.0,number_ordering,,Ordering_desc,Ordering,Visual,0,78245,fast,0,ReversedAscending,1.0,very-easy,,7.0,2026-04-24T10:36:39.816Z,2026-04-24T10:39:31.519Z,,,,,,,,desc,,
stu_1777023762699_4024,test_1781049725283_3of3fqe,choose_answer,0,0,choose_answer|attempt=0|log=0|734e066607,arithmetic_fluency,0.6,operation_identification_from_context,,OneStepProblem,WordProblem,Horizontal,1,7927,fast,0,,1.0,very-easy,,,2026-06-10T09:54:28.031Z,2026-06-10T09:54:54.157Z,أبنى 6 منازل في حي جديد، وفي كل منزل 8 نوافذ. كم عدد النوافذ في الحي؟,6 × 8,,,,,,,,
stu_1777023762699_4024,test_1781049725283_3of3fqe,choose_answer,0,0,choose_answer|attempt=0|log=0|734e066607,number_sense,0.2,operation_identification_from_context,,OneStepProblem,WordProblem,Horizontal,1,7927,fast,0,,1.0,very-easy,,,2026-06-10T09:54:28.031Z,2026-06-10T09:54:54.157Z,أبنى 6 منازل في حي جديد، وفي كل منزل 8 نوافذ. كم عدد النوافذ في الحي؟,6 × 8,,,,,,,,
stu_1777023762699_4024,test_1781049725283_3of3fqe,choose_answer,0,0,choose_answer|attempt=0|log=0|734e066607,sequential_thinking,0.2,operation_identification_from_context,,OneStepProblem,WordProblem,Horizontal,1,7927,fast,0,,1.0,very-easy,,,2026-06-10T09:54:28.031Z,2026-06-10T09:54:54.157Z,أبنى 6 منازل في حي جديد، وفي كل منزل 8 نوافذ. كم عدد النوافذ في الحي؟,6 × 8,,,,,,,,
stu_1777023762699_4024,test_1781049725283_3of3fqe,choose_answer,0,1,choose_answer|attempt=0|log=1|74944aa540,arithmetic_fluency,0.6,operation_identification_from_context,Addition,OneStepProblem,WordProblem,Horizontal,0,3835,fast,0,MisidentifiedOperation,3.0,medium,,,2026-06-10T09:54:28.031Z,2026-06-10T09:54:54.157Z,لديك 478 درهم ومنحك والده 177 درهما. كم أصبح لديك من درهم؟,177 - 478,,,,,,,Addition,Subtraction
stu_1777023762699_4024,test_1781049725283_3of3fqe,choose_answer,0,1,choose_answer|attempt=0|log=1|74944aa540,number_sense,0.2,operation_identification_from_context,Addition,OneStepProblem,WordProblem,Horizontal,0,3835,fast,0,MisidentifiedOperation,3.0,medium,,,2026-06-10T09:54:28.031Z,2026-06-10T09:54:54.157Z,لديك 478 درهم ومنحك والده 177 درهما. كم أصبح لديك من درهم؟,177 - 478,,,,,,,Addition,Subtraction
stu_1777023762699_4024,test_1781049725283_3of3fqe,choose_answer,0,1,choose_answer|attempt=0|log=1|74944aa540,sequential_thinking,0.2,operation_identification_from_context,Addition,OneStepProblem,WordProblem,Horizontal,0,3835,fast,0,MisidentifiedOperation,3.0,medium,,,2026-06-10T09:54:28.031Z,2026-06-10T09:54:54.157Z,لديك 478 درهم ومنحك والده 177 درهما. كم أصبح لديك من درهم؟,177 - 478,,,,,,,Addition,Subtraction
stu_1777023762699_4024,test_1781049725283_3of3fqe,choose_answer,0,2,choose_answer|attempt=0|log=2|ba1dad80a8,arithmetic_fluency,0.6,operation_identification_from_context,Subtraction,OneStepProblem,WordProblem,Horizontal,0,2782,fast,0,MisidentifiedOperation,3.0,medium,,,2026-06-10T09:54:28.031Z,2026-06-10T09:54:54.157Z,لدى أحمد 120 درهما، وأعطى 50 درهما لصديقه. كم تبقى لديه؟,50 × 120,,,,,,,Subtraction,
stu_1777023762699_4024,test_1781049725283_3of3fqe,choose_answer,0,2,choose_answer|attempt=0|log=2|ba1dad80a8,number_sense,0.2,operation_identification_from_context,Subtraction,OneStepProblem,WordProblem,Horizontal,0,2782,fast,0,MisidentifiedOperation,3.0,medium,,,2026-06-10T09:54:28.031Z,2026-06-10T09:54:54.157Z,لدى أحمد 120 درهما، وأعطى 50 درهما لصديقه. كم تبقى لديه؟,50 × 120,,,,,,,Subtraction,
stu_1777023762699_4024,test_1781049725283_3of3fqe,choose_answer,0,2,choose_answer|attempt=0|log=2|ba1dad80a8,sequential_thinking,0.2,operation_identification_from_context,Subtraction,OneStepProblem,WordProblem,Horizontal,0,2782,fast,0,MisidentifiedOperation,3.0,medium,,,2026-06-10T09:54:28.031Z,2026-06-10T09:54:54.157Z,لدى أحمد 120 درهما، وأعطى 50 درهما لصديقه. كم تبقى لديه؟,50 × 120,,,,,,,Subtraction,
stu_1777023762699_4024,test_1781049725283_3of3fqe,choose_answer,0,3,choose_answer|attempt=0|log=3|30c57ae4be,arithmetic_fluency,0.6,operation_identification_from_context,Subtraction,OneStepProblem,WordProblem,Horizontal,1,6967,fast,0,,3.0,medium,,,2026-06-10T09:54:28.031Z,2026-06-10T09:54:54.157Z,إذا كان لديك 100 درهم وأعطيت صديقك 25 درهما، كم تبقى لديك؟,100 - 25,,,,,,,Subtraction,Subtraction
stu_1777023762699_4024,test_1781049725283_3of3fqe,choose_answer,0,3,choose_answer|attempt=0|log=3|30c57ae4be,number_sense,0.2,operation_identification_from_context,Subtraction,OneStepProblem,WordProblem,Horizontal,1,6967,fast,0,,3.0,medium,,,2026-06-10T09:54:28.031Z,2026-06-10T09:54:54.157Z,إذا كان لديك 100 درهم وأعطيت صديقك 25 درهما، كم تبقى لديك؟,100 - 25,,,,,,,Subtraction,Subtraction
stu_1777023762699_4024,test_1781049725283_3of3fqe,choose_answer,0,3,choose_answer|attempt=0|log=3|30c57ae4be,sequential_thinking,0.2,operation_identification_from_context,Subtraction,OneStepProblem,WordProblem,Horizontal,1,6967,fast,0,,3.0,medium,,,2026-06-10T09:54:28.031Z,2026-06-10T09:54:54.157Z,إذا كان لديك 100 درهم وأعطيت صديقك 25 درهما، كم تبقى لديك؟,100 - 25,,,,,,,Subtraction,Subtraction
stu_1777023762699_4024,test_1781049725283_3of3fqe,choose_answer,0,4,choose_answer|attempt=0|log=4|92b4161816,arithmetic_fluency,0.6,operation_identification_from_context,Subtraction,OneStepProblem,WordProblem,Horizontal,1,4615,fast,0,,3.0,medium,,,2026-06-10T09:54:28.031Z,2026-06-10T09:54:54.157Z,كانت لديك 500 درهمًا، اشتريت 3 هدايا بتكلفة 120 درهمًا لكل هدية. كم تبقى لديك؟,500 - (3 × 120),,,,,,,Subtraction,Subtraction
stu_1777023762699_4024,test_1781049725283_3of3fqe,choose_answer,0,4,choose_answer|attempt=0|log=4|92b4161816,number_sense,0.2,operation_identification_from_context,Subtraction,OneStepProblem,WordProblem,Horizontal,1,4615,fast,0,,3.0,medium,,,2026-06-10T09:54:28.031Z,2026-06-10T09:54:54.157Z,كانت لديك 500 درهمًا، اشتريت 3 هدايا بتكلفة 120 درهمًا لكل هدية. كم تبقى لديك؟,500 - (3 × 120),,,,,,,Subtraction,Subtraction
stu_1777023762699_4024,test_1781049725283_3of3fqe,choose_answer,0,4,choose_answer|attempt=0|log=4|92b4161816,sequential_thinking,0.2,operation_identification_from_context,Subtraction,OneStepProblem,WordProblem,Horizontal,1,4615,fast,0,,3.0,medium,,,2026-06-10T09:54:28.031Z,2026-06-10T09:54:54.157Z,كانت لديك 500 درهمًا، اشتريت 3 هدايا بتكلفة 120 درهمًا لكل هدية. كم تبقى لديك؟,500 - (3 × 120),,,,,,,Subtraction,Subtraction
stu_1777023762699_4024,test_1781049725283_3of3fqe,choose_answer,1,0,choose_answer|attempt=1|log=0|51dd76099b,arithmetic_fluency,0.6,operation_identification_from_context,Subtraction,OneStepProblem,WordProblem,Horizontal,0,6717,fast,0,ComputationError,2.0,easy,,,2026-06-10T09:54:54.293Z,2026-06-10T09:55:26.641Z,لدى أحمد 64 درهما، وأعطى 11 درهما لصديقه. كم تبقى لديه؟,11 - 64,,,,,,,Subtraction,Subtraction
stu_1777023762699_4024,test_1781049725283_3of3fqe,choose_answer,1,0,choose_answer|attempt=1|log=0|51dd76099b,number_sense,0.2,operation_identification_from_context,Subtraction,OneStepProblem,WordProblem,Horizontal,0,6717,fast,0,ComputationError,2.0,easy,,,2026-06-10T09:54:54.293Z,2026-06-10T09:55:26.641Z,لدى أحمد 64 درهما، وأعطى 11 درهما لصديقه. كم تبقى لديه؟,11 - 64,,,,,,,Subtraction,Subtraction
stu_1777023762699_4024,test_1781049725283_3of3fqe,choose_answer,1,0,choose_answer|attempt=1|log=0|51dd76099b,sequential_thinking,0.2,operation_identification_from_context,Subtraction,OneStepProblem,WordProblem,Horizontal,0,6717,fast,0,ComputationError,2.0,easy,,,2026-06-10T09:54:54.293Z,2026-06-10T09:55:26.641Z,لدى أحمد 64 درهما، وأعطى 11 درهما لصديقه. كم تبقى لديه؟,11 - 64,,,,,,,Subtraction,Subtraction
stu_1777023762699_4024,test_1781049725283_3of3fqe,choose_answer,1,1,choose_answer|attempt=1|log=1|74a8471c79,arithmetic_fluency,0.6,operation_identification_from_context,Subtraction,OneStepProblem,WordProblem,Horizontal,0,6715,fast,0,ComputationError,2.0,easy,,,2026-06-10T09:54:54.293Z,2026-06-10T09:55:26.641Z,لدى أحمد 60 درهما، وأعطى 24 درهما لصديقه. كم تبقى لديه؟,24 - 60,,,,,,,Subtraction,Subtraction
stu_1777023762699_4024,test_1781049725283_3of3fqe,choose_answer,1,1,choose_answer|attempt=1|log=1|74a8471c79,number_sense,0.2,operation_identification_from_context,Subtraction,OneStepProblem,WordProblem,Horizontal,0,6715,fast,0,ComputationError,2.0,easy,,,2026-06-10T09:54:54.293Z,2026-06-10T09:55:26.641Z,لدى أحمد 60 درهما، وأعطى 24 درهما لصديقه. كم تبقى لديه؟,24 - 60,,,,,,,Subtraction,Subtraction
stu_1777023762699_4024,test_1781049725283_3of3fqe,choose_answer,1,1,choose_answer|attempt=1|log=1|74a8471c79,sequential_thinking,0.2,operation_identification_from_context,Subtraction,OneStepProblem,WordProblem,Horizontal,0,6715,fast,0,ComputationError,2.0,easy,,,2026-06-10T09:54:54.293Z,2026-06-10T09:55:26.641Z,لدى أحمد 60 درهما، وأعطى 24 درهما لصديقه. كم تبقى لديه؟,24 - 60,,,,,,,Subtraction,Subtraction
stu_1777023762699_4024,test_1781049725283_3of3fqe,choose_answer,1,2,choose_answer|attempt=1|log=2|a89ede7887,arithmetic_fluency,0.6,operation_identification_from_context,,OneStepProblem,WordProblem,Horizontal,0,9735,fast,0,ComputationError,1.0,very-easy,,,2026-06-10T09:54:54.293Z,2026-06-10T09:55:26.641Z,اشترى أحمد 1 كيلو من التفاح بسعر 5 درهمًا للكيلو. كم دفع أحمد في المجمل؟,5 - 1,,,,,,,,Subtraction
stu_1777023762699_4024,test_1781049725283_3of3fqe,choose_answer,1,2,choose_answer|attempt=1|log=2|a89ede7887,number_sense,0.2,operation_identification_from_context,,OneStepProblem,WordProblem,Horizontal,0,9735,fast,0,ComputationError,1.0,very-easy,,,2026-06-10T09:54:54.293Z,2026-06-10T09:55:26.641Z,اشترى أحمد 1 كيلو من التفاح بسعر 5 درهمًا للكيلو. كم دفع أحمد في المجمل؟,5 - 1,,,,,,,,Subtraction
stu_1777023762699_4024,test_1781049725283_3of3fqe,choose_answer,1,2,choose_answer|attempt=1|log=2|a89ede7887,sequential_thinking,0.2,operation_identification_from_context,,OneStepProblem,WordProblem,Horizontal,0,9735,fast,0,ComputationError,1.0,very-easy,,,2026-06-10T09:54:54.293Z,2026-06-10T09:55:26.641Z,اشترى أحمد 1 كيلو من التفاح بسعر 5 درهمًا للكيلو. كم دفع أحمد في المجمل؟,5 - 1,,,,,,,,Subtraction
stu_1777023762699_4024,test_1781049725283_3of3fqe,choose_answer,1,3,choose_answer|attempt=1|log=3|8a5d249d4d,arithmetic_fluency,0.6,operation_identification_from_context,,OneStepProblem,WordProblem,Horizontal,0,3021,fast,0,ComputationError,1.0,very-easy,,,2026-06-10T09:54:54.293Z,2026-06-10T09:55:26.641Z,اشترى أحمد 3 كيلو من التفاح بسعر 6 درهمًا للكيلو. كم دفع أحمد في المجمل؟,6 - 3,,,,,,,,Subtraction
stu_1777023762699_4024,test_1781049725283_3of3fqe,choose_answer,1,3,choose_answer|attempt=1|log=3|8a5d249d4d,number_sense,0.2,operation_identification_from_context,,OneStepProblem,WordProblem,Horizontal,0,3021,fast,0,ComputationError,1.0,very-easy,,,2026-06-10T09:54:54.293Z,2026-06-10T09:55:26.641Z,اشترى أحمد 3 كيلو من التفاح بسعر 6 درهمًا للكيلو. كم دفع أحمد في المجمل؟,6 - 3,,,,,,,,Subtraction
stu_1777023762699_4024,test_1781049725283_3of3fqe,choose_answer,1,3,choose_answer|attempt=1|log=3|8a5d249d4d,sequential_thinking,0.2,operation_identification_from_context,,OneStepProblem,WordProblem,Horizontal,0,3021,fast,0,ComputationError,1.0,very-easy,,,2026-06-10T09:54:54.293Z,2026-06-10T09:55:26.641Z,اشترى أحمد 3 كيلو من التفاح بسعر 6 درهمًا للكيلو. كم دفع أحمد في المجمل؟,6 - 3,,,,,,,,Subtraction
stu_1777023762699_4024,test_1781049725283_3of3fqe,choose_answer,1,4,choose_answer|attempt=1|log=4|9f590a9ae2,arithmetic_fluency,0.6,operation_identification_from_context,Addition,OneStepProblem,WordProblem,Horizontal,0,6160,fast,0,MisidentifiedOperation,2.0,easy,,,2026-06-10T09:54:54.293Z,2026-06-10T09:55:26.641Z,لديك 44 درهم ومنحك والده 24 درهما. كم أصبح لديك من درهم؟,24 - 44,,,,,,,Addition,Subtraction
stu_1777023762699_4024,test_1781049725283_3of3fqe,choose_answer,1,4,choose_answer|attempt=1|log=4|9f590a9ae2,number_sense,0.2,operation_identification_from_context,Addition,OneStepProblem,WordProblem,Horizontal,0,6160,fast,0,MisidentifiedOperation,2.0,easy,,,2026-06-10T09:54:54.293Z,2026-06-10T09:55:26.641Z,لديك 44 درهم ومنحك والده 24 درهما. كم أصبح لديك من درهم؟,24 - 44,,,,,,,Addition,Subtraction
stu_1777023762699_4024,test_1781049725283_3of3fqe,choose_answer,1,4,choose_answer|attempt=1|log=4|9f590a9ae2,sequential_thinking,0.2,operation_identification_from_context,Addition,OneStepProblem,WordProblem,Horizontal,0,6160,fast,0,MisidentifiedOperation,2.0,easy,,,2026-06-10T09:54:54.293Z,2026-06-10T09:55:26.641Z,لديك 44 درهم ومنحك والده 24 درهما. كم أصبح لديك من درهم؟,24 - 44,,,,,,,Addition,Subtraction
stu_1777023762699_4024,test_1781049725283_3of3fqe,compare_numbers,0,0,compare_numbers|attempt=0|log=0|2f4721966f,comparison_skill,1.0,number_comparison,,Greater,Comparison,Horizontal,1,32064,slow,1,,3.0,medium,,,2026-06-10T09:49:58.641Z,2026-06-10T09:50:50.003Z,,,,,,,Greater,,,
stu_1777023762699_4024,test_1781049725283_3of3fqe,compare_numbers,0,1,compare_numbers|attempt=0|log=1|93448f660f,comparison_skill,1.0,number_comparison,,Less,Comparison,Horizontal,1,8497,fast,0,,3.0,medium,,,2026-06-10T09:49:58.641Z,2026-06-10T09:50:50.003Z,,,,,,,Less,,,
stu_1777023762699_4024,test_1781049725283_3of3fqe,compare_numbers,0,2,compare_numbers|attempt=0|log=2|fb2a47585e,comparison_skill,1.0,number_comparison,,Equal,Comparison,Horizontal,1,10798,medium,0,,3.0,medium,,,2026-06-10T09:49:58.641Z,2026-06-10T09:50:50.003Z,,,,,,,Equal,,,
stu_1777023762699_4024,test_1781049725283_3of3fqe,find_previous_next_number,0,0,find_previous_next_number|attempt=0|log=0|dc8fd5be54,sequential_thinking,1.0,previous_next_number,,PreviousAndNext,Sequence,Horizontal,1,117166,medium,0,,3.0,medium,680-689,,2026-06-10T10:01:16.467Z,2026-06-10T10:02:34.457Z,685,,,,"[684, 686]","[684, 686]",,,,
stu_1777023762699_4024,test_1781049725283_3of3fqe,find_previous_next_number,0,1,find_previous_next_number|attempt=0|log=1|40b1f433ff,sequential_thinking,1.0,previous_next_number,,PreviousAndNext,Sequence,Horizontal,1,87246,medium,0,,3.0,medium,820-829,,2026-06-10T10:01:16.467Z,2026-06-10T10:02:34.457Z,827,,,,"[826, 828]","[826, 828]",,,,
stu_1777023762699_4024,test_1781049725283_3of3fqe,find_previous_next_number,0,2,find_previous_next_number|attempt=0|log=2|b97b13c181,sequential_thinking,1.0,previous_next_number,,PreviousAndNext,Sequence,Horizontal,1,77989,medium,0,,2.0,easy,30-39,,2026-06-10T10:01:16.467Z,2026-06-10T10:02:34.457Z,39,,,,"[38, 40]","[38, 40]",,,,
stu_1777023762699_4024,test_1781049725283_3of3fqe,identify_place_value,0,0,identify_place_value|attempt=0|log=0|6f16fdb56d,number_sense,1.0,place_value_identification,,PlaceValue,PlaceValue,Visual,1,38528,fast,0,,2.0,easy,,,2026-06-10T09:56:51.723Z,2026-06-10T09:57:37.598Z,,,,,"{""pos_0"": 7, ""pos_1"": 8}","{""pos_0"": ""7"", ""pos_1"": ""8""}",,,,
stu_1777023762699_4024,test_1781049725283_3of3fqe,identify_place_value,0,1,identify_place_value|attempt=0|log=1|15857caf03,number_sense,1.0,place_value_identification,,PlaceValue,PlaceValue,Visual,0,29312,fast,0,PlaceValueMisidentification,2.0,easy,,,2026-06-10T09:56:51.723Z,2026-06-10T09:57:37.598Z,,,,,"{""pos_0"": 8, ""pos_1"": 4}","{""pos_0"": 4, ""pos_1"": 8}",,,,
stu_1777023762699_4024,test_1781049725283_3of3fqe,identify_place_value,0,2,identify_place_value|attempt=0|log=2|c27ff23eec,number_sense,1.0,place_value_identification,,PlaceValue,PlaceValue,Visual,1,16453,fast,0,,2.0,easy,,,2026-06-10T09:56:51.723Z,2026-06-10T09:57:37.598Z,,,,,"{""pos_0"": 9, ""pos_1"": 9}","{""pos_0"": 9, ""pos_1"": ""9""}",,,,
stu_1777023762699_4024,test_1781049725283_3of3fqe,identify_place_value,0,3,identify_place_value|attempt=0|log=3|81ba212721,number_sense,1.0,place_value_identification,,PlaceValue,PlaceValue,Visual,1,13475,fast,0,,2.0,easy,,,2026-06-10T09:56:51.723Z,2026-06-10T09:57:37.598Z,,,,,"{""pos_0"": 7, ""pos_1"": 3}","{""pos_0"": ""7"", ""pos_1"": 3}",,,,
stu_1777023762699_4024,test_1781049725283_3of3fqe,identify_place_value,0,4,identify_place_value|attempt=0|log=4|81ba212721,number_sense,1.0,place_value_identification,,PlaceValue,PlaceValue,Visual,1,14871,fast,0,,2.0,easy,,,2026-06-10T09:56:51.723Z,2026-06-10T09:57:37.598Z,,,,,"{""pos_0"": 7, ""pos_1"": 3}","{""pos_0"": ""7"", ""pos_1"": 3}",,,,
stu_1777023762699_4024,test_1781049725283_3of3fqe,identify_place_value,0,5,identify_place_value|attempt=0|log=5|81ba212721,number_sense,1.0,place_value_identification,,PlaceValue,PlaceValue,Visual,1,15392,fast,0,,2.0,easy,,,2026-06-10T09:56:51.723Z,2026-06-10T09:57:37.598Z,,,,,"{""pos_0"": 7, ""pos_1"": 3}","{""pos_0"": ""7"", ""pos_1"": 3}",,,,
stu_1777023762699_4024,test_1781049725283_3of3fqe,identify_place_value,0,6,identify_place_value|attempt=0|log=6|81ba212721,number_sense,1.0,place_value_identification,,PlaceValue,PlaceValue,Visual,1,15793,fast,0,,2.0,easy,,,2026-06-10T09:56:51.723Z,2026-06-10T09:57:37.598Z,,,,,"{""pos_0"": 7, ""pos_1"": 3}","{""pos_0"": ""7"", ""pos_1"": 3}",,,,
stu_1777023762699_4024,test_1781049725283_3of3fqe,identify_place_value,0,7,identify_place_value|attempt=0|log=7|81ba212721,number_sense,1.0,place_value_identification,,PlaceValue,PlaceValue,Visual,1,16021,fast,0,,2.0,easy,,,2026-06-10T09:56:51.723Z,2026-06-10T09:57:37.598Z,,,,,"{""pos_0"": 7, ""pos_1"": 3}","{""pos_0"": ""7"", ""pos_1"": 3}",,,,
stu_1777023762699_4024,test_1781049725283_3of3fqe,identify_place_value,0,8,identify_place_value|attempt=0|log=8|81ba212721,number_sense,1.0,place_value_identification,,PlaceValue,PlaceValue,Visual,1,17241,fast,0,,2.0,easy,,,2026-06-10T09:56:51.723Z,2026-06-10T09:57:37.598Z,,,,,"{""pos_0"": 7, ""pos_1"": 3}","{""pos_0"": ""7"", ""pos_1"": 3}",,,,
stu_1777023762699_4024,test_1781049725283_3of3fqe,identify_place_value,0,9,identify_place_value|attempt=0|log=9|81ba212721,number_sense,1.0,place_value_identification,,PlaceValue,PlaceValue,Visual,1,17861,fast,0,,2.0,easy,,,2026-06-10T09:56:51.723Z,2026-06-10T09:57:37.598Z,,,,,"{""pos_0"": 7, ""pos_1"": 3}","{""pos_0"": ""7"", ""pos_1"": 3}",,,,
stu_1777023762699_4024,test_1781049725283_3of3fqe,identify_place_value,0,10,identify_place_value|attempt=0|log=10|81ba212721,number_sense,1.0,place_value_identification,,PlaceValue,PlaceValue,Visual,1,18130,fast,0,,2.0,easy,,,2026-06-10T09:56:51.723Z,2026-06-10T09:57:37.598Z,,,,,"{""pos_0"": 7, ""pos_1"": 3}","{""pos_0"": ""7"", ""pos_1"": 3}",,,,
stu_1777023762699_4024,test_1781049725283_3of3fqe,identify_place_value,0,11,identify_place_value|attempt=0|log=11|81ba212721,number_sense,1.0,place_value_identification,,PlaceValue,PlaceValue,Visual,1,18250,fast,0,,2.0,easy,,,2026-06-10T09:56:51.723Z,2026-06-10T09:57:37.598Z,,,,,"{""pos_0"": 7, ""pos_1"": 3}","{""pos_0"": ""7"", ""pos_1"": 3}",,,,
stu_1777023762699_4024,test_1781049725283_3of3fqe,identify_place_value,0,12,identify_place_value|attempt=0|log=12|81ba212721,number_sense,1.0,place_value_identification,,PlaceValue,PlaceValue,Visual,1,21871,fast,0,,2.0,easy,,,2026-06-10T09:56:51.723Z,2026-06-10T09:57:37.598Z,,,,,"{""pos_0"": 7, ""pos_1"": 3}","{""pos_0"": ""7"", ""pos_1"": 3}",,,,
stu_1777023762699_4024,test_1781049725283_3of3fqe,identify_place_value,0,13,identify_place_value|attempt=0|log=13|81ba212721,number_sense,1.0,place_value_identification,,PlaceValue,PlaceValue,Visual,1,22573,fast,0,,2.0,easy,,,2026-06-10T09:56:51.723Z,2026-06-10T09:57:37.598Z,,,,,"{""pos_0"": 7, ""pos_1"": 3}","{""pos_0"": ""7"", ""pos_1"": 3}",,,,
stu_1777023762699_4024,test_1781049725283_3of3fqe,identify_place_value,0,14,identify_place_value|attempt=0|log=14|81ba212721,number_sense,1.0,place_value_identification,,PlaceValue,PlaceValue,Visual,1,26108,fast,0,,2.0,easy,,,2026-06-10T09:56:51.723Z,2026-06-10T09:57:37.598Z,,,,,"{""pos_0"": 7, ""pos_1"": 3}","{""pos_0"": ""7"", ""pos_1"": 3}",,,,
stu_1777023762699_4024,test_1781049725283_3of3fqe,identify_place_value,0,15,identify_place_value|attempt=0|log=15|81ba212721,number_sense,1.0,place_value_identification,,PlaceValue,PlaceValue,Visual,1,26829,fast,0,,2.0,easy,,,2026-06-10T09:56:51.723Z,2026-06-10T09:57:37.598Z,,,,,"{""pos_0"": 7, ""pos_1"": 3}","{""pos_0"": ""7"", ""pos_1"": 3}",,,,
stu_1777023762699_4024,test_1781049725283_3of3fqe,identify_place_value,0,16,identify_place_value|attempt=0|log=16|81ba212721,number_sense,1.0,place_value_identification,,PlaceValue,PlaceValue,Visual,1,27526,fast,0,,2.0,easy,,,2026-06-10T09:56:51.723Z,2026-06-10T09:57:37.598Z,,,,,"{""pos_0"": 7, ""pos_1"": 3}","{""pos_0"": ""7"", ""pos_1"": 3}",,,,
stu_1777023762699_4024,test_1781049725283_3of3fqe,identify_place_value,0,17,identify_place_value|attempt=0|log=17|81ba212721,number_sense,1.0,place_value_identification,,PlaceValue,PlaceValue,Visual,1,27839,fast,0,,2.0,easy,,,2026-06-10T09:56:51.723Z,2026-06-10T09:57:37.598Z,,,,,"{""pos_0"": 7, ""pos_1"": 3}","{""pos_0"": ""7"", ""pos_1"": 3}",,,,
stu_1777023762699_4024,test_1781049725283_3of3fqe,identify_place_value,0,18,identify_place_value|attempt=0|log=18|81ba212721,number_sense,1.0,place_value_identification,,PlaceValue,PlaceValue,Visual,1,28109,fast,0,,2.0,easy,,,2026-06-10T09:56:51.723Z,2026-06-10T09:57:37.598Z,,,,,"{""pos_0"": 7, ""pos_1"": 3}","{""pos_0"": ""7"", ""pos_1"": 3}",,,,
stu_1777023762699_4024,test_1781049725283_3of3fqe,identify_place_value,0,19,identify_place_value|attempt=0|log=19|81ba212721,number_sense,1.0,place_value_identification,,PlaceValue,PlaceValue,Visual,1,28330,fast,0,,2.0,easy,,,2026-06-10T09:56:51.723Z,2026-06-10T09:57:37.598Z,,,,,"{""pos_0"": 7, ""pos_1"": 3}","{""pos_0"": ""7"", ""pos_1"": 3}",,,,
stu_1777023762699_4024,test_1781049725283_3of3fqe,identify_place_value,0,20,identify_place_value|attempt=0|log=20|81ba212721,number_sense,1.0,place_value_identification,,PlaceValue,PlaceValue,Visual,1,28737,fast,0,,2.0,easy,,,2026-06-10T09:56:51.723Z,2026-06-10T09:57:37.598Z,,,,,"{""pos_0"": 7, ""pos_1"": 3}","{""pos_0"": ""7"", ""pos_1"": 3}",,,,
stu_1777023762699_4024,test_1781049725283_3of3fqe,identify_place_value,0,21,identify_place_value|attempt=0|log=21|81ba212721,number_sense,1.0,place_value_identification,,PlaceValue,PlaceValue,Visual,1,30927,fast,0,,2.0,easy,,,2026-06-10T09:56:51.723Z,2026-06-10T09:57:37.598Z,,,,,"{""pos_0"": 7, ""pos_1"": 3}","{""pos_0"": ""7"", ""pos_1"": 3}",,,,
stu_1777023762699_4024,test_1781049725283_3of3fqe,identify_place_value,0,22,identify_place_value|attempt=0|log=22|81ba212721,number_sense,1.0,place_value_identification,,PlaceValue,PlaceValue,Visual,1,31143,fast,0,,2.0,easy,,,2026-06-10T09:56:51.723Z,2026-06-10T09:57:37.598Z,,,,,"{""pos_0"": 7, ""pos_1"": 3}","{""pos_0"": ""7"", ""pos_1"": 3}",,,,
stu_1777023762699_4024,test_1781049725283_3of3fqe,identify_place_value,0,23,identify_place_value|attempt=0|log=23|81ba212721,number_sense,1.0,place_value_identification,,PlaceValue,PlaceValue,Visual,1,36550,fast,0,,2.0,easy,,,2026-06-10T09:56:51.723Z,2026-06-10T09:57:37.598Z,,,,,"{""pos_0"": 7, ""pos_1"": 3}","{""pos_0"": ""7"", ""pos_1"": 3}",,,,
stu_1777023762699_4024,test_1781049725283_3of3fqe,identify_place_value,0,24,identify_place_value|attempt=0|log=24|81ba212721,number_sense,1.0,place_value_identification,,PlaceValue,PlaceValue,Visual,1,37293,fast,0,,2.0,easy,,,2026-06-10T09:56:51.723Z,2026-06-10T09:57:37.598Z,,,,,"{""pos_0"": 7, ""pos_1"": 3}","{""pos_0"": ""7"", ""pos_1"": 3}",,,,
stu_1777023762699_4024,test_1781049725283_3of3fqe,identify_place_value,0,25,identify_place_value|attempt=0|log=25|81ba212721,number_sense,1.0,place_value_identification,,PlaceValue,PlaceValue,Visual,1,38138,fast,0,,2.0,easy,,,2026-06-10T09:56:51.723Z,2026-06-10T09:57:37.598Z,,,,,"{""pos_0"": 7, ""pos_1"": 3}","{""pos_0"": ""7"", ""pos_1"": 3}",,,,
stu_1777023762699_4024,test_1781049725283_3of3fqe,identify_place_value,0,26,identify_place_value|attempt=0|log=26|81ba212721,number_sense,1.0,place_value_identification,,PlaceValue,PlaceValue,Visual,1,45134,fast,0,,2.0,easy,,,2026-06-10T09:56:51.723Z,2026-06-10T09:57:37.598Z,,,,,"{""pos_0"": 7, ""pos_1"": 3}","{""pos_0"": ""7"", ""pos_1"": 3}",,,,
stu_1777023762699_4024,test_1781049725283_3of3fqe,identify_place_value,0,27,identify_place_value|attempt=0|log=27|81ba212721,number_sense,1.0,place_value_identification,,PlaceValue,PlaceValue,Visual,1,45874,fast,0,,2.0,easy,,,2026-06-10T09:56:51.723Z,2026-06-10T09:57:37.598Z,,,,,"{""pos_0"": 7, ""pos_1"": 3}","{""pos_0"": ""7"", ""pos_1"": 3}",,,,
stu_1777023762699_4024,test_1781049725283_3of3fqe,order_numbers,0,0,order_numbers|attempt=0|log=0|caa501bd7b,sequential_thinking,1.0,number_ordering,,Ordering_asc,Ordering,Visual,1,51493,fast,0,,2.0,easy,,3.0,2026-06-10T09:50:50.933Z,2026-06-10T09:52:52.664Z,,,,,,,,asc,,
stu_1777023762699_4024,test_1781049725283_3of3fqe,order_numbers,0,1,order_numbers|attempt=0|log=1|b174994867,sequential_thinking,1.0,number_ordering,,Ordering_desc,Ordering,Visual,0,35348,fast,0,ReversedAscending,2.0,easy,,3.0,2026-06-10T09:50:50.933Z,2026-06-10T09:52:52.664Z,,,,,,,,desc,,
stu_1777023762699_4024,test_1781049725283_3of3fqe,order_numbers,0,2,order_numbers|attempt=0|log=2|79ebc5f4ef,sequential_thinking,1.0,number_ordering,,Ordering_asc,Ordering,Visual,1,34881,fast,0,,2.0,easy,,4.0,2026-06-10T09:50:50.933Z,2026-06-10T09:52:52.664Z,,,,,,,,asc,,
stu_1777023762699_4024,test_1781049725283_3of3fqe,order_numbers,1,0,order_numbers|attempt=1|log=0|6b8103175b,sequential_thinking,1.0,number_ordering,,Ordering_asc,Ordering,Visual,1,24853,fast,0,,2.0,easy,,4.0,2026-06-10T09:52:53.925Z,2026-06-10T09:54:27.862Z,,,,,,,,asc,,
stu_1777023762699_4024,test_1781049725283_3of3fqe,order_numbers,1,1,order_numbers|attempt=1|log=1|e12401bda5,sequential_thinking,1.0,number_ordering,,Ordering_asc,Ordering,Visual,1,38498,fast,0,,2.0,easy,,5.0,2026-06-10T09:52:53.925Z,2026-06-10T09:54:27.862Z,,,,,,,,asc,,
stu_1777023762699_4024,test_1781049725283_3of3fqe,order_numbers,1,2,order_numbers|attempt=1|log=2|2627d01b82,sequential_thinking,1.0,number_ordering,,Ordering_asc,Ordering,Visual,0,30586,fast,0,ReversedDescending,2.0,easy,,3.0,2026-06-10T09:52:53.925Z,2026-06-10T09:54:27.862Z,,,,,,,,asc,,
stu_1777023762699_4024,test_1781049725283_3of3fqe,vertical_operations,0,0,vertical_operations|attempt=0|log=0|f1b9d0c5bd,arithmetic_fluency,1.0,vertical_operation_fluency,Subtraction,SubtractionWithBorrow,VerticalOperation,Vertical,1,347639,fast,0,,4.0,hard,,,2026-06-10T10:02:34.603Z,2026-06-10T10:12:03.063Z,9673 Subtraction 2899,,6774,6774,,,,,,
stu_1777023762699_4024,test_1781049725283_3of3fqe,vertical_operations,0,1,vertical_operations|attempt=0|log=1|8ebedb88d0,arithmetic_fluency,1.0,vertical_operation_fluency,Addition,AdditionWithCarry,VerticalOperation,Vertical,1,220821,fast,0,,5.0,hard,,,2026-06-10T10:02:34.603Z,2026-06-10T10:12:03.063Z,7969 Addition 7207,,15176,15176,,,,,,
stu_1777023762902_7362,test_1777023978840_kask7x7,choose_answer,0,0,choose_answer|attempt=0|log=0|772653b8cc,arithmetic_fluency,0.6,operation_identification_from_context,Addition,OneStepProblem,WordProblem,Horizontal,1,21196,slow,1,,1.0,very-easy,,,2026-04-24T10:59:09.415Z,2026-04-24T11:00:58.532Z,اشترت فاطمة 3 تفاحات و4 برتقالات. كم فاكهة اشترت فاطمة؟,3 + 4,,,,,,,Addition,Addition
stu_1777023762902_7362,test_1777023978840_kask7x7,choose_answer,0,0,choose_answer|attempt=0|log=0|772653b8cc,number_sense,0.2,operation_identification_from_context,Addition,OneStepProblem,WordProblem,Horizontal,1,21196,slow,1,,1.0,very-easy,,,2026-04-24T10:59:09.415Z,2026-04-24T11:00:58.532Z,اشترت فاطمة 3 تفاحات و4 برتقالات. كم فاكهة اشترت فاطمة؟,3 + 4,,,,,,,Addition,Addition
stu_1777023762902_7362,test_1777023978840_kask7x7,choose_answer,0,0,choose_answer|attempt=0|log=0|772653b8cc,sequential_thinking,0.2,operation_identification_from_context,Addition,OneStepProblem,WordProblem,Horizontal,1,21196,slow,1,,1.0,very-easy,,,2026-04-24T10:59:09.415Z,2026-04-24T11:00:58.532Z,اشترت فاطمة 3 تفاحات و4 برتقالات. كم فاكهة اشترت فاطمة؟,3 + 4,,,,,,,Addition,Addition
stu_1777023762902_7362,test_1777023978840_kask7x7,choose_answer,0,1,choose_answer|attempt=0|log=1|0bfaaccda5,arithmetic_fluency,0.6,operation_identification_from_context,Subtraction,OneStepProblem,WordProblem,Horizontal,1,35710,slow,1,,3.0,medium,,,2026-04-24T10:59:09.415Z,2026-04-24T11:00:58.532Z,كانت لديك 500 درهمًا، اشتريت 3 هدايا بتكلفة 120 درهمًا لكل هدية. كم تبقى لديك؟,500 - (3 × 120),,,,,,,Subtraction,Subtraction
stu_1777023762902_7362,test_1777023978840_kask7x7,choose_answer,0,1,choose_answer|attempt=0|log=1|0bfaaccda5,number_sense,0.2,operation_identification_from_context,Subtraction,OneStepProblem,WordProblem,Horizontal,1,35710,slow,1,,3.0,medium,,,2026-04-24T10:59:09.415Z,2026-04-24T11:00:58.532Z,كانت لديك 500 درهمًا، اشتريت 3 هدايا بتكلفة 120 درهمًا لكل هدية. كم تبقى لديك؟,500 - (3 × 120),,,,,,,Subtraction,Subtraction
stu_1777023762902_7362,test_1777023978840_kask7x7,choose_answer,0,1,choose_answer|attempt=0|log=1|0bfaaccda5,sequential_thinking,0.2,operation_identification_from_context,Subtraction,OneStepProblem,WordProblem,Horizontal,1,35710,slow,1,,3.0,medium,,,2026-04-24T10:59:09.415Z,2026-04-24T11:00:58.532Z,كانت لديك 500 درهمًا، اشتريت 3 هدايا بتكلفة 120 درهمًا لكل هدية. كم تبقى لديك؟,500 - (3 × 120),,,,,,,Subtraction,Subtraction
stu_1777023762902_7362,test_1777023978840_kask7x7,choose_answer,0,2,choose_answer|attempt=0|log=2|92ae7cd6be,arithmetic_fluency,0.6,operation_identification_from_context,,OneStepProblem,WordProblem,Horizontal,1,24484,slow,1,,2.0,easy,,,2026-04-24T10:59:09.415Z,2026-04-24T11:00:58.532Z,أشترت مريم 3 كتب، كل كتاب يكلف 40 درهما. كم دفعت مريم في المجمل؟,3 × 40,,,,,,,,
stu_1777023762902_7362,test_1777023978840_kask7x7,choose_answer,0,2,choose_answer|attempt=0|log=2|92ae7cd6be,number_sense,0.2,operation_identification_from_context,,OneStepProblem,WordProblem,Horizontal,1,24484,slow,1,,2.0,easy,,,2026-04-24T10:59:09.415Z,2026-04-24T11:00:58.532Z,أشترت مريم 3 كتب، كل كتاب يكلف 40 درهما. كم دفعت مريم في المجمل؟,3 × 40,,,,,,,,
stu_1777023762902_7362,test_1777023978840_kask7x7,choose_answer,0,2,choose_answer|attempt=0|log=2|92ae7cd6be,sequential_thinking,0.2,operation_identification_from_context,,OneStepProblem,WordProblem,Horizontal,1,24484,slow,1,,2.0,easy,,,2026-04-24T10:59:09.415Z,2026-04-24T11:00:58.532Z,أشترت مريم 3 كتب، كل كتاب يكلف 40 درهما. كم دفعت مريم في المجمل؟,3 × 40,,,,,,,,
stu_1777023762902_7362,test_1777023978840_kask7x7,choose_answer,0,3,choose_answer|attempt=0|log=3|f3333aca51,arithmetic_fluency,0.6,operation_identification_from_context,,OneStepProblem,WordProblem,Horizontal,1,15950,medium,0,,2.0,easy,,,2026-04-24T10:59:09.415Z,2026-04-24T11:00:58.532Z,في إحدى المزارع هناك 8 حقول. في كل حقل 10 أشجار. كم عدد الأشجار في جميع الحقول؟,8 × 10,,,,,,,,
stu_1777023762902_7362,test_1777023978840_kask7x7,choose_answer,0,3,choose_answer|attempt=0|log=3|f3333aca51,number_sense,0.2,operation_identification_from_context,,OneStepProblem,WordProblem,Horizontal,1,15950,medium,0,,2.0,easy,,,2026-04-24T10:59:09.415Z,2026-04-24T11:00:58.532Z,في إحدى المزارع هناك 8 حقول. في كل حقل 10 أشجار. كم عدد الأشجار في جميع الحقول؟,8 × 10,,,,,,,,
stu_1777023762902_7362,test_1777023978840_kask7x7,choose_answer,0,3,choose_answer|attempt=0|log=3|f3333aca51,sequential_thinking,0.2,operation_identification_from_context,,OneStepProblem,WordProblem,Horizontal,1,15950,medium,0,,2.0,easy,,,2026-04-24T10:59:09.415Z,2026-04-24T11:00:58.532Z,في إحدى المزارع هناك 8 حقول. في كل حقل 10 أشجار. كم عدد الأشجار في جميع الحقول؟,8 × 10,,,,,,,,
stu_1777023762902_7362,test_1777023978840_kask7x7,choose_answer,0,4,choose_answer|attempt=0|log=4|ae342bb098,arithmetic_fluency,0.6,operation_identification_from_context,Addition,OneStepProblem,WordProblem,Horizontal,1,11777,medium,0,,2.0,easy,,,2026-04-24T10:59:09.415Z,2026-04-24T11:00:58.532Z,في حديقة هناك 45 شجرة، زرعوا 12 شجرة أخرى. كم عدد الأشجار في الحديقة الآن؟,45 + 12,,,,,,,Addition,Addition
stu_1777023762902_7362,test_1777023978840_kask7x7,choose_answer,0,4,choose_answer|attempt=0|log=4|ae342bb098,number_sense,0.2,operation_identification_from_context,Addition,OneStepProblem,WordProblem,Horizontal,1,11777,medium,0,,2.0,easy,,,2026-04-24T10:59:09.415Z,2026-04-24T11:00:58.532Z,في حديقة هناك 45 شجرة، زرعوا 12 شجرة أخرى. كم عدد الأشجار في الحديقة الآن؟,45 + 12,,,,,,,Addition,Addition
stu_1777023762902_7362,test_1777023978840_kask7x7,choose_answer,0,4,choose_answer|attempt=0|log=4|ae342bb098,sequential_thinking,0.2,operation_identification_from_context,Addition,OneStepProblem,WordProblem,Horizontal,1,11777,medium,0,,2.0,easy,,,2026-04-24T10:59:09.415Z,2026-04-24T11:00:58.532Z,في حديقة هناك 45 شجرة، زرعوا 12 شجرة أخرى. كم عدد الأشجار في الحديقة الآن؟,45 + 12,,,,,,,Addition,Addition
stu_1777023762902_7362,test_1777023978840_kask7x7,compare_numbers,0,0,compare_numbers|attempt=0|log=0|29fb48bbd4,comparison_skill,1.0,number_comparison,,Greater,Comparison,Horizontal,1,20799,slow,1,,3.0,medium,,,2026-04-24T11:04:38.117Z,2026-04-24T11:05:22.364Z,,,,,,,Greater,,,
stu_1777023762902_7362,test_1777023978840_kask7x7,compare_numbers,0,1,compare_numbers|attempt=0|log=1|26ef532db8,comparison_skill,1.0,number_comparison,,Less,Comparison,Horizontal,1,17963,medium,0,,3.0,medium,,,2026-04-24T11:04:38.117Z,2026-04-24T11:05:22.364Z,,,,,,,Less,,,
stu_1777023762902_7362,test_1777023978840_kask7x7,compare_numbers,0,2,compare_numbers|attempt=0|log=2|151927f54c,comparison_skill,1.0,number_comparison,,Equal,Comparison,Horizontal,1,5484,fast,0,,3.0,medium,,,2026-04-24T11:04:38.117Z,2026-04-24T11:05:22.364Z,,,,,,,Equal,,,
stu_1777023762902_7362,test_1777023978840_kask7x7,find_previous_next_number,0,0,find_previous_next_number|attempt=0|log=0|f05744a828,sequential_thinking,1.0,previous_next_number,,PreviousAndNext,Sequence,Horizontal,1,55858,fast,0,,3.0,medium,550-559,,2026-04-24T11:03:58.413Z,2026-04-24T11:04:37.881Z,554,,,,"[553, 555]","[553, 555]",,,,
stu_1777023762902_7362,test_1777023978840_kask7x7,find_previous_next_number,0,1,find_previous_next_number|attempt=0|log=1|53ef954e8a,sequential_thinking,1.0,previous_next_number,,PreviousAndNext,Sequence,Horizontal,1,25971,fast,0,,2.0,easy,90-99,,2026-04-24T11:03:58.413Z,2026-04-24T11:04:37.881Z,92,,,,"[91, 93]","[91, 93]",,,,
stu_1777023762902_7362,test_1777023978840_kask7x7,find_previous_next_number,0,2,find_previous_next_number|attempt=0|log=2|416d6dfa95,sequential_thinking,1.0,previous_next_number,,PreviousAndNext,Sequence,Horizontal,1,39467,fast,0,,3.0,medium,120-129,,2026-04-24T11:03:58.413Z,2026-04-24T11:04:37.881Z,126,,,,"[125, 127]","[125, 127]",,,,
stu_1777023762902_7362,test_1777023978840_kask7x7,identify_place_value,0,0,identify_place_value|attempt=0|log=0|9651fd7f08,number_sense,1.0,place_value_identification,,PlaceValue,PlaceValue,Visual,1,29357,fast,0,,2.0,easy,,,2026-04-24T10:58:53.639Z,2026-04-24T10:59:09.255Z,,,,,"{""pos_0"": 5, ""pos_1"": 8}","{""pos_0"": 5, ""pos_1"": 8}",,,,
stu_1777023762902_7362,test_1777023978840_kask7x7,identify_place_value,0,1,identify_place_value|attempt=0|log=1|cdd118738a,number_sense,1.0,place_value_identification,,PlaceValue,PlaceValue,Visual,1,24438,fast,0,,2.0,easy,,,2026-04-24T10:58:53.639Z,2026-04-24T10:59:09.255Z,,,,,"{""pos_0"": 1, ""pos_1"": 4}","{""pos_0"": 1, ""pos_1"": 4}",,,,
stu_1777023762902_7362,test_1777023978840_kask7x7,identify_place_value,0,2,identify_place_value|attempt=0|log=2|8619391b3e,number_sense,1.0,place_value_identification,,PlaceValue,PlaceValue,Visual,1,15854,fast,0,,2.0,easy,,,2026-04-24T10:58:53.639Z,2026-04-24T10:59:09.255Z,,,,,"{""pos_0"": 8, ""pos_1"": 3}","{""pos_0"": 8, ""pos_1"": 3}",,,,
stu_1777023762902_7362,test_1777023978840_kask7x7,identify_place_value,0,3,identify_place_value|attempt=0|log=3|6a2a38d500,number_sense,1.0,place_value_identification,,PlaceValue,PlaceValue,Visual,1,15615,fast,0,,2.0,easy,,,2026-04-24T10:58:53.639Z,2026-04-24T10:59:09.255Z,,,,,"{""pos_0"": 3, ""pos_1"": 3}","{""pos_0"": 3, ""pos_1"": 3}",,,,
stu_1777023762902_7362,test_1777023978840_kask7x7,order_numbers,0,0,order_numbers|attempt=0|log=0|e602ae153e,sequential_thinking,1.0,number_ordering,,Ordering_asc,Ordering,Visual,1,93611,fast,0,,2.0,easy,,7.0,2026-04-24T10:55:20.746Z,2026-04-24T10:57:43.848Z,,,,,,,,asc,,
stu_1777023762902_7362,test_1777023978840_kask7x7,order_numbers,0,1,order_numbers|attempt=0|log=1|a8523a3950,sequential_thinking,1.0,number_ordering,,Ordering_asc,Ordering,Visual,1,30030,fast,0,,2.0,easy,,2.0,2026-04-24T10:55:20.746Z,2026-04-24T10:57:43.848Z,,,,,,,,asc,,
stu_1777023762902_7362,test_1777023978840_kask7x7,order_numbers,0,2,order_numbers|attempt=0|log=2|891a0c944f,sequential_thinking,1.0,number_ordering,,Ordering_asc,Ordering,Visual,1,19460,fast,0,,2.0,easy,,4.0,2026-04-24T10:55:20.746Z,2026-04-24T10:57:43.848Z,,,,,,,,asc,,
stu_1777023762902_7362,test_1777023978840_kask7x7,vertical_operations,0,0,vertical_operations|attempt=0|log=0|f206748fe9,arithmetic_fluency,1.0,vertical_operation_fluency,Addition,AdditionWithCarry,VerticalOperation,Vertical,1,56811,fast,0,,5.0,hard,,,2026-04-24T11:00:58.945Z,2026-04-24T11:02:36.545Z,2183 Addition 8623,,10806,10806,,,,,,
stu_1777023762902_7362,test_1777023978840_kask7x7,vertical_operations,0,1,vertical_operations|attempt=0|log=1|f7f9b1cad4,arithmetic_fluency,1.0,vertical_operation_fluency,Subtraction,SubtractionWithBorrow,VerticalOperation,Vertical,1,40789,fast,0,,4.0,hard,,,2026-04-24T11:00:58.945Z,2026-04-24T11:02:36.545Z,9382 Subtraction 1972,,7410,7410,,,,,,
stu_1777023762902_7362,test_1781048227348_yh9wms9,choose_answer,0,0,choose_answer|attempt=0|log=0|6273988a59,arithmetic_fluency,0.6,operation_identification_from_context,,OneStepProblem,WordProblem,Horizontal,1,36373,slow,1,,2.0,easy,,,2026-06-12T10:19:15.899Z,2026-06-12T10:21:08.039Z,في إحدى المزارع هناك 8 حقول. في كل حقل 10 أشجار. كم عدد الأشجار في جميع الحقول؟,8 × 10,,,,,,,,
stu_1777023762902_7362,test_1781048227348_yh9wms9,choose_answer,0,0,choose_answer|attempt=0|log=0|6273988a59,number_sense,0.2,operation_identification_from_context,,OneStepProblem,WordProblem,Horizontal,1,36373,slow,1,,2.0,easy,,,2026-06-12T10:19:15.899Z,2026-06-12T10:21:08.039Z,في إحدى المزارع هناك 8 حقول. في كل حقل 10 أشجار. كم عدد الأشجار في جميع الحقول؟,8 × 10,,,,,,,,
stu_1777023762902_7362,test_1781048227348_yh9wms9,choose_answer,0,0,choose_answer|attempt=0|log=0|6273988a59,sequential_thinking,0.2,operation_identification_from_context,,OneStepProblem,WordProblem,Horizontal,1,36373,slow,1,,2.0,easy,,,2026-06-12T10:19:15.899Z,2026-06-12T10:21:08.039Z,في إحدى المزارع هناك 8 حقول. في كل حقل 10 أشجار. كم عدد الأشجار في جميع الحقول؟,8 × 10,,,,,,,,
stu_1777023762902_7362,test_1781048227348_yh9wms9,choose_answer,0,1,choose_answer|attempt=0|log=1|33b4621930,arithmetic_fluency,0.6,operation_identification_from_context,Subtraction,OneStepProblem,WordProblem,Horizontal,1,21191,slow,1,,3.0,medium,,,2026-06-12T10:19:15.899Z,2026-06-12T10:21:08.039Z,لدى أحمد 666 درهما، وأعطى 252 درهما لصديقه. كم تبقى لديه؟,666 - 252,,,,,,,Subtraction,Subtraction
stu_1777023762902_7362,test_1781048227348_yh9wms9,choose_answer,0,1,choose_answer|attempt=0|log=1|33b4621930,number_sense,0.2,operation_identification_from_context,Subtraction,OneStepProblem,WordProblem,Horizontal,1,21191,slow,1,,3.0,medium,,,2026-06-12T10:19:15.899Z,2026-06-12T10:21:08.039Z,لدى أحمد 666 درهما، وأعطى 252 درهما لصديقه. كم تبقى لديه؟,666 - 252,,,,,,,Subtraction,Subtraction
stu_1777023762902_7362,test_1781048227348_yh9wms9,choose_answer,0,1,choose_answer|attempt=0|log=1|33b4621930,sequential_thinking,0.2,operation_identification_from_context,Subtraction,OneStepProblem,WordProblem,Horizontal,1,21191,slow,1,,3.0,medium,,,2026-06-12T10:19:15.899Z,2026-06-12T10:21:08.039Z,لدى أحمد 666 درهما، وأعطى 252 درهما لصديقه. كم تبقى لديه؟,666 - 252,,,,,,,Subtraction,Subtraction
stu_1777023762902_7362,test_1781048227348_yh9wms9,choose_answer,0,2,choose_answer|attempt=0|log=2|41931eaf68,arithmetic_fluency,0.6,operation_identification_from_context,Subtraction,OneStepProblem,WordProblem,Horizontal,1,23919,slow,1,,3.0,medium,,,2026-06-12T10:19:15.899Z,2026-06-12T10:21:08.039Z,إذا كنت قد وفرت 300 درهمًا، واشتريت 2 أحذية ب 80 درهمًا لكل منهما. كم تبقى معك من المال؟,300 - (2 × 80),,,,,,,Subtraction,Subtraction
stu_1777023762902_7362,test_1781048227348_yh9wms9,choose_answer,0,2,choose_answer|attempt=0|log=2|41931eaf68,number_sense,0.2,operation_identification_from_context,Subtraction,OneStepProblem,WordProblem,Horizontal,1,23919,slow,1,,3.0,medium,,,2026-06-12T10:19:15.899Z,2026-06-12T10:21:08.039Z,إذا كنت قد وفرت 300 درهمًا، واشتريت 2 أحذية ب 80 درهمًا لكل منهما. كم تبقى معك من المال؟,300 - (2 × 80),,,,,,,Subtraction,Subtraction
stu_1777023762902_7362,test_1781048227348_yh9wms9,choose_answer,0,2,choose_answer|attempt=0|log=2|41931eaf68,sequential_thinking,0.2,operation_identification_from_context,Subtraction,OneStepProblem,WordProblem,Horizontal,1,23919,slow,1,,3.0,medium,,,2026-06-12T10:19:15.899Z,2026-06-12T10:21:08.039Z,إذا كنت قد وفرت 300 درهمًا، واشتريت 2 أحذية ب 80 درهمًا لكل منهما. كم تبقى معك من المال؟,300 - (2 × 80),,,,,,,Subtraction,Subtraction
stu_1777023762902_7362,test_1781048227348_yh9wms9,choose_answer,0,3,choose_answer|attempt=0|log=3|befa5c4e35,arithmetic_fluency,0.6,operation_identification_from_context,,OneStepProblem,WordProblem,Horizontal,1,10974,medium,0,,5.0,hard,,,2026-06-12T10:19:15.899Z,2026-06-12T10:21:08.039Z,لدى 70928 قطعة حلوى، أريد توزيعها بالتساوي على 13 أطفال. كم قطعة يحصل كل طفل؟,70928 ÷ 13,,,,,,,,
stu_1777023762902_7362,test_1781048227348_yh9wms9,choose_answer,0,3,choose_answer|attempt=0|log=3|befa5c4e35,number_sense,0.2,operation_identification_from_context,,OneStepProblem,WordProblem,Horizontal,1,10974,medium,0,,5.0,hard,,,2026-06-12T10:19:15.899Z,2026-06-12T10:21:08.039Z,لدى 70928 قطعة حلوى، أريد توزيعها بالتساوي على 13 أطفال. كم قطعة يحصل كل طفل؟,70928 ÷ 13,,,,,,,,
stu_1777023762902_7362,test_1781048227348_yh9wms9,choose_answer,0,3,choose_answer|attempt=0|log=3|befa5c4e35,sequential_thinking,0.2,operation_identification_from_context,,OneStepProblem,WordProblem,Horizontal,1,10974,medium,0,,5.0,hard,,,2026-06-12T10:19:15.899Z,2026-06-12T10:21:08.039Z,لدى 70928 قطعة حلوى، أريد توزيعها بالتساوي على 13 أطفال. كم قطعة يحصل كل طفل؟,70928 ÷ 13,,,,,,,,
stu_1777023762902_7362,test_1781048227348_yh9wms9,choose_answer,0,4,choose_answer|attempt=0|log=4|2be0f5a167,arithmetic_fluency,0.6,operation_identification_from_context,Subtraction,OneStepProblem,WordProblem,Horizontal,1,19683,medium,0,,5.0,hard,,,2026-06-12T10:19:15.899Z,2026-06-12T10:21:08.039Z,كان لديك 19019 تفاحة وأكلت 12805. كم بقي؟,19019 - 12805,,,,,,,Subtraction,Subtraction
stu_1777023762902_7362,test_1781048227348_yh9wms9,choose_answer,0,4,choose_answer|attempt=0|log=4|2be0f5a167,number_sense,0.2,operation_identification_from_context,Subtraction,OneStepProblem,WordProblem,Horizontal,1,19683,medium,0,,5.0,hard,,,2026-06-12T10:19:15.899Z,2026-06-12T10:21:08.039Z,كان لديك 19019 تفاحة وأكلت 12805. كم بقي؟,19019 - 12805,,,,,,,Subtraction,Subtraction
stu_1777023762902_7362,test_1781048227348_yh9wms9,choose_answer,0,4,choose_answer|attempt=0|log=4|2be0f5a167,sequential_thinking,0.2,operation_identification_from_context,Subtraction,OneStepProblem,WordProblem,Horizontal,1,19683,medium,0,,5.0,hard,,,2026-06-12T10:19:15.899Z,2026-06-12T10:21:08.039Z,كان لديك 19019 تفاحة وأكلت 12805. كم بقي؟,19019 - 12805,,,,,,,Subtraction,Subtraction
stu_1777023762902_7362,test_1781048227348_yh9wms9,identify_place_value,0,0,identify_place_value|attempt=0|log=0|5469493aa8,number_sense,1.0,place_value_identification,,PlaceValue,PlaceValue,Visual,1,82793,fast,0,,6.0,hard,,,2026-06-12T10:18:17.847Z,2026-06-12T10:19:15.628Z,,,,,"{""pos_0"": 4, ""pos_1"": 9, ""pos_2"": 3, ""pos_3"": 7, ""pos_4"": 8, ""pos_5"": 7}","{""pos_0"": 4, ""pos_1"": 9, ""pos_2"": 3, ""pos_3"": 7, ""pos_4"": 8, ""pos_5"": 7}",,,,
stu_1777023762902_7362,test_1781048227348_yh9wms9,identify_place_value,0,1,identify_place_value|attempt=0|log=1|035632c85e,number_sense,1.0,place_value_identification,,PlaceValue,PlaceValue,Visual,1,57781,fast,0,,6.0,hard,,,2026-06-12T10:18:17.847Z,2026-06-12T10:19:15.628Z,,,,,"{""pos_0"": 1, ""pos_1"": 3, ""pos_2"": 3, ""pos_3"": 2, ""pos_4"": 6, ""pos_5"": 2}","{""pos_0"": 1, ""pos_1"": 3, ""pos_2"": 3, ""pos_3"": 2, ""pos_4"": 6, ""pos_5"": 2}",,,,
stu_1777023762902_7362,test_1781048227348_yh9wms9,order_numbers,0,0,order_numbers|attempt=0|log=0|be8c504607,sequential_thinking,1.0,number_ordering,,Ordering_desc,Ordering,Visual,1,47575,fast,0,,6.0,hard,,2.0,2026-06-12T10:14:34.816Z,2026-06-12T10:16:54.827Z,,,,,,,,desc,,
stu_1777023762902_7362,test_1781048227348_yh9wms9,order_numbers,0,1,order_numbers|attempt=0|log=1|d8c521f53d,sequential_thinking,1.0,number_ordering,,Ordering_desc,Ordering,Visual,1,92435,fast,0,,6.0,hard,,7.0,2026-06-12T10:14:34.816Z,2026-06-12T10:16:54.827Z,,,,,,,,desc,,
stu_1777023762902_7362,test_1781048227348_yh9wms9,vertical_operations,0,0,vertical_operations|attempt=0|log=0|bbf7d1f7d4,arithmetic_fluency,1.0,vertical_operation_fluency,Multiplication,MultiStepMultiplication,VerticalOperation,Vertical,1,292533,fast,0,,5.0,hard,,,2026-06-12T10:21:08.180Z,2026-06-12T10:27:41.247Z,708 Multiplication 105,,74340,74340,,,,,,
stu_1777023762902_7362,test_1781048227348_yh9wms9,vertical_operations,0,1,vertical_operations|attempt=0|log=1|abad00b442,arithmetic_fluency,1.0,vertical_operation_fluency,Subtraction,SimpleSubtraction,VerticalOperation,Vertical,1,67454,fast,0,,3.0,medium,,,2026-06-12T10:21:08.180Z,2026-06-12T10:27:41.247Z,931 Subtraction 831,,100,100,,,,,,
stu_1777023762902_7362,test_1781048227348_yh9wms9,vertical_operations,0,2,vertical_operations|attempt=0|log=2|b0aeb93f5d,arithmetic_fluency,1.0,vertical_operation_fluency,Addition,AdditionWithCarry,VerticalOperation,Vertical,0,33080,fast,0,ComputationError,3.0,medium,,,2026-06-12T10:21:08.180Z,2026-06-12T10:27:41.247Z,484 Addition 450,,934,034,,,,,,
stu_1777023762902_7362,test_1781048227348_yh9wms9,vertical_operations,1,0,vertical_operations|attempt=1|log=0|d110ee1994,arithmetic_fluency,1.0,vertical_operation_fluency,Multiplication,MultiStepMultiplication,VerticalOperation,Vertical,1,112407,fast,0,,2.0,easy,,,2026-06-12T10:27:41.260Z,2026-06-12T10:30:30.954Z,2 Multiplication 16,,32,32,,,,,,
stu_1777023762902_7362,test_1781048227348_yh9wms9,vertical_operations,1,1,vertical_operations|attempt=1|log=1|b0e4d13962,arithmetic_fluency,1.0,vertical_operation_fluency,Addition,AdditionWithCarry,VerticalOperation,Vertical,1,40342,fast,0,,3.0,medium,,,2026-06-12T10:27:41.260Z,2026-06-12T10:30:30.954Z,58 Addition 56,,114,114,,,,,,
stu_1777023762902_7362,test_1781048227348_yh9wms9,vertical_operations,1,2,vertical_operations|attempt=1|log=2|4adc39832b,arithmetic_fluency,1.0,vertical_operation_fluency,Subtraction,SimpleSubtraction,VerticalOperation,Vertical,1,16945,fast,0,,2.0,easy,,,2026-06-12T10:27:41.260Z,2026-06-12T10:30:30.954Z,74 Subtraction 21,,53,53,,,,,,
stu_1777023763129_6667,test_1777023978840_kask7x7,choose_answer,0,0,choose_answer|attempt=0|log=0|b7f6f0493d,arithmetic_fluency,0.6,operation_identification_from_context,,OneStepProblem,WordProblem,Horizontal,0,47459,slow,1,ComputationError,2.0,easy,,,2026-04-28T13:28:59.897Z,2026-04-28T13:31:06.604Z,أشترت مريم 3 كتب، كل كتاب يكلف 40 درهما. كم دفعت مريم في المجمل؟,3 + 40,,,,,,,,Addition
stu_1777023763129_6667,test_1777023978840_kask7x7,choose_answer,0,0,choose_answer|attempt=0|log=0|b7f6f0493d,number_sense,0.2,operation_identification_from_context,,OneStepProblem,WordProblem,Horizontal,0,47459,slow,1,ComputationError,2.0,easy,,,2026-04-28T13:28:59.897Z,2026-04-28T13:31:06.604Z,أشترت مريم 3 كتب، كل كتاب يكلف 40 درهما. كم دفعت مريم في المجمل؟,3 + 40,,,,,,,,Addition
stu_1777023763129_6667,test_1777023978840_kask7x7,choose_answer,0,0,choose_answer|attempt=0|log=0|b7f6f0493d,sequential_thinking,0.2,operation_identification_from_context,,OneStepProblem,WordProblem,Horizontal,0,47459,slow,1,ComputationError,2.0,easy,,,2026-04-28T13:28:59.897Z,2026-04-28T13:31:06.604Z,أشترت مريم 3 كتب، كل كتاب يكلف 40 درهما. كم دفعت مريم في المجمل؟,3 + 40,,,,,,,,Addition
stu_1777023763129_6667,test_1777023978840_kask7x7,choose_answer,0,1,choose_answer|attempt=0|log=1|01dec1672b,arithmetic_fluency,0.6,operation_identification_from_context,,OneStepProblem,WordProblem,Horizontal,1,26902,slow,1,,2.0,easy,,,2026-04-28T13:28:59.897Z,2026-04-28T13:31:06.604Z,في إحدى المزارع هناك 8 حقول. في كل حقل 10 أشجار. كم عدد الأشجار في جميع الحقول؟,8 × 10,,,,,,,,
stu_1777023763129_6667,test_1777023978840_kask7x7,choose_answer,0,1,choose_answer|attempt=0|log=1|01dec1672b,number_sense,0.2,operation_identification_from_context,,OneStepProblem,WordProblem,Horizontal,1,26902,slow,1,,2.0,easy,,,2026-04-28T13:28:59.897Z,2026-04-28T13:31:06.604Z,في إحدى المزارع هناك 8 حقول. في كل حقل 10 أشجار. كم عدد الأشجار في جميع الحقول؟,8 × 10,,,,,,,,
stu_1777023763129_6667,test_1777023978840_kask7x7,choose_answer,0,1,choose_answer|attempt=0|log=1|01dec1672b,sequential_thinking,0.2,operation_identification_from_context,,OneStepProblem,WordProblem,Horizontal,1,26902,slow,1,,2.0,easy,,,2026-04-28T13:28:59.897Z,2026-04-28T13:31:06.604Z,في إحدى المزارع هناك 8 حقول. في كل حقل 10 أشجار. كم عدد الأشجار في جميع الحقول؟,8 × 10,,,,,,,,
stu_1777023763129_6667,test_1777023978840_kask7x7,choose_answer,0,2,choose_answer|attempt=0|log=2|e9c2525dc7,arithmetic_fluency,0.6,operation_identification_from_context,Addition,OneStepProblem,WordProblem,Horizontal,1,12923,medium,0,,2.0,easy,,,2026-04-28T13:28:59.897Z,2026-04-28T13:31:06.604Z,في مزرعة هناك 20 دجاجة. إذا وضعت 5 دجاجات أخرى. كم دجاجة في المجموع؟,20 + 5,,,,,,,Addition,Addition
stu_1777023763129_6667,test_1777023978840_kask7x7,choose_answer,0,2,choose_answer|attempt=0|log=2|e9c2525dc7,number_sense,0.2,operation_identification_from_context,Addition,OneStepProblem,WordProblem,Horizontal,1,12923,medium,0,,2.0,easy,,,2026-04-28T13:28:59.897Z,2026-04-28T13:31:06.604Z,في مزرعة هناك 20 دجاجة. إذا وضعت 5 دجاجات أخرى. كم دجاجة في المجموع؟,20 + 5,,,,,,,Addition,Addition
stu_1777023763129_6667,test_1777023978840_kask7x7,choose_answer,0,2,choose_answer|attempt=0|log=2|e9c2525dc7,sequential_thinking,0.2,operation_identification_from_context,Addition,OneStepProblem,WordProblem,Horizontal,1,12923,medium,0,,2.0,easy,,,2026-04-28T13:28:59.897Z,2026-04-28T13:31:06.604Z,في مزرعة هناك 20 دجاجة. إذا وضعت 5 دجاجات أخرى. كم دجاجة في المجموع؟,20 + 5,,,,,,,Addition,Addition
stu_1777023763129_6667,test_1777023978840_kask7x7,choose_answer,0,3,choose_answer|attempt=0|log=3|7a6a9c093e,arithmetic_fluency,0.6,operation_identification_from_context,,OneStepProblem,WordProblem,Horizontal,0,9017,fast,0,ComputationError,2.0,easy,,,2026-04-28T13:28:59.897Z,2026-04-28T13:31:06.604Z,أشترى علي 5 كتب، كل كتاب يكلف 70 درهمًا. كم دفع علي في المجمل؟,350 ÷ 5,,,,,,,,
stu_1777023763129_6667,test_1777023978840_kask7x7,choose_answer,0,3,choose_answer|attempt=0|log=3|7a6a9c093e,number_sense,0.2,operation_identification_from_context,,OneStepProblem,WordProblem,Horizontal,0,9017,fast,0,ComputationError,2.0,easy,,,2026-04-28T13:28:59.897Z,2026-04-28T13:31:06.604Z,أشترى علي 5 كتب، كل كتاب يكلف 70 درهمًا. كم دفع علي في المجمل؟,350 ÷ 5,,,,,,,,
stu_1777023763129_6667,test_1777023978840_kask7x7,choose_answer,0,3,choose_answer|attempt=0|log=3|7a6a9c093e,sequential_thinking,0.2,operation_identification_from_context,,OneStepProblem,WordProblem,Horizontal,0,9017,fast,0,ComputationError,2.0,easy,,,2026-04-28T13:28:59.897Z,2026-04-28T13:31:06.604Z,أشترى علي 5 كتب، كل كتاب يكلف 70 درهمًا. كم دفع علي في المجمل؟,350 ÷ 5,,,,,,,,
stu_1777023763129_6667,test_1777023978840_kask7x7,choose_answer,0,4,choose_answer|attempt=0|log=4|63a155e17e,arithmetic_fluency,0.6,operation_identification_from_context,,OneStepProblem,WordProblem,Horizontal,1,30406,slow,1,,2.0,easy,,,2026-04-28T13:28:59.897Z,2026-04-28T13:31:06.604Z,ذهب أحمد إلى السوق واشترى 2 كيلو من التفاح بسعر 15 درهمًا للكيلو. كم دفع أحمد في المجمل؟,2 × 15,,,,,,,,
stu_1777023763129_6667,test_1777023978840_kask7x7,choose_answer,0,4,choose_answer|attempt=0|log=4|63a155e17e,number_sense,0.2,operation_identification_from_context,,OneStepProblem,WordProblem,Horizontal,1,30406,slow,1,,2.0,easy,,,2026-04-28T13:28:59.897Z,2026-04-28T13:31:06.604Z,ذهب أحمد إلى السوق واشترى 2 كيلو من التفاح بسعر 15 درهمًا للكيلو. كم دفع أحمد في المجمل؟,2 × 15,,,,,,,,
stu_1777023763129_6667,test_1777023978840_kask7x7,choose_answer,0,4,choose_answer|attempt=0|log=4|63a155e17e,sequential_thinking,0.2,operation_identification_from_context,,OneStepProblem,WordProblem,Horizontal,1,30406,slow,1,,2.0,easy,,,2026-04-28T13:28:59.897Z,2026-04-28T13:31:06.604Z,ذهب أحمد إلى السوق واشترى 2 كيلو من التفاح بسعر 15 درهمًا للكيلو. كم دفع أحمد في المجمل؟,2 × 15,,,,,,,,
stu_1777023763129_6667,test_1777023978840_kask7x7,choose_answer,1,0,choose_answer|attempt=1|log=0|26fa41bb4a,arithmetic_fluency,0.6,operation_identification_from_context,Addition,OneStepProblem,WordProblem,Horizontal,1,11386,medium,0,,2.0,easy,,,2026-04-28T13:31:06.711Z,2026-04-28T13:32:49.157Z,في مزرعة هناك 20 دجاجة. إذا وضعت 5 دجاجات أخرى. كم دجاجة في المجموع؟,20 + 5,,,,,,,Addition,Addition
stu_1777023763129_6667,test_1777023978840_kask7x7,choose_answer,1,0,choose_answer|attempt=1|log=0|26fa41bb4a,number_sense,0.2,operation_identification_from_context,Addition,OneStepProblem,WordProblem,Horizontal,1,11386,medium,0,,2.0,easy,,,2026-04-28T13:31:06.711Z,2026-04-28T13:32:49.157Z,في مزرعة هناك 20 دجاجة. إذا وضعت 5 دجاجات أخرى. كم دجاجة في المجموع؟,20 + 5,,,,,,,Addition,Addition
stu_1777023763129_6667,test_1777023978840_kask7x7,choose_answer,1,0,choose_answer|attempt=1|log=0|26fa41bb4a,sequential_thinking,0.2,operation_identification_from_context,Addition,OneStepProblem,WordProblem,Horizontal,1,11386,medium,0,,2.0,easy,,,2026-04-28T13:31:06.711Z,2026-04-28T13:32:49.157Z,في مزرعة هناك 20 دجاجة. إذا وضعت 5 دجاجات أخرى. كم دجاجة في المجموع؟,20 + 5,,,,,,,Addition,Addition
stu_1777023763129_6667,test_1777023978840_kask7x7,choose_answer,1,1,choose_answer|attempt=1|log=1|7bc8487e1d,arithmetic_fluency,0.6,operation_identification_from_context,Subtraction,OneStepProblem,WordProblem,Horizontal,1,4557,fast,0,,2.0,easy,,,2026-04-28T13:31:06.711Z,2026-04-28T13:32:49.157Z,لدى فاطمة 80 درهمًا. إذا اشترت 4 كتب، كل كتاب يكلف 20 درهمًا، كم تبقى معها؟,80 - (4 × 20),,,,,,,Subtraction,Subtraction
stu_1777023763129_6667,test_1777023978840_kask7x7,choose_answer,1,1,choose_answer|attempt=1|log=1|7bc8487e1d,number_sense,0.2,operation_identification_from_context,Subtraction,OneStepProblem,WordProblem,Horizontal,1,4557,fast,0,,2.0,easy,,,2026-04-28T13:31:06.711Z,2026-04-28T13:32:49.157Z,لدى فاطمة 80 درهمًا. إذا اشترت 4 كتب، كل كتاب يكلف 20 درهمًا، كم تبقى معها؟,80 - (4 × 20),,,,,,,Subtraction,Subtraction
stu_1777023763129_6667,test_1777023978840_kask7x7,choose_answer,1,1,choose_answer|attempt=1|log=1|7bc8487e1d,sequential_thinking,0.2,operation_identification_from_context,Subtraction,OneStepProblem,WordProblem,Horizontal,1,4557,fast,0,,2.0,easy,,,2026-04-28T13:31:06.711Z,2026-04-28T13:32:49.157Z,لدى فاطمة 80 درهمًا. إذا اشترت 4 كتب، كل كتاب يكلف 20 درهمًا، كم تبقى معها؟,80 - (4 × 20),,,,,,,Subtraction,Subtraction
stu_1777023763129_6667,test_1777023978840_kask7x7,choose_answer,1,2,choose_answer|attempt=1|log=2|fb4b6eef1e,arithmetic_fluency,0.6,operation_identification_from_context,Subtraction,OneStepProblem,WordProblem,Horizontal,1,33965,slow,1,,2.0,easy,,,2026-04-28T13:31:06.711Z,2026-04-28T13:32:49.157Z,كانت عندك 10 تفاحات، أكلت 3. كم بقي؟,10 - 3,,,,,,,Subtraction,Subtraction
stu_1777023763129_6667,test_1777023978840_kask7x7,choose_answer,1,2,choose_answer|attempt=1|log=2|fb4b6eef1e,number_sense,0.2,operation_identification_from_context,Subtraction,OneStepProblem,WordProblem,Horizontal,1,33965,slow,1,,2.0,easy,,,2026-04-28T13:31:06.711Z,2026-04-28T13:32:49.157Z,كانت عندك 10 تفاحات، أكلت 3. كم بقي؟,10 - 3,,,,,,,Subtraction,Subtraction
stu_1777023763129_6667,test_1777023978840_kask7x7,choose_answer,1,2,choose_answer|attempt=1|log=2|fb4b6eef1e,sequential_thinking,0.2,operation_identification_from_context,Subtraction,OneStepProblem,WordProblem,Horizontal,1,33965,slow,1,,2.0,easy,,,2026-04-28T13:31:06.711Z,2026-04-28T13:32:49.157Z,كانت عندك 10 تفاحات، أكلت 3. كم بقي؟,10 - 3,,,,,,,Subtraction,Subtraction
stu_1777023763129_6667,test_1777023978840_kask7x7,choose_answer,1,3,choose_answer|attempt=1|log=3|416dd4f7a0,arithmetic_fluency,0.6,operation_identification_from_context,Addition,OneStepProblem,WordProblem,Horizontal,0,18643,medium,0,MisidentifiedOperation,2.0,easy,,,2026-04-28T13:31:06.711Z,2026-04-28T13:32:49.157Z,تملك سلوى 30 درهما ومنحها أبوها 20 درهما. كم أصبح لدى سلوى من درهم؟,30 - 20,,,,,,,Addition,Subtraction
stu_1777023763129_6667,test_1777023978840_kask7x7,choose_answer,1,3,choose_answer|attempt=1|log=3|416dd4f7a0,number_sense,0.2,operation_identification_from_context,Addition,OneStepProblem,WordProblem,Horizontal,0,18643,medium,0,MisidentifiedOperation,2.0,easy,,,2026-04-28T13:31:06.711Z,2026-04-28T13:32:49.157Z,تملك سلوى 30 درهما ومنحها أبوها 20 درهما. كم أصبح لدى سلوى من درهم؟,30 - 20,,,,,,,Addition,Subtraction
stu_1777023763129_6667,test_1777023978840_kask7x7,choose_answer,1,3,choose_answer|attempt=1|log=3|416dd4f7a0,sequential_thinking,0.2,operation_identification_from_context,Addition,OneStepProblem,WordProblem,Horizontal,0,18643,medium,0,MisidentifiedOperation,2.0,easy,,,2026-04-28T13:31:06.711Z,2026-04-28T13:32:49.157Z,تملك سلوى 30 درهما ومنحها أبوها 20 درهما. كم أصبح لدى سلوى من درهم؟,30 - 20,,,,,,,Addition,Subtraction
stu_1777023763129_6667,test_1777023978840_kask7x7,choose_answer,1,4,choose_answer|attempt=1|log=4|ce8dbb3931,arithmetic_fluency,0.6,operation_identification_from_context,Addition,OneStepProblem,WordProblem,Horizontal,1,33895,slow,1,,2.0,easy,,,2026-04-28T13:31:06.711Z,2026-04-28T13:32:49.157Z,في حديقة هناك 45 شجرة، زرعوا 12 شجرة أخرى. كم عدد الأشجار في الحديقة الآن؟,45 + 12,,,,,,,Addition,Addition
stu_1777023763129_6667,test_1777023978840_kask7x7,choose_answer,1,4,choose_answer|attempt=1|log=4|ce8dbb3931,number_sense,0.2,operation_identification_from_context,Addition,OneStepProblem,WordProblem,Horizontal,1,33895,slow,1,,2.0,easy,,,2026-04-28T13:31:06.711Z,2026-04-28T13:32:49.157Z,في حديقة هناك 45 شجرة، زرعوا 12 شجرة أخرى. كم عدد الأشجار في الحديقة الآن؟,45 + 12,,,,,,,Addition,Addition
stu_1777023763129_6667,test_1777023978840_kask7x7,choose_answer,1,4,choose_answer|attempt=1|log=4|ce8dbb3931,sequential_thinking,0.2,operation_identification_from_context,Addition,OneStepProblem,WordProblem,Horizontal,1,33895,slow,1,,2.0,easy,,,2026-04-28T13:31:06.711Z,2026-04-28T13:32:49.157Z,في حديقة هناك 45 شجرة، زرعوا 12 شجرة أخرى. كم عدد الأشجار في الحديقة الآن؟,45 + 12,,,,,,,Addition,Addition
stu_1777023763129_6667,test_1777023978840_kask7x7,compare_numbers,0,0,compare_numbers|attempt=0|log=0|d9452d5823,comparison_skill,1.0,number_comparison,,Greater,Comparison,Horizontal,1,24681,slow,1,,3.0,medium,,,2026-04-28T13:36:35.663Z,2026-04-28T13:37:50.909Z,,,,,,,Greater,,,
stu_1777023763129_6667,test_1777023978840_kask7x7,compare_numbers,0,1,compare_numbers|attempt=0|log=1|dc0c59c675,comparison_skill,1.0,number_comparison,,Less,Comparison,Horizontal,1,44939,slow,1,,3.0,medium,,,2026-04-28T13:36:35.663Z,2026-04-28T13:37:50.909Z,,,,,,,Less,,,
stu_1777023763129_6667,test_1777023978840_kask7x7,compare_numbers,0,2,compare_numbers|attempt=0|log=2|61b4aa91ca,comparison_skill,1.0,number_comparison,,Equal,Comparison,Horizontal,1,5626,fast,0,,3.0,medium,,,2026-04-28T13:36:35.663Z,2026-04-28T13:37:50.909Z,,,,,,,Equal,,,
stu_1777023763129_6667,test_1777023978840_kask7x7,find_previous_next_number,0,0,find_previous_next_number|attempt=0|log=0|086a1b6509,sequential_thinking,1.0,previous_next_number,,PreviousAndNext,Sequence,Horizontal,1,48617,fast,0,,3.0,medium,280-289,,2026-04-28T13:36:19.270Z,2026-04-28T13:36:35.574Z,285,,,,"[284, 286]","[284, 286]",,,,
stu_1777023763129_6667,test_1777023978840_kask7x7,find_previous_next_number,0,1,find_previous_next_number|attempt=0|log=1|e1803da4d4,sequential_thinking,1.0,previous_next_number,,PreviousAndNext,Sequence,Horizontal,1,24909,fast,0,,3.0,medium,530-539,,2026-04-28T13:36:19.270Z,2026-04-28T13:36:35.574Z,534,,,,"[533, 535]","[533, 535]",,,,
stu_1777023763129_6667,test_1777023978840_kask7x7,find_previous_next_number,0,2,find_previous_next_number|attempt=0|log=2|985e61cc83,sequential_thinking,1.0,previous_next_number,,PreviousAndNext,Sequence,Horizontal,1,16303,fast,0,,2.0,easy,80-89,,2026-04-28T13:36:19.270Z,2026-04-28T13:36:35.574Z,85,,,,"[84, 86]","[84, 86]",,,,
stu_1777023763129_6667,test_1777023978840_kask7x7,identify_place_value,0,0,identify_place_value|attempt=0|log=0|ad9ae90c10,number_sense,1.0,place_value_identification,,PlaceValue,PlaceValue,Visual,1,63848,fast,0,,2.0,easy,,,2026-04-28T13:28:25.905Z,2026-04-28T13:28:59.799Z,,,,,"{""pos_0"": 5, ""pos_1"": 1}","{""pos_0"": 5, ""pos_1"": 1}",,,,
stu_1777023763129_6667,test_1777023978840_kask7x7,identify_place_value,0,1,identify_place_value|attempt=0|log=1|b625e1a0b3,number_sense,1.0,place_value_identification,,PlaceValue,PlaceValue,Visual,1,31976,fast,0,,2.0,easy,,,2026-04-28T13:28:25.905Z,2026-04-28T13:28:59.799Z,,,,,"{""pos_0"": 7, ""pos_1"": 4}","{""pos_0"": 7, ""pos_1"": 4}",,,,
stu_1777023763129_6667,test_1777023978840_kask7x7,identify_place_value,0,2,identify_place_value|attempt=0|log=2|fa42a0e35b,number_sense,1.0,place_value_identification,,PlaceValue,PlaceValue,Visual,1,58458,fast,0,,2.0,easy,,,2026-04-28T13:28:25.905Z,2026-04-28T13:28:59.799Z,,,,,"{""pos_0"": 2, ""pos_1"": 7}","{""pos_0"": 2, ""pos_1"": ""7""}",,,,
stu_1777023763129_6667,test_1777023978840_kask7x7,identify_place_value,0,3,identify_place_value|attempt=0|log=3|3a9f4f763f,number_sense,1.0,place_value_identification,,PlaceValue,PlaceValue,Visual,1,33894,fast,0,,2.0,easy,,,2026-04-28T13:28:25.905Z,2026-04-28T13:28:59.799Z,,,,,"{""pos_0"": 5, ""pos_1"": 7}","{""pos_0"": 5, ""pos_1"": 7}",,,,
stu_1777023763129_6667,test_1777023978840_kask7x7,order_numbers,0,0,order_numbers|attempt=0|log=0|91b594f114,sequential_thinking,1.0,number_ordering,,Ordering_asc,Ordering,Visual,1,72560,fast,0,,2.0,easy,,6.0,2026-04-28T13:22:48.911Z,2026-04-28T13:25:51.521Z,,,,,,,,asc,,
stu_1777023763129_6667,test_1777023978840_kask7x7,order_numbers,0,1,order_numbers|attempt=0|log=1|e6e954044c,sequential_thinking,1.0,number_ordering,,Ordering_desc,Ordering,Visual,1,40639,fast,0,,2.0,easy,,2.0,2026-04-28T13:22:48.911Z,2026-04-28T13:25:51.521Z,,,,,,,,desc,,
stu_1777023763129_6667,test_1777023978840_kask7x7,order_numbers,0,2,order_numbers|attempt=0|log=2|1270e79636,sequential_thinking,1.0,number_ordering,,Ordering_asc,Ordering,Visual,1,69410,fast,0,,2.0,easy,,5.0,2026-04-28T13:22:48.911Z,2026-04-28T13:25:51.521Z,,,,,,,,asc,,
stu_1777023763129_6667,test_1777023978840_kask7x7,vertical_operations,0,0,vertical_operations|attempt=0|log=0|1dc77ef8f8,arithmetic_fluency,1.0,vertical_operation_fluency,Subtraction,SubtractionWithBorrow,VerticalOperation,Vertical,1,83773,fast,0,,4.0,hard,,,2026-04-28T13:32:49.265Z,2026-04-28T13:35:05.719Z,4171 Subtraction 3449,,722,722,,,,,,
stu_1777023763129_6667,test_1777023978840_kask7x7,vertical_operations,0,1,vertical_operations|attempt=0|log=1|8c7587f2df,arithmetic_fluency,1.0,vertical_operation_fluency,Addition,AdditionWithCarry,VerticalOperation,Vertical,1,52681,fast,0,,5.0,hard,,,2026-04-28T13:32:49.265Z,2026-04-28T13:35:05.719Z,9284 Addition 6000,,15284,15284,,,,,,
stu_1777023763129_6667,test_1781048227348_yh9wms9,choose_answer,0,0,choose_answer|attempt=0|log=0|47cc5ef5b1,arithmetic_fluency,0.6,operation_identification_from_context,Subtraction,OneStepProblem,WordProblem,Horizontal,0,29819,slow,1,ComputationError,3.0,medium,,,2026-06-12T10:48:59.192Z,2026-06-12T10:50:44.753Z,إذا كانت لديك 500 درهمًا وأعطيت 200 درهمًا لصديقك، كم يتبقى لديك؟,500 - 300,,,,,,,Subtraction,Subtraction
stu_1777023763129_6667,test_1781048227348_yh9wms9,choose_answer,0,0,choose_answer|attempt=0|log=0|47cc5ef5b1,number_sense,0.2,operation_identification_from_context,Subtraction,OneStepProblem,WordProblem,Horizontal,0,29819,slow,1,ComputationError,3.0,medium,,,2026-06-12T10:48:59.192Z,2026-06-12T10:50:44.753Z,إذا كانت لديك 500 درهمًا وأعطيت 200 درهمًا لصديقك، كم يتبقى لديك؟,500 - 300,,,,,,,Subtraction,Subtraction
stu_1777023763129_6667,test_1781048227348_yh9wms9,choose_answer,0,0,choose_answer|attempt=0|log=0|47cc5ef5b1,sequential_thinking,0.2,operation_identification_from_context,Subtraction,OneStepProblem,WordProblem,Horizontal,0,29819,slow,1,ComputationError,3.0,medium,,,2026-06-12T10:48:59.192Z,2026-06-12T10:50:44.753Z,إذا كانت لديك 500 درهمًا وأعطيت 200 درهمًا لصديقك، كم يتبقى لديك؟,500 - 300,,,,,,,Subtraction,Subtraction
stu_1777023763129_6667,test_1781048227348_yh9wms9,choose_answer,0,1,choose_answer|attempt=0|log=1|88d29624f8,arithmetic_fluency,0.6,operation_identification_from_context,,OneStepProblem,WordProblem,Horizontal,0,10828,medium,0,ComputationError,5.0,hard,,,2026-06-12T10:48:59.192Z,2026-06-12T10:50:44.753Z,لدى 63910 قطعة حلوى، أريد توزيعها بالتساوي على 10 أطفال. كم قطعة يحصل كل طفل؟,63910 × 10,,,,,,,,
stu_1777023763129_6667,test_1781048227348_yh9wms9,choose_answer,0,1,choose_answer|attempt=0|log=1|88d29624f8,number_sense,0.2,operation_identification_from_context,,OneStepProblem,WordProblem,Horizontal,0,10828,medium,0,ComputationError,5.0,hard,,,2026-06-12T10:48:59.192Z,2026-06-12T10:50:44.753Z,لدى 63910 قطعة حلوى، أريد توزيعها بالتساوي على 10 أطفال. كم قطعة يحصل كل طفل؟,63910 × 10,,,,,,,,
stu_1777023763129_6667,test_1781048227348_yh9wms9,choose_answer,0,1,choose_answer|attempt=0|log=1|88d29624f8,sequential_thinking,0.2,operation_identification_from_context,,OneStepProblem,WordProblem,Horizontal,0,10828,medium,0,ComputationError,5.0,hard,,,2026-06-12T10:48:59.192Z,2026-06-12T10:50:44.753Z,لدى 63910 قطعة حلوى، أريد توزيعها بالتساوي على 10 أطفال. كم قطعة يحصل كل طفل؟,63910 × 10,,,,,,,,
stu_1777023763129_6667,test_1781048227348_yh9wms9,choose_answer,0,2,choose_answer|attempt=0|log=2|dd6940de40,arithmetic_fluency,0.6,operation_identification_from_context,,OneStepProblem,WordProblem,Horizontal,1,31421,slow,1,,2.0,easy,,,2026-06-12T10:48:59.192Z,2026-06-12T10:50:44.753Z,أشترت مريم 3 كتب، كل كتاب يكلف 40 درهما. كم دفعت مريم في المجمل؟,3 × 40,,,,,,,,
stu_1777023763129_6667,test_1781048227348_yh9wms9,choose_answer,0,2,choose_answer|attempt=0|log=2|dd6940de40,number_sense,0.2,operation_identification_from_context,,OneStepProblem,WordProblem,Horizontal,1,31421,slow,1,,2.0,easy,,,2026-06-12T10:48:59.192Z,2026-06-12T10:50:44.753Z,أشترت مريم 3 كتب، كل كتاب يكلف 40 درهما. كم دفعت مريم في المجمل؟,3 × 40,,,,,,,,
stu_1777023763129_6667,test_1781048227348_yh9wms9,choose_answer,0,2,choose_answer|attempt=0|log=2|dd6940de40,sequential_thinking,0.2,operation_identification_from_context,,OneStepProblem,WordProblem,Horizontal,1,31421,slow,1,,2.0,easy,,,2026-06-12T10:48:59.192Z,2026-06-12T10:50:44.753Z,أشترت مريم 3 كتب، كل كتاب يكلف 40 درهما. كم دفعت مريم في المجمل؟,3 × 40,,,,,,,,
stu_1777023763129_6667,test_1781048227348_yh9wms9,choose_answer,0,3,choose_answer|attempt=0|log=3|32d443cc1b,arithmetic_fluency,0.6,operation_identification_from_context,,OneStepProblem,WordProblem,Horizontal,1,23227,slow,1,,2.0,easy,,,2026-06-12T10:48:59.192Z,2026-06-12T10:50:44.753Z,اشترى أحمد 58 كيلو من التفاح بسعر 93 درهمًا للكيلو. كم دفع أحمد في المجمل؟,58 × 93,,,,,,,,
stu_1777023763129_6667,test_1781048227348_yh9wms9,choose_answer,0,3,choose_answer|attempt=0|log=3|32d443cc1b,number_sense,0.2,operation_identification_from_context,,OneStepProblem,WordProblem,Horizontal,1,23227,slow,1,,2.0,easy,,,2026-06-12T10:48:59.192Z,2026-06-12T10:50:44.753Z,اشترى أحمد 58 كيلو من التفاح بسعر 93 درهمًا للكيلو. كم دفع أحمد في المجمل؟,58 × 93,,,,,,,,
stu_1777023763129_6667,test_1781048227348_yh9wms9,choose_answer,0,3,choose_answer|attempt=0|log=3|32d443cc1b,sequential_thinking,0.2,operation_identification_from_context,,OneStepProblem,WordProblem,Horizontal,1,23227,slow,1,,2.0,easy,,,2026-06-12T10:48:59.192Z,2026-06-12T10:50:44.753Z,اشترى أحمد 58 كيلو من التفاح بسعر 93 درهمًا للكيلو. كم دفع أحمد في المجمل؟,58 × 93,,,,,,,,
stu_1777023763129_6667,test_1781048227348_yh9wms9,choose_answer,0,4,choose_answer|attempt=0|log=4|1600d14a6d,arithmetic_fluency,0.6,operation_identification_from_context,Subtraction,OneStepProblem,WordProblem,Horizontal,1,10261,medium,0,,3.0,medium,,,2026-06-12T10:48:59.192Z,2026-06-12T10:50:44.753Z,لدى أحمد 120 درهما، وأعطى 50 درهما لصديقه. كم تبقى لديه؟,120 - 50,,,,,,,Subtraction,Subtraction
stu_1777023763129_6667,test_1781048227348_yh9wms9,choose_answer,0,4,choose_answer|attempt=0|log=4|1600d14a6d,number_sense,0.2,operation_identification_from_context,Subtraction,OneStepProblem,WordProblem,Horizontal,1,10261,medium,0,,3.0,medium,,,2026-06-12T10:48:59.192Z,2026-06-12T10:50:44.753Z,لدى أحمد 120 درهما، وأعطى 50 درهما لصديقه. كم تبقى لديه؟,120 - 50,,,,,,,Subtraction,Subtraction
stu_1777023763129_6667,test_1781048227348_yh9wms9,choose_answer,0,4,choose_answer|attempt=0|log=4|1600d14a6d,sequential_thinking,0.2,operation_identification_from_context,Subtraction,OneStepProblem,WordProblem,Horizontal,1,10261,medium,0,,3.0,medium,,,2026-06-12T10:48:59.192Z,2026-06-12T10:50:44.753Z,لدى أحمد 120 درهما، وأعطى 50 درهما لصديقه. كم تبقى لديه؟,120 - 50,,,,,,,Subtraction,Subtraction
stu_1777023763129_6667,test_1781048227348_yh9wms9,choose_answer,1,0,choose_answer|attempt=1|log=0|66d372fc6b,arithmetic_fluency,0.6,operation_identification_from_context,,OneStepProblem,WordProblem,Horizontal,1,18814,medium,0,,4.0,hard,,,2026-06-12T10:50:44.860Z,2026-06-12T10:52:01.891Z,لدى 9667 قطعة حلوى، أريد توزيعها بالتساوي على 7 أطفال. كم قطعة يحصل كل طفل؟,9667 ÷ 7,,,,,,,,
stu_1777023763129_6667,test_1781048227348_yh9wms9,choose_answer,1,0,choose_answer|attempt=1|log=0|66d372fc6b,number_sense,0.2,operation_identification_from_context,,OneStepProblem,WordProblem,Horizontal,1,18814,medium,0,,4.0,hard,,,2026-06-12T10:50:44.860Z,2026-06-12T10:52:01.891Z,لدى 9667 قطعة حلوى، أريد توزيعها بالتساوي على 7 أطفال. كم قطعة يحصل كل طفل؟,9667 ÷ 7,,,,,,,,
stu_1777023763129_6667,test_1781048227348_yh9wms9,choose_answer,1,0,choose_answer|attempt=1|log=0|66d372fc6b,sequential_thinking,0.2,operation_identification_from_context,,OneStepProblem,WordProblem,Horizontal,1,18814,medium,0,,4.0,hard,,,2026-06-12T10:50:44.860Z,2026-06-12T10:52:01.891Z,لدى 9667 قطعة حلوى، أريد توزيعها بالتساوي على 7 أطفال. كم قطعة يحصل كل طفل؟,9667 ÷ 7,,,,,,,,
stu_1777023763129_6667,test_1781048227348_yh9wms9,choose_answer,1,1,choose_answer|attempt=1|log=1|a37b45917c,arithmetic_fluency,0.6,operation_identification_from_context,,OneStepProblem,WordProblem,Horizontal,1,14579,medium,0,,4.0,hard,,,2026-06-12T10:50:44.860Z,2026-06-12T10:52:01.891Z,لدى 1771 قطعة حلوى، أريد توزيعها بالتساوي على 11 أطفال. كم قطعة يحصل كل طفل؟,1771 ÷ 11,,,,,,,,
stu_1777023763129_6667,test_1781048227348_yh9wms9,choose_answer,1,1,choose_answer|attempt=1|log=1|a37b45917c,number_sense,0.2,operation_identification_from_context,,OneStepProblem,WordProblem,Horizontal,1,14579,medium,0,,4.0,hard,,,2026-06-12T10:50:44.860Z,2026-06-12T10:52:01.891Z,لدى 1771 قطعة حلوى، أريد توزيعها بالتساوي على 11 أطفال. كم قطعة يحصل كل طفل؟,1771 ÷ 11,,,,,,,,
stu_1777023763129_6667,test_1781048227348_yh9wms9,choose_answer,1,1,choose_answer|attempt=1|log=1|a37b45917c,sequential_thinking,0.2,operation_identification_from_context,,OneStepProblem,WordProblem,Horizontal,1,14579,medium,0,,4.0,hard,,,2026-06-12T10:50:44.860Z,2026-06-12T10:52:01.891Z,لدى 1771 قطعة حلوى، أريد توزيعها بالتساوي على 11 أطفال. كم قطعة يحصل كل طفل؟,1771 ÷ 11,,,,,,,,
stu_1777023763129_6667,test_1781048227348_yh9wms9,choose_answer,1,2,choose_answer|attempt=1|log=2|d6145e8699,arithmetic_fluency,0.6,operation_identification_from_context,Subtraction,OneStepProblem,WordProblem,Horizontal,0,6980,fast,0,ComputationError,4.0,hard,,,2026-06-12T10:50:44.860Z,2026-06-12T10:52:01.891Z,لدى أحمد 5938 درهما، وأعطى 2956 درهما لصديقه. كم تبقى لديه؟,2956 - 5938,,,,,,,Subtraction,Subtraction
stu_1777023763129_6667,test_1781048227348_yh9wms9,choose_answer,1,2,choose_answer|attempt=1|log=2|d6145e8699,number_sense,0.2,operation_identification_from_context,Subtraction,OneStepProblem,WordProblem,Horizontal,0,6980,fast,0,ComputationError,4.0,hard,,,2026-06-12T10:50:44.860Z,2026-06-12T10:52:01.891Z,لدى أحمد 5938 درهما، وأعطى 2956 درهما لصديقه. كم تبقى لديه؟,2956 - 5938,,,,,,,Subtraction,Subtraction
stu_1777023763129_6667,test_1781048227348_yh9wms9,choose_answer,1,2,choose_answer|attempt=1|log=2|d6145e8699,sequential_thinking,0.2,operation_identification_from_context,Subtraction,OneStepProblem,WordProblem,Horizontal,0,6980,fast,0,ComputationError,4.0,hard,,,2026-06-12T10:50:44.860Z,2026-06-12T10:52:01.891Z,لدى أحمد 5938 درهما، وأعطى 2956 درهما لصديقه. كم تبقى لديه؟,2956 - 5938,,,,,,,Subtraction,Subtraction
stu_1777023763129_6667,test_1781048227348_yh9wms9,choose_answer,1,3,choose_answer|attempt=1|log=3|3d5349c3ca,arithmetic_fluency,0.6,operation_identification_from_context,,OneStepProblem,WordProblem,Horizontal,1,20460,slow,1,,2.0,easy,,,2026-06-12T10:50:44.860Z,2026-06-12T10:52:01.891Z,في إحدى المزارع هناك 8 حقول. في كل حقل 10 أشجار. كم عدد الأشجار في جميع الحقول؟,8 × 10,,,,,,,,
stu_1777023763129_6667,test_1781048227348_yh9wms9,choose_answer,1,3,choose_answer|attempt=1|log=3|3d5349c3ca,number_sense,0.2,operation_identification_from_context,,OneStepProblem,WordProblem,Horizontal,1,20460,slow,1,,2.0,easy,,,2026-06-12T10:50:44.860Z,2026-06-12T10:52:01.891Z,في إحدى المزارع هناك 8 حقول. في كل حقل 10 أشجار. كم عدد الأشجار في جميع الحقول؟,8 × 10,,,,,,,,
stu_1777023763129_6667,test_1781048227348_yh9wms9,choose_answer,1,3,choose_answer|attempt=1|log=3|3d5349c3ca,sequential_thinking,0.2,operation_identification_from_context,,OneStepProblem,WordProblem,Horizontal,1,20460,slow,1,,2.0,easy,,,2026-06-12T10:50:44.860Z,2026-06-12T10:52:01.891Z,في إحدى المزارع هناك 8 حقول. في كل حقل 10 أشجار. كم عدد الأشجار في جميع الحقول؟,8 × 10,,,,,,,,
stu_1777023763129_6667,test_1781048227348_yh9wms9,choose_answer,1,4,choose_answer|attempt=1|log=4|4b1676f629,arithmetic_fluency,0.6,operation_identification_from_context,Subtraction,OneStepProblem,WordProblem,Horizontal,1,16193,medium,0,,4.0,hard,,,2026-06-12T10:50:44.860Z,2026-06-12T10:52:01.891Z,لدى أحمد 1342 درهما، وأعطى 18 درهما لصديقه. كم تبقى لديه؟,1342 - 18,,,,,,,Subtraction,Subtraction
stu_1777023763129_6667,test_1781048227348_yh9wms9,choose_answer,1,4,choose_answer|attempt=1|log=4|4b1676f629,number_sense,0.2,operation_identification_from_context,Subtraction,OneStepProblem,WordProblem,Horizontal,1,16193,medium,0,,4.0,hard,,,2026-06-12T10:50:44.860Z,2026-06-12T10:52:01.891Z,لدى أحمد 1342 درهما، وأعطى 18 درهما لصديقه. كم تبقى لديه؟,1342 - 18,,,,,,,Subtraction,Subtraction
stu_1777023763129_6667,test_1781048227348_yh9wms9,choose_answer,1,4,choose_answer|attempt=1|log=4|4b1676f629,sequential_thinking,0.2,operation_identification_from_context,Subtraction,OneStepProblem,WordProblem,Horizontal,1,16193,medium,0,,4.0,hard,,,2026-06-12T10:50:44.860Z,2026-06-12T10:52:01.891Z,لدى أحمد 1342 درهما، وأعطى 18 درهما لصديقه. كم تبقى لديه؟,1342 - 18,,,,,,,Subtraction,Subtraction
stu_1777023763129_6667,test_1781048227348_yh9wms9,identify_place_value,0,0,identify_place_value|attempt=0|log=0|d425a1cc67,number_sense,1.0,place_value_identification,,PlaceValue,PlaceValue,Visual,1,79059,fast,0,,6.0,hard,,,2026-06-12T10:47:43.438Z,2026-06-12T10:48:59.095Z,,,,,"{""pos_0"": 4, ""pos_1"": 3, ""pos_2"": 8, ""pos_3"": 1, ""pos_4"": 5, ""pos_5"": 0}","{""pos_0"": 4, ""pos_1"": 3, ""pos_2"": 8, ""pos_3"": 1, ""pos_4"": 5, ""pos_5"": 0}",,,,
stu_1777023763129_6667,test_1781048227348_yh9wms9,identify_place_value,0,1,identify_place_value|attempt=0|log=1|4bf1864326,number_sense,1.0,place_value_identification,,PlaceValue,PlaceValue,Visual,1,75649,fast,0,,6.0,hard,,,2026-06-12T10:47:43.438Z,2026-06-12T10:48:59.095Z,,,,,"{""pos_0"": 9, ""pos_1"": 9, ""pos_2"": 7, ""pos_3"": 7, ""pos_4"": 9, ""pos_5"": 7}","{""pos_0"": 9, ""pos_1"": 9, ""pos_2"": 7, ""pos_3"": 7, ""pos_4"": 9, ""pos_5"": 7}",,,,
stu_1777023763129_6667,test_1781048227348_yh9wms9,order_numbers,0,0,order_numbers|attempt=0|log=0|6f3c4f1e97,sequential_thinking,1.0,number_ordering,,Ordering_desc,Ordering,Visual,0,12874,fast,0,ReversedAscending,6.0,hard,,2.0,2026-06-12T10:43:31.995Z,2026-06-12T10:45:08.444Z,,,,,,,,desc,,
stu_1777023763129_6667,test_1781048227348_yh9wms9,order_numbers,0,1,order_numbers|attempt=0|log=1|2bfc20d6f9,sequential_thinking,1.0,number_ordering,,Ordering_desc,Ordering,Visual,0,83562,fast,0,MultipleMisplacements,6.0,hard,,6.0,2026-06-12T10:43:31.995Z,2026-06-12T10:45:08.444Z,,,,,,,,desc,,
stu_1777023763129_6667,test_1781048227348_yh9wms9,order_numbers,1,0,order_numbers|attempt=1|log=0|df0eba1f8a,sequential_thinking,1.0,number_ordering,,Ordering_desc,Ordering,Visual,0,30953,fast,0,MultipleMisplacements,5.0,hard,,4.0,2026-06-12T10:45:08.541Z,2026-06-12T10:46:24.217Z,,,,,,,,desc,,
stu_1777023763129_6667,test_1781048227348_yh9wms9,order_numbers,1,1,order_numbers|attempt=1|log=1|81a10744ac,sequential_thinking,1.0,number_ordering,,Ordering_asc,Ordering,Visual,1,44710,fast,0,,5.0,hard,,4.0,2026-06-12T10:45:08.541Z,2026-06-12T10:46:24.217Z,,,,,,,,asc,,
stu_1777023763129_6667,test_1781048227348_yh9wms9,vertical_operations,0,0,vertical_operations|attempt=0|log=0|b8de2c82e6,arithmetic_fluency,1.0,vertical_operation_fluency,Subtraction,SubtractionWithBorrow,VerticalOperation,Vertical,0,64604,fast,0,ComputationError,3.0,medium,,,2026-06-12T10:52:02.000Z,2026-06-12T11:02:57.963Z,981 Subtraction 952,,29,20,,,,,,
stu_1777023763129_6667,test_1781048227348_yh9wms9,vertical_operations,0,1,vertical_operations|attempt=0|log=1|ca672402fe,arithmetic_fluency,1.0,vertical_operation_fluency,Multiplication,MultiStepMultiplication,VerticalOperation,Vertical,0,549724,medium,0,ComputationError,6.0,hard,,,2026-06-12T10:52:02.000Z,2026-06-12T11:02:57.963Z,477 Multiplication 255,,121635,099635,,,,,,
stu_1777023763129_6667,test_1781048227348_yh9wms9,vertical_operations,0,2,vertical_operations|attempt=0|log=2|cc1463ceb2,arithmetic_fluency,1.0,vertical_operation_fluency,Addition,AdditionWithCarry,VerticalOperation,Vertical,1,41635,fast,0,,4.0,hard,,,2026-06-12T10:52:02.000Z,2026-06-12T11:02:57.963Z,388 Addition 780,,1168,1168,,,,,,
stu_1777023763129_6667,test_1781048227348_yh9wms9,vertical_operations,1,0,vertical_operations|attempt=1|log=0|9723c02dfa,arithmetic_fluency,1.0,vertical_operation_fluency,Multiplication,MultiStepMultiplication,VerticalOperation,Vertical,0,126116,fast,0,ComputationError,4.0,hard,,,2026-06-12T11:02:57.968Z,2026-06-12T11:05:43.188Z,47 Multiplication 43,,2021,1921,,,,,,
stu_1777023763129_6667,test_1781048227348_yh9wms9,vertical_operations,1,1,vertical_operations|attempt=1|log=1|6aa30843e3,arithmetic_fluency,1.0,vertical_operation_fluency,Addition,SimpleAddition,VerticalOperation,Vertical,1,17694,fast,0,,2.0,easy,,,2026-06-12T11:02:57.968Z,2026-06-12T11:05:43.188Z,14 Addition 5,,19,19,,,,,,
stu_1777023763129_6667,test_1781048227348_yh9wms9,vertical_operations,1,2,vertical_operations|attempt=1|log=2|d68597eeab,arithmetic_fluency,1.0,vertical_operation_fluency,Subtraction,SimpleSubtraction,VerticalOperation,Vertical,1,21410,fast,0,,2.0,easy,,,2026-06-12T11:02:57.968Z,2026-06-12T11:05:43.188Z,72 Subtraction 71,,1,1,,,,,,
stu_1777023763129_6667,test_1781048227348_yh9wms9,vertical_operations,2,0,vertical_operations|attempt=2|log=0|05c6babf00,arithmetic_fluency,1.0,vertical_operation_fluency,Addition,AdditionWithCarry,VerticalOperation,Vertical,1,18690,fast,0,,2.0,easy,,,2026-06-12T11:05:43.190Z,2026-06-12T11:06:53.263Z,5 Addition 6,,11,11,,,,,,
stu_1777023763129_6667,test_1781048227348_yh9wms9,vertical_operations,2,1,vertical_operations|attempt=2|log=1|72b97ae27a,arithmetic_fluency,1.0,vertical_operation_fluency,Subtraction,SimpleSubtraction,VerticalOperation,Vertical,1,11163,fast,0,,1.0,very-easy,,,2026-06-12T11:05:43.190Z,2026-06-12T11:06:53.263Z,1 Subtraction 0,,1,1,,,,,,
stu_1777023763129_6667,test_1781048227348_yh9wms9,vertical_operations,2,2,vertical_operations|attempt=2|log=2|3a057760eb,arithmetic_fluency,1.0,vertical_operation_fluency,Multiplication,SingleStepMultiplication,VerticalOperation,Vertical,1,40220,fast,0,,2.0,easy,,,2026-06-12T11:05:43.190Z,2026-06-12T11:06:53.263Z,7 Multiplication 6,,42,42,,,,,,
stu_1777340051462_9691,test_1777341418390_7p46nbr,choose_answer,0,0,choose_answer|attempt=0|log=0|432d98c1df,arithmetic_fluency,0.6,operation_identification_from_context,,OneStepProblem,WordProblem,Horizontal,1,24378,slow,1,,2.0,easy,,,2026-04-28T10:56:25.102Z,2026-04-28T10:59:37.559Z,في إحدى المزارع هناك 8 حقول. في كل حقل 10 أشجار. كم عدد الأشجار في جميع الحقول؟,8 × 10,,,,,,,,
stu_1777340051462_9691,test_1777341418390_7p46nbr,choose_answer,0,0,choose_answer|attempt=0|log=0|432d98c1df,number_sense,0.2,operation_identification_from_context,,OneStepProblem,WordProblem,Horizontal,1,24378,slow,1,,2.0,easy,,,2026-04-28T10:56:25.102Z,2026-04-28T10:59:37.559Z,في إحدى المزارع هناك 8 حقول. في كل حقل 10 أشجار. كم عدد الأشجار في جميع الحقول؟,8 × 10,,,,,,,,
stu_1777340051462_9691,test_1777341418390_7p46nbr,choose_answer,0,0,choose_answer|attempt=0|log=0|432d98c1df,sequential_thinking,0.2,operation_identification_from_context,,OneStepProblem,WordProblem,Horizontal,1,24378,slow,1,,2.0,easy,,,2026-04-28T10:56:25.102Z,2026-04-28T10:59:37.559Z,في إحدى المزارع هناك 8 حقول. في كل حقل 10 أشجار. كم عدد الأشجار في جميع الحقول؟,8 × 10,,,,,,,,
stu_1777340051462_9691,test_1777341418390_7p46nbr,choose_answer,0,1,choose_answer|attempt=0|log=1|4c8d702889,arithmetic_fluency,0.6,operation_identification_from_context,Subtraction,OneStepProblem,WordProblem,Horizontal,1,70342,slow,1,,3.0,medium,,,2026-04-28T10:56:25.102Z,2026-04-28T10:59:37.559Z,إذا كان لديك 250 درهمًا واشتريت 3 كتب، كل كتاب يكلف 50 درهمًا. كم يتبقى لديك؟,250 - (3 × 50),,,,,,,Subtraction,Subtraction
stu_1777340051462_9691,test_1777341418390_7p46nbr,choose_answer,0,1,choose_answer|attempt=0|log=1|4c8d702889,number_sense,0.2,operation_identification_from_context,Subtraction,OneStepProblem,WordProblem,Horizontal,1,70342,slow,1,,3.0,medium,,,2026-04-28T10:56:25.102Z,2026-04-28T10:59:37.559Z,إذا كان لديك 250 درهمًا واشتريت 3 كتب، كل كتاب يكلف 50 درهمًا. كم يتبقى لديك؟,250 - (3 × 50),,,,,,,Subtraction,Subtraction
stu_1777340051462_9691,test_1777341418390_7p46nbr,choose_answer,0,1,choose_answer|attempt=0|log=1|4c8d702889,sequential_thinking,0.2,operation_identification_from_context,Subtraction,OneStepProblem,WordProblem,Horizontal,1,70342,slow,1,,3.0,medium,,,2026-04-28T10:56:25.102Z,2026-04-28T10:59:37.559Z,إذا كان لديك 250 درهمًا واشتريت 3 كتب، كل كتاب يكلف 50 درهمًا. كم يتبقى لديك؟,250 - (3 × 50),,,,,,,Subtraction,Subtraction
stu_1777340051462_9691,test_1777341418390_7p46nbr,choose_answer,0,2,choose_answer|attempt=0|log=2|5ba992af62,arithmetic_fluency,0.6,operation_identification_from_context,,OneStepProblem,WordProblem,Horizontal,1,50564,slow,1,,3.0,medium,,,2026-04-28T10:56:25.102Z,2026-04-28T10:59:37.559Z,كان لديك 250 درهما وأنت بحاجة إلى شراء 5 كتب، كل كتاب يكلف 60 درهما. هل لديك ما يكفي من المال؟,5 × 60 = 300 > 250,,,,,,,,
stu_1777340051462_9691,test_1777341418390_7p46nbr,choose_answer,0,2,choose_answer|attempt=0|log=2|5ba992af62,number_sense,0.2,operation_identification_from_context,,OneStepProblem,WordProblem,Horizontal,1,50564,slow,1,,3.0,medium,,,2026-04-28T10:56:25.102Z,2026-04-28T10:59:37.559Z,كان لديك 250 درهما وأنت بحاجة إلى شراء 5 كتب، كل كتاب يكلف 60 درهما. هل لديك ما يكفي من المال؟,5 × 60 = 300 > 250,,,,,,,,
stu_1777340051462_9691,test_1777341418390_7p46nbr,choose_answer,0,2,choose_answer|attempt=0|log=2|5ba992af62,sequential_thinking,0.2,operation_identification_from_context,,OneStepProblem,WordProblem,Horizontal,1,50564,slow,1,,3.0,medium,,,2026-04-28T10:56:25.102Z,2026-04-28T10:59:37.559Z,كان لديك 250 درهما وأنت بحاجة إلى شراء 5 كتب، كل كتاب يكلف 60 درهما. هل لديك ما يكفي من المال؟,5 × 60 = 300 > 250,,,,,,,,
stu_1777340051462_9691,test_1777341418390_7p46nbr,choose_answer,0,3,choose_answer|attempt=0|log=3|2b7e3b3ce6,arithmetic_fluency,0.6,operation_identification_from_context,Subtraction,OneStepProblem,WordProblem,Horizontal,0,17514,medium,0,ComputationError,3.0,medium,,,2026-04-28T10:56:25.102Z,2026-04-28T10:59:37.559Z,إذا كنت قد وفرت 300 درهمًا، واشتريت 2 أحذية ب 80 درهمًا لكل منهما. كم تبقى معك من المال؟,300 - 80,,,,,,,Subtraction,Subtraction
stu_1777340051462_9691,test_1777341418390_7p46nbr,choose_answer,0,3,choose_answer|attempt=0|log=3|2b7e3b3ce6,number_sense,0.2,operation_identification_from_context,Subtraction,OneStepProblem,WordProblem,Horizontal,0,17514,medium,0,ComputationError,3.0,medium,,,2026-04-28T10:56:25.102Z,2026-04-28T10:59:37.559Z,إذا كنت قد وفرت 300 درهمًا، واشتريت 2 أحذية ب 80 درهمًا لكل منهما. كم تبقى معك من المال؟,300 - 80,,,,,,,Subtraction,Subtraction
stu_1777340051462_9691,test_1777341418390_7p46nbr,choose_answer,0,3,choose_answer|attempt=0|log=3|2b7e3b3ce6,sequential_thinking,0.2,operation_identification_from_context,Subtraction,OneStepProblem,WordProblem,Horizontal,0,17514,medium,0,ComputationError,3.0,medium,,,2026-04-28T10:56:25.102Z,2026-04-28T10:59:37.559Z,إذا كنت قد وفرت 300 درهمًا، واشتريت 2 أحذية ب 80 درهمًا لكل منهما. كم تبقى معك من المال؟,300 - 80,,,,,,,Subtraction,Subtraction
stu_1777340051462_9691,test_1777341418390_7p46nbr,choose_answer,0,4,choose_answer|attempt=0|log=4|7b6befba9b,arithmetic_fluency,0.6,operation_identification_from_context,Addition,OneStepProblem,WordProblem,Horizontal,1,29654,slow,1,,2.0,easy,,,2026-04-28T10:56:25.102Z,2026-04-28T10:59:37.559Z,تملك سلوى 30 درهما ومنحها أبوها 20 درهما. كم أصبح لدى سلوى من درهم؟,30 + 20,,,,,,,Addition,Addition
stu_1777340051462_9691,test_1777341418390_7p46nbr,choose_answer,0,4,choose_answer|attempt=0|log=4|7b6befba9b,number_sense,0.2,operation_identification_from_context,Addition,OneStepProblem,WordProblem,Horizontal,1,29654,slow,1,,2.0,easy,,,2026-04-28T10:56:25.102Z,2026-04-28T10:59:37.559Z,تملك سلوى 30 درهما ومنحها أبوها 20 درهما. كم أصبح لدى سلوى من درهم؟,30 + 20,,,,,,,Addition,Addition
stu_1777340051462_9691,test_1777341418390_7p46nbr,choose_answer,0,4,choose_answer|attempt=0|log=4|7b6befba9b,sequential_thinking,0.2,operation_identification_from_context,Addition,OneStepProblem,WordProblem,Horizontal,1,29654,slow,1,,2.0,easy,,,2026-04-28T10:56:25.102Z,2026-04-28T10:59:37.559Z,تملك سلوى 30 درهما ومنحها أبوها 20 درهما. كم أصبح لدى سلوى من درهم؟,30 + 20,,,,,,,Addition,Addition
stu_1777340051462_9691,test_1777341418390_7p46nbr,find_previous_next_number,0,0,find_previous_next_number|attempt=0|log=0|e79eae01da,sequential_thinking,1.0,previous_next_number,,PreviousAndNext,Sequence,Horizontal,1,75864,medium,0,,5.0,hard,18890-18899,,2026-04-28T10:45:19.647Z,2026-04-28T10:46:25.939Z,18892,,,,"[18891, 18893]","[18891, 18893]",,,,
stu_1777340051462_9691,test_1777341418390_7p46nbr,find_previous_next_number,0,1,find_previous_next_number|attempt=0|log=1|f5967f0759,sequential_thinking,1.0,previous_next_number,,PreviousAndNext,Sequence,Horizontal,1,67800,medium,0,,5.0,hard,24950-24959,,2026-04-28T10:45:19.647Z,2026-04-28T10:46:25.939Z,24951,,,,"[24950, 24952]","[24950, 24952]",,,,
stu_1777340051462_9691,test_1777341418390_7p46nbr,find_previous_next_number,0,2,find_previous_next_number|attempt=0|log=2|6c90968ab8,sequential_thinking,1.0,previous_next_number,,PreviousAndNext,Sequence,Horizontal,1,66287,medium,0,,5.0,hard,87420-87429,,2026-04-28T10:45:19.647Z,2026-04-28T10:46:25.939Z,87427,,,,"[87426, 87428]","[87426, 87428]",,,,
stu_1777340051462_9691,test_1777341418390_7p46nbr,identify_place_value,0,0,identify_place_value|attempt=0|log=0|e0b9087ac0,number_sense,1.0,place_value_identification,,PlaceValue,PlaceValue,Visual,1,90664,fast,0,,6.0,hard,,,2026-04-28T10:55:27.925Z,2026-04-28T10:56:24.913Z,,,,,"{""pos_0"": 4, ""pos_1"": 9, ""pos_2"": 3, ""pos_3"": 7, ""pos_4"": 1, ""pos_5"": 9}","{""pos_0"": 4, ""pos_1"": 9, ""pos_2"": 3, ""pos_3"": 7, ""pos_4"": 1, ""pos_5"": 9}",,,,
stu_1777340051462_9691,test_1777341418390_7p46nbr,identify_place_value,0,1,identify_place_value|attempt=0|log=1|83195dbdcf,number_sense,1.0,place_value_identification,,PlaceValue,PlaceValue,Visual,1,37113,fast,0,,6.0,hard,,,2026-04-28T10:55:27.925Z,2026-04-28T10:56:24.913Z,,,,,"{""pos_0"": 1, ""pos_1"": 1, ""pos_2"": 7, ""pos_3"": 1, ""pos_4"": 6, ""pos_5"": 9}","{""pos_0"": 1, ""pos_1"": 1, ""pos_2"": 7, ""pos_3"": 1, ""pos_4"": 6, ""pos_5"": 9}",,,,
stu_1777340051462_9691,test_1777341418390_7p46nbr,identify_place_value,0,2,identify_place_value|attempt=0|log=2|f3a3910b1c,number_sense,1.0,place_value_identification,,PlaceValue,PlaceValue,Visual,1,47947,fast,0,,6.0,hard,,,2026-04-28T10:55:27.925Z,2026-04-28T10:56:24.913Z,,,,,"{""pos_0"": 6, ""pos_1"": 2, ""pos_2"": 1, ""pos_3"": 2, ""pos_4"": 1, ""pos_5"": 1}","{""pos_0"": 6, ""pos_1"": 2, ""pos_2"": 1, ""pos_3"": 2, ""pos_4"": 1, ""pos_5"": 1}",,,,
stu_1777340051462_9691,test_1777341418390_7p46nbr,identify_place_value,0,3,identify_place_value|attempt=0|log=3|3365f081d8,number_sense,1.0,place_value_identification,,PlaceValue,PlaceValue,Visual,1,56979,fast,0,,6.0,hard,,,2026-04-28T10:55:27.925Z,2026-04-28T10:56:24.913Z,,,,,"{""pos_0"": 8, ""pos_1"": 9, ""pos_2"": 8, ""pos_3"": 7, ""pos_4"": 9, ""pos_5"": 8}","{""pos_0"": 8, ""pos_1"": 9, ""pos_2"": 8, ""pos_3"": 7, ""pos_4"": 9, ""pos_5"": 8}",,,,
stu_1777340051462_9691,test_1777341418390_7p46nbr,order_numbers,0,0,order_numbers|attempt=0|log=0|6f580b491e,sequential_thinking,1.0,number_ordering,,Ordering_asc,Ordering,Visual,1,37848,fast,0,,6.0,hard,,3.0,2026-04-28T10:46:26.009Z,2026-04-28T10:52:32.017Z,,,,,,,,asc,,
stu_1777340051462_9691,test_1777341418390_7p46nbr,order_numbers,0,1,order_numbers|attempt=0|log=1|fe0632a5d5,sequential_thinking,1.0,number_ordering,,Ordering_desc,Ordering,Visual,1,137979,fast,0,,6.0,hard,,7.0,2026-04-28T10:46:26.009Z,2026-04-28T10:52:32.017Z,,,,,,,,desc,,
stu_1777340051462_9691,test_1777341418390_7p46nbr,order_numbers,0,2,order_numbers|attempt=0|log=2|7ca5d760bb,sequential_thinking,1.0,number_ordering,,Ordering_desc,Ordering,Visual,1,47214,fast,0,,6.0,hard,,3.0,2026-04-28T10:46:26.009Z,2026-04-28T10:52:32.017Z,,,,,,,,desc,,
stu_1777340051462_9691,test_1777341418390_7p46nbr,order_numbers,0,3,order_numbers|attempt=0|log=3|1a676bfcbb,sequential_thinking,1.0,number_ordering,,Ordering_desc,Ordering,Visual,1,62139,fast,0,,6.0,hard,,5.0,2026-04-28T10:46:26.009Z,2026-04-28T10:52:32.017Z,,,,,,,,desc,,
stu_1777340051462_9691,test_1777341418390_7p46nbr,order_numbers,0,4,order_numbers|attempt=0|log=4|58ee2e2e93,sequential_thinking,1.0,number_ordering,,Ordering_asc,Ordering,Visual,1,80801,fast,0,,6.0,hard,,5.0,2026-04-28T10:46:26.009Z,2026-04-28T10:52:32.017Z,,,,,,,,asc,,
stu_1777340051462_9691,test_1777341418390_7p46nbr,vertical_operations,0,0,vertical_operations|attempt=0|log=0|0eeaf30a0d,arithmetic_fluency,1.0,vertical_operation_fluency,Addition,AdditionWithCarry,VerticalOperation,Vertical,1,67711,fast,0,,4.0,hard,,,2026-04-28T10:59:38.126Z,2026-04-28T11:06:28.506Z,680 Addition 780,,1460,1460,,,,,,
stu_1777340051462_9691,test_1777341418390_7p46nbr,vertical_operations,0,1,vertical_operations|attempt=0|log=1|d408cefd1f,arithmetic_fluency,1.0,vertical_operation_fluency,Multiplication,MultiStepMultiplication,VerticalOperation,Vertical,1,230603,fast,0,,6.0,hard,,,2026-04-28T10:59:38.126Z,2026-04-28T11:06:28.506Z,714 Multiplication 162,,115668,115668,,,,,,
stu_1777340051462_9691,test_1777341418390_7p46nbr,vertical_operations,0,2,vertical_operations|attempt=0|log=2|3dd91e8d6f,arithmetic_fluency,1.0,vertical_operation_fluency,Subtraction,SubtractionWithBorrow,VerticalOperation,Vertical,0,71581,fast,0,ComputationError,3.0,medium,,,2026-04-28T10:59:38.126Z,2026-04-28T11:06:28.506Z,624 Subtraction 126,,498,508,,,,,,
stu_1777340051462_9691,test_1777341418390_7p46nbr,vertical_operations,0,3,vertical_operations|attempt=0|log=3|a6956597ad,arithmetic_fluency,1.0,vertical_operation_fluency,Subtraction,SubtractionWithBorrow,VerticalOperation,Vertical,1,40485,fast,0,,3.0,medium,,,2026-04-28T10:59:38.126Z,2026-04-28T11:06:28.506Z,903 Subtraction 642,,261,261,,,,,,
stu_1777340051462_9691,test_1777341418390_7p46nbr,what_number_do_you_hear,0,0,what_number_do_you_hear|attempt=0|log=0|6389c6fcc0,audio_recognition,1.0,auditory_number_recognition,,HeardNumberChoice,AudioRecognition,Audio,1,8094,fast,0,,1.0,very-easy,,,2026-04-28T10:42:32.409Z,2026-04-28T10:42:55.485Z,3,3,,,,,,,,
stu_1777340051462_9691,test_1777341418390_7p46nbr,what_number_do_you_hear,0,1,what_number_do_you_hear|attempt=0|log=1|7a0434f689,audio_recognition,1.0,auditory_number_recognition,,HeardNumberChoice,AudioRecognition,Audio,1,4245,fast,0,,1.0,very-easy,,,2026-04-28T10:42:32.409Z,2026-04-28T10:42:55.485Z,1,1,,,,,,,,
stu_1777340051462_9691,test_1777341418390_7p46nbr,what_number_do_you_hear,0,2,what_number_do_you_hear|attempt=0|log=2|d227c7be7e,audio_recognition,1.0,auditory_number_recognition,,HeardNumberChoice,AudioRecognition,Audio,1,2860,fast,0,,1.0,very-easy,,,2026-04-28T10:42:32.409Z,2026-04-28T10:42:55.485Z,9,9,,,,,,,,
stu_1777340051462_9691,test_1777341418390_7p46nbr,what_number_do_you_hear,0,3,what_number_do_you_hear|attempt=0|log=3|b3bc431d2b,audio_recognition,1.0,auditory_number_recognition,,HeardNumberChoice,AudioRecognition,Audio,1,2956,fast,0,,1.0,very-easy,,,2026-04-28T10:42:32.409Z,2026-04-28T10:42:55.485Z,0,0,,,,,,,,
stu_1777340051462_9691,test_1777341418390_7p46nbr,what_number_do_you_hear,0,4,what_number_do_you_hear|attempt=0|log=4|72abc24b92,audio_recognition,1.0,auditory_number_recognition,,HeardNumberChoice,AudioRecognition,Audio,1,2686,fast,0,,2.0,easy,,,2026-04-28T10:42:32.409Z,2026-04-28T10:42:55.485Z,10,10,,,,,,,,
stu_1777340051462_9691,test_1777341418390_7p46nbr,what_number_do_you_hear,0,5,what_number_do_you_hear|attempt=0|log=5|6f85d3b8f0,audio_recognition,1.0,auditory_number_recognition,,HeardNumberChoice,AudioRecognition,Audio,1,2230,fast,0,,1.0,very-easy,,,2026-04-28T10:42:32.409Z,2026-04-28T10:42:55.485Z,6,6,,,,,,,,
stu_1777340052046_4165,test_1777341418390_7p46nbr,choose_answer,0,0,choose_answer|attempt=0|log=0|90510ac005,arithmetic_fluency,0.6,operation_identification_from_context,Subtraction,OneStepProblem,WordProblem,Horizontal,1,54097,slow,1,,3.0,medium,,,2026-04-28T11:00:34.610Z,2026-04-28T11:02:22.557Z,إذا كان لديك 250 درهمًا واشتريت 3 كتب، كل كتاب يكلف 50 درهمًا. كم يتبقى لديك؟,250 - (3 × 50),,,,,,,Subtraction,Subtraction
stu_1777340052046_4165,test_1777341418390_7p46nbr,choose_answer,0,0,choose_answer|attempt=0|log=0|90510ac005,number_sense,0.2,operation_identification_from_context,Subtraction,OneStepProblem,WordProblem,Horizontal,1,54097,slow,1,,3.0,medium,,,2026-04-28T11:00:34.610Z,2026-04-28T11:02:22.557Z,إذا كان لديك 250 درهمًا واشتريت 3 كتب، كل كتاب يكلف 50 درهمًا. كم يتبقى لديك؟,250 - (3 × 50),,,,,,,Subtraction,Subtraction
stu_1777340052046_4165,test_1777341418390_7p46nbr,choose_answer,0,0,choose_answer|attempt=0|log=0|90510ac005,sequential_thinking,0.2,operation_identification_from_context,Subtraction,OneStepProblem,WordProblem,Horizontal,1,54097,slow,1,,3.0,medium,,,2026-04-28T11:00:34.610Z,2026-04-28T11:02:22.557Z,إذا كان لديك 250 درهمًا واشتريت 3 كتب، كل كتاب يكلف 50 درهمًا. كم يتبقى لديك؟,250 - (3 × 50),,,,,,,Subtraction,Subtraction
stu_1777340052046_4165,test_1777341418390_7p46nbr,choose_answer,0,1,choose_answer|attempt=0|log=1|511515f32b,arithmetic_fluency,0.6,operation_identification_from_context,Subtraction,OneStepProblem,WordProblem,Horizontal,1,7735,fast,0,,2.0,easy,,,2026-04-28T11:00:34.610Z,2026-04-28T11:02:22.557Z,كانت عندك 10 تفاحات، أكلت 3. كم بقي؟,10 - 3,,,,,,,Subtraction,Subtraction
stu_1777340052046_4165,test_1777341418390_7p46nbr,choose_answer,0,1,choose_answer|attempt=0|log=1|511515f32b,number_sense,0.2,operation_identification_from_context,Subtraction,OneStepProblem,WordProblem,Horizontal,1,7735,fast,0,,2.0,easy,,,2026-04-28T11:00:34.610Z,2026-04-28T11:02:22.557Z,كانت عندك 10 تفاحات، أكلت 3. كم بقي؟,10 - 3,,,,,,,Subtraction,Subtraction
stu_1777340052046_4165,test_1777341418390_7p46nbr,choose_answer,0,1,choose_answer|attempt=0|log=1|511515f32b,sequential_thinking,0.2,operation_identification_from_context,Subtraction,OneStepProblem,WordProblem,Horizontal,1,7735,fast,0,,2.0,easy,,,2026-04-28T11:00:34.610Z,2026-04-28T11:02:22.557Z,كانت عندك 10 تفاحات، أكلت 3. كم بقي؟,10 - 3,,,,,,,Subtraction,Subtraction
stu_1777340052046_4165,test_1777341418390_7p46nbr,choose_answer,0,2,choose_answer|attempt=0|log=2|e6f67fb665,arithmetic_fluency,0.6,operation_identification_from_context,,OneStepProblem,WordProblem,Horizontal,1,23669,slow,1,,2.0,easy,,,2026-04-28T11:00:34.610Z,2026-04-28T11:02:22.557Z,أشترى علي 5 كتب، كل كتاب يكلف 70 درهمًا. كم دفع علي في المجمل؟,5 × 70,,,,,,,,
stu_1777340052046_4165,test_1777341418390_7p46nbr,choose_answer,0,2,choose_answer|attempt=0|log=2|e6f67fb665,number_sense,0.2,operation_identification_from_context,,OneStepProblem,WordProblem,Horizontal,1,23669,slow,1,,2.0,easy,,,2026-04-28T11:00:34.610Z,2026-04-28T11:02:22.557Z,أشترى علي 5 كتب، كل كتاب يكلف 70 درهمًا. كم دفع علي في المجمل؟,5 × 70,,,,,,,,
stu_1777340052046_4165,test_1777341418390_7p46nbr,choose_answer,0,2,choose_answer|attempt=0|log=2|e6f67fb665,sequential_thinking,0.2,operation_identification_from_context,,OneStepProblem,WordProblem,Horizontal,1,23669,slow,1,,2.0,easy,,,2026-04-28T11:00:34.610Z,2026-04-28T11:02:22.557Z,أشترى علي 5 كتب، كل كتاب يكلف 70 درهمًا. كم دفع علي في المجمل؟,5 × 70,,,,,,,,
stu_1777340052046_4165,test_1777341418390_7p46nbr,choose_answer,0,3,choose_answer|attempt=0|log=3|fa5f6b23d2,arithmetic_fluency,0.6,operation_identification_from_context,Subtraction,OneStepProblem,WordProblem,Horizontal,1,6980,fast,0,,3.0,medium,,,2026-04-28T11:00:34.610Z,2026-04-28T11:02:22.557Z,إذا كانت لديك 500 درهمًا وأعطيت 200 درهمًا لصديقك، كم يتبقى لديك؟,500 - 200,,,,,,,Subtraction,Subtraction
stu_1777340052046_4165,test_1777341418390_7p46nbr,choose_answer,0,3,choose_answer|attempt=0|log=3|fa5f6b23d2,number_sense,0.2,operation_identification_from_context,Subtraction,OneStepProblem,WordProblem,Horizontal,1,6980,fast,0,,3.0,medium,,,2026-04-28T11:00:34.610Z,2026-04-28T11:02:22.557Z,إذا كانت لديك 500 درهمًا وأعطيت 200 درهمًا لصديقك، كم يتبقى لديك؟,500 - 200,,,,,,,Subtraction,Subtraction
stu_1777340052046_4165,test_1777341418390_7p46nbr,choose_answer,0,3,choose_answer|attempt=0|log=3|fa5f6b23d2,sequential_thinking,0.2,operation_identification_from_context,Subtraction,OneStepProblem,WordProblem,Horizontal,1,6980,fast,0,,3.0,medium,,,2026-04-28T11:00:34.610Z,2026-04-28T11:02:22.557Z,إذا كانت لديك 500 درهمًا وأعطيت 200 درهمًا لصديقك، كم يتبقى لديك؟,500 - 200,,,,,,,Subtraction,Subtraction
stu_1777340052046_4165,test_1777341418390_7p46nbr,choose_answer,0,4,choose_answer|attempt=0|log=4|6acd2467c1,arithmetic_fluency,0.6,operation_identification_from_context,Subtraction,OneStepProblem,WordProblem,Horizontal,1,15466,medium,0,,3.0,medium,,,2026-04-28T11:00:34.610Z,2026-04-28T11:02:22.557Z,كانت لديك 500 درهمًا، اشتريت 3 هدايا بتكلفة 120 درهمًا لكل هدية. كم تبقى لديك؟,500 - (3 × 120),,,,,,,Subtraction,Subtraction
stu_1777340052046_4165,test_1777341418390_7p46nbr,choose_answer,0,4,choose_answer|attempt=0|log=4|6acd2467c1,number_sense,0.2,operation_identification_from_context,Subtraction,OneStepProblem,WordProblem,Horizontal,1,15466,medium,0,,3.0,medium,,,2026-04-28T11:00:34.610Z,2026-04-28T11:02:22.557Z,كانت لديك 500 درهمًا، اشتريت 3 هدايا بتكلفة 120 درهمًا لكل هدية. كم تبقى لديك؟,500 - (3 × 120),,,,,,,Subtraction,Subtraction
stu_1777340052046_4165,test_1777341418390_7p46nbr,choose_answer,0,4,choose_answer|attempt=0|log=4|6acd2467c1,sequential_thinking,0.2,operation_identification_from_context,Subtraction,OneStepProblem,WordProblem,Horizontal,1,15466,medium,0,,3.0,medium,,,2026-04-28T11:00:34.610Z,2026-04-28T11:02:22.557Z,كانت لديك 500 درهمًا، اشتريت 3 هدايا بتكلفة 120 درهمًا لكل هدية. كم تبقى لديك؟,500 - (3 × 120),,,,,,,Subtraction,Subtraction
stu_1777340052046_4165,test_1777341418390_7p46nbr,find_previous_next_number,0,0,find_previous_next_number|attempt=0|log=0|59b292348d,sequential_thinking,1.0,previous_next_number,,PreviousAndNext,Sequence,Horizontal,1,211385,slow,1,,5.0,hard,55000-55009,,2026-04-28T10:47:10.196Z,2026-04-28T10:48:32.753Z,55005,,,,"[55004, 55006]","[55004, 55006]",,,,
stu_1777340052046_4165,test_1777341418390_7p46nbr,find_previous_next_number,0,1,find_previous_next_number|attempt=0|log=1|98448e0a50,sequential_thinking,1.0,previous_next_number,,PreviousAndNext,Sequence,Horizontal,1,58752,fast,0,,5.0,hard,40240-40249,,2026-04-28T10:47:10.196Z,2026-04-28T10:48:32.753Z,40246,,,,"[40245, 40247]","[40245, 40247]",,,,
stu_1777340052046_4165,test_1777341418390_7p46nbr,find_previous_next_number,0,2,find_previous_next_number|attempt=0|log=2|23cbe4d57a,sequential_thinking,1.0,previous_next_number,,PreviousAndNext,Sequence,Horizontal,1,82557,medium,0,,5.0,hard,58980-58989,,2026-04-28T10:47:10.196Z,2026-04-28T10:48:32.753Z,58986,,,,"[58985, 58987]","[58985, 58987]",,,,
stu_1777340052046_4165,test_1777341418390_7p46nbr,identify_place_value,0,0,identify_place_value|attempt=0|log=0|6d7c7d82f8,number_sense,1.0,place_value_identification,,PlaceValue,PlaceValue,Visual,0,85911,fast,0,PlaceValueMisidentification,6.0,hard,,,2026-04-28T10:56:53.655Z,2026-04-28T10:58:04.584Z,,,,,"{""pos_0"": 9, ""pos_1"": 4, ""pos_2"": 8, ""pos_3"": 9, ""pos_4"": 6, ""pos_5"": 4}","{""pos_0"": 4, ""pos_1"": 9, ""pos_2"": 8, ""pos_3"": 9, ""pos_4"": 6, ""pos_5"": 4}",,,,
stu_1777340052046_4165,test_1777341418390_7p46nbr,identify_place_value,0,1,identify_place_value|attempt=0|log=1|182a2f446c,number_sense,1.0,place_value_identification,,PlaceValue,PlaceValue,Visual,0,60848,fast,0,PlaceValueMisidentification,6.0,hard,,,2026-04-28T10:56:53.655Z,2026-04-28T10:58:04.584Z,,,,,"{""pos_0"": 2, ""pos_1"": 4, ""pos_2"": 2, ""pos_3"": 8, ""pos_4"": 3, ""pos_5"": 7}","{""pos_0"": 4, ""pos_1"": 2, ""pos_2"": 2, ""pos_3"": 8, ""pos_4"": 3, ""pos_5"": 7}",,,,
stu_1777340052046_4165,test_1777341418390_7p46nbr,identify_place_value,0,2,identify_place_value|attempt=0|log=2|0fe3a34a05,number_sense,1.0,place_value_identification,,PlaceValue,PlaceValue,Visual,1,75014,fast,0,,6.0,hard,,,2026-04-28T10:56:53.655Z,2026-04-28T10:58:04.584Z,,,,,"{""pos_0"": 3, ""pos_1"": 4, ""pos_2"": 6, ""pos_3"": 3, ""pos_4"": 1, ""pos_5"": 2}","{""pos_0"": 3, ""pos_1"": 4, ""pos_2"": 6, ""pos_3"": 3, ""pos_4"": 1, ""pos_5"": 2}",,,,
stu_1777340052046_4165,test_1777341418390_7p46nbr,identify_place_value,0,3,identify_place_value|attempt=0|log=3|1e1172e009,number_sense,1.0,place_value_identification,,PlaceValue,PlaceValue,Visual,1,70929,fast,0,,6.0,hard,,,2026-04-28T10:56:53.655Z,2026-04-28T10:58:04.584Z,,,,,"{""pos_0"": 8, ""pos_1"": 9, ""pos_2"": 4, ""pos_3"": 4, ""pos_4"": 9, ""pos_5"": 5}","{""pos_0"": 8, ""pos_1"": 9, ""pos_2"": 4, ""pos_3"": 4, ""pos_4"": 9, ""pos_5"": 5}",,,,
stu_1777340052046_4165,test_1777341418390_7p46nbr,identify_place_value,1,0,identify_place_value|attempt=1|log=0|90bfcb55ce,number_sense,1.0,place_value_identification,,PlaceValue,PlaceValue,Visual,1,40186,fast,0,,5.0,hard,,,2026-04-28T10:59:51.791Z,2026-04-28T11:00:34.378Z,,,,,"{""pos_0"": 2, ""pos_1"": 6, ""pos_2"": 2, ""pos_3"": 9, ""pos_4"": 3}","{""pos_0"": 2, ""pos_1"": 6, ""pos_2"": 2, ""pos_3"": 9, ""pos_4"": 3}",,,,
stu_1777340052046_4165,test_1777341418390_7p46nbr,identify_place_value,1,1,identify_place_value|attempt=1|log=1|ed030955b4,number_sense,1.0,place_value_identification,,PlaceValue,PlaceValue,Visual,1,29287,fast,0,,5.0,hard,,,2026-04-28T10:59:51.791Z,2026-04-28T11:00:34.378Z,,,,,"{""pos_0"": 4, ""pos_1"": 9, ""pos_2"": 9, ""pos_3"": 9, ""pos_4"": 3}","{""pos_0"": 4, ""pos_1"": 9, ""pos_2"": 9, ""pos_3"": 9, ""pos_4"": 3}",,,,
stu_1777340052046_4165,test_1777341418390_7p46nbr,identify_place_value,1,2,identify_place_value|attempt=1|log=2|b2dc3078df,number_sense,1.0,place_value_identification,,PlaceValue,PlaceValue,Visual,1,37539,fast,0,,5.0,hard,,,2026-04-28T10:59:51.791Z,2026-04-28T11:00:34.378Z,,,,,"{""pos_0"": 9, ""pos_1"": 2, ""pos_2"": 4, ""pos_3"": 4, ""pos_4"": 8}","{""pos_0"": 9, ""pos_1"": 2, ""pos_2"": 4, ""pos_3"": 4, ""pos_4"": 8}",,,,
stu_1777340052046_4165,test_1777341418390_7p46nbr,identify_place_value,1,3,identify_place_value|attempt=1|log=3|dc5f343fb5,number_sense,1.0,place_value_identification,,PlaceValue,PlaceValue,Visual,1,42587,fast,0,,5.0,hard,,,2026-04-28T10:59:51.791Z,2026-04-28T11:00:34.378Z,,,,,"{""pos_0"": 4, ""pos_1"": 7, ""pos_2"": 4, ""pos_3"": 0, ""pos_4"": 1}","{""pos_0"": 4, ""pos_1"": 7, ""pos_2"": 4, ""pos_3"": 0, ""pos_4"": 1}",,,,
stu_1777340052046_4165,test_1777341418390_7p46nbr,order_numbers,0,0,order_numbers|attempt=0|log=0|02944aa388,sequential_thinking,1.0,number_ordering,,Ordering_desc,Ordering,Visual,1,70449,fast,0,,6.0,hard,,7.0,2026-04-28T10:48:33.015Z,2026-04-28T10:53:11.206Z,,,,,,,,desc,,
stu_1777340052046_4165,test_1777341418390_7p46nbr,order_numbers,0,1,order_numbers|attempt=0|log=1|dd3e00e06b,sequential_thinking,1.0,number_ordering,,Ordering_desc,Ordering,Visual,1,14047,fast,0,,6.0,hard,,3.0,2026-04-28T10:48:33.015Z,2026-04-28T10:53:11.206Z,,,,,,,,desc,,
stu_1777340052046_4165,test_1777341418390_7p46nbr,order_numbers,0,2,order_numbers|attempt=0|log=2|dd27b8fc07,sequential_thinking,1.0,number_ordering,,Ordering_desc,Ordering,Visual,1,17969,fast,0,,6.0,hard,,3.0,2026-04-28T10:48:33.015Z,2026-04-28T10:53:11.206Z,,,,,,,,desc,,
stu_1777340052046_4165,test_1777341418390_7p46nbr,order_numbers,0,3,order_numbers|attempt=0|log=3|006ffb9b3a,sequential_thinking,1.0,number_ordering,,Ordering_desc,Ordering,Visual,1,47894,fast,0,,6.0,hard,,7.0,2026-04-28T10:48:33.015Z,2026-04-28T10:53:11.206Z,,,,,,,,desc,,
stu_1777340052046_4165,test_1777341418390_7p46nbr,order_numbers,0,4,order_numbers|attempt=0|log=4|ea145cc664,sequential_thinking,1.0,number_ordering,,Ordering_asc,Ordering,Visual,1,127830,fast,0,,6.0,hard,,7.0,2026-04-28T10:48:33.015Z,2026-04-28T10:53:11.206Z,,,,,,,,asc,,
stu_1777340052046_4165,test_1777341418390_7p46nbr,vertical_operations,0,0,vertical_operations|attempt=0|log=0|38081e4d73,arithmetic_fluency,1.0,vertical_operation_fluency,Subtraction,SubtractionWithBorrow,VerticalOperation,Vertical,1,41865,fast,0,,3.0,medium,,,2026-04-28T11:02:22.638Z,2026-04-28T11:10:55.643Z,575 Subtraction 385,,190,190,,,,,,
stu_1777340052046_4165,test_1777341418390_7p46nbr,vertical_operations,0,1,vertical_operations|attempt=0|log=1|75171b74bf,arithmetic_fluency,1.0,vertical_operation_fluency,Subtraction,SimpleSubtraction,VerticalOperation,Vertical,1,101268,fast,0,,3.0,medium,,,2026-04-28T11:02:22.638Z,2026-04-28T11:10:55.643Z,736 Subtraction 20,,716,716,,,,,,
stu_1777340052046_4165,test_1777341418390_7p46nbr,vertical_operations,0,2,vertical_operations|attempt=0|log=2|a3076fb9c6,arithmetic_fluency,1.0,vertical_operation_fluency,Multiplication,MultiStepMultiplication,VerticalOperation,Vertical,1,348148,fast,0,,6.0,hard,,,2026-04-28T11:02:22.638Z,2026-04-28T11:10:55.643Z,245 Multiplication 786,,192570,192570,,,,,,
stu_1777340052046_4165,test_1777341418390_7p46nbr,vertical_operations,0,3,vertical_operations|attempt=0|log=3|a1d5caf244,arithmetic_fluency,1.0,vertical_operation_fluency,Addition,AdditionWithCarry,VerticalOperation,Vertical,1,21724,fast,0,,3.0,medium,,,2026-04-28T11:02:22.638Z,2026-04-28T11:10:55.643Z,159 Addition 303,,462,462,,,,,,
stu_1777340052046_4165,test_1777341418390_7p46nbr,what_number_do_you_hear,0,0,what_number_do_you_hear|attempt=0|log=0|884405f75c,audio_recognition,1.0,auditory_number_recognition,,HeardNumberChoice,AudioRecognition,Audio,1,18636,medium,0,,1.0,very-easy,,,2026-04-28T10:42:03.920Z,2026-04-28T10:42:39.935Z,0,0,,,,,,,,
stu_1777340052046_4165,test_1777341418390_7p46nbr,what_number_do_you_hear,0,1,what_number_do_you_hear|attempt=0|log=1|4efd899ade,audio_recognition,1.0,auditory_number_recognition,,HeardNumberChoice,AudioRecognition,Audio,1,5793,fast,0,,1.0,very-easy,,,2026-04-28T10:42:03.920Z,2026-04-28T10:42:39.935Z,9,9,,,,,,,,
stu_1777340052046_4165,test_1777341418390_7p46nbr,what_number_do_you_hear,0,2,what_number_do_you_hear|attempt=0|log=2|15c4750f18,audio_recognition,1.0,auditory_number_recognition,,HeardNumberChoice,AudioRecognition,Audio,1,3588,fast,0,,1.0,very-easy,,,2026-04-28T10:42:03.920Z,2026-04-28T10:42:39.935Z,4,4,,,,,,,,
stu_1777340052046_4165,test_1777341418390_7p46nbr,what_number_do_you_hear,0,3,what_number_do_you_hear|attempt=0|log=3|4e6eccc237,audio_recognition,1.0,auditory_number_recognition,,HeardNumberChoice,AudioRecognition,Audio,1,2252,fast,0,,1.0,very-easy,,,2026-04-28T10:42:03.920Z,2026-04-28T10:42:39.935Z,8,8,,,,,,,,
stu_1777340052046_4165,test_1777341418390_7p46nbr,what_number_do_you_hear,0,4,what_number_do_you_hear|attempt=0|log=4|29561a35ab,audio_recognition,1.0,auditory_number_recognition,,HeardNumberChoice,AudioRecognition,Audio,1,2541,fast,0,,1.0,very-easy,,,2026-04-28T10:42:03.920Z,2026-04-28T10:42:39.935Z,6,6,,,,,,,,
stu_1777340052046_4165,test_1777341418390_7p46nbr,what_number_do_you_hear,0,5,what_number_do_you_hear|attempt=0|log=5|15a36c2c7b,audio_recognition,1.0,auditory_number_recognition,,HeardNumberChoice,AudioRecognition,Audio,1,3205,fast,0,,1.0,very-easy,,,2026-04-28T10:42:03.920Z,2026-04-28T10:42:39.935Z,1,1,,,,,,,,
stu_1777340052233_9667,test_1777341418390_7p46nbr,choose_answer,0,0,choose_answer|attempt=0|log=0|6c5216b1dd,arithmetic_fluency,0.6,operation_identification_from_context,Subtraction,OneStepProblem,WordProblem,Horizontal,1,28895,slow,1,,2.0,easy,,,2026-04-28T11:00:42.410Z,2026-04-28T11:02:23.244Z,لدى فاطمة 80 درهمًا. إذا اشترت 4 كتب، كل كتاب يكلف 20 درهمًا، كم تبقى معها؟,80 - (4 × 20),,,,,,,Subtraction,Subtraction
stu_1777340052233_9667,test_1777341418390_7p46nbr,choose_answer,0,0,choose_answer|attempt=0|log=0|6c5216b1dd,number_sense,0.2,operation_identification_from_context,Subtraction,OneStepProblem,WordProblem,Horizontal,1,28895,slow,1,,2.0,easy,,,2026-04-28T11:00:42.410Z,2026-04-28T11:02:23.244Z,لدى فاطمة 80 درهمًا. إذا اشترت 4 كتب، كل كتاب يكلف 20 درهمًا، كم تبقى معها؟,80 - (4 × 20),,,,,,,Subtraction,Subtraction
stu_1777340052233_9667,test_1777341418390_7p46nbr,choose_answer,0,0,choose_answer|attempt=0|log=0|6c5216b1dd,sequential_thinking,0.2,operation_identification_from_context,Subtraction,OneStepProblem,WordProblem,Horizontal,1,28895,slow,1,,2.0,easy,,,2026-04-28T11:00:42.410Z,2026-04-28T11:02:23.244Z,لدى فاطمة 80 درهمًا. إذا اشترت 4 كتب، كل كتاب يكلف 20 درهمًا، كم تبقى معها؟,80 - (4 × 20),,,,,,,Subtraction,Subtraction
stu_1777340052233_9667,test_1777341418390_7p46nbr,choose_answer,0,1,choose_answer|attempt=0|log=1|351ff3d95d,arithmetic_fluency,0.6,operation_identification_from_context,Subtraction,OneStepProblem,WordProblem,Horizontal,1,11043,medium,0,,3.0,medium,,,2026-04-28T11:00:42.410Z,2026-04-28T11:02:23.244Z,لدى أحمد 120 درهما، وأعطى 50 درهما لصديقه. كم تبقى لديه؟,120 - 50,,,,,,,Subtraction,Subtraction
stu_1777340052233_9667,test_1777341418390_7p46nbr,choose_answer,0,1,choose_answer|attempt=0|log=1|351ff3d95d,number_sense,0.2,operation_identification_from_context,Subtraction,OneStepProblem,WordProblem,Horizontal,1,11043,medium,0,,3.0,medium,,,2026-04-28T11:00:42.410Z,2026-04-28T11:02:23.244Z,لدى أحمد 120 درهما، وأعطى 50 درهما لصديقه. كم تبقى لديه؟,120 - 50,,,,,,,Subtraction,Subtraction
stu_1777340052233_9667,test_1777341418390_7p46nbr,choose_answer,0,1,choose_answer|attempt=0|log=1|351ff3d95d,sequential_thinking,0.2,operation_identification_from_context,Subtraction,OneStepProblem,WordProblem,Horizontal,1,11043,medium,0,,3.0,medium,,,2026-04-28T11:00:42.410Z,2026-04-28T11:02:23.244Z,لدى أحمد 120 درهما، وأعطى 50 درهما لصديقه. كم تبقى لديه؟,120 - 50,,,,,,,Subtraction,Subtraction
stu_1777340052233_9667,test_1777341418390_7p46nbr,choose_answer,0,2,choose_answer|attempt=0|log=2|a932af5362,arithmetic_fluency,0.6,operation_identification_from_context,,OneStepProblem,WordProblem,Horizontal,1,16592,medium,0,,2.0,easy,,,2026-04-28T11:00:42.410Z,2026-04-28T11:02:23.244Z,في إحدى المزارع هناك 8 حقول. في كل حقل 10 أشجار. كم عدد الأشجار في جميع الحقول؟,8 × 10,,,,,,,,
stu_1777340052233_9667,test_1777341418390_7p46nbr,choose_answer,0,2,choose_answer|attempt=0|log=2|a932af5362,number_sense,0.2,operation_identification_from_context,,OneStepProblem,WordProblem,Horizontal,1,16592,medium,0,,2.0,easy,,,2026-04-28T11:00:42.410Z,2026-04-28T11:02:23.244Z,في إحدى المزارع هناك 8 حقول. في كل حقل 10 أشجار. كم عدد الأشجار في جميع الحقول؟,8 × 10,,,,,,,,
stu_1777340052233_9667,test_1777341418390_7p46nbr,choose_answer,0,2,choose_answer|attempt=0|log=2|a932af5362,sequential_thinking,0.2,operation_identification_from_context,,OneStepProblem,WordProblem,Horizontal,1,16592,medium,0,,2.0,easy,,,2026-04-28T11:00:42.410Z,2026-04-28T11:02:23.244Z,في إحدى المزارع هناك 8 حقول. في كل حقل 10 أشجار. كم عدد الأشجار في جميع الحقول؟,8 × 10,,,,,,,,
stu_1777340052233_9667,test_1777341418390_7p46nbr,choose_answer,0,3,choose_answer|attempt=0|log=3|b854bfd627,arithmetic_fluency,0.6,operation_identification_from_context,Subtraction,OneStepProblem,WordProblem,Horizontal,1,34447,slow,1,,3.0,medium,,,2026-04-28T11:00:42.410Z,2026-04-28T11:02:23.244Z,كانت لديك 500 درهمًا، اشتريت 3 هدايا بتكلفة 120 درهمًا لكل هدية. كم تبقى لديك؟,500 - (3 × 120),,,,,,,Subtraction,Subtraction
stu_1777340052233_9667,test_1777341418390_7p46nbr,choose_answer,0,3,choose_answer|attempt=0|log=3|b854bfd627,number_sense,0.2,operation_identification_from_context,Subtraction,OneStepProblem,WordProblem,Horizontal,1,34447,slow,1,,3.0,medium,,,2026-04-28T11:00:42.410Z,2026-04-28T11:02:23.244Z,كانت لديك 500 درهمًا، اشتريت 3 هدايا بتكلفة 120 درهمًا لكل هدية. كم تبقى لديك؟,500 - (3 × 120),,,,,,,Subtraction,Subtraction
stu_1777340052233_9667,test_1777341418390_7p46nbr,choose_answer,0,3,choose_answer|attempt=0|log=3|b854bfd627,sequential_thinking,0.2,operation_identification_from_context,Subtraction,OneStepProblem,WordProblem,Horizontal,1,34447,slow,1,,3.0,medium,,,2026-04-28T11:00:42.410Z,2026-04-28T11:02:23.244Z,كانت لديك 500 درهمًا، اشتريت 3 هدايا بتكلفة 120 درهمًا لكل هدية. كم تبقى لديك؟,500 - (3 × 120),,,,,,,Subtraction,Subtraction
stu_1777340052233_9667,test_1777341418390_7p46nbr,choose_answer,0,4,choose_answer|attempt=0|log=4|47cc5ef5b1,arithmetic_fluency,0.6,operation_identification_from_context,Subtraction,OneStepProblem,WordProblem,Horizontal,1,9857,fast,0,,3.0,medium,,,2026-04-28T11:00:42.410Z,2026-04-28T11:02:23.244Z,إذا كانت لديك 500 درهمًا وأعطيت 200 درهمًا لصديقك، كم يتبقى لديك؟,500 - 200,,,,,,,Subtraction,Subtraction
stu_1777340052233_9667,test_1777341418390_7p46nbr,choose_answer,0,4,choose_answer|attempt=0|log=4|47cc5ef5b1,number_sense,0.2,operation_identification_from_context,Subtraction,OneStepProblem,WordProblem,Horizontal,1,9857,fast,0,,3.0,medium,,,2026-04-28T11:00:42.410Z,2026-04-28T11:02:23.244Z,إذا كانت لديك 500 درهمًا وأعطيت 200 درهمًا لصديقك، كم يتبقى لديك؟,500 - 200,,,,,,,Subtraction,Subtraction
stu_1777340052233_9667,test_1777341418390_7p46nbr,choose_answer,0,4,choose_answer|attempt=0|log=4|47cc5ef5b1,sequential_thinking,0.2,operation_identification_from_context,Subtraction,OneStepProblem,WordProblem,Horizontal,1,9857,fast,0,,3.0,medium,,,2026-04-28T11:00:42.410Z,2026-04-28T11:02:23.244Z,إذا كانت لديك 500 درهمًا وأعطيت 200 درهمًا لصديقك، كم يتبقى لديك؟,500 - 200,,,,,,,Subtraction,Subtraction
stu_1777340052233_9667,test_1777341418390_7p46nbr,find_previous_next_number,0,0,find_previous_next_number|attempt=0|log=0|8376afcca5,sequential_thinking,1.0,previous_next_number,,PreviousAndNext,Sequence,Horizontal,1,111250,medium,0,,5.0,hard,60530-60539,,2026-04-28T10:50:57.202Z,2026-04-28T10:52:10.216Z,60533,,,,"[60532, 60534]","[60532, 60534]",,,,
stu_1777340052233_9667,test_1777341418390_7p46nbr,find_previous_next_number,0,1,find_previous_next_number|attempt=0|log=1|2ded962eed,sequential_thinking,1.0,previous_next_number,,PreviousAndNext,Sequence,Horizontal,1,64646,medium,0,,4.0,hard,9800-9809,,2026-04-28T10:50:57.202Z,2026-04-28T10:52:10.216Z,9804,,,,"[9803, 9805]","[9803, 9805]",,,,
stu_1777340052233_9667,test_1777341418390_7p46nbr,find_previous_next_number,0,2,find_previous_next_number|attempt=0|log=2|c4fe1ee21b,sequential_thinking,1.0,previous_next_number,,PreviousAndNext,Sequence,Horizontal,1,73014,medium,0,,5.0,hard,90180-90189,,2026-04-28T10:50:57.202Z,2026-04-28T10:52:10.216Z,90180,,,,"[90179, 90181]","[90179, 90181]",,,,
stu_1777340052233_9667,test_1777341418390_7p46nbr,identify_place_value,0,0,identify_place_value|attempt=0|log=0|07bd7aacae,number_sense,1.0,place_value_identification,,PlaceValue,PlaceValue,Visual,1,93206,fast,0,,6.0,hard,,,2026-04-28T10:59:01.685Z,2026-04-28T11:00:42.172Z,,,,,"{""pos_0"": 4, ""pos_1"": 3, ""pos_2"": 5, ""pos_3"": 9, ""pos_4"": 6, ""pos_5"": 8}","{""pos_0"": ""4"", ""pos_1"": ""3"", ""pos_2"": ""5"", ""pos_3"": ""9"", ""pos_4"": ""6"", ""pos_5"": ""8""}",,,,
stu_1777340052233_9667,test_1777341418390_7p46nbr,identify_place_value,0,1,identify_place_value|attempt=0|log=1|b676e7f454,number_sense,1.0,place_value_identification,,PlaceValue,PlaceValue,Visual,1,74557,fast,0,,6.0,hard,,,2026-04-28T10:59:01.685Z,2026-04-28T11:00:42.172Z,,,,,"{""pos_0"": 1, ""pos_1"": 8, ""pos_2"": 4, ""pos_3"": 2, ""pos_4"": 6, ""pos_5"": 3}","{""pos_0"": ""1"", ""pos_1"": ""8"", ""pos_2"": ""4"", ""pos_3"": ""2"", ""pos_4"": ""6"", ""pos_5"": ""3""}",,,,
stu_1777340052233_9667,test_1777341418390_7p46nbr,identify_place_value,0,2,identify_place_value|attempt=0|log=2|cb0b891198,number_sense,1.0,place_value_identification,,PlaceValue,PlaceValue,Visual,1,50793,fast,0,,6.0,hard,,,2026-04-28T10:59:01.685Z,2026-04-28T11:00:42.172Z,,,,,"{""pos_0"": 2, ""pos_1"": 0, ""pos_2"": 7, ""pos_3"": 8, ""pos_4"": 8, ""pos_5"": 2}","{""pos_0"": ""2"", ""pos_1"": ""0"", ""pos_2"": ""7"", ""pos_3"": ""8"", ""pos_4"": ""8"", ""pos_5"": ""2""}",,,,
stu_1777340052233_9667,test_1777341418390_7p46nbr,identify_place_value,0,3,identify_place_value|attempt=0|log=3|a7c3e4b190,number_sense,1.0,place_value_identification,,PlaceValue,PlaceValue,Visual,1,100487,fast,0,,6.0,hard,,,2026-04-28T10:59:01.685Z,2026-04-28T11:00:42.172Z,,,,,"{""pos_0"": 9, ""pos_1"": 4, ""pos_2"": 1, ""pos_3"": 2, ""pos_4"": 4, ""pos_5"": 4}","{""pos_0"": 9, ""pos_1"": ""4"", ""pos_2"": 1, ""pos_3"": 2, ""pos_4"": ""4"", ""pos_5"": ""4""}",,,,
stu_1777340052233_9667,test_1777341418390_7p46nbr,order_numbers,0,0,order_numbers|attempt=0|log=0|13a50cfdd1,sequential_thinking,1.0,number_ordering,,Ordering_desc,Ordering,Visual,1,45875,fast,0,,6.0,hard,,3.0,2026-04-28T10:52:10.445Z,2026-04-28T10:55:22.894Z,,,,,,,,desc,,
stu_1777340052233_9667,test_1777341418390_7p46nbr,order_numbers,0,1,order_numbers|attempt=0|log=1|f97e1e3904,sequential_thinking,1.0,number_ordering,,Ordering_asc,Ordering,Visual,1,17398,fast,0,,6.0,hard,,2.0,2026-04-28T10:52:10.445Z,2026-04-28T10:55:22.894Z,,,,,,,,asc,,
stu_1777340052233_9667,test_1777341418390_7p46nbr,order_numbers,0,2,order_numbers|attempt=0|log=2|22e888c94b,sequential_thinking,1.0,number_ordering,,Ordering_asc,Ordering,Visual,1,51913,fast,0,,6.0,hard,,6.0,2026-04-28T10:52:10.445Z,2026-04-28T10:55:22.894Z,,,,,,,,asc,,
stu_1777340052233_9667,test_1777341418390_7p46nbr,order_numbers,0,3,order_numbers|attempt=0|log=3|ac67ce5168,sequential_thinking,1.0,number_ordering,,Ordering_asc,Ordering,Visual,1,32376,fast,0,,6.0,hard,,5.0,2026-04-28T10:52:10.445Z,2026-04-28T10:55:22.894Z,,,,,,,,asc,,
stu_1777340052233_9667,test_1777341418390_7p46nbr,order_numbers,0,4,order_numbers|attempt=0|log=4|5d5626a6b9,sequential_thinking,1.0,number_ordering,,Ordering_desc,Ordering,Visual,1,44887,fast,0,,6.0,hard,,6.0,2026-04-28T10:52:10.445Z,2026-04-28T10:55:22.894Z,,,,,,,,desc,,
stu_1777340052233_9667,test_1777341418390_7p46nbr,vertical_operations,0,0,vertical_operations|attempt=0|log=0|fbf7fa9bb6,arithmetic_fluency,1.0,vertical_operation_fluency,Addition,AdditionWithCarry,VerticalOperation,Vertical,1,57002,fast,0,,3.0,medium,,,2026-04-28T11:02:23.513Z,2026-04-28T11:10:06.583Z,84 Addition 392,,476,476,,,,,,
stu_1777340052233_9667,test_1777341418390_7p46nbr,vertical_operations,0,1,vertical_operations|attempt=0|log=1|353d364920,arithmetic_fluency,1.0,vertical_operation_fluency,Multiplication,MultiStepMultiplication,VerticalOperation,Vertical,0,251286,fast,0,ComputationError,6.0,hard,,,2026-04-28T11:02:23.513Z,2026-04-28T11:10:06.583Z,315 Multiplication 897,,282555,182555,,,,,,
stu_1777340052233_9667,test_1777341418390_7p46nbr,vertical_operations,0,2,vertical_operations|attempt=0|log=2|ccaf05cb2e,arithmetic_fluency,1.0,vertical_operation_fluency,Multiplication,MultiStepMultiplication,VerticalOperation,Vertical,1,118999,fast,0,,4.0,hard,,,2026-04-28T11:02:23.513Z,2026-04-28T11:10:06.583Z,75 Multiplication 85,,6375,6375,,,,,,
stu_1777340052233_9667,test_1777341418390_7p46nbr,vertical_operations,0,3,vertical_operations|attempt=0|log=3|54bf453f5b,arithmetic_fluency,1.0,vertical_operation_fluency,Addition,SimpleAddition,VerticalOperation,Vertical,1,35783,fast,0,,3.0,medium,,,2026-04-28T11:02:23.513Z,2026-04-28T11:10:06.583Z,104 Addition 500,,604,604,,,,,,
stu_1777340052233_9667,test_1777341418390_7p46nbr,what_number_do_you_hear,0,0,what_number_do_you_hear|attempt=0|log=0|8646396bed,audio_recognition,1.0,auditory_number_recognition,,HeardNumberChoice,AudioRecognition,Audio,1,12654,medium,0,,1.0,very-easy,,,2026-04-28T10:47:31.781Z,2026-04-28T10:48:01.121Z,1,1,,,,,,,,
stu_1777340052233_9667,test_1777341418390_7p46nbr,what_number_do_you_hear,0,1,what_number_do_you_hear|attempt=0|log=1|f4d412c7cb,audio_recognition,1.0,auditory_number_recognition,,HeardNumberChoice,AudioRecognition,Audio,1,6766,fast,0,,2.0,easy,,,2026-04-28T10:47:31.781Z,2026-04-28T10:48:01.121Z,10,10,,,,,,,,
stu_1777340052233_9667,test_1777341418390_7p46nbr,what_number_do_you_hear,0,2,what_number_do_you_hear|attempt=0|log=2|7a790e1358,audio_recognition,1.0,auditory_number_recognition,,HeardNumberChoice,AudioRecognition,Audio,1,2528,fast,0,,1.0,very-easy,,,2026-04-28T10:47:31.781Z,2026-04-28T10:48:01.121Z,3,3,,,,,,,,
stu_1777340052233_9667,test_1777341418390_7p46nbr,what_number_do_you_hear,0,3,what_number_do_you_hear|attempt=0|log=3|985a94f767,audio_recognition,1.0,auditory_number_recognition,,HeardNumberChoice,AudioRecognition,Audio,1,2640,fast,0,,1.0,very-easy,,,2026-04-28T10:47:31.781Z,2026-04-28T10:48:01.121Z,7,7,,,,,,,,
stu_1777340052233_9667,test_1777341418390_7p46nbr,what_number_do_you_hear,0,4,what_number_do_you_hear|attempt=0|log=4|fb12a5fe0f,audio_recognition,1.0,auditory_number_recognition,,HeardNumberChoice,AudioRecognition,Audio,1,2568,fast,0,,1.0,very-easy,,,2026-04-28T10:47:31.781Z,2026-04-28T10:48:01.121Z,9,9,,,,,,,,
stu_1777340052233_9667,test_1777341418390_7p46nbr,what_number_do_you_hear,0,5,what_number_do_you_hear|attempt=0|log=5|106518953b,audio_recognition,1.0,auditory_number_recognition,,HeardNumberChoice,AudioRecognition,Audio,1,2184,fast,0,,1.0,very-easy,,,2026-04-28T10:47:31.781Z,2026-04-28T10:48:01.121Z,8,8,,,,,,,,
stu_1777340052756_4794,test_1777341418390_7p46nbr,find_previous_next_number,0,0,find_previous_next_number|attempt=0|log=0|f366f46a56,sequential_thinking,1.0,previous_next_number,,PreviousAndNext,Sequence,Horizontal,1,60708,medium,0,,5.0,hard,76230-76239,,2026-04-28T11:25:55.075Z,2026-04-28T11:26:55.522Z,76236,,,,"[76235, 76237]","[76235, 76237]",,,,
stu_1777340052756_4794,test_1777341418390_7p46nbr,find_previous_next_number,0,1,find_previous_next_number|attempt=0|log=1|34a245802a,sequential_thinking,1.0,previous_next_number,,PreviousAndNext,Sequence,Horizontal,1,62477,medium,0,,5.0,hard,47320-47329,,2026-04-28T11:25:55.075Z,2026-04-28T11:26:55.522Z,47323,,,,"[47322, 47324]","[47322, 47324]",,,,
stu_1777340052756_4794,test_1777341418390_7p46nbr,find_previous_next_number,0,2,find_previous_next_number|attempt=0|log=2|dc95419d6e,sequential_thinking,1.0,previous_next_number,,PreviousAndNext,Sequence,Horizontal,1,60447,medium,0,,5.0,hard,75770-75779,,2026-04-28T11:25:55.075Z,2026-04-28T11:26:55.522Z,75775,,,,"[75774, 75776]","[75774, 75776]",,,,
stu_1777340052756_4794,test_1777341418390_7p46nbr,find_previous_next_number,1,0,find_previous_next_number|attempt=1|log=0|9e6ea6834f,sequential_thinking,1.0,previous_next_number,,PreviousAndNext,Sequence,Horizontal,1,41270,fast,0,,4.0,hard,8760-8769,,2026-04-28T11:21:09.452Z,2026-04-28T11:22:22.035Z,8763,,,,"[8762, 8764]","[8762, 8764]",,,,
stu_1777340052756_4794,test_1777341418390_7p46nbr,find_previous_next_number,1,1,find_previous_next_number|attempt=1|log=1|bfbffad95d,sequential_thinking,1.0,previous_next_number,,PreviousAndNext,Sequence,Horizontal,0,48238,fast,0,MissingPrevious,4.0,hard,7500-7509,,2026-04-28T11:21:09.452Z,2026-04-28T11:22:22.035Z,7500,,,,"[7499, 7501]","[7500, 7501]",,,,
stu_1777340052756_4794,test_1777341418390_7p46nbr,find_previous_next_number,1,2,find_previous_next_number|attempt=1|log=2|3b0cba6b39,sequential_thinking,1.0,previous_next_number,,PreviousAndNext,Sequence,Horizontal,0,72583,medium,0,MissingPrevious,4.0,hard,9770-9779,,2026-04-28T11:21:09.452Z,2026-04-28T11:22:22.035Z,9770,,,,"[9769, 9771]","[9770, 9771]",,,,
stu_1777340052756_4794,test_1777341418390_7p46nbr,order_numbers,0,0,order_numbers|attempt=0|log=0|a7efd701f8,sequential_thinking,1.0,number_ordering,,Ordering_desc,Ordering,Visual,1,107656,fast,0,,6.0,hard,,7.0,2026-04-28T11:26:55.592Z,2026-04-28T11:31:10.015Z,,,,,,,,desc,,
stu_1777340052756_4794,test_1777341418390_7p46nbr,order_numbers,0,1,order_numbers|attempt=0|log=1|d547da27b3,sequential_thinking,1.0,number_ordering,,Ordering_asc,Ordering,Visual,0,38607,fast,0,ReversedDescending,6.0,hard,,6.0,2026-04-28T11:26:55.592Z,2026-04-28T11:31:10.015Z,,,,,,,,asc,,
stu_1777340052756_4794,test_1777341418390_7p46nbr,order_numbers,0,2,order_numbers|attempt=0|log=2|c9d5f418e6,sequential_thinking,1.0,number_ordering,,Ordering_asc,Ordering,Visual,0,15345,fast,0,ReversedDescending,6.0,hard,,3.0,2026-04-28T11:26:55.592Z,2026-04-28T11:31:10.015Z,,,,,,,,asc,,
stu_1777340052756_4794,test_1777341418390_7p46nbr,order_numbers,0,3,order_numbers|attempt=0|log=3|1020609baf,sequential_thinking,1.0,number_ordering,,Ordering_asc,Ordering,Visual,0,27343,fast,0,ReversedDescending,6.0,hard,,5.0,2026-04-28T11:26:55.592Z,2026-04-28T11:31:10.015Z,,,,,,,,asc,,
stu_1777340052756_4794,test_1777341418390_7p46nbr,order_numbers,0,4,order_numbers|attempt=0|log=4|8fd7dc34e5,sequential_thinking,1.0,number_ordering,,Ordering_desc,Ordering,Visual,1,65472,fast,0,,6.0,hard,,7.0,2026-04-28T11:26:55.592Z,2026-04-28T11:31:10.015Z,,,,,,,,desc,,
stu_1777340052756_4794,test_1777341418390_7p46nbr,what_number_do_you_hear,0,0,what_number_do_you_hear|attempt=0|log=0|053c898c5b,audio_recognition,1.0,auditory_number_recognition,,HeardNumberChoice,AudioRecognition,Audio,1,3431,fast,0,,1.0,very-easy,,,2026-04-28T11:23:31.043Z,2026-04-28T11:23:51.778Z,6,6,,,,,,,,
stu_1777340052756_4794,test_1777341418390_7p46nbr,what_number_do_you_hear,0,1,what_number_do_you_hear|attempt=0|log=1|9cbffe27bb,audio_recognition,1.0,auditory_number_recognition,,HeardNumberChoice,AudioRecognition,Audio,1,2768,fast,0,,1.0,very-easy,,,2026-04-28T11:23:31.043Z,2026-04-28T11:23:51.778Z,3,3,,,,,,,,
stu_1777340052756_4794,test_1777341418390_7p46nbr,what_number_do_you_hear,0,2,what_number_do_you_hear|attempt=0|log=2|e2afb25ef6,audio_recognition,1.0,auditory_number_recognition,,HeardNumberChoice,AudioRecognition,Audio,1,1880,fast,0,,1.0,very-easy,,,2026-04-28T11:23:31.043Z,2026-04-28T11:23:51.778Z,1,1,,,,,,,,
stu_1777340052756_4794,test_1777341418390_7p46nbr,what_number_do_you_hear,0,3,what_number_do_you_hear|attempt=0|log=3|f0a1022b45,audio_recognition,1.0,auditory_number_recognition,,HeardNumberChoice,AudioRecognition,Audio,1,9384,fast,0,,1.0,very-easy,,,2026-04-28T11:23:31.043Z,2026-04-28T11:23:51.778Z,0,0,,,,,,,,
stu_1777340052756_4794,test_1777341418390_7p46nbr,what_number_do_you_hear,0,4,what_number_do_you_hear|attempt=0|log=4|26ef815725,audio_recognition,1.0,auditory_number_recognition,,HeardNumberChoice,AudioRecognition,Audio,1,1568,fast,0,,2.0,easy,,,2026-04-28T11:23:31.043Z,2026-04-28T11:23:51.778Z,10,10,,,,,,,,
stu_1777340052756_4794,test_1777341418390_7p46nbr,what_number_do_you_hear,0,5,what_number_do_you_hear|attempt=0|log=5|4992588009,audio_recognition,1.0,auditory_number_recognition,,HeardNumberChoice,AudioRecognition,Audio,1,1704,fast,0,,1.0,very-easy,,,2026-04-28T11:23:31.043Z,2026-04-28T11:23:51.778Z,5,5,,,,,,,,
stu_1777340052928_1612,test_1777341418390_7p46nbr,choose_answer,0,0,choose_answer|attempt=0|log=0|8a317b751b,arithmetic_fluency,0.6,operation_identification_from_context,,OneStepProblem,WordProblem,Horizontal,1,27496,slow,1,,2.0,easy,,,2026-04-28T11:47:18.781Z,2026-04-28T11:48:35.551Z,في أحد المخابز يوجد 15 صندوقًا من الخبز. في كل صندوق 20 رغيفًا. كم رغيفًا في المجموع؟,15 × 20,,,,,,,,
stu_1777340052928_1612,test_1777341418390_7p46nbr,choose_answer,0,0,choose_answer|attempt=0|log=0|8a317b751b,number_sense,0.2,operation_identification_from_context,,OneStepProblem,WordProblem,Horizontal,1,27496,slow,1,,2.0,easy,,,2026-04-28T11:47:18.781Z,2026-04-28T11:48:35.551Z,في أحد المخابز يوجد 15 صندوقًا من الخبز. في كل صندوق 20 رغيفًا. كم رغيفًا في المجموع؟,15 × 20,,,,,,,,
stu_1777340052928_1612,test_1777341418390_7p46nbr,choose_answer,0,0,choose_answer|attempt=0|log=0|8a317b751b,sequential_thinking,0.2,operation_identification_from_context,,OneStepProblem,WordProblem,Horizontal,1,27496,slow,1,,2.0,easy,,,2026-04-28T11:47:18.781Z,2026-04-28T11:48:35.551Z,في أحد المخابز يوجد 15 صندوقًا من الخبز. في كل صندوق 20 رغيفًا. كم رغيفًا في المجموع؟,15 × 20,,,,,,,,
stu_1777340052928_1612,test_1777341418390_7p46nbr,choose_answer,0,1,choose_answer|attempt=0|log=1|eb983361b0,arithmetic_fluency,0.6,operation_identification_from_context,,OneStepProblem,WordProblem,Horizontal,1,15596,medium,0,,1.0,very-easy,,,2026-04-28T11:47:18.781Z,2026-04-28T11:48:35.551Z,أبنى 6 منازل في حي جديد، وفي كل منزل 8 نوافذ. كم عدد النوافذ في الحي؟,6 × 8,,,,,,,,
stu_1777340052928_1612,test_1777341418390_7p46nbr,choose_answer,0,1,choose_answer|attempt=0|log=1|eb983361b0,number_sense,0.2,operation_identification_from_context,,OneStepProblem,WordProblem,Horizontal,1,15596,medium,0,,1.0,very-easy,,,2026-04-28T11:47:18.781Z,2026-04-28T11:48:35.551Z,أبنى 6 منازل في حي جديد، وفي كل منزل 8 نوافذ. كم عدد النوافذ في الحي؟,6 × 8,,,,,,,,
stu_1777340052928_1612,test_1777341418390_7p46nbr,choose_answer,0,1,choose_answer|attempt=0|log=1|eb983361b0,sequential_thinking,0.2,operation_identification_from_context,,OneStepProblem,WordProblem,Horizontal,1,15596,medium,0,,1.0,very-easy,,,2026-04-28T11:47:18.781Z,2026-04-28T11:48:35.551Z,أبنى 6 منازل في حي جديد، وفي كل منزل 8 نوافذ. كم عدد النوافذ في الحي؟,6 × 8,,,,,,,,
stu_1777340052928_1612,test_1777341418390_7p46nbr,choose_answer,0,2,choose_answer|attempt=0|log=2|22bd9010b4,arithmetic_fluency,0.6,operation_identification_from_context,,OneStepProblem,WordProblem,Horizontal,1,11639,medium,0,,2.0,easy,,,2026-04-28T11:47:18.781Z,2026-04-28T11:48:35.551Z,أشترى أحمد 12 تذكرة سينما، سعر التذكرة الواحدة 50 درهما. كم دفع أحمد في المجمل؟,12 × 50,,,,,,,,
stu_1777340052928_1612,test_1777341418390_7p46nbr,choose_answer,0,2,choose_answer|attempt=0|log=2|22bd9010b4,number_sense,0.2,operation_identification_from_context,,OneStepProblem,WordProblem,Horizontal,1,11639,medium,0,,2.0,easy,,,2026-04-28T11:47:18.781Z,2026-04-28T11:48:35.551Z,أشترى أحمد 12 تذكرة سينما، سعر التذكرة الواحدة 50 درهما. كم دفع أحمد في المجمل؟,12 × 50,,,,,,,,
stu_1777340052928_1612,test_1777341418390_7p46nbr,choose_answer,0,2,choose_answer|attempt=0|log=2|22bd9010b4,sequential_thinking,0.2,operation_identification_from_context,,OneStepProblem,WordProblem,Horizontal,1,11639,medium,0,,2.0,easy,,,2026-04-28T11:47:18.781Z,2026-04-28T11:48:35.551Z,أشترى أحمد 12 تذكرة سينما، سعر التذكرة الواحدة 50 درهما. كم دفع أحمد في المجمل؟,12 × 50,,,,,,,,
stu_1777340052928_1612,test_1777341418390_7p46nbr,choose_answer,0,3,choose_answer|attempt=0|log=3|392725d13f,arithmetic_fluency,0.6,operation_identification_from_context,Addition,OneStepProblem,WordProblem,Horizontal,1,8984,fast,0,,1.0,very-easy,,,2026-04-28T11:47:18.781Z,2026-04-28T11:48:35.551Z,اشترت فاطمة 3 تفاحات و4 برتقالات. كم فاكهة اشترت فاطمة؟,3 + 4,,,,,,,Addition,Addition
stu_1777340052928_1612,test_1777341418390_7p46nbr,choose_answer,0,3,choose_answer|attempt=0|log=3|392725d13f,number_sense,0.2,operation_identification_from_context,Addition,OneStepProblem,WordProblem,Horizontal,1,8984,fast,0,,1.0,very-easy,,,2026-04-28T11:47:18.781Z,2026-04-28T11:48:35.551Z,اشترت فاطمة 3 تفاحات و4 برتقالات. كم فاكهة اشترت فاطمة؟,3 + 4,,,,,,,Addition,Addition
stu_1777340052928_1612,test_1777341418390_7p46nbr,choose_answer,0,3,choose_answer|attempt=0|log=3|392725d13f,sequential_thinking,0.2,operation_identification_from_context,Addition,OneStepProblem,WordProblem,Horizontal,1,8984,fast,0,,1.0,very-easy,,,2026-04-28T11:47:18.781Z,2026-04-28T11:48:35.551Z,اشترت فاطمة 3 تفاحات و4 برتقالات. كم فاكهة اشترت فاطمة؟,3 + 4,,,,,,,Addition,Addition
stu_1777340052928_1612,test_1777341418390_7p46nbr,choose_answer,0,4,choose_answer|attempt=0|log=4|cf429c5478,arithmetic_fluency,0.6,operation_identification_from_context,,OneStepProblem,WordProblem,Horizontal,1,13055,medium,0,,2.0,easy,,,2026-04-28T11:47:18.781Z,2026-04-28T11:48:35.551Z,في مستودع هناك 15 صندوقًا، وكل صندوق يحتوي على 35 قطعة. كم عدد القطع في المستودع؟,15 × 35,,,,,,,,
stu_1777340052928_1612,test_1777341418390_7p46nbr,choose_answer,0,4,choose_answer|attempt=0|log=4|cf429c5478,number_sense,0.2,operation_identification_from_context,,OneStepProblem,WordProblem,Horizontal,1,13055,medium,0,,2.0,easy,,,2026-04-28T11:47:18.781Z,2026-04-28T11:48:35.551Z,في مستودع هناك 15 صندوقًا، وكل صندوق يحتوي على 35 قطعة. كم عدد القطع في المستودع؟,15 × 35,,,,,,,,
stu_1777340052928_1612,test_1777341418390_7p46nbr,choose_answer,0,4,choose_answer|attempt=0|log=4|cf429c5478,sequential_thinking,0.2,operation_identification_from_context,,OneStepProblem,WordProblem,Horizontal,1,13055,medium,0,,2.0,easy,,,2026-04-28T11:47:18.781Z,2026-04-28T11:48:35.551Z,في مستودع هناك 15 صندوقًا، وكل صندوق يحتوي على 35 قطعة. كم عدد القطع في المستودع؟,15 × 35,,,,,,,,
stu_1777340052928_1612,test_1777341418390_7p46nbr,find_previous_next_number,0,0,find_previous_next_number|attempt=0|log=0|5b73cc6f33,sequential_thinking,1.0,previous_next_number,,PreviousAndNext,Sequence,Horizontal,1,94003,medium,0,,5.0,hard,68960-68969,,2026-04-28T11:36:40.767Z,2026-04-28T11:38:21.372Z,68964,,,,"[68963, 68965]","[68963, 68965]",,,,
stu_1777340052928_1612,test_1777341418390_7p46nbr,find_previous_next_number,0,1,find_previous_next_number|attempt=0|log=1|ae9fcfaba1,sequential_thinking,1.0,previous_next_number,,PreviousAndNext,Sequence,Horizontal,1,115550,medium,0,,5.0,hard,77220-77229,,2026-04-28T11:36:40.767Z,2026-04-28T11:38:21.372Z,77227,,,,"[77226, 77228]","[77226, 77228]",,,,
stu_1777340052928_1612,test_1777341418390_7p46nbr,find_previous_next_number,0,2,find_previous_next_number|attempt=0|log=2|d378ec858a,sequential_thinking,1.0,previous_next_number,,PreviousAndNext,Sequence,Horizontal,1,100605,medium,0,,5.0,hard,19060-19069,,2026-04-28T11:36:40.767Z,2026-04-28T11:38:21.372Z,19064,,,,"[19063, 19065]","[19063, 19065]",,,,
stu_1777340052928_1612,test_1777341418390_7p46nbr,identify_place_value,0,0,identify_place_value|attempt=0|log=0|df1e686176,number_sense,1.0,place_value_identification,,PlaceValue,PlaceValue,Visual,1,63280,fast,0,,6.0,hard,,,2026-04-28T11:46:23.217Z,2026-04-28T11:47:18.705Z,,,,,"{""pos_0"": 2, ""pos_1"": 7, ""pos_2"": 9, ""pos_3"": 8, ""pos_4"": 6, ""pos_5"": 4}","{""pos_0"": 2, ""pos_1"": 7, ""pos_2"": 9, ""pos_3"": 8, ""pos_4"": 6, ""pos_5"": 4}",,,,
stu_1777340052928_1612,test_1777341418390_7p46nbr,identify_place_value,0,1,identify_place_value|attempt=0|log=1|ef99a9d716,number_sense,1.0,place_value_identification,,PlaceValue,PlaceValue,Visual,1,56559,fast,0,,6.0,hard,,,2026-04-28T11:46:23.217Z,2026-04-28T11:47:18.705Z,,,,,"{""pos_0"": 9, ""pos_1"": 2, ""pos_2"": 0, ""pos_3"": 0, ""pos_4"": 6, ""pos_5"": 9}","{""pos_0"": 9, ""pos_1"": 2, ""pos_2"": 0, ""pos_3"": 0, ""pos_4"": 6, ""pos_5"": 9}",,,,
stu_1777340052928_1612,test_1777341418390_7p46nbr,identify_place_value,0,2,identify_place_value|attempt=0|log=2|a83c3bb8d6,number_sense,1.0,place_value_identification,,PlaceValue,PlaceValue,Visual,1,44617,fast,0,,6.0,hard,,,2026-04-28T11:46:23.217Z,2026-04-28T11:47:18.705Z,,,,,"{""pos_0"": 3, ""pos_1"": 8, ""pos_2"": 6, ""pos_3"": 8, ""pos_4"": 3, ""pos_5"": 6}","{""pos_0"": 3, ""pos_1"": 8, ""pos_2"": 6, ""pos_3"": 8, ""pos_4"": 3, ""pos_5"": 6}",,,,
stu_1777340052928_1612,test_1777341418390_7p46nbr,identify_place_value,0,3,identify_place_value|attempt=0|log=3|85a928f36f,number_sense,1.0,place_value_identification,,PlaceValue,PlaceValue,Visual,1,55487,fast,0,,6.0,hard,,,2026-04-28T11:46:23.217Z,2026-04-28T11:47:18.705Z,,,,,"{""pos_0"": 6, ""pos_1"": 5, ""pos_2"": 0, ""pos_3"": 5, ""pos_4"": 5, ""pos_5"": 4}","{""pos_0"": 6, ""pos_1"": 5, ""pos_2"": 0, ""pos_3"": 5, ""pos_4"": 5, ""pos_5"": 4}",,,,
stu_1777340052928_1612,test_1777341418390_7p46nbr,order_numbers,0,0,order_numbers|attempt=0|log=0|f09a13b8e8,sequential_thinking,1.0,number_ordering,,Ordering_desc,Ordering,Visual,1,39998,fast,0,,6.0,hard,,6.0,2026-04-28T11:38:21.439Z,2026-04-28T11:43:38.682Z,,,,,,,,desc,,
stu_1777340052928_1612,test_1777341418390_7p46nbr,order_numbers,0,1,order_numbers|attempt=0|log=1|02d39e7a5c,sequential_thinking,1.0,number_ordering,,Ordering_asc,Ordering,Visual,1,73566,fast,0,,6.0,hard,,7.0,2026-04-28T11:38:21.439Z,2026-04-28T11:43:38.682Z,,,,,,,,asc,,
stu_1777340052928_1612,test_1777341418390_7p46nbr,order_numbers,0,2,order_numbers|attempt=0|log=2|48743e76b9,sequential_thinking,1.0,number_ordering,,Ordering_desc,Ordering,Visual,1,78487,fast,0,,6.0,hard,,7.0,2026-04-28T11:38:21.439Z,2026-04-28T11:43:38.682Z,,,,,,,,desc,,
stu_1777340052928_1612,test_1777341418390_7p46nbr,order_numbers,0,3,order_numbers|attempt=0|log=3|f1755636d3,sequential_thinking,1.0,number_ordering,,Ordering_desc,Ordering,Visual,1,95319,fast,0,,6.0,hard,,7.0,2026-04-28T11:38:21.439Z,2026-04-28T11:43:38.682Z,,,,,,,,desc,,
stu_1777340052928_1612,test_1777341418390_7p46nbr,order_numbers,0,4,order_numbers|attempt=0|log=4|1517df793b,sequential_thinking,1.0,number_ordering,,Ordering_desc,Ordering,Visual,1,29872,fast,0,,6.0,hard,,4.0,2026-04-28T11:38:21.439Z,2026-04-28T11:43:38.682Z,,,,,,,,desc,,
stu_1777340052928_1612,test_1777341418390_7p46nbr,vertical_operations,0,0,vertical_operations|attempt=0|log=0|8e06cdb563,arithmetic_fluency,1.0,vertical_operation_fluency,Addition,AdditionWithCarry,VerticalOperation,Vertical,1,62288,fast,0,,4.0,hard,,,2026-04-28T11:48:35.751Z,2026-04-28T11:54:22.125Z,656 Addition 563,,1219,1219,,,,,,
stu_1777340052928_1612,test_1777341418390_7p46nbr,vertical_operations,0,1,vertical_operations|attempt=0|log=1|0a6f7df480,arithmetic_fluency,1.0,vertical_operation_fluency,Subtraction,SubtractionWithBorrow,VerticalOperation,Vertical,1,78799,fast,0,,3.0,medium,,,2026-04-28T11:48:35.751Z,2026-04-28T11:54:22.125Z,401 Subtraction 236,,165,165,,,,,,
stu_1777340052928_1612,test_1777341418390_7p46nbr,vertical_operations,0,2,vertical_operations|attempt=0|log=2|af7c3e8410,arithmetic_fluency,1.0,vertical_operation_fluency,Multiplication,MultiStepMultiplication,VerticalOperation,Vertical,1,159840,fast,0,,6.0,hard,,,2026-04-28T11:48:35.751Z,2026-04-28T11:54:22.125Z,375 Multiplication 455,,170625,170625,,,,,,
stu_1777340052928_1612,test_1777341418390_7p46nbr,vertical_operations,0,3,vertical_operations|attempt=0|log=3|6cd5d9a352,arithmetic_fluency,1.0,vertical_operation_fluency,Addition,AdditionWithCarry,VerticalOperation,Vertical,1,45447,fast,0,,3.0,medium,,,2026-04-28T11:48:35.751Z,2026-04-28T11:54:22.125Z,182 Addition 77,,259,259,,,,,,
stu_1777340052928_1612,test_1777341418390_7p46nbr,what_number_do_you_hear,0,0,what_number_do_you_hear|attempt=0|log=0|650e02a280,audio_recognition,1.0,auditory_number_recognition,,HeardNumberChoice,AudioRecognition,Audio,1,4229,fast,0,,1.0,very-easy,,,2026-04-28T11:32:39.681Z,2026-04-28T11:33:11.103Z,0,0,,,,,,,,
stu_1777340052928_1612,test_1777341418390_7p46nbr,what_number_do_you_hear,0,1,what_number_do_you_hear|attempt=0|log=1|6365031b16,audio_recognition,1.0,auditory_number_recognition,,HeardNumberChoice,AudioRecognition,Audio,1,10584,medium,0,,1.0,very-easy,,,2026-04-28T11:32:39.681Z,2026-04-28T11:33:11.103Z,1,1,,,,,,,,
stu_1777340052928_1612,test_1777341418390_7p46nbr,what_number_do_you_hear,0,2,what_number_do_you_hear|attempt=0|log=2|554b00ef68,audio_recognition,1.0,auditory_number_recognition,,HeardNumberChoice,AudioRecognition,Audio,1,11201,medium,0,,1.0,very-easy,,,2026-04-28T11:32:39.681Z,2026-04-28T11:33:11.103Z,5,5,,,,,,,,
stu_1777340052928_1612,test_1777341418390_7p46nbr,what_number_do_you_hear,0,3,what_number_do_you_hear|attempt=0|log=3|983d9c3c7d,audio_recognition,1.0,auditory_number_recognition,,HeardNumberChoice,AudioRecognition,Audio,1,1512,fast,0,,1.0,very-easy,,,2026-04-28T11:32:39.681Z,2026-04-28T11:33:11.103Z,2,2,,,,,,,,
stu_1777340052928_1612,test_1777341418390_7p46nbr,what_number_do_you_hear,0,4,what_number_do_you_hear|attempt=0|log=4|5fa3ea9ef2,audio_recognition,1.0,auditory_number_recognition,,HeardNumberChoice,AudioRecognition,Audio,1,1655,fast,0,,1.0,very-easy,,,2026-04-28T11:32:39.681Z,2026-04-28T11:33:11.103Z,9,9,,,,,,,,
stu_1777340052928_1612,test_1777341418390_7p46nbr,what_number_do_you_hear,0,5,what_number_do_you_hear|attempt=0|log=5|5873554691,audio_recognition,1.0,auditory_number_recognition,,HeardNumberChoice,AudioRecognition,Audio,1,2241,fast,0,,1.0,very-easy,,,2026-04-28T11:32:39.681Z,2026-04-28T11:33:11.103Z,3,3,,,,,,,,
stu_1777374905378_409,test_1777341418390_7p46nbr,find_previous_next_number,0,0,find_previous_next_number|attempt=0|log=0|360e161f75,sequential_thinking,1.0,previous_next_number,,PreviousAndNext,Sequence,Horizontal,1,55027,fast,0,,5.0,hard,62410-62419,,2026-04-28T11:34:45.599Z,2026-04-28T11:35:40.376Z,62416,,,,"[62415, 62417]","[62415, 62417]",,,,
stu_1777374905378_409,test_1777341418390_7p46nbr,find_previous_next_number,0,1,find_previous_next_number|attempt=0|log=1|ca818fcd21,sequential_thinking,1.0,previous_next_number,,PreviousAndNext,Sequence,Horizontal,1,54562,fast,0,,5.0,hard,75970-75979,,2026-04-28T11:34:45.599Z,2026-04-28T11:35:40.376Z,75978,,,,"[75977, 75979]","[75977, 75979]",,,,
stu_1777374905378_409,test_1777341418390_7p46nbr,find_previous_next_number,0,2,find_previous_next_number|attempt=0|log=2|236e3489a6,sequential_thinking,1.0,previous_next_number,,PreviousAndNext,Sequence,Horizontal,1,54777,fast,0,,5.0,hard,24780-24789,,2026-04-28T11:34:45.599Z,2026-04-28T11:35:40.376Z,24787,,,,"[24786, 24788]","[24786, 24788]",,,,
stu_1777374905378_409,test_1777341418390_7p46nbr,order_numbers,0,0,order_numbers|attempt=0|log=0|326ef3e296,sequential_thinking,1.0,number_ordering,,Ordering_asc,Ordering,Visual,0,69212,fast,0,OneMisplacedNumber,6.0,hard,,7.0,2026-04-28T11:35:40.440Z,2026-04-28T11:38:57.193Z,,,,,,,,asc,,
stu_1777374905378_409,test_1777341418390_7p46nbr,order_numbers,0,1,order_numbers|attempt=0|log=1|d6bc852a1f,sequential_thinking,1.0,number_ordering,,Ordering_desc,Ordering,Visual,0,32234,fast,0,ReversedAscending,6.0,hard,,6.0,2026-04-28T11:35:40.440Z,2026-04-28T11:38:57.193Z,,,,,,,,desc,,
stu_1777374905378_409,test_1777341418390_7p46nbr,order_numbers,0,2,order_numbers|attempt=0|log=2|d0748501a3,sequential_thinking,1.0,number_ordering,,Ordering_asc,Ordering,Visual,1,14697,fast,0,,6.0,hard,,3.0,2026-04-28T11:35:40.440Z,2026-04-28T11:38:57.193Z,,,,,,,,asc,,
stu_1777374905378_409,test_1777341418390_7p46nbr,order_numbers,0,3,order_numbers|attempt=0|log=3|466af78b00,sequential_thinking,1.0,number_ordering,,Ordering_desc,Ordering,Visual,0,60073,fast,0,ReversedAscending,6.0,hard,,6.0,2026-04-28T11:35:40.440Z,2026-04-28T11:38:57.193Z,,,,,,,,desc,,
stu_1777374905378_409,test_1777341418390_7p46nbr,order_numbers,0,4,order_numbers|attempt=0|log=4|49333040f2,sequential_thinking,1.0,number_ordering,,Ordering_asc,Ordering,Visual,1,20535,fast,0,,6.0,hard,,5.0,2026-04-28T11:35:40.440Z,2026-04-28T11:38:57.193Z,,,,,,,,asc,,
stu_1777374905378_409,test_1777341418390_7p46nbr,what_number_do_you_hear,0,0,what_number_do_you_hear|attempt=0|log=0|7fed0c3d10,audio_recognition,1.0,auditory_number_recognition,,HeardNumberChoice,AudioRecognition,Audio,1,3545,fast,0,,1.0,very-easy,,,2026-04-28T11:32:42.687Z,2026-04-28T11:32:55.907Z,7,7,,,,,,,,
stu_1777374905378_409,test_1777341418390_7p46nbr,what_number_do_you_hear,0,1,what_number_do_you_hear|attempt=0|log=1|8a9cfb1503,audio_recognition,1.0,auditory_number_recognition,,HeardNumberChoice,AudioRecognition,Audio,1,2419,fast,0,,1.0,very-easy,,,2026-04-28T11:32:42.687Z,2026-04-28T11:32:55.907Z,0,0,,,,,,,,
stu_1777374905378_409,test_1777341418390_7p46nbr,what_number_do_you_hear,0,2,what_number_do_you_hear|attempt=0|log=2|0dcf5d90e3,audio_recognition,1.0,auditory_number_recognition,,HeardNumberChoice,AudioRecognition,Audio,1,1766,fast,0,,2.0,easy,,,2026-04-28T11:32:42.687Z,2026-04-28T11:32:55.907Z,10,10,,,,,,,,
stu_1777374905378_409,test_1777341418390_7p46nbr,what_number_do_you_hear,0,3,what_number_do_you_hear|attempt=0|log=3|697f177add,audio_recognition,1.0,auditory_number_recognition,,HeardNumberChoice,AudioRecognition,Audio,1,2075,fast,0,,1.0,very-easy,,,2026-04-28T11:32:42.687Z,2026-04-28T11:32:55.907Z,9,9,,,,,,,,
stu_1777374905378_409,test_1777341418390_7p46nbr,what_number_do_you_hear,0,4,what_number_do_you_hear|attempt=0|log=4|837326e1bd,audio_recognition,1.0,auditory_number_recognition,,HeardNumberChoice,AudioRecognition,Audio,1,1726,fast,0,,1.0,very-easy,,,2026-04-28T11:32:42.687Z,2026-04-28T11:32:55.907Z,8,8,,,,,,,,
stu_1777374905378_409,test_1777341418390_7p46nbr,what_number_do_you_hear,0,5,what_number_do_you_hear|attempt=0|log=5|e68235d73d,audio_recognition,1.0,auditory_number_recognition,,HeardNumberChoice,AudioRecognition,Audio,1,1689,fast,0,,1.0,very-easy,,,2026-04-28T11:32:42.687Z,2026-04-28T11:32:55.907Z,5,5,,,,,,,,
stu_1780967494580_4312,test_1780996897356_kspg977,choose_answer,0,0,choose_answer|attempt=0|log=0|1b31e769d5,arithmetic_fluency,0.6,operation_identification_from_context,Subtraction,OneStepProblem,WordProblem,Horizontal,0,2535,fast,0,MisidentifiedOperation,2.0,easy,,,2026-06-10T11:25:18.298Z,2026-06-10T11:25:28.115Z,كان لديك 54 تفاحة وأكلت 8. كم بقي؟,54 + 8,,,,,,,Subtraction,Addition
stu_1780967494580_4312,test_1780996897356_kspg977,choose_answer,0,0,choose_answer|attempt=0|log=0|1b31e769d5,number_sense,0.2,operation_identification_from_context,Subtraction,OneStepProblem,WordProblem,Horizontal,0,2535,fast,0,MisidentifiedOperation,2.0,easy,,,2026-06-10T11:25:18.298Z,2026-06-10T11:25:28.115Z,كان لديك 54 تفاحة وأكلت 8. كم بقي؟,54 + 8,,,,,,,Subtraction,Addition
stu_1780967494580_4312,test_1780996897356_kspg977,choose_answer,0,0,choose_answer|attempt=0|log=0|1b31e769d5,sequential_thinking,0.2,operation_identification_from_context,Subtraction,OneStepProblem,WordProblem,Horizontal,0,2535,fast,0,MisidentifiedOperation,2.0,easy,,,2026-06-10T11:25:18.298Z,2026-06-10T11:25:28.115Z,كان لديك 54 تفاحة وأكلت 8. كم بقي؟,54 + 8,,,,,,,Subtraction,Addition
stu_1780967494580_4312,test_1780996897356_kspg977,choose_answer,0,1,choose_answer|attempt=0|log=1|a050c30caa,arithmetic_fluency,0.6,operation_identification_from_context,Addition,OneStepProblem,WordProblem,Horizontal,1,4626,fast,0,,2.0,easy,,,2026-06-10T11:25:18.298Z,2026-06-10T11:25:28.115Z,لديك 13 درهم ومنحك والده 5 درهما. كم أصبح لديك من درهم؟,13 + 5,,,,,,,Addition,Addition
stu_1780967494580_4312,test_1780996897356_kspg977,choose_answer,0,1,choose_answer|attempt=0|log=1|a050c30caa,number_sense,0.2,operation_identification_from_context,Addition,OneStepProblem,WordProblem,Horizontal,1,4626,fast,0,,2.0,easy,,,2026-06-10T11:25:18.298Z,2026-06-10T11:25:28.115Z,لديك 13 درهم ومنحك والده 5 درهما. كم أصبح لديك من درهم؟,13 + 5,,,,,,,Addition,Addition
stu_1780967494580_4312,test_1780996897356_kspg977,choose_answer,0,1,choose_answer|attempt=0|log=1|a050c30caa,sequential_thinking,0.2,operation_identification_from_context,Addition,OneStepProblem,WordProblem,Horizontal,1,4626,fast,0,,2.0,easy,,,2026-06-10T11:25:18.298Z,2026-06-10T11:25:28.115Z,لديك 13 درهم ومنحك والده 5 درهما. كم أصبح لديك من درهم؟,13 + 5,,,,,,,Addition,Addition
stu_1780967494580_4312,test_1780996897356_kspg977,choose_answer,0,2,choose_answer|attempt=0|log=2|45979b533e,arithmetic_fluency,0.6,operation_identification_from_context,Subtraction,OneStepProblem,WordProblem,Horizontal,0,2652,fast,0,ComputationError,2.0,easy,,,2026-06-10T11:25:18.298Z,2026-06-10T11:25:28.115Z,لدى أحمد 57 درهما، وأعطى 12 درهما لصديقه. كم تبقى لديه؟,12 - 57,,,,,,,Subtraction,Subtraction
stu_1780967494580_4312,test_1780996897356_kspg977,choose_answer,0,2,choose_answer|attempt=0|log=2|45979b533e,number_sense,0.2,operation_identification_from_context,Subtraction,OneStepProblem,WordProblem,Horizontal,0,2652,fast,0,ComputationError,2.0,easy,,,2026-06-10T11:25:18.298Z,2026-06-10T11:25:28.115Z,لدى أحمد 57 درهما، وأعطى 12 درهما لصديقه. كم تبقى لديه؟,12 - 57,,,,,,,Subtraction,Subtraction
stu_1780967494580_4312,test_1780996897356_kspg977,choose_answer,0,2,choose_answer|attempt=0|log=2|45979b533e,sequential_thinking,0.2,operation_identification_from_context,Subtraction,OneStepProblem,WordProblem,Horizontal,0,2652,fast,0,ComputationError,2.0,easy,,,2026-06-10T11:25:18.298Z,2026-06-10T11:25:28.115Z,لدى أحمد 57 درهما، وأعطى 12 درهما لصديقه. كم تبقى لديه؟,12 - 57,,,,,,,Subtraction,Subtraction
stu_1780967494580_4312,test_1780996897356_kspg977,choose_answer,1,0,choose_answer|attempt=1|log=0|cb43a89a21,arithmetic_fluency,0.6,operation_identification_from_context,Addition,OneStepProblem,WordProblem,Horizontal,1,2928,fast,0,,1.0,very-easy,,,2026-06-10T11:25:28.229Z,2026-06-10T11:25:35.076Z,لديك 1 درهم ومنحك والده 5 درهما. كم أصبح لديك من درهم؟,1 + 5,,,,,,,Addition,Addition
stu_1780967494580_4312,test_1780996897356_kspg977,choose_answer,1,0,choose_answer|attempt=1|log=0|cb43a89a21,number_sense,0.2,operation_identification_from_context,Addition,OneStepProblem,WordProblem,Horizontal,1,2928,fast,0,,1.0,very-easy,,,2026-06-10T11:25:28.229Z,2026-06-10T11:25:35.076Z,لديك 1 درهم ومنحك والده 5 درهما. كم أصبح لديك من درهم؟,1 + 5,,,,,,,Addition,Addition
stu_1780967494580_4312,test_1780996897356_kspg977,choose_answer,1,0,choose_answer|attempt=1|log=0|cb43a89a21,sequential_thinking,0.2,operation_identification_from_context,Addition,OneStepProblem,WordProblem,Horizontal,1,2928,fast,0,,1.0,very-easy,,,2026-06-10T11:25:28.229Z,2026-06-10T11:25:35.076Z,لديك 1 درهم ومنحك والده 5 درهما. كم أصبح لديك من درهم؟,1 + 5,,,,,,,Addition,Addition
stu_1780967494580_4312,test_1780996897356_kspg977,choose_answer,1,1,choose_answer|attempt=1|log=1|3dd27d37b4,arithmetic_fluency,0.6,operation_identification_from_context,Addition,OneStepProblem,WordProblem,Horizontal,1,2150,fast,0,,1.0,very-easy,,,2026-06-10T11:25:28.229Z,2026-06-10T11:25:35.076Z,لديك 5 درهم ومنحك والده 1 درهما. كم أصبح لديك من درهم؟,5 + 1,,,,,,,Addition,Addition
stu_1780967494580_4312,test_1780996897356_kspg977,choose_answer,1,1,choose_answer|attempt=1|log=1|3dd27d37b4,number_sense,0.2,operation_identification_from_context,Addition,OneStepProblem,WordProblem,Horizontal,1,2150,fast,0,,1.0,very-easy,,,2026-06-10T11:25:28.229Z,2026-06-10T11:25:35.076Z,لديك 5 درهم ومنحك والده 1 درهما. كم أصبح لديك من درهم؟,5 + 1,,,,,,,Addition,Addition
stu_1780967494580_4312,test_1780996897356_kspg977,choose_answer,1,1,choose_answer|attempt=1|log=1|3dd27d37b4,sequential_thinking,0.2,operation_identification_from_context,Addition,OneStepProblem,WordProblem,Horizontal,1,2150,fast,0,,1.0,very-easy,,,2026-06-10T11:25:28.229Z,2026-06-10T11:25:35.076Z,لديك 5 درهم ومنحك والده 1 درهما. كم أصبح لديك من درهم؟,5 + 1,,,,,,,Addition,Addition
stu_1780967494580_4312,test_1780996897356_kspg977,choose_answer,1,2,choose_answer|attempt=1|log=2|18d3020761,arithmetic_fluency,0.6,operation_identification_from_context,Addition,OneStepProblem,WordProblem,Horizontal,1,1764,fast,0,,1.0,very-easy,,,2026-06-10T11:25:28.229Z,2026-06-10T11:25:35.076Z,لديك 2 درهم ومنحك والده 1 درهما. كم أصبح لديك من درهم؟,2 + 1,,,,,,,Addition,Addition
stu_1780967494580_4312,test_1780996897356_kspg977,choose_answer,1,2,choose_answer|attempt=1|log=2|18d3020761,number_sense,0.2,operation_identification_from_context,Addition,OneStepProblem,WordProblem,Horizontal,1,1764,fast,0,,1.0,very-easy,,,2026-06-10T11:25:28.229Z,2026-06-10T11:25:35.076Z,لديك 2 درهم ومنحك والده 1 درهما. كم أصبح لديك من درهم؟,2 + 1,,,,,,,Addition,Addition
stu_1780967494580_4312,test_1780996897356_kspg977,choose_answer,1,2,choose_answer|attempt=1|log=2|18d3020761,sequential_thinking,0.2,operation_identification_from_context,Addition,OneStepProblem,WordProblem,Horizontal,1,1764,fast,0,,1.0,very-easy,,,2026-06-10T11:25:28.229Z,2026-06-10T11:25:35.076Z,لديك 2 درهم ومنحك والده 1 درهما. كم أصبح لديك من درهم؟,2 + 1,,,,,,,Addition,Addition
stu_1780967494580_4312,test_1780996897356_kspg977,compare_numbers,0,0,compare_numbers|attempt=0|log=0|e1b57604bf,comparison_skill,1.0,number_comparison,,Greater,Comparison,Horizontal,1,4759,fast,0,,3.0,medium,,,2026-06-10T11:17:07.746Z,2026-06-10T11:17:19.420Z,,,,,,,Greater,,,
stu_1780967494580_4312,test_1780996897356_kspg977,compare_numbers,0,1,compare_numbers|attempt=0|log=1|df4fc0f0a9,comparison_skill,1.0,number_comparison,,Greater,Comparison,Horizontal,1,2225,fast,0,,3.0,medium,,,2026-06-10T11:17:07.746Z,2026-06-10T11:17:19.420Z,,,,,,,Greater,,,
stu_1780967494580_4312,test_1780996897356_kspg977,compare_numbers,0,2,compare_numbers|attempt=0|log=2|9d28047029,comparison_skill,1.0,number_comparison,,Less,Comparison,Horizontal,1,1677,fast,0,,3.0,medium,,,2026-06-10T11:17:07.746Z,2026-06-10T11:17:19.420Z,,,,,,,Less,,,
stu_1780967494580_4312,test_1780996897356_kspg977,compare_numbers,0,3,compare_numbers|attempt=0|log=3|9e83b1068d,comparison_skill,1.0,number_comparison,,Less,Comparison,Horizontal,1,2953,fast,0,,3.0,medium,,,2026-06-10T11:17:07.746Z,2026-06-10T11:17:19.420Z,,,,,,,Less,,,
stu_1780967494580_4312,test_1780996897356_kspg977,decompose_number,0,0,decompose_number|attempt=0|log=0|8b2af42868,number_sense,1.0,number_decomposition,,Decomposition,Decomposition,Visual,0,50069,fast,0,IncorrectValues,3.0,medium,,,2026-06-10T11:18:46.475Z,2026-06-10T11:19:00.174Z,,,,,"[500, 50, 4]","[553, 52, 5]",,,,
stu_1780967494580_4312,test_1780996897356_kspg977,decompose_number,0,1,decompose_number|attempt=0|log=1|12b41af770,number_sense,1.0,number_decomposition,,Decomposition,Decomposition,Visual,0,13697,fast,0,IncorrectValues,3.0,medium,,,2026-06-10T11:18:46.475Z,2026-06-10T11:19:00.174Z,,,,,"[900, 80, 1]","[222, 22, 2]",,,,
stu_1780967494580_4312,test_1780996897356_kspg977,decompose_number,1,0,decompose_number|attempt=1|log=0|179f3af6a3,number_sense,1.0,number_decomposition,,Decomposition,Decomposition,Visual,0,36542,fast,0,IncorrectValues,2.0,easy,,,2026-06-10T11:19:36.825Z,2026-06-10T11:19:46.222Z,,,,,"[40, 3]","[43, 4]",,,,
stu_1780967494580_4312,test_1780996897356_kspg977,decompose_number,1,1,decompose_number|attempt=1|log=1|fc8d37b6e3,number_sense,1.0,number_decomposition,,Decomposition,Decomposition,Visual,0,9397,fast,0,IncorrectValues,2.0,easy,,,2026-06-10T11:19:36.825Z,2026-06-10T11:19:46.222Z,,,,,"[60, 5]","[65, 5]",,,,
stu_1780967494580_4312,test_1780996897356_kspg977,find_previous_next_number,0,0,find_previous_next_number|attempt=0|log=0|e6036dc5b4,sequential_thinking,1.0,previous_next_number,,PreviousAndNext,Sequence,Horizontal,1,25677,fast,0,,3.0,medium,850-859,,2026-06-10T11:12:33.859Z,2026-06-10T11:14:20.609Z,857,,,,"[856, 858]","[856, 858]",,,,
stu_1780967494580_4312,test_1780996897356_kspg977,find_previous_next_number,0,1,find_previous_next_number|attempt=0|log=1|176b9190f4,sequential_thinking,1.0,previous_next_number,,PreviousAndNext,Sequence,Horizontal,1,41077,fast,0,,3.0,medium,900-909,,2026-06-10T11:12:33.859Z,2026-06-10T11:14:20.609Z,904,,,,"[903, 905]","[903, 905]",,,,
stu_1780967494580_4312,test_1780996897356_kspg977,find_previous_next_number,0,2,find_previous_next_number|attempt=0|log=2|cbe0991f57,sequential_thinking,1.0,previous_next_number,,PreviousAndNext,Sequence,Horizontal,0,73216,medium,0,MissingPrevious,3.0,medium,490-499,,2026-06-10T11:12:33.859Z,2026-06-10T11:14:20.609Z,490,,,,"[489, 491]","[482, 491]",,,,
stu_1780967494580_4312,test_1780996897356_kspg977,find_previous_next_number,0,3,find_previous_next_number|attempt=0|log=3|8ee92b3d5e,sequential_thinking,1.0,previous_next_number,,PreviousAndNext,Sequence,Horizontal,0,106742,medium,0,TensTransitionMistake,3.0,medium,740-749,,2026-06-10T11:12:33.859Z,2026-06-10T11:14:20.609Z,749,,,,"[748, 750]","[743, 759]",,,,
stu_1780967494580_4312,test_1780996897356_kspg977,find_previous_next_number,1,0,find_previous_next_number|attempt=1|log=0|249ef7147c,sequential_thinking,1.0,previous_next_number,,PreviousAndNext,Sequence,Horizontal,1,49779,fast,0,,2.0,easy,40-49,,2026-06-10T11:16:52.169Z,2026-06-10T11:17:07.644Z,46,,,,"[45, 47]","[45, 47]",,,,
stu_1780967494580_4312,test_1780996897356_kspg977,find_previous_next_number,1,1,find_previous_next_number|attempt=1|log=1|250bd40246,sequential_thinking,1.0,previous_next_number,,PreviousAndNext,Sequence,Horizontal,1,22567,fast,0,,2.0,easy,10-19,,2026-06-10T11:16:52.169Z,2026-06-10T11:17:07.644Z,16,,,,"[15, 17]","[15, 17]",,,,
stu_1780967494580_4312,test_1780996897356_kspg977,find_previous_next_number,1,2,find_previous_next_number|attempt=1|log=2|19c012721c,sequential_thinking,1.0,previous_next_number,,PreviousAndNext,Sequence,Horizontal,1,78531,medium,0,,2.0,easy,20-29,,2026-06-10T11:16:52.169Z,2026-06-10T11:17:07.644Z,26,,,,"[25, 27]","[25, 27]",,,,
stu_1780967494580_4312,test_1780996897356_kspg977,find_previous_next_number,1,3,find_previous_next_number|attempt=1|log=3|24d2923dfe,sequential_thinking,1.0,previous_next_number,,PreviousAndNext,Sequence,Horizontal,1,15470,fast,0,,2.0,easy,90-99,,2026-06-10T11:16:52.169Z,2026-06-10T11:17:07.644Z,96,,,,"[95, 97]","[95, 97]",,,,
stu_1780967494580_4312,test_1780996897356_kspg977,identify_place_value,0,0,identify_place_value|attempt=0|log=0|5bb4dcd8c4,number_sense,1.0,place_value_identification,,PlaceValue,PlaceValue,Visual,1,45613,fast,0,,3.0,medium,,,2026-06-10T11:21:06.643Z,2026-06-10T11:21:53.292Z,,,,,"{""pos_0"": 6, ""pos_1"": 0, ""pos_2"": 7}","{""pos_0"": 6, ""pos_1"": 0, ""pos_2"": 7}",,,,
stu_1780967494580_4312,test_1780996897356_kspg977,identify_place_value,0,1,identify_place_value|attempt=0|log=1|87f4495b81,number_sense,1.0,place_value_identification,,PlaceValue,PlaceValue,Visual,0,34698,fast,0,PlaceValueMisidentification,3.0,medium,,,2026-06-10T11:21:06.643Z,2026-06-10T11:21:53.292Z,,,,,"{""pos_0"": 9, ""pos_1"": 0, ""pos_2"": 8}","{""pos_0"": 9, ""pos_1"": 0, ""pos_2"": 7}",,,,
stu_1780967494580_4312,test_1780996897356_kspg977,identify_place_value,0,2,identify_place_value|attempt=0|log=2|2aec086ba6,number_sense,1.0,place_value_identification,,PlaceValue,PlaceValue,Visual,1,46643,fast,0,,3.0,medium,,,2026-06-10T11:21:06.643Z,2026-06-10T11:21:53.292Z,,,,,"{""pos_0"": 7, ""pos_1"": 4, ""pos_2"": 7}","{""pos_0"": 7, ""pos_1"": 4, ""pos_2"": 7}",,,,
stu_1780967494580_4312,test_1780996897356_kspg977,identify_place_value,1,0,identify_place_value|attempt=1|log=0|4e6705117e,number_sense,1.0,place_value_identification,,PlaceValue,PlaceValue,Visual,1,17622,fast,0,,2.0,easy,,,2026-06-10T11:22:18.717Z,2026-06-10T11:22:24.881Z,,,,,"{""pos_0"": 4, ""pos_1"": 5}","{""pos_0"": 4, ""pos_1"": 5}",,,,
stu_1780967494580_4312,test_1780996897356_kspg977,identify_place_value,1,1,identify_place_value|attempt=1|log=1|6a2a38d500,number_sense,1.0,place_value_identification,,PlaceValue,PlaceValue,Visual,1,7691,fast,0,,2.0,easy,,,2026-06-10T11:22:18.717Z,2026-06-10T11:22:24.881Z,,,,,"{""pos_0"": 3, ""pos_1"": 3}","{""pos_0"": 3, ""pos_1"": 3}",,,,
stu_1780967494580_4312,test_1780996897356_kspg977,identify_place_value,1,2,identify_place_value|attempt=1|log=2|fa42a0e35b,number_sense,1.0,place_value_identification,,PlaceValue,PlaceValue,Visual,1,6159,fast,0,,2.0,easy,,,2026-06-10T11:22:18.717Z,2026-06-10T11:22:24.881Z,,,,,"{""pos_0"": 2, ""pos_1"": 7}","{""pos_0"": 2, ""pos_1"": 7}",,,,
stu_1780967494580_4312,test_1780996897356_kspg977,order_numbers,0,0,order_numbers|attempt=0|log=0|3b52001647,sequential_thinking,1.0,number_ordering,,Ordering_desc,Ordering,Visual,1,12377,fast,0,,3.0,medium,,4.0,2026-06-10T11:17:19.519Z,2026-06-10T11:17:56.296Z,,,,,,,,desc,,
stu_1780967494580_4312,test_1780996897356_kspg977,order_numbers,0,1,order_numbers|attempt=0|log=1|a767806f58,sequential_thinking,1.0,number_ordering,,Ordering_asc,Ordering,Visual,1,13775,fast,0,,3.0,medium,,4.0,2026-06-10T11:17:19.519Z,2026-06-10T11:17:56.296Z,,,,,,,,asc,,
stu_1780967494580_4312,test_1780996897356_kspg977,order_numbers,0,2,order_numbers|attempt=0|log=2|c2e9b86523,sequential_thinking,1.0,number_ordering,,Ordering_desc,Ordering,Visual,1,4241,fast,0,,3.0,medium,,2.0,2026-06-10T11:17:19.519Z,2026-06-10T11:17:56.296Z,,,,,,,,desc,,
stu_1780967494580_4312,test_1780996897356_kspg977,order_numbers,0,3,order_numbers|attempt=0|log=3|f769d586d8,sequential_thinking,1.0,number_ordering,,Ordering_desc,Ordering,Visual,1,6361,fast,0,,3.0,medium,,3.0,2026-06-10T11:17:19.519Z,2026-06-10T11:17:56.296Z,,,,,,,,desc,,
stu_1780967494580_4312,test_1780996897356_kspg977,tap_matching_pairs,0,0,tap_matching_pairs|attempt=0|log=0|9767bdd2ef,visual_matching,1.0,number_word_matching,,MatchingPairs,VisualMatching,Visual,1,7187,fast,0,,,,,,2026-06-10T11:09:43.881Z,2026-06-10T11:10:13.733Z,,,,,,,,,,
stu_1780967494580_4312,test_1780996897356_kspg977,tap_matching_pairs,0,1,tap_matching_pairs|attempt=0|log=1|9767bdd2ef,visual_matching,1.0,number_word_matching,,MatchingPairs,VisualMatching,Visual,1,10915,fast,0,,,,,,2026-06-10T11:09:43.881Z,2026-06-10T11:10:13.733Z,,,,,,,,,,
stu_1780967494580_4312,test_1780996897356_kspg977,tap_matching_pairs,0,2,tap_matching_pairs|attempt=0|log=2|9767bdd2ef,visual_matching,1.0,number_word_matching,,MatchingPairs,VisualMatching,Visual,1,12740,fast,0,,,,,,2026-06-10T11:09:43.881Z,2026-06-10T11:10:13.733Z,,,,,,,,,,
stu_1780967494580_4312,test_1780996897356_kspg977,tap_matching_pairs,0,3,tap_matching_pairs|attempt=0|log=3|9767bdd2ef,visual_matching,1.0,number_word_matching,,MatchingPairs,VisualMatching,Visual,1,16183,fast,0,,,,,,2026-06-10T11:09:43.881Z,2026-06-10T11:10:13.733Z,,,,,,,,,,
stu_1780967494580_4312,test_1780996897356_kspg977,tap_matching_pairs,0,4,tap_matching_pairs|attempt=0|log=4|9767bdd2ef,visual_matching,1.0,number_word_matching,,MatchingPairs,VisualMatching,Visual,1,28114,fast,0,,,,,,2026-06-10T11:09:43.881Z,2026-06-10T11:10:13.733Z,,,,,,,,,,
stu_1780967494580_4312,test_1780996897356_kspg977,tap_matching_pairs,0,5,tap_matching_pairs|attempt=0|log=5|9767bdd2ef,visual_matching,1.0,number_word_matching,,MatchingPairs,VisualMatching,Visual,1,29328,fast,0,,,,,,2026-06-10T11:09:43.881Z,2026-06-10T11:10:13.733Z,,,,,,,,,,
stu_1780967494580_4312,test_1780996897356_kspg977,tap_matching_pairs,1,0,tap_matching_pairs|attempt=1|log=0|9767bdd2ef,visual_matching,1.0,number_word_matching,,MatchingPairs,VisualMatching,Visual,0,12946,fast,0,MatchingPairError,,,,,2026-06-10T11:07:00.746Z,2026-06-10T11:07:28.787Z,,,,,,,,,,
stu_1780967494580_4312,test_1780996897356_kspg977,tap_matching_pairs,1,1,tap_matching_pairs|attempt=1|log=1|9767bdd2ef,visual_matching,1.0,number_word_matching,,MatchingPairs,VisualMatching,Visual,1,19323,fast,0,,,,,,2026-06-10T11:07:00.746Z,2026-06-10T11:07:28.787Z,,,,,,,,,,
stu_1780967494580_4312,test_1780996897356_kspg977,tap_matching_pairs,1,2,tap_matching_pairs|attempt=1|log=2|9767bdd2ef,visual_matching,1.0,number_word_matching,,MatchingPairs,VisualMatching,Visual,1,21207,fast,0,,,,,,2026-06-10T11:07:00.746Z,2026-06-10T11:07:28.787Z,,,,,,,,,,
stu_1780967494580_4312,test_1780996897356_kspg977,tap_matching_pairs,1,3,tap_matching_pairs|attempt=1|log=3|9767bdd2ef,visual_matching,1.0,number_word_matching,,MatchingPairs,VisualMatching,Visual,1,23038,fast,0,,,,,,2026-06-10T11:07:00.746Z,2026-06-10T11:07:28.787Z,,,,,,,,,,
stu_1780967494580_4312,test_1780996897356_kspg977,tap_matching_pairs,1,4,tap_matching_pairs|attempt=1|log=4|9767bdd2ef,visual_matching,1.0,number_word_matching,,MatchingPairs,VisualMatching,Visual,1,26375,fast,0,,,,,,2026-06-10T11:07:00.746Z,2026-06-10T11:07:28.787Z,,,,,,,,,,
stu_1780967494580_4312,test_1780996897356_kspg977,tap_matching_pairs,1,5,tap_matching_pairs|attempt=1|log=5|9767bdd2ef,visual_matching,1.0,number_word_matching,,MatchingPairs,VisualMatching,Visual,1,27535,fast,0,,,,,,2026-06-10T11:07:00.746Z,2026-06-10T11:07:28.787Z,,,,,,,,,,
stu_1780967494580_4312,test_1780996897356_kspg977,vertical_operations,0,0,vertical_operations|attempt=0|log=0|0f3289bbe9,arithmetic_fluency,1.0,vertical_operation_fluency,Addition,AdditionWithCarry,VerticalOperation,Vertical,0,36525,fast,0,ComputationError,2.0,easy,,,2026-06-10T11:25:35.178Z,2026-06-10T11:26:24.011Z,84 Addition 6,,90,78,,,,,,
stu_1780967494580_4312,test_1780996897356_kspg977,vertical_operations,0,1,vertical_operations|attempt=0|log=1|353619e006,arithmetic_fluency,1.0,vertical_operation_fluency,Subtraction,SubtractionWithBorrow,VerticalOperation,Vertical,0,12308,fast,0,ComputationError,2.0,easy,,,2026-06-10T11:25:35.178Z,2026-06-10T11:26:24.011Z,87 Subtraction 8,,79,65,,,,,,
stu_1780967494580_4312,test_1780996897356_kspg977,vertical_operations,1,0,vertical_operations|attempt=1|log=0|8c433691dd,arithmetic_fluency,1.0,vertical_operation_fluency,Subtraction,SimpleSubtraction,VerticalOperation,Vertical,0,22808,fast,0,ComputationError,1.0,very-easy,,,2026-06-10T11:26:24.012Z,2026-06-10T11:26:58.565Z,8 Subtraction 5,,3,1,,,,,,
stu_1780967494580_4312,test_1780996897356_kspg977,vertical_operations,1,1,vertical_operations|attempt=1|log=1|05c6babf00,arithmetic_fluency,1.0,vertical_operation_fluency,Addition,AdditionWithCarry,VerticalOperation,Vertical,0,11745,fast,0,ComputationError,2.0,easy,,,2026-06-10T11:26:24.012Z,2026-06-10T11:26:58.565Z,5 Addition 6,,11,81,,,,,,
stu_1780967494580_4312,test_1780996897356_kspg977,vertical_operations,2,0,vertical_operations|attempt=2|log=0|fecd0186d6,arithmetic_fluency,1.0,vertical_operation_fluency,Addition,AdditionWithCarry,VerticalOperation,Vertical,1,34037,fast,0,,2.0,easy,,,2026-06-10T11:26:58.567Z,2026-06-10T11:27:43.183Z,8 Addition 7,,15,15,,,,,,
stu_1780967494580_4312,test_1780996897356_kspg977,vertical_operations,2,1,vertical_operations|attempt=2|log=1|99080d553a,arithmetic_fluency,1.0,vertical_operation_fluency,Subtraction,SimpleSubtraction,VerticalOperation,Vertical,0,10579,fast,0,ComputationError,1.0,very-easy,,,2026-06-10T11:26:58.567Z,2026-06-10T11:27:43.183Z,9 Subtraction 9,,0,8,,,,,,
stu_1780967494580_4312,test_1780996897356_kspg977,what_number_do_you_hear,0,0,what_number_do_you_hear|attempt=0|log=0|4e5c68cbe8,audio_recognition,1.0,auditory_number_recognition,,HeardNumberChoice,AudioRecognition,Audio,1,8254,fast,0,,1.0,very-easy,,,2026-06-10T11:08:54.131Z,2026-06-10T11:09:21.235Z,2,2,,,,,,,,
stu_1780967494580_4312,test_1780996897356_kspg977,what_number_do_you_hear,0,1,what_number_do_you_hear|attempt=0|log=1|cc1a6579d4,audio_recognition,1.0,auditory_number_recognition,,HeardNumberChoice,AudioRecognition,Audio,1,9030,fast,0,,2.0,easy,,,2026-06-10T11:08:54.131Z,2026-06-10T11:09:21.235Z,22,22,,,,,,,,
stu_1780967494580_4312,test_1780996897356_kspg977,what_number_do_you_hear,0,2,what_number_do_you_hear|attempt=0|log=2|08de8cdea9,audio_recognition,1.0,auditory_number_recognition,,HeardNumberChoice,AudioRecognition,Audio,1,2599,fast,0,,1.0,very-easy,,,2026-06-10T11:08:54.131Z,2026-06-10T11:09:21.235Z,3,3,,,,,,,,
stu_1780967494580_4312,test_1780996897356_kspg977,what_number_do_you_hear,0,3,what_number_do_you_hear|attempt=0|log=3|af382a29c6,audio_recognition,1.0,auditory_number_recognition,,HeardNumberChoice,AudioRecognition,Audio,0,2133,fast,0,AudioNumberRecognitionError,2.0,easy,,,2026-06-10T11:08:54.131Z,2026-06-10T11:09:21.235Z,88,87,,,,,,,,
stu_1780967494580_4312,test_1780996897356_kspg977,what_number_do_you_hear,0,4,what_number_do_you_hear|attempt=0|log=4|d6169c7477,audio_recognition,1.0,auditory_number_recognition,,HeardNumberChoice,AudioRecognition,Audio,0,2150,fast,0,AudioNumberRecognitionError,1.0,very-easy,,,2026-06-10T11:08:54.131Z,2026-06-10T11:09:21.235Z,5,7,,,,,,,,
stu_1780967494580_4312,test_1780996897356_kspg977,what_number_do_you_hear,0,5,what_number_do_you_hear|attempt=0|log=5|e907ca4745,audio_recognition,1.0,auditory_number_recognition,,HeardNumberChoice,AudioRecognition,Audio,1,2930,fast,0,,1.0,very-easy,,,2026-06-10T11:08:54.131Z,2026-06-10T11:09:21.235Z,7,7,,,,,,,,
stu_1780967494580_4312,test_1780996897356_kspg977,what_number_do_you_hear,1,0,what_number_do_you_hear|attempt=1|log=0|92a725a361,audio_recognition,1.0,auditory_number_recognition,,HeardNumberChoice,AudioRecognition,Audio,1,6759,fast,0,,1.0,very-easy,,,2026-06-10T11:09:21.349Z,2026-06-10T11:09:43.740Z,9,9,,,,,,,,
stu_1780967494580_4312,test_1780996897356_kspg977,what_number_do_you_hear,1,1,what_number_do_you_hear|attempt=1|log=1|1653102f2e,audio_recognition,1.0,auditory_number_recognition,,HeardNumberChoice,AudioRecognition,Audio,1,1967,fast,0,,1.0,very-easy,,,2026-06-10T11:09:21.349Z,2026-06-10T11:09:43.740Z,8,8,,,,,,,,
stu_1780967494580_4312,test_1780996897356_kspg977,what_number_do_you_hear,1,2,what_number_do_you_hear|attempt=1|log=2|fe4fe5211e,audio_recognition,1.0,auditory_number_recognition,,HeardNumberChoice,AudioRecognition,Audio,1,2198,fast,0,,1.0,very-easy,,,2026-06-10T11:09:21.349Z,2026-06-10T11:09:43.740Z,7,7,,,,,,,,
stu_1780967494580_4312,test_1780996897356_kspg977,what_number_do_you_hear,1,3,what_number_do_you_hear|attempt=1|log=3|75a488c4b3,audio_recognition,1.0,auditory_number_recognition,,HeardNumberChoice,AudioRecognition,Audio,1,4746,fast,0,,1.0,very-easy,,,2026-06-10T11:09:21.349Z,2026-06-10T11:09:43.740Z,6,6,,,,,,,,
stu_1780967494580_4312,test_1780996897356_kspg977,what_number_do_you_hear,1,4,what_number_do_you_hear|attempt=1|log=4|ff60602b0f,audio_recognition,1.0,auditory_number_recognition,,HeardNumberChoice,AudioRecognition,Audio,1,3368,fast,0,,1.0,very-easy,,,2026-06-10T11:09:21.349Z,2026-06-10T11:09:43.740Z,4,4,,,,,,,,
stu_1780967494580_4312,test_1780996897356_kspg977,what_number_do_you_hear,1,5,what_number_do_you_hear|attempt=1|log=5|c37b91fbb6,audio_recognition,1.0,auditory_number_recognition,,HeardNumberChoice,AudioRecognition,Audio,0,3347,fast,0,AudioNumberRecognitionError,1.0,very-easy,,,2026-06-10T11:09:21.349Z,2026-06-10T11:09:43.740Z,0,2,,,,,,,,
stu_1780967494580_4312,test_1780996897356_kspg977,write_number_in_letters,0,0,write_number_in_letters|attempt=0|log=0|f0cc14b96b,number_sense,1.0,number_writing,,WrittenNumberProduction,NumberWriting,Mixed,1,18951,fast,0,,3.0,medium,,,2026-06-10T11:24:28.921Z,2026-06-10T11:25:18.172Z,,,,,"[""\u062a\u0633\u0639\u0645\u0626\u0629"", ""\u0648"", ""\u0633\u0628\u0639\u0648\u0646""]","[""\u062a\u0633\u0639\u0645\u0626\u0629"", ""\u0648"", ""\u0633\u0628\u0639\u0648\u0646""]",,,,
stu_1780967494580_4312,test_1780996897356_kspg977,write_number_in_letters,0,1,write_number_in_letters|attempt=0|log=1|11a27f911f,number_sense,1.0,number_writing,,WrittenNumberProduction,NumberWriting,Mixed,1,96726,fast,0,,3.0,medium,,,2026-06-10T11:24:28.921Z,2026-06-10T11:25:18.172Z,,,,,"[""\u0645\u0626\u062a\u0627\u0646"", ""\u0648"", ""\u0648\u0627\u062d\u062f"", ""\u0648"", ""\u062e\u0645\u0633\u0648\u0646""]","[""\u0645\u0626\u062a\u0627\u0646"", ""\u0648"", ""\u0648\u0627\u062d\u062f"", ""\u0648"", ""\u062e\u0645\u0633\u0648\u0646""]",,,,
stu_1780967494580_4312,test_1780996897356_kspg977,write_number_in_letters,0,2,write_number_in_letters|attempt=0|log=2|76a6fa2d22,number_sense,1.0,number_writing,,WrittenNumberProduction,NumberWriting,Mixed,1,8241,fast,0,,3.0,medium,,,2026-06-10T11:24:28.921Z,2026-06-10T11:25:18.172Z,,,,,"[""\u062e\u0645\u0633\u0645\u0626\u0629"", ""\u0648"", ""\u062b\u0644\u0627\u062b""]","[""\u062e\u0645\u0633\u0645\u0626\u0629"", ""\u0648"", ""\u062b\u0644\u0627\u062b""]",,,,
stu_1780967494580_4312,test_1780996897356_kspg977,write_number_in_letters,0,3,write_number_in_letters|attempt=0|log=3|79faa3b751,number_sense,1.0,number_writing,,WrittenNumberProduction,NumberWriting,Mixed,1,49242,fast,0,,3.0,medium,,,2026-06-10T11:24:28.921Z,2026-06-10T11:25:18.172Z,,,,,"[""\u0623\u0631\u0628\u0639\u0645\u0626\u0629"", ""\u0648"", ""\u0627\u062b\u0646\u0627\u0646"", ""\u0648"", ""\u062e\u0645\u0633\u0648\u0646""]","[""\u0623\u0631\u0628\u0639\u0645\u0626\u0629"", ""\u0648"", ""\u0627\u062b\u0646\u0627\u0646"", ""\u0648"", ""\u062e\u0645\u0633\u0648\u0646""]",,,,
stu_1780967494580_4312,test_1781051031467_d8q3s6i,choose_answer,0,0,choose_answer|attempt=0|log=0|a5b358c7bf,arithmetic_fluency,0.6,operation_identification_from_context,Addition,OneStepProblem,WordProblem,Horizontal,1,4085,fast,0,,2.0,easy,,,2026-06-10T10:55:40.520Z,2026-06-10T10:55:54.596Z,لديك 40 درهم ومنحك والده 35 درهما. كم أصبح لديك من درهم؟,40 + 35,,,,,,,Addition,Addition
stu_1780967494580_4312,test_1781051031467_d8q3s6i,choose_answer,0,0,choose_answer|attempt=0|log=0|a5b358c7bf,number_sense,0.2,operation_identification_from_context,Addition,OneStepProblem,WordProblem,Horizontal,1,4085,fast,0,,2.0,easy,,,2026-06-10T10:55:40.520Z,2026-06-10T10:55:54.596Z,لديك 40 درهم ومنحك والده 35 درهما. كم أصبح لديك من درهم؟,40 + 35,,,,,,,Addition,Addition
stu_1780967494580_4312,test_1781051031467_d8q3s6i,choose_answer,0,0,choose_answer|attempt=0|log=0|a5b358c7bf,sequential_thinking,0.2,operation_identification_from_context,Addition,OneStepProblem,WordProblem,Horizontal,1,4085,fast,0,,2.0,easy,,,2026-06-10T10:55:40.520Z,2026-06-10T10:55:54.596Z,لديك 40 درهم ومنحك والده 35 درهما. كم أصبح لديك من درهم؟,40 + 35,,,,,,,Addition,Addition
stu_1780967494580_4312,test_1781051031467_d8q3s6i,choose_answer,0,1,choose_answer|attempt=0|log=1|58c8c2895e,arithmetic_fluency,0.6,operation_identification_from_context,Subtraction,OneStepProblem,WordProblem,Horizontal,0,5080,fast,0,MisidentifiedOperation,2.0,easy,,,2026-06-10T10:55:40.520Z,2026-06-10T10:55:54.596Z,لدى أحمد 74 درهما، وأعطى 8 درهما لصديقه. كم تبقى لديه؟,74 + 8,,,,,,,Subtraction,Addition
stu_1780967494580_4312,test_1781051031467_d8q3s6i,choose_answer,0,1,choose_answer|attempt=0|log=1|58c8c2895e,number_sense,0.2,operation_identification_from_context,Subtraction,OneStepProblem,WordProblem,Horizontal,0,5080,fast,0,MisidentifiedOperation,2.0,easy,,,2026-06-10T10:55:40.520Z,2026-06-10T10:55:54.596Z,لدى أحمد 74 درهما، وأعطى 8 درهما لصديقه. كم تبقى لديه؟,74 + 8,,,,,,,Subtraction,Addition
stu_1780967494580_4312,test_1781051031467_d8q3s6i,choose_answer,0,1,choose_answer|attempt=0|log=1|58c8c2895e,sequential_thinking,0.2,operation_identification_from_context,Subtraction,OneStepProblem,WordProblem,Horizontal,0,5080,fast,0,MisidentifiedOperation,2.0,easy,,,2026-06-10T10:55:40.520Z,2026-06-10T10:55:54.596Z,لدى أحمد 74 درهما، وأعطى 8 درهما لصديقه. كم تبقى لديه؟,74 + 8,,,,,,,Subtraction,Addition
stu_1780967494580_4312,test_1781051031467_d8q3s6i,choose_answer,0,2,choose_answer|attempt=0|log=2|54ef7e1bb8,arithmetic_fluency,0.6,operation_identification_from_context,Addition,OneStepProblem,WordProblem,Horizontal,1,4911,fast,0,,2.0,easy,,,2026-06-10T10:55:40.520Z,2026-06-10T10:55:54.596Z,لديك 2 درهم ومنحك والده 29 درهما. كم أصبح لديك من درهم؟,2 + 29,,,,,,,Addition,Addition
stu_1780967494580_4312,test_1781051031467_d8q3s6i,choose_answer,0,2,choose_answer|attempt=0|log=2|54ef7e1bb8,number_sense,0.2,operation_identification_from_context,Addition,OneStepProblem,WordProblem,Horizontal,1,4911,fast,0,,2.0,easy,,,2026-06-10T10:55:40.520Z,2026-06-10T10:55:54.596Z,لديك 2 درهم ومنحك والده 29 درهما. كم أصبح لديك من درهم؟,2 + 29,,,,,,,Addition,Addition
stu_1780967494580_4312,test_1781051031467_d8q3s6i,choose_answer,0,2,choose_answer|attempt=0|log=2|54ef7e1bb8,sequential_thinking,0.2,operation_identification_from_context,Addition,OneStepProblem,WordProblem,Horizontal,1,4911,fast,0,,2.0,easy,,,2026-06-10T10:55:40.520Z,2026-06-10T10:55:54.596Z,لديك 2 درهم ومنحك والده 29 درهما. كم أصبح لديك من درهم؟,2 + 29,,,,,,,Addition,Addition
stu_1780967494580_4312,test_1781051031467_d8q3s6i,compare_numbers,0,0,compare_numbers|attempt=0|log=0|9e637d7c49,comparison_skill,1.0,number_comparison,,Greater,Comparison,Horizontal,1,8787,fast,0,,3.0,medium,,,2026-06-10T10:45:35.034Z,2026-06-10T10:46:00.038Z,,,,,,,Greater,,,
stu_1780967494580_4312,test_1781051031467_d8q3s6i,compare_numbers,0,1,compare_numbers|attempt=0|log=1|44ced834ec,comparison_skill,1.0,number_comparison,,Less,Comparison,Horizontal,1,9390,fast,0,,3.0,medium,,,2026-06-10T10:45:35.034Z,2026-06-10T10:46:00.038Z,,,,,,,Less,,,
stu_1780967494580_4312,test_1781051031467_d8q3s6i,compare_numbers,0,2,compare_numbers|attempt=0|log=2|43a35895f8,comparison_skill,1.0,number_comparison,,Equal,Comparison,Horizontal,1,6825,fast,0,,3.0,medium,,,2026-06-10T10:45:35.034Z,2026-06-10T10:46:00.038Z,,,,,,,Equal,,,
stu_1780967494580_4312,test_1781051031467_d8q3s6i,find_previous_next_number,0,0,find_previous_next_number|attempt=0|log=0|58c5cc0d0f,sequential_thinking,1.0,previous_next_number,,PreviousAndNext,Sequence,Horizontal,1,71555,medium,0,,3.0,medium,290-299,,2026-06-10T10:43:03.713Z,2026-06-10T10:45:28.766Z,292,,,,"[291, 293]","[291, 293]",,,,
stu_1780967494580_4312,test_1781051031467_d8q3s6i,find_previous_next_number,0,1,find_previous_next_number|attempt=0|log=1|1931fc9fdc,sequential_thinking,1.0,previous_next_number,,PreviousAndNext,Sequence,Horizontal,1,139571,slow,1,,3.0,medium,110-119,,2026-06-10T10:43:03.713Z,2026-06-10T10:45:28.766Z,112,,,,"[111, 113]","[111, 113]",,,,
stu_1780967494580_4312,test_1781051031467_d8q3s6i,find_previous_next_number,0,2,find_previous_next_number|attempt=0|log=2|1931fc9fdc,sequential_thinking,1.0,previous_next_number,,PreviousAndNext,Sequence,Horizontal,1,142707,slow,1,,3.0,medium,110-119,,2026-06-10T10:43:03.713Z,2026-06-10T10:45:28.766Z,112,,,,"[111, 113]","[111, 113]",,,,
stu_1780967494580_4312,test_1781051031467_d8q3s6i,find_previous_next_number,0,3,find_previous_next_number|attempt=0|log=3|1931fc9fdc,sequential_thinking,1.0,previous_next_number,,PreviousAndNext,Sequence,Horizontal,1,143443,slow,1,,3.0,medium,110-119,,2026-06-10T10:43:03.713Z,2026-06-10T10:45:28.766Z,112,,,,"[111, 113]","[111, 113]",,,,
stu_1780967494580_4312,test_1781051031467_d8q3s6i,find_previous_next_number,0,4,find_previous_next_number|attempt=0|log=4|1931fc9fdc,sequential_thinking,1.0,previous_next_number,,PreviousAndNext,Sequence,Horizontal,1,145052,slow,1,,3.0,medium,110-119,,2026-06-10T10:43:03.713Z,2026-06-10T10:45:28.766Z,112,,,,"[111, 113]","[111, 113]",,,,
stu_1780967494580_4312,test_1781051031467_d8q3s6i,identify_place_value,0,0,identify_place_value|attempt=0|log=0|353766e00d,number_sense,1.0,place_value_identification,,PlaceValue,PlaceValue,Visual,1,61478,fast,0,,3.0,medium,,,2026-06-10T10:50:43.472Z,2026-06-10T10:51:41.122Z,,,,,"{""pos_0"": 8, ""pos_1"": 0, ""pos_2"": 9}","{""pos_0"": 8, ""pos_1"": 0, ""pos_2"": 9}",,,,
stu_1780967494580_4312,test_1781051031467_d8q3s6i,identify_place_value,0,1,identify_place_value|attempt=0|log=1|d76c1aac6b,number_sense,1.0,place_value_identification,,PlaceValue,PlaceValue,Visual,1,46432,fast,0,,3.0,medium,,,2026-06-10T10:50:43.472Z,2026-06-10T10:51:41.122Z,,,,,"{""pos_0"": 8, ""pos_1"": 3, ""pos_2"": 4}","{""pos_0"": 8, ""pos_1"": 3, ""pos_2"": 4}",,,,
stu_1780967494580_4312,test_1781051031467_d8q3s6i,identify_place_value,0,2,identify_place_value|attempt=0|log=2|94ecbf96a1,number_sense,1.0,place_value_identification,,PlaceValue,PlaceValue,Visual,1,57650,fast,0,,3.0,medium,,,2026-06-10T10:50:43.472Z,2026-06-10T10:51:41.122Z,,,,,"{""pos_0"": 4, ""pos_1"": 2, ""pos_2"": 5}","{""pos_0"": 4, ""pos_1"": 2, ""pos_2"": 5}",,,,
stu_1780967494580_4312,test_1781051031467_d8q3s6i,order_numbers,0,0,order_numbers|attempt=0|log=0|8c16fff8e0,sequential_thinking,1.0,number_ordering,,Ordering_desc,Ordering,Visual,1,20341,fast,0,,3.0,medium,,2.0,2026-06-10T10:46:01.115Z,2026-06-10T10:48:55.468Z,,,,,,,,desc,,
stu_1780967494580_4312,test_1781051031467_d8q3s6i,order_numbers,0,1,order_numbers|attempt=0|log=1|5c2c90de78,sequential_thinking,1.0,number_ordering,,Ordering_asc,Ordering,Visual,1,44429,fast,0,,3.0,medium,,5.0,2026-06-10T10:46:01.115Z,2026-06-10T10:48:55.468Z,,,,,,,,asc,,
stu_1780967494580_4312,test_1781051031467_d8q3s6i,order_numbers,0,2,order_numbers|attempt=0|log=2|5394063949,sequential_thinking,1.0,number_ordering,,Ordering_asc,Ordering,Visual,1,93591,fast,0,,3.0,medium,,5.0,2026-06-10T10:46:01.115Z,2026-06-10T10:48:55.468Z,,,,,,,,asc,,
stu_1780967494580_4312,test_1781051031467_d8q3s6i,order_numbers,0,3,order_numbers|attempt=0|log=3|a2fe4120bf,sequential_thinking,1.0,number_ordering,,Ordering_desc,Ordering,Visual,1,15992,fast,0,,3.0,medium,,2.0,2026-06-10T10:46:01.115Z,2026-06-10T10:48:55.468Z,,,,,,,,desc,,
stu_1780967494580_4312,test_1781051031467_d8q3s6i,tap_matching_pairs,0,0,tap_matching_pairs|attempt=0|log=0|9767bdd2ef,visual_matching,1.0,number_word_matching,,MatchingPairs,VisualMatching,Visual,1,83294,medium,0,,,,,,2026-06-10T10:39:45.911Z,2026-06-10T10:41:52.029Z,,,,,,,,,,
stu_1780967494580_4312,test_1781051031467_d8q3s6i,tap_matching_pairs,0,1,tap_matching_pairs|attempt=0|log=1|9767bdd2ef,visual_matching,1.0,number_word_matching,,MatchingPairs,VisualMatching,Visual,1,90330,medium,0,,,,,,2026-06-10T10:39:45.911Z,2026-06-10T10:41:52.029Z,,,,,,,,,,
stu_1780967494580_4312,test_1781051031467_d8q3s6i,tap_matching_pairs,0,2,tap_matching_pairs|attempt=0|log=2|9767bdd2ef,visual_matching,1.0,number_word_matching,,MatchingPairs,VisualMatching,Visual,1,113918,medium,0,,,,,,2026-06-10T10:39:45.911Z,2026-06-10T10:41:52.029Z,,,,,,,,,,
stu_1780967494580_4312,test_1781051031467_d8q3s6i,tap_matching_pairs,0,3,tap_matching_pairs|attempt=0|log=3|9767bdd2ef,visual_matching,1.0,number_word_matching,,MatchingPairs,VisualMatching,Visual,1,117469,medium,0,,,,,,2026-06-10T10:39:45.911Z,2026-06-10T10:41:52.029Z,,,,,,,,,,
stu_1780967494580_4312,test_1781051031467_d8q3s6i,tap_matching_pairs,0,4,tap_matching_pairs|attempt=0|log=4|9767bdd2ef,visual_matching,1.0,number_word_matching,,MatchingPairs,VisualMatching,Visual,1,122310,slow,1,,,,,,2026-06-10T10:39:45.911Z,2026-06-10T10:41:52.029Z,,,,,,,,,,
stu_1780967494580_4312,test_1781051031467_d8q3s6i,tap_matching_pairs,0,5,tap_matching_pairs|attempt=0|log=5|9767bdd2ef,visual_matching,1.0,number_word_matching,,MatchingPairs,VisualMatching,Visual,1,125613,slow,1,,,,,,2026-06-10T10:39:45.911Z,2026-06-10T10:41:52.029Z,,,,,,,,,,
stu_1780967494580_4312,test_1781051031467_d8q3s6i,vertical_operations,0,0,vertical_operations|attempt=0|log=0|c4f2936ef9,arithmetic_fluency,1.0,vertical_operation_fluency,Subtraction,SubtractionWithBorrow,VerticalOperation,Vertical,0,34497,fast,0,ComputationError,2.0,easy,,,2026-06-10T10:55:54.693Z,2026-06-10T10:58:25.349Z,88 Subtraction 79,,9,1,,,,,,
stu_1780967494580_4312,test_1781051031467_d8q3s6i,vertical_operations,0,1,vertical_operations|attempt=0|log=1|6c9e8cd0e2,arithmetic_fluency,1.0,vertical_operation_fluency,Addition,AdditionWithCarry,VerticalOperation,Vertical,0,116159,fast,0,ComputationError,3.0,medium,,,2026-06-10T10:55:54.693Z,2026-06-10T10:58:25.349Z,53 Addition 84,,137,317,,,,,,
stu_1780967494580_4312,test_1781051031467_d8q3s6i,vertical_operations,1,0,vertical_operations|attempt=1|log=0|baad497cb9,arithmetic_fluency,1.0,vertical_operation_fluency,Addition,AdditionWithCarry,VerticalOperation,Vertical,1,46260,fast,0,,2.0,easy,,,2026-06-10T10:58:25.356Z,2026-06-10T10:59:42.309Z,2 Addition 9,,11,11,,,,,,
stu_1780967494580_4312,test_1781051031467_d8q3s6i,vertical_operations,1,1,vertical_operations|attempt=1|log=1|397514021a,arithmetic_fluency,1.0,vertical_operation_fluency,Subtraction,SimpleSubtraction,VerticalOperation,Vertical,1,30693,fast,0,,1.0,very-easy,,,2026-06-10T10:58:25.356Z,2026-06-10T10:59:42.309Z,8 Subtraction 3,,5,5,,,,,,
stu_1780967494580_4312,test_1781051031467_d8q3s6i,write_number_in_letters,0,0,write_number_in_letters|attempt=0|log=0|a799952452,number_sense,1.0,number_writing,,WrittenNumberProduction,NumberWriting,Mixed,1,74295,fast,0,,3.0,medium,,,2026-06-10T10:55:04.335Z,2026-06-10T10:55:40.422Z,,,,,"[""\u0623\u0631\u0628\u0639\u0645\u0626\u0629"", ""\u0648"", ""\u0633\u062a\u0629"", ""\u0648"", ""\u062e\u0645\u0633\u0648\u0646""]","[""\u0623\u0631\u0628\u0639\u0645\u0626\u0629"", ""\u0648"", ""\u0633\u062a\u0629"", ""\u0648"", ""\u062e\u0645\u0633\u0648\u0646""]",,,,
stu_1780967494580_4312,test_1781051031467_d8q3s6i,write_number_in_letters,0,1,write_number_in_letters|attempt=0|log=1|0e745f6d3b,number_sense,1.0,number_writing,,WrittenNumberProduction,NumberWriting,Mixed,1,85966,fast,0,,3.0,medium,,,2026-06-10T10:55:04.335Z,2026-06-10T10:55:40.422Z,,,,,"[""\u0645\u0626\u062a\u0627\u0646"", ""\u0648"", ""\u0633\u062a\u0629"", ""\u0648"", ""\u0633\u0628\u0639\u0648\u0646""]","[""\u0645\u0626\u062a\u0627\u0646"", ""\u0648"", ""\u0633\u062a\u0629"", ""\u0648"", ""\u0633\u0628\u0639\u0648\u0646""]",,,,
stu_1780967494580_4312,test_1781051031467_d8q3s6i,write_number_in_letters,0,2,write_number_in_letters|attempt=0|log=2|bc304160f8,number_sense,1.0,number_writing,,WrittenNumberProduction,NumberWriting,Mixed,0,42858,fast,0,DigitLengthMistake,3.0,medium,,,2026-06-10T10:55:04.335Z,2026-06-10T10:55:40.422Z,,,,,"[""\u0645\u0626\u0629"", ""\u0648"", ""\u062b\u0644\u0627\u062b\u0648\u0646""]","[""\u0645\u0644\u064a\u0648\u0646"", ""\u0648"", ""\u0648""]",,,,
stu_1780967494580_4312,test_1781051031467_d8q3s6i,write_number_in_letters,0,3,write_number_in_letters|attempt=0|log=3|fc2656765e,number_sense,1.0,number_writing,,WrittenNumberProduction,NumberWriting,Mixed,1,36086,fast,0,,3.0,medium,,,2026-06-10T10:55:04.335Z,2026-06-10T10:55:40.422Z,,,,,"[""\u062a\u0633\u0639\u0645\u0626\u0629"", ""\u0648"", ""\u062b\u0644\u0627\u062b\u0648\u0646""]","[""\u062a\u0633\u0639\u0645\u0626\u0629"", ""\u0648"", ""\u062b\u0644\u0627\u062b\u0648\u0646""]",,,,
stu_1780967494580_4312,test_1781093235410_7hlnif4,read_number_aloud,0,0,read_number_aloud|attempt=0|log=0|42e7ba3cae,number_sense,1.0,oral_number_reading,,ReadNumberAloud,OralReading,Audio,0,73545,slow,1,SpeechNumberReadingError,3.0,medium,,,2026-06-10T12:23:07.602Z,2026-06-10T12:25:35.789Z,543,,,,,,,,,
stu_1780967494580_4312,test_1781093235410_7hlnif4,read_number_aloud,0,1,read_number_aloud|attempt=0|log=1|6f25aef9b5,number_sense,1.0,oral_number_reading,,ReadNumberAloud,OralReading,Audio,0,17960,medium,0,SpeechNumberReadingError,3.0,medium,,,2026-06-10T12:23:07.602Z,2026-06-10T12:25:35.789Z,987,,,,,,,,,
stu_1780967494580_4312,test_1781093235410_7hlnif4,read_number_aloud,0,2,read_number_aloud|attempt=0|log=2|728ae3eb2f,number_sense,1.0,oral_number_reading,,ReadNumberAloud,OralReading,Audio,1,19109,medium,0,,3.0,medium,,,2026-06-10T12:23:07.602Z,2026-06-10T12:25:35.789Z,353,,,,,,,,,
stu_1780967494580_4312,test_1781093235410_7hlnif4,read_number_aloud,0,3,read_number_aloud|attempt=0|log=3|5b37fdd99c,number_sense,1.0,oral_number_reading,,ReadNumberAloud,OralReading,Audio,0,14378,medium,0,SpeechNumberReadingError,3.0,medium,,,2026-06-10T12:23:07.602Z,2026-06-10T12:25:35.789Z,894,,,,,,,,,
stu_1780967494580_4312,test_1781093235410_7hlnif4,read_number_aloud,0,4,read_number_aloud|attempt=0|log=4|040d927e9b,number_sense,1.0,oral_number_reading,,ReadNumberAloud,OralReading,Audio,0,23195,slow,1,SpeechNumberReadingError,3.0,medium,,,2026-06-10T12:23:07.602Z,2026-06-10T12:25:35.789Z,925,,,,,,,,,
stu_1780967494580_4312,test_1781093235410_7hlnif4,vertical_operations,0,0,vertical_operations|attempt=0|log=0|a37aba0196,arithmetic_fluency,1.0,vertical_operation_fluency,Addition,AdditionWithCarry,VerticalOperation,Vertical,1,65293,fast,0,,2.0,easy,,,2026-06-10T12:25:35.903Z,2026-06-10T12:27:30.410Z,28 Addition 14,,42,42,,,,,,
stu_1780967494580_4312,test_1781093235410_7hlnif4,vertical_operations,0,1,vertical_operations|attempt=0|log=1|99b4d92ad7,arithmetic_fluency,1.0,vertical_operation_fluency,Subtraction,SubtractionWithBorrow,VerticalOperation,Vertical,0,49214,fast,0,ComputationError,2.0,easy,,,2026-06-10T12:25:35.903Z,2026-06-10T12:27:30.410Z,43 Subtraction 19,,24,36,,,,,,
stu_1780967494776_5259,test_1780996897356_kspg977,choose_answer,0,0,choose_answer|attempt=0|log=0|e7a48f32dc,arithmetic_fluency,0.6,operation_identification_from_context,Addition,OneStepProblem,WordProblem,Horizontal,1,8385,fast,0,,2.0,easy,,,2026-06-10T10:52:49.104Z,2026-06-10T10:53:15.171Z,لديك 37 درهم ومنحك والده 44 درهما. كم أصبح لديك من درهم؟,37 + 44,,,,,,,Addition,Addition
stu_1780967494776_5259,test_1780996897356_kspg977,choose_answer,0,0,choose_answer|attempt=0|log=0|e7a48f32dc,number_sense,0.2,operation_identification_from_context,Addition,OneStepProblem,WordProblem,Horizontal,1,8385,fast,0,,2.0,easy,,,2026-06-10T10:52:49.104Z,2026-06-10T10:53:15.171Z,لديك 37 درهم ومنحك والده 44 درهما. كم أصبح لديك من درهم؟,37 + 44,,,,,,,Addition,Addition
stu_1780967494776_5259,test_1780996897356_kspg977,choose_answer,0,0,choose_answer|attempt=0|log=0|e7a48f32dc,sequential_thinking,0.2,operation_identification_from_context,Addition,OneStepProblem,WordProblem,Horizontal,1,8385,fast,0,,2.0,easy,,,2026-06-10T10:52:49.104Z,2026-06-10T10:53:15.171Z,لديك 37 درهم ومنحك والده 44 درهما. كم أصبح لديك من درهم؟,37 + 44,,,,,,,Addition,Addition
stu_1780967494776_5259,test_1780996897356_kspg977,choose_answer,0,1,choose_answer|attempt=0|log=1|b13328949f,arithmetic_fluency,0.6,operation_identification_from_context,Subtraction,OneStepProblem,WordProblem,Horizontal,1,10897,medium,0,,2.0,easy,,,2026-06-10T10:52:49.104Z,2026-06-10T10:53:15.171Z,كان لديك 26 تفاحة وأكلت 18. كم بقي؟,26 - 18,,,,,,,Subtraction,Subtraction
stu_1780967494776_5259,test_1780996897356_kspg977,choose_answer,0,1,choose_answer|attempt=0|log=1|b13328949f,number_sense,0.2,operation_identification_from_context,Subtraction,OneStepProblem,WordProblem,Horizontal,1,10897,medium,0,,2.0,easy,,,2026-06-10T10:52:49.104Z,2026-06-10T10:53:15.171Z,كان لديك 26 تفاحة وأكلت 18. كم بقي؟,26 - 18,,,,,,,Subtraction,Subtraction
stu_1780967494776_5259,test_1780996897356_kspg977,choose_answer,0,1,choose_answer|attempt=0|log=1|b13328949f,sequential_thinking,0.2,operation_identification_from_context,Subtraction,OneStepProblem,WordProblem,Horizontal,1,10897,medium,0,,2.0,easy,,,2026-06-10T10:52:49.104Z,2026-06-10T10:53:15.171Z,كان لديك 26 تفاحة وأكلت 18. كم بقي؟,26 - 18,,,,,,,Subtraction,Subtraction
stu_1780967494776_5259,test_1780996897356_kspg977,choose_answer,0,2,choose_answer|attempt=0|log=2|c5abcb04d8,arithmetic_fluency,0.6,operation_identification_from_context,Subtraction,OneStepProblem,WordProblem,Horizontal,1,6781,fast,0,,2.0,easy,,,2026-06-10T10:52:49.104Z,2026-06-10T10:53:15.171Z,كانت عندك 10 تفاحات، أكلت 3. كم بقي؟,10 - 3,,,,,,,Subtraction,Subtraction
stu_1780967494776_5259,test_1780996897356_kspg977,choose_answer,0,2,choose_answer|attempt=0|log=2|c5abcb04d8,number_sense,0.2,operation_identification_from_context,Subtraction,OneStepProblem,WordProblem,Horizontal,1,6781,fast,0,,2.0,easy,,,2026-06-10T10:52:49.104Z,2026-06-10T10:53:15.171Z,كانت عندك 10 تفاحات، أكلت 3. كم بقي؟,10 - 3,,,,,,,Subtraction,Subtraction
stu_1780967494776_5259,test_1780996897356_kspg977,choose_answer,0,2,choose_answer|attempt=0|log=2|c5abcb04d8,sequential_thinking,0.2,operation_identification_from_context,Subtraction,OneStepProblem,WordProblem,Horizontal,1,6781,fast,0,,2.0,easy,,,2026-06-10T10:52:49.104Z,2026-06-10T10:53:15.171Z,كانت عندك 10 تفاحات، أكلت 3. كم بقي؟,10 - 3,,,,,,,Subtraction,Subtraction
stu_1780967494776_5259,test_1780996897356_kspg977,choose_answer,1,0,choose_answer|attempt=1|log=0|9f03dda1b1,arithmetic_fluency,0.6,operation_identification_from_context,Addition,OneStepProblem,WordProblem,Horizontal,1,4515,fast,0,,1.0,very-easy,,,2026-06-09T12:40:10.471Z,2026-06-09T12:40:18.858Z,لديك 2 درهم ومنحك والده 3 درهما. كم أصبح لديك من درهم؟,2 + 3,,,,,,,Addition,Addition
stu_1780967494776_5259,test_1780996897356_kspg977,choose_answer,1,0,choose_answer|attempt=1|log=0|9f03dda1b1,number_sense,0.2,operation_identification_from_context,Addition,OneStepProblem,WordProblem,Horizontal,1,4515,fast,0,,1.0,very-easy,,,2026-06-09T12:40:10.471Z,2026-06-09T12:40:18.858Z,لديك 2 درهم ومنحك والده 3 درهما. كم أصبح لديك من درهم؟,2 + 3,,,,,,,Addition,Addition
stu_1780967494776_5259,test_1780996897356_kspg977,choose_answer,1,0,choose_answer|attempt=1|log=0|9f03dda1b1,sequential_thinking,0.2,operation_identification_from_context,Addition,OneStepProblem,WordProblem,Horizontal,1,4515,fast,0,,1.0,very-easy,,,2026-06-09T12:40:10.471Z,2026-06-09T12:40:18.858Z,لديك 2 درهم ومنحك والده 3 درهما. كم أصبح لديك من درهم؟,2 + 3,,,,,,,Addition,Addition
stu_1780967494776_5259,test_1780996897356_kspg977,choose_answer,1,1,choose_answer|attempt=1|log=1|a93e8133e3,arithmetic_fluency,0.6,operation_identification_from_context,Addition,OneStepProblem,WordProblem,Horizontal,1,1751,fast,0,,1.0,very-easy,,,2026-06-09T12:40:10.471Z,2026-06-09T12:40:18.858Z,لديك 4 درهم ومنحك والده 2 درهما. كم أصبح لديك من درهم؟,4 + 2,,,,,,,Addition,Addition
stu_1780967494776_5259,test_1780996897356_kspg977,choose_answer,1,1,choose_answer|attempt=1|log=1|a93e8133e3,number_sense,0.2,operation_identification_from_context,Addition,OneStepProblem,WordProblem,Horizontal,1,1751,fast,0,,1.0,very-easy,,,2026-06-09T12:40:10.471Z,2026-06-09T12:40:18.858Z,لديك 4 درهم ومنحك والده 2 درهما. كم أصبح لديك من درهم؟,4 + 2,,,,,,,Addition,Addition
stu_1780967494776_5259,test_1780996897356_kspg977,choose_answer,1,1,choose_answer|attempt=1|log=1|a93e8133e3,sequential_thinking,0.2,operation_identification_from_context,Addition,OneStepProblem,WordProblem,Horizontal,1,1751,fast,0,,1.0,very-easy,,,2026-06-09T12:40:10.471Z,2026-06-09T12:40:18.858Z,لديك 4 درهم ومنحك والده 2 درهما. كم أصبح لديك من درهم؟,4 + 2,,,,,,,Addition,Addition
stu_1780967494776_5259,test_1780996897356_kspg977,choose_answer,1,2,choose_answer|attempt=1|log=2|42b80ffea5,arithmetic_fluency,0.6,operation_identification_from_context,Addition,OneStepProblem,WordProblem,Horizontal,1,2121,fast,0,,1.0,very-easy,,,2026-06-09T12:40:10.471Z,2026-06-09T12:40:18.858Z,لديك 3 درهم ومنحك والده 1 درهما. كم أصبح لديك من درهم؟,3 + 1,,,,,,,Addition,Addition
stu_1780967494776_5259,test_1780996897356_kspg977,choose_answer,1,2,choose_answer|attempt=1|log=2|42b80ffea5,number_sense,0.2,operation_identification_from_context,Addition,OneStepProblem,WordProblem,Horizontal,1,2121,fast,0,,1.0,very-easy,,,2026-06-09T12:40:10.471Z,2026-06-09T12:40:18.858Z,لديك 3 درهم ومنحك والده 1 درهما. كم أصبح لديك من درهم؟,3 + 1,,,,,,,Addition,Addition
stu_1780967494776_5259,test_1780996897356_kspg977,choose_answer,1,2,choose_answer|attempt=1|log=2|42b80ffea5,sequential_thinking,0.2,operation_identification_from_context,Addition,OneStepProblem,WordProblem,Horizontal,1,2121,fast,0,,1.0,very-easy,,,2026-06-09T12:40:10.471Z,2026-06-09T12:40:18.858Z,لديك 3 درهم ومنحك والده 1 درهما. كم أصبح لديك من درهم؟,3 + 1,,,,,,,Addition,Addition
stu_1780967494776_5259,test_1780996897356_kspg977,compare_numbers,0,0,compare_numbers|attempt=0|log=0|46866ca531,comparison_skill,1.0,number_comparison,,Greater,Comparison,Horizontal,1,4586,fast,0,,3.0,medium,,,2026-06-10T10:50:09.204Z,2026-06-10T10:50:20.288Z,,,,,,,Greater,,,
stu_1780967494776_5259,test_1780996897356_kspg977,compare_numbers,0,1,compare_numbers|attempt=0|log=1|5a30469bb7,comparison_skill,1.0,number_comparison,,Greater,Comparison,Horizontal,1,2474,fast,0,,3.0,medium,,,2026-06-10T10:50:09.204Z,2026-06-10T10:50:20.288Z,,,,,,,Greater,,,
stu_1780967494776_5259,test_1780996897356_kspg977,compare_numbers,0,2,compare_numbers|attempt=0|log=2|3f8b8868d7,comparison_skill,1.0,number_comparison,,Less,Comparison,Horizontal,1,2028,fast,0,,3.0,medium,,,2026-06-10T10:50:09.204Z,2026-06-10T10:50:20.288Z,,,,,,,Less,,,
stu_1780967494776_5259,test_1780996897356_kspg977,compare_numbers,0,3,compare_numbers|attempt=0|log=3|ba2b69303b,comparison_skill,1.0,number_comparison,,Less,Comparison,Horizontal,1,1978,fast,0,,3.0,medium,,,2026-06-10T10:50:09.204Z,2026-06-10T10:50:20.288Z,,,,,,,Less,,,
stu_1780967494776_5259,test_1780996897356_kspg977,decompose_number,0,0,decompose_number|attempt=0|log=0|fa7829291d,number_sense,1.0,number_decomposition,,Decomposition,Decomposition,Visual,1,12601,fast,0,,3.0,medium,,,2026-06-10T10:51:15.173Z,2026-06-10T10:51:24.589Z,,,,,"[900, 5]","[900, 5]",,,,
stu_1780967494776_5259,test_1780996897356_kspg977,decompose_number,0,1,decompose_number|attempt=0|log=1|5bddb50f36,number_sense,1.0,number_decomposition,,Decomposition,Decomposition,Visual,1,9414,fast,0,,3.0,medium,,,2026-06-10T10:51:15.173Z,2026-06-10T10:51:24.589Z,,,,,"[300, 7]","[300, 7]",,,,
stu_1780967494776_5259,test_1780996897356_kspg977,decompose_number,1,0,decompose_number|attempt=1|log=0|6c5be2371d,number_sense,1.0,number_decomposition,,Decomposition,Decomposition,Visual,1,4354,fast,0,,2.0,easy,,,2026-06-09T12:36:23.442Z,2026-06-09T12:36:31.042Z,,,,,"[20, 4]","[20, 4]",,,,
stu_1780967494776_5259,test_1780996897356_kspg977,decompose_number,1,1,decompose_number|attempt=1|log=1|91c64b392f,number_sense,1.0,number_decomposition,,Decomposition,Decomposition,Visual,1,7600,fast,0,,2.0,easy,,,2026-06-09T12:36:23.442Z,2026-06-09T12:36:31.042Z,,,,,"[70, 7]","[70, 7]",,,,
stu_1780967494776_5259,test_1780996897356_kspg977,find_previous_next_number,0,0,find_previous_next_number|attempt=0|log=0|4353c5d545,sequential_thinking,1.0,previous_next_number,,PreviousAndNext,Sequence,Horizontal,0,18567,fast,0,RangeUncertainty,3.0,medium,520-529,,2026-06-10T10:49:50.585Z,2026-06-10T10:50:09.097Z,524,,,,"[523, 525]","[525, 523]",,,,
stu_1780967494776_5259,test_1780996897356_kspg977,find_previous_next_number,0,1,find_previous_next_number|attempt=0|log=1|5e32139e86,sequential_thinking,1.0,previous_next_number,,PreviousAndNext,Sequence,Horizontal,1,20368,fast,0,,3.0,medium,590-599,,2026-06-10T10:49:50.585Z,2026-06-10T10:50:09.097Z,595,,,,"[594, 596]","[594, 596]",,,,
stu_1780967494776_5259,test_1780996897356_kspg977,find_previous_next_number,0,2,find_previous_next_number|attempt=0|log=2|9a1c5fa6ad,sequential_thinking,1.0,previous_next_number,,PreviousAndNext,Sequence,Horizontal,1,16418,fast,0,,3.0,medium,240-249,,2026-06-10T10:49:50.585Z,2026-06-10T10:50:09.097Z,247,,,,"[246, 248]","[246, 248]",,,,
stu_1780967494776_5259,test_1780996897356_kspg977,find_previous_next_number,0,3,find_previous_next_number|attempt=0|log=3|ecd343ed92,sequential_thinking,1.0,previous_next_number,,PreviousAndNext,Sequence,Horizontal,1,18505,fast,0,,3.0,medium,920-929,,2026-06-10T10:49:50.585Z,2026-06-10T10:50:09.097Z,923,,,,"[922, 924]","[922, 924]",,,,
stu_1780967494776_5259,test_1780996897356_kspg977,identify_place_value,0,0,identify_place_value|attempt=0|log=0|1af228ef3b,number_sense,1.0,place_value_identification,,PlaceValue,PlaceValue,Visual,1,12210,fast,0,,3.0,medium,,,2026-06-10T10:51:44.262Z,2026-06-10T10:51:53.910Z,,,,,"{""pos_0"": 1, ""pos_1"": 3, ""pos_2"": 0}","{""pos_0"": 1, ""pos_1"": 3, ""pos_2"": 0}",,,,
stu_1780967494776_5259,test_1780996897356_kspg977,identify_place_value,0,1,identify_place_value|attempt=0|log=1|d11aeb5713,number_sense,1.0,place_value_identification,,PlaceValue,PlaceValue,Visual,1,7325,fast,0,,3.0,medium,,,2026-06-10T10:51:44.262Z,2026-06-10T10:51:53.910Z,,,,,"{""pos_0"": 4, ""pos_1"": 0, ""pos_2"": 0}","{""pos_0"": 4, ""pos_1"": 0, ""pos_2"": 0}",,,,
stu_1780967494776_5259,test_1780996897356_kspg977,identify_place_value,0,2,identify_place_value|attempt=0|log=2|25f3f4a4ab,number_sense,1.0,place_value_identification,,PlaceValue,PlaceValue,Visual,1,9641,fast,0,,3.0,medium,,,2026-06-10T10:51:44.262Z,2026-06-10T10:51:53.910Z,,,,,"{""pos_0"": 3, ""pos_1"": 2, ""pos_2"": 9}","{""pos_0"": 3, ""pos_1"": 2, ""pos_2"": 9}",,,,
stu_1780967494776_5259,test_1780996897356_kspg977,order_numbers,0,0,order_numbers|attempt=0|log=0|0b1dcaa739,sequential_thinking,1.0,number_ordering,,Ordering_desc,Ordering,Visual,1,25664,fast,0,,3.0,medium,,5.0,2026-06-10T10:50:20.396Z,2026-06-10T10:51:02.461Z,,,,,,,,desc,,
stu_1780967494776_5259,test_1780996897356_kspg977,order_numbers,0,1,order_numbers|attempt=0|log=1|a98812b04e,sequential_thinking,1.0,number_ordering,,Ordering_desc,Ordering,Visual,1,5676,fast,0,,3.0,medium,,3.0,2026-06-10T10:50:20.396Z,2026-06-10T10:51:02.461Z,,,,,,,,desc,,
stu_1780967494776_5259,test_1780996897356_kspg977,order_numbers,0,2,order_numbers|attempt=0|log=2|709b071c4c,sequential_thinking,1.0,number_ordering,,Ordering_desc,Ordering,Visual,1,7474,fast,0,,3.0,medium,,4.0,2026-06-10T10:50:20.396Z,2026-06-10T10:51:02.461Z,,,,,,,,desc,,
stu_1780967494776_5259,test_1780996897356_kspg977,order_numbers,0,3,order_numbers|attempt=0|log=3|06cf243001,sequential_thinking,1.0,number_ordering,,Ordering_desc,Ordering,Visual,1,3227,fast,0,,3.0,medium,,2.0,2026-06-10T10:50:20.396Z,2026-06-10T10:51:02.461Z,,,,,,,,desc,,
stu_1780967494776_5259,test_1780996897356_kspg977,tap_matching_pairs,0,0,tap_matching_pairs|attempt=0|log=0|9767bdd2ef,visual_matching,1.0,number_word_matching,,MatchingPairs,VisualMatching,Visual,1,8014,fast,0,,,,,,2026-06-10T10:48:30.578Z,2026-06-10T10:48:55.108Z,,,,,,,,,,
stu_1780967494776_5259,test_1780996897356_kspg977,tap_matching_pairs,0,1,tap_matching_pairs|attempt=0|log=1|9767bdd2ef,visual_matching,1.0,number_word_matching,,MatchingPairs,VisualMatching,Visual,1,14910,fast,0,,,,,,2026-06-10T10:48:30.578Z,2026-06-10T10:48:55.108Z,,,,,,,,,,
stu_1780967494776_5259,test_1780996897356_kspg977,tap_matching_pairs,0,2,tap_matching_pairs|attempt=0|log=2|9767bdd2ef,visual_matching,1.0,number_word_matching,,MatchingPairs,VisualMatching,Visual,1,17163,fast,0,,,,,,2026-06-10T10:48:30.578Z,2026-06-10T10:48:55.108Z,,,,,,,,,,
stu_1780967494776_5259,test_1780996897356_kspg977,tap_matching_pairs,0,3,tap_matching_pairs|attempt=0|log=3|9767bdd2ef,visual_matching,1.0,number_word_matching,,MatchingPairs,VisualMatching,Visual,1,19279,fast,0,,,,,,2026-06-10T10:48:30.578Z,2026-06-10T10:48:55.108Z,,,,,,,,,,
stu_1780967494776_5259,test_1780996897356_kspg977,tap_matching_pairs,0,4,tap_matching_pairs|attempt=0|log=4|9767bdd2ef,visual_matching,1.0,number_word_matching,,MatchingPairs,VisualMatching,Visual,1,22074,fast,0,,,,,,2026-06-10T10:48:30.578Z,2026-06-10T10:48:55.108Z,,,,,,,,,,
stu_1780967494776_5259,test_1780996897356_kspg977,tap_matching_pairs,0,5,tap_matching_pairs|attempt=0|log=5|9767bdd2ef,visual_matching,1.0,number_word_matching,,MatchingPairs,VisualMatching,Visual,1,24017,fast,0,,,,,,2026-06-10T10:48:30.578Z,2026-06-10T10:48:55.108Z,,,,,,,,,,
stu_1780967494776_5259,test_1780996897356_kspg977,vertical_operations,0,0,vertical_operations|attempt=0|log=0|c39586a809,arithmetic_fluency,1.0,vertical_operation_fluency,Addition,SimpleAddition,VerticalOperation,Vertical,0,11800,fast,0,ComputationError,2.0,easy,,,2026-06-10T10:53:15.275Z,2026-06-10T10:53:37.922Z,34 Addition 4,,38,30,,,,,,
stu_1780967494776_5259,test_1780996897356_kspg977,vertical_operations,0,1,vertical_operations|attempt=0|log=1|b6b6677f7d,arithmetic_fluency,1.0,vertical_operation_fluency,Subtraction,SimpleSubtraction,VerticalOperation,Vertical,1,10847,fast,0,,2.0,easy,,,2026-06-10T10:53:15.275Z,2026-06-10T10:53:37.922Z,25 Subtraction 10,,15,15,,,,,,
stu_1780967494776_5259,test_1780996897356_kspg977,what_number_do_you_hear,0,0,what_number_do_you_hear|attempt=0|log=0|4d2de65510,audio_recognition,1.0,auditory_number_recognition,,HeardNumberChoice,AudioRecognition,Audio,1,5596,fast,0,,1.0,very-easy,,,2026-06-10T10:48:04.596Z,2026-06-10T10:48:30.338Z,7,7,,,,,,,,
stu_1780967494776_5259,test_1780996897356_kspg977,what_number_do_you_hear,0,1,what_number_do_you_hear|attempt=0|log=1|1cf85a708a,audio_recognition,1.0,auditory_number_recognition,,HeardNumberChoice,AudioRecognition,Audio,1,3394,fast,0,,1.0,very-easy,,,2026-06-10T10:48:04.596Z,2026-06-10T10:48:30.338Z,9,9,,,,,,,,
stu_1780967494776_5259,test_1780996897356_kspg977,what_number_do_you_hear,0,2,what_number_do_you_hear|attempt=0|log=2|1e2b3c26bf,audio_recognition,1.0,auditory_number_recognition,,HeardNumberChoice,AudioRecognition,Audio,1,9115,fast,0,,1.0,very-easy,,,2026-06-10T10:48:04.596Z,2026-06-10T10:48:30.338Z,0,0,,,,,,,,
stu_1780967494776_5259,test_1780996897356_kspg977,what_number_do_you_hear,0,3,what_number_do_you_hear|attempt=0|log=3|050e142ee8,audio_recognition,1.0,auditory_number_recognition,,HeardNumberChoice,AudioRecognition,Audio,1,3010,fast,0,,2.0,easy,,,2026-06-10T10:48:04.596Z,2026-06-10T10:48:30.338Z,74,74,,,,,,,,
stu_1780967494776_5259,test_1780996897356_kspg977,what_number_do_you_hear,0,4,what_number_do_you_hear|attempt=0|log=4|085fc418d3,audio_recognition,1.0,auditory_number_recognition,,HeardNumberChoice,AudioRecognition,Audio,1,2054,fast,0,,2.0,easy,,,2026-06-10T10:48:04.596Z,2026-06-10T10:48:30.338Z,10,10,,,,,,,,
stu_1780967494776_5259,test_1780996897356_kspg977,what_number_do_you_hear,0,5,what_number_do_you_hear|attempt=0|log=5|ca7e35d6bc,audio_recognition,1.0,auditory_number_recognition,,HeardNumberChoice,AudioRecognition,Audio,1,2566,fast,0,,2.0,easy,,,2026-06-10T10:48:04.596Z,2026-06-10T10:48:30.338Z,19,19,,,,,,,,
stu_1780967494776_5259,test_1780996897356_kspg977,write_number_in_letters,0,0,write_number_in_letters|attempt=0|log=0|3a209a707a,number_sense,1.0,number_writing,,WrittenNumberProduction,NumberWriting,Mixed,1,19186,fast,0,,3.0,medium,,,2026-06-10T10:52:36.641Z,2026-06-10T10:52:48.992Z,,,,,"[""\u0633\u0628\u0639\u0645\u0626\u0629"", ""\u0648"", ""\u0633\u062a\u0629"", ""\u0648"", ""\u062e\u0645\u0633\u0648\u0646""]","[""\u0633\u0628\u0639\u0645\u0626\u0629"", ""\u0648"", ""\u0633\u062a\u0629"", ""\u0648"", ""\u062e\u0645\u0633\u0648\u0646""]",,,,
stu_1780967494776_5259,test_1780996897356_kspg977,write_number_in_letters,0,1,write_number_in_letters|attempt=0|log=1|191e92f7cf,number_sense,1.0,number_writing,,WrittenNumberProduction,NumberWriting,Mixed,1,8989,fast,0,,3.0,medium,,,2026-06-10T10:52:36.641Z,2026-06-10T10:52:48.992Z,,,,,"[""\u062a\u0633\u0639\u0645\u0626\u0629"", ""\u0648"", ""\u062a\u0633\u0639\u0648\u0646""]","[""\u062a\u0633\u0639\u0645\u0626\u0629"", ""\u0648"", ""\u062a\u0633\u0639\u0648\u0646""]",,,,
stu_1780967494776_5259,test_1780996897356_kspg977,write_number_in_letters,0,2,write_number_in_letters|attempt=0|log=2|66cfb08e84,number_sense,1.0,number_writing,,WrittenNumberProduction,NumberWriting,Mixed,1,14439,fast,0,,3.0,medium,,,2026-06-10T10:52:36.641Z,2026-06-10T10:52:48.992Z,,,,,"[""\u0645\u0626\u0629"", ""\u0648"", ""\u062a\u0633\u0639\u0629"", ""\u0648"", ""\u0623\u0631\u0628\u0639\u0648\u0646""]","[""\u0645\u0626\u0629"", ""\u0648"", ""\u062a\u0633\u0639\u0629"", ""\u0648"", ""\u0623\u0631\u0628\u0639\u0648\u0646""]",,,,
stu_1780967494776_5259,test_1780996897356_kspg977,write_number_in_letters,0,3,write_number_in_letters|attempt=0|log=3|82e3047325,number_sense,1.0,number_writing,,WrittenNumberProduction,NumberWriting,Mixed,1,12343,fast,0,,3.0,medium,,,2026-06-10T10:52:36.641Z,2026-06-10T10:52:48.992Z,,,,,"[""\u0645\u0626\u062a\u0627\u0646"", ""\u0648"", ""\u0633\u062a\u0629"", ""\u0648"", ""\u062e\u0645\u0633\u0648\u0646""]","[""\u0645\u0626\u062a\u0627\u0646"", ""\u0648"", ""\u0633\u062a\u0629"", ""\u0648"", ""\u062e\u0645\u0633\u0648\u0646""]",,,,
stu_1780967494776_5259,test_1781051031467_d8q3s6i,choose_answer,0,0,choose_answer|attempt=0|log=0|915cf3e6ce,arithmetic_fluency,0.6,operation_identification_from_context,Subtraction,OneStepProblem,WordProblem,Horizontal,0,11664,medium,0,ComputationError,2.0,easy,,,2026-06-10T10:45:22.860Z,2026-06-10T10:45:58.614Z,لدى أحمد 65 درهما، وأعطى 22 درهما لصديقه. كم تبقى لديه؟,22 - 65,,,,,,,Subtraction,Subtraction
stu_1780967494776_5259,test_1781051031467_d8q3s6i,choose_answer,0,0,choose_answer|attempt=0|log=0|915cf3e6ce,number_sense,0.2,operation_identification_from_context,Subtraction,OneStepProblem,WordProblem,Horizontal,0,11664,medium,0,ComputationError,2.0,easy,,,2026-06-10T10:45:22.860Z,2026-06-10T10:45:58.614Z,لدى أحمد 65 درهما، وأعطى 22 درهما لصديقه. كم تبقى لديه؟,22 - 65,,,,,,,Subtraction,Subtraction
stu_1780967494776_5259,test_1781051031467_d8q3s6i,choose_answer,0,0,choose_answer|attempt=0|log=0|915cf3e6ce,sequential_thinking,0.2,operation_identification_from_context,Subtraction,OneStepProblem,WordProblem,Horizontal,0,11664,medium,0,ComputationError,2.0,easy,,,2026-06-10T10:45:22.860Z,2026-06-10T10:45:58.614Z,لدى أحمد 65 درهما، وأعطى 22 درهما لصديقه. كم تبقى لديه؟,22 - 65,,,,,,,Subtraction,Subtraction
stu_1780967494776_5259,test_1781051031467_d8q3s6i,choose_answer,0,1,choose_answer|attempt=0|log=1|b1b99b1169,arithmetic_fluency,0.6,operation_identification_from_context,Subtraction,OneStepProblem,WordProblem,Horizontal,1,9159,fast,0,,2.0,easy,,,2026-06-10T10:45:22.860Z,2026-06-10T10:45:58.614Z,كان لديك 40 تفاحة وأكلت 15. كم بقي؟,40 - 15,,,,,,,Subtraction,Subtraction
stu_1780967494776_5259,test_1781051031467_d8q3s6i,choose_answer,0,1,choose_answer|attempt=0|log=1|b1b99b1169,number_sense,0.2,operation_identification_from_context,Subtraction,OneStepProblem,WordProblem,Horizontal,1,9159,fast,0,,2.0,easy,,,2026-06-10T10:45:22.860Z,2026-06-10T10:45:58.614Z,كان لديك 40 تفاحة وأكلت 15. كم بقي؟,40 - 15,,,,,,,Subtraction,Subtraction
stu_1780967494776_5259,test_1781051031467_d8q3s6i,choose_answer,0,1,choose_answer|attempt=0|log=1|b1b99b1169,sequential_thinking,0.2,operation_identification_from_context,Subtraction,OneStepProblem,WordProblem,Horizontal,1,9159,fast,0,,2.0,easy,,,2026-06-10T10:45:22.860Z,2026-06-10T10:45:58.614Z,كان لديك 40 تفاحة وأكلت 15. كم بقي؟,40 - 15,,,,,,,Subtraction,Subtraction
stu_1780967494776_5259,test_1781051031467_d8q3s6i,choose_answer,0,2,choose_answer|attempt=0|log=2|fa4cfab328,arithmetic_fluency,0.6,operation_identification_from_context,Subtraction,OneStepProblem,WordProblem,Horizontal,1,14927,medium,0,,2.0,easy,,,2026-06-10T10:45:22.860Z,2026-06-10T10:45:58.614Z,لدى أحمد 66 درهما، وأعطى 32 درهما لصديقه. كم تبقى لديه؟,66 - 32,,,,,,,Subtraction,Subtraction
stu_1780967494776_5259,test_1781051031467_d8q3s6i,choose_answer,0,2,choose_answer|attempt=0|log=2|fa4cfab328,number_sense,0.2,operation_identification_from_context,Subtraction,OneStepProblem,WordProblem,Horizontal,1,14927,medium,0,,2.0,easy,,,2026-06-10T10:45:22.860Z,2026-06-10T10:45:58.614Z,لدى أحمد 66 درهما، وأعطى 32 درهما لصديقه. كم تبقى لديه؟,66 - 32,,,,,,,Subtraction,Subtraction
stu_1780967494776_5259,test_1781051031467_d8q3s6i,choose_answer,0,2,choose_answer|attempt=0|log=2|fa4cfab328,sequential_thinking,0.2,operation_identification_from_context,Subtraction,OneStepProblem,WordProblem,Horizontal,1,14927,medium,0,,2.0,easy,,,2026-06-10T10:45:22.860Z,2026-06-10T10:45:58.614Z,لدى أحمد 66 درهما، وأعطى 32 درهما لصديقه. كم تبقى لديه؟,66 - 32,,,,,,,Subtraction,Subtraction
stu_1780967494776_5259,test_1781051031467_d8q3s6i,compare_numbers,0,0,compare_numbers|attempt=0|log=0|6573de11d8,comparison_skill,1.0,number_comparison,,Greater,Comparison,Horizontal,1,9887,fast,0,,3.0,medium,,,2026-06-10T10:41:54.740Z,2026-06-10T10:42:09.714Z,,,,,,,Greater,,,
stu_1780967494776_5259,test_1781051031467_d8q3s6i,compare_numbers,0,1,compare_numbers|attempt=0|log=1|7da64f5125,comparison_skill,1.0,number_comparison,,Less,Comparison,Horizontal,1,2042,fast,0,,3.0,medium,,,2026-06-10T10:41:54.740Z,2026-06-10T10:42:09.714Z,,,,,,,Less,,,
stu_1780967494776_5259,test_1781051031467_d8q3s6i,compare_numbers,0,2,compare_numbers|attempt=0|log=2|042ce364c3,comparison_skill,1.0,number_comparison,,Equal,Comparison,Horizontal,1,3030,fast,0,,3.0,medium,,,2026-06-10T10:41:54.740Z,2026-06-10T10:42:09.714Z,,,,,,,Equal,,,
stu_1780967494776_5259,test_1781051031467_d8q3s6i,find_previous_next_number,0,0,find_previous_next_number|attempt=0|log=0|ecd343ed92,sequential_thinking,1.0,previous_next_number,,PreviousAndNext,Sequence,Horizontal,1,37024,fast,0,,3.0,medium,920-929,,2026-06-10T10:41:40.894Z,2026-06-10T10:41:54.641Z,923,,,,"[922, 924]","[922, 924]",,,,
stu_1780967494776_5259,test_1781051031467_d8q3s6i,find_previous_next_number,0,1,find_previous_next_number|attempt=0|log=1|d632a6f4b6,sequential_thinking,1.0,previous_next_number,,PreviousAndNext,Sequence,Horizontal,1,13739,fast,0,,2.0,easy,40-49,,2026-06-10T10:41:40.894Z,2026-06-10T10:41:54.641Z,42,,,,"[41, 43]","[41, 43]",,,,
stu_1780967494776_5259,test_1781051031467_d8q3s6i,identify_place_value,0,0,identify_place_value|attempt=0|log=0|b36621b539,number_sense,1.0,place_value_identification,,PlaceValue,PlaceValue,Visual,1,36680,fast,0,,3.0,medium,,,2026-06-10T10:43:56.805Z,2026-06-10T10:44:12.110Z,,,,,"{""pos_0"": 9, ""pos_1"": 9, ""pos_2"": 0}","{""pos_0"": 9, ""pos_1"": 9, ""pos_2"": 0}",,,,
stu_1780967494776_5259,test_1781051031467_d8q3s6i,identify_place_value,0,1,identify_place_value|attempt=0|log=1|e97d699c93,number_sense,1.0,place_value_identification,,PlaceValue,PlaceValue,Visual,1,8838,fast,0,,3.0,medium,,,2026-06-10T10:43:56.805Z,2026-06-10T10:44:12.110Z,,,,,"{""pos_0"": 2, ""pos_1"": 7, ""pos_2"": 8}","{""pos_0"": 2, ""pos_1"": 7, ""pos_2"": 8}",,,,
stu_1780967494776_5259,test_1781051031467_d8q3s6i,identify_place_value,0,2,identify_place_value|attempt=0|log=2|de4dfd05c9,number_sense,1.0,place_value_identification,,PlaceValue,PlaceValue,Visual,1,15297,fast,0,,3.0,medium,,,2026-06-10T10:43:56.805Z,2026-06-10T10:44:12.110Z,,,,,"{""pos_0"": 7, ""pos_1"": 6, ""pos_2"": 8}","{""pos_0"": 7, ""pos_1"": 6, ""pos_2"": 8}",,,,
stu_1780967494776_5259,test_1781051031467_d8q3s6i,order_numbers,0,0,order_numbers|attempt=0|log=0|76c96b4b1b,sequential_thinking,1.0,number_ordering,,Ordering_asc,Ordering,Visual,0,11290,fast,0,ReversedDescending,3.0,medium,,3.0,2026-06-10T10:42:10.950Z,2026-06-10T10:43:06.296Z,,,,,,,,asc,,
stu_1780967494776_5259,test_1781051031467_d8q3s6i,order_numbers,0,1,order_numbers|attempt=0|log=1|da9bd54b6e,sequential_thinking,1.0,number_ordering,,Ordering_asc,Ordering,Visual,0,5158,fast,0,ReversedDescending,3.0,medium,,3.0,2026-06-10T10:42:10.950Z,2026-06-10T10:43:06.296Z,,,,,,,,asc,,
stu_1780967494776_5259,test_1781051031467_d8q3s6i,order_numbers,0,2,order_numbers|attempt=0|log=2|4ae59835e7,sequential_thinking,1.0,number_ordering,,Ordering_asc,Ordering,Visual,0,20752,fast,0,ReversedDescending,3.0,medium,,5.0,2026-06-10T10:42:10.950Z,2026-06-10T10:43:06.296Z,,,,,,,,asc,,
stu_1780967494776_5259,test_1781051031467_d8q3s6i,order_numbers,0,3,order_numbers|attempt=0|log=3|1c28c8b2a7,sequential_thinking,1.0,number_ordering,,Ordering_desc,Ordering,Visual,0,15989,fast,0,ReversedAscending,3.0,medium,,3.0,2026-06-10T10:42:10.950Z,2026-06-10T10:43:06.296Z,,,,,,,,desc,,
stu_1780967494776_5259,test_1781051031467_d8q3s6i,order_numbers,0,4,order_numbers|attempt=0|log=4|1c28c8b2a7,sequential_thinking,1.0,number_ordering,,Ordering_desc,Ordering,Visual,0,17237,fast,0,ReversedAscending,3.0,medium,,3.0,2026-06-10T10:42:10.950Z,2026-06-10T10:43:06.296Z,,,,,,,,desc,,
stu_1780967494776_5259,test_1781051031467_d8q3s6i,order_numbers,0,5,order_numbers|attempt=0|log=5|1c28c8b2a7,sequential_thinking,1.0,number_ordering,,Ordering_desc,Ordering,Visual,0,18121,fast,0,ReversedAscending,3.0,medium,,3.0,2026-06-10T10:42:10.950Z,2026-06-10T10:43:06.296Z,,,,,,,,desc,,
stu_1780967494776_5259,test_1781051031467_d8q3s6i,tap_matching_pairs,0,0,tap_matching_pairs|attempt=0|log=0|9767bdd2ef,visual_matching,1.0,number_word_matching,,MatchingPairs,VisualMatching,Visual,1,30142,fast,0,,,,,,2026-06-10T10:40:13.733Z,2026-06-10T10:41:03.659Z,,,,,,,,,,
stu_1780967494776_5259,test_1781051031467_d8q3s6i,tap_matching_pairs,0,1,tap_matching_pairs|attempt=0|log=1|9767bdd2ef,visual_matching,1.0,number_word_matching,,MatchingPairs,VisualMatching,Visual,1,35440,fast,0,,,,,,2026-06-10T10:40:13.733Z,2026-06-10T10:41:03.659Z,,,,,,,,,,
stu_1780967494776_5259,test_1781051031467_d8q3s6i,tap_matching_pairs,0,2,tap_matching_pairs|attempt=0|log=2|9767bdd2ef,visual_matching,1.0,number_word_matching,,MatchingPairs,VisualMatching,Visual,1,39287,fast,0,,,,,,2026-06-10T10:40:13.733Z,2026-06-10T10:41:03.659Z,,,,,,,,,,
stu_1780967494776_5259,test_1781051031467_d8q3s6i,tap_matching_pairs,0,3,tap_matching_pairs|attempt=0|log=3|9767bdd2ef,visual_matching,1.0,number_word_matching,,MatchingPairs,VisualMatching,Visual,1,42253,fast,0,,,,,,2026-06-10T10:40:13.733Z,2026-06-10T10:41:03.659Z,,,,,,,,,,
stu_1780967494776_5259,test_1781051031467_d8q3s6i,tap_matching_pairs,0,4,tap_matching_pairs|attempt=0|log=4|9767bdd2ef,visual_matching,1.0,number_word_matching,,MatchingPairs,VisualMatching,Visual,1,45366,fast,0,,,,,,2026-06-10T10:40:13.733Z,2026-06-10T10:41:03.659Z,,,,,,,,,,
stu_1780967494776_5259,test_1781051031467_d8q3s6i,tap_matching_pairs,0,5,tap_matching_pairs|attempt=0|log=5|9767bdd2ef,visual_matching,1.0,number_word_matching,,MatchingPairs,VisualMatching,Visual,1,49422,fast,0,,,,,,2026-06-10T10:40:13.733Z,2026-06-10T10:41:03.659Z,,,,,,,,,,
stu_1780967494776_5259,test_1781051031467_d8q3s6i,vertical_operations,0,0,vertical_operations|attempt=0|log=0|4436b8aa47,arithmetic_fluency,1.0,vertical_operation_fluency,Subtraction,SimpleSubtraction,VerticalOperation,Vertical,1,17513,fast,0,,2.0,easy,,,2026-06-10T10:45:59.165Z,2026-06-10T10:46:41.801Z,79 Subtraction 19,,60,60,,,,,,
stu_1780967494776_5259,test_1781051031467_d8q3s6i,vertical_operations,0,1,vertical_operations|attempt=0|log=1|bb57ee5011,arithmetic_fluency,1.0,vertical_operation_fluency,Addition,AdditionWithCarry,VerticalOperation,Vertical,0,25123,fast,0,ComputationError,3.0,medium,,,2026-06-10T10:45:59.165Z,2026-06-10T10:46:41.801Z,36 Addition 96,,132,030,,,,,,
stu_1780967494776_5259,test_1781051031467_d8q3s6i,write_number_in_letters,0,0,write_number_in_letters|attempt=0|log=0|f0cc14b96b,number_sense,1.0,number_writing,,WrittenNumberProduction,NumberWriting,Mixed,1,11909,fast,0,,3.0,medium,,,2026-06-10T10:44:57.539Z,2026-06-10T10:45:16.495Z,,,,,"[""\u062a\u0633\u0639\u0645\u0626\u0629"", ""\u0648"", ""\u0633\u0628\u0639\u0648\u0646""]","[""\u062a\u0633\u0639\u0645\u0626\u0629"", ""\u0648"", ""\u0633\u0628\u0639\u0648\u0646""]",,,,
stu_1780967494776_5259,test_1781051031467_d8q3s6i,write_number_in_letters,0,1,write_number_in_letters|attempt=0|log=1|82e3047325,number_sense,1.0,number_writing,,WrittenNumberProduction,NumberWriting,Mixed,1,17168,fast,0,,3.0,medium,,,2026-06-10T10:44:57.539Z,2026-06-10T10:45:16.495Z,,,,,"[""\u0645\u0626\u062a\u0627\u0646"", ""\u0648"", ""\u0633\u062a\u0629"", ""\u0648"", ""\u062e\u0645\u0633\u0648\u0646""]","[""\u0645\u0626\u062a\u0627\u0646"", ""\u0648"", ""\u0633\u062a\u0629"", ""\u0648"", ""\u062e\u0645\u0633\u0648\u0646""]",,,,
stu_1780967494776_5259,test_1781051031467_d8q3s6i,write_number_in_letters,0,2,write_number_in_letters|attempt=0|log=2|79faa3b751,number_sense,1.0,number_writing,,WrittenNumberProduction,NumberWriting,Mixed,1,15888,fast,0,,3.0,medium,,,2026-06-10T10:44:57.539Z,2026-06-10T10:45:16.495Z,,,,,"[""\u0623\u0631\u0628\u0639\u0645\u0626\u0629"", ""\u0648"", ""\u0627\u062b\u0646\u0627\u0646"", ""\u0648"", ""\u062e\u0645\u0633\u0648\u0646""]","[""\u0623\u0631\u0628\u0639\u0645\u0626\u0629"", ""\u0648"", ""\u0627\u062b\u0646\u0627\u0646"", ""\u0648"", ""\u062e\u0645\u0633\u0648\u0646""]",,,,
stu_1780967494776_5259,test_1781051031467_d8q3s6i,write_number_in_letters,0,3,write_number_in_letters|attempt=0|log=3|66cfb08e84,number_sense,1.0,number_writing,,WrittenNumberProduction,NumberWriting,Mixed,1,17638,fast,0,,3.0,medium,,,2026-06-10T10:44:57.539Z,2026-06-10T10:45:16.495Z,,,,,"[""\u0645\u0626\u0629"", ""\u0648"", ""\u062a\u0633\u0639\u0629"", ""\u0648"", ""\u0623\u0631\u0628\u0639\u0648\u0646""]","[""\u0645\u0626\u0629"", ""\u0648"", ""\u062a\u0633\u0639\u0629"", ""\u0648"", ""\u0623\u0631\u0628\u0639\u0648\u0646""]",,,,
stu_1780967494776_5259,test_1781051031467_d8q3s6i,write_number_in_letters,0,4,write_number_in_letters|attempt=0|log=4|66cfb08e84,number_sense,1.0,number_writing,,WrittenNumberProduction,NumberWriting,Mixed,1,18951,fast,0,,3.0,medium,,,2026-06-10T10:44:57.539Z,2026-06-10T10:45:16.495Z,,,,,"[""\u0645\u0626\u0629"", ""\u0648"", ""\u062a\u0633\u0639\u0629"", ""\u0648"", ""\u0623\u0631\u0628\u0639\u0648\u0646""]","[""\u0645\u0626\u0629"", ""\u0648"", ""\u062a\u0633\u0639\u0629"", ""\u0648"", ""\u0623\u0631\u0628\u0639\u0648\u0646""]",,,,
stu_1780967494776_5259,test_1781089532764_fckxbu0,choose_answer,0,0,choose_answer|attempt=0|log=0|47e83a65d0,arithmetic_fluency,0.6,operation_identification_from_context,Subtraction,OneStepProblem,WordProblem,Horizontal,1,7175,fast,0,,2.0,easy,,,2026-06-10T11:12:25.757Z,2026-06-10T11:13:12.092Z,كان لديك 10 تفاحة وأكلت 1. كم بقي؟,10 - 1,,,,,,,Subtraction,Subtraction
stu_1780967494776_5259,test_1781089532764_fckxbu0,choose_answer,0,0,choose_answer|attempt=0|log=0|47e83a65d0,number_sense,0.2,operation_identification_from_context,Subtraction,OneStepProblem,WordProblem,Horizontal,1,7175,fast,0,,2.0,easy,,,2026-06-10T11:12:25.757Z,2026-06-10T11:13:12.092Z,كان لديك 10 تفاحة وأكلت 1. كم بقي؟,10 - 1,,,,,,,Subtraction,Subtraction
stu_1780967494776_5259,test_1781089532764_fckxbu0,choose_answer,0,0,choose_answer|attempt=0|log=0|47e83a65d0,sequential_thinking,0.2,operation_identification_from_context,Subtraction,OneStepProblem,WordProblem,Horizontal,1,7175,fast,0,,2.0,easy,,,2026-06-10T11:12:25.757Z,2026-06-10T11:13:12.092Z,كان لديك 10 تفاحة وأكلت 1. كم بقي؟,10 - 1,,,,,,,Subtraction,Subtraction
stu_1780967494776_5259,test_1781089532764_fckxbu0,choose_answer,0,1,choose_answer|attempt=0|log=1|f04bfea7f9,arithmetic_fluency,0.6,operation_identification_from_context,Addition,OneStepProblem,WordProblem,Horizontal,1,29257,slow,1,,1.0,very-easy,,,2026-06-10T11:12:25.757Z,2026-06-10T11:13:12.092Z,لديك 5 درهم ومنحك والده 4 درهما. كم أصبح لديك من درهم؟,5 + 4,,,,,,,Addition,Addition
stu_1780967494776_5259,test_1781089532764_fckxbu0,choose_answer,0,1,choose_answer|attempt=0|log=1|f04bfea7f9,number_sense,0.2,operation_identification_from_context,Addition,OneStepProblem,WordProblem,Horizontal,1,29257,slow,1,,1.0,very-easy,,,2026-06-10T11:12:25.757Z,2026-06-10T11:13:12.092Z,لديك 5 درهم ومنحك والده 4 درهما. كم أصبح لديك من درهم؟,5 + 4,,,,,,,Addition,Addition
stu_1780967494776_5259,test_1781089532764_fckxbu0,choose_answer,0,1,choose_answer|attempt=0|log=1|f04bfea7f9,sequential_thinking,0.2,operation_identification_from_context,Addition,OneStepProblem,WordProblem,Horizontal,1,29257,slow,1,,1.0,very-easy,,,2026-06-10T11:12:25.757Z,2026-06-10T11:13:12.092Z,لديك 5 درهم ومنحك والده 4 درهما. كم أصبح لديك من درهم؟,5 + 4,,,,,,,Addition,Addition
stu_1780967494776_5259,test_1781089532764_fckxbu0,choose_answer,0,2,choose_answer|attempt=0|log=2|90a7895f43,arithmetic_fluency,0.6,operation_identification_from_context,Subtraction,OneStepProblem,WordProblem,Horizontal,1,9903,fast,0,,2.0,easy,,,2026-06-10T11:12:25.757Z,2026-06-10T11:13:12.092Z,كان لديك 54 تفاحة وأكلت 35. كم بقي؟,54 - 35,,,,,,,Subtraction,Subtraction
stu_1780967494776_5259,test_1781089532764_fckxbu0,choose_answer,0,2,choose_answer|attempt=0|log=2|90a7895f43,number_sense,0.2,operation_identification_from_context,Subtraction,OneStepProblem,WordProblem,Horizontal,1,9903,fast,0,,2.0,easy,,,2026-06-10T11:12:25.757Z,2026-06-10T11:13:12.092Z,كان لديك 54 تفاحة وأكلت 35. كم بقي؟,54 - 35,,,,,,,Subtraction,Subtraction
stu_1780967494776_5259,test_1781089532764_fckxbu0,choose_answer,0,2,choose_answer|attempt=0|log=2|90a7895f43,sequential_thinking,0.2,operation_identification_from_context,Subtraction,OneStepProblem,WordProblem,Horizontal,1,9903,fast,0,,2.0,easy,,,2026-06-10T11:12:25.757Z,2026-06-10T11:13:12.092Z,كان لديك 54 تفاحة وأكلت 35. كم بقي؟,54 - 35,,,,,,,Subtraction,Subtraction
stu_1780967494776_5259,test_1781089532764_fckxbu0,compare_numbers,0,0,compare_numbers|attempt=0|log=0|b0d22d4d62,comparison_skill,1.0,number_comparison,,Greater,Comparison,Horizontal,1,5835,fast,0,,3.0,medium,,,2026-06-10T11:08:42.954Z,2026-06-10T11:09:01.405Z,,,,,,,Greater,,,
stu_1780967494776_5259,test_1781089532764_fckxbu0,compare_numbers,0,1,compare_numbers|attempt=0|log=1|745a4f8058,comparison_skill,1.0,number_comparison,,Less,Comparison,Horizontal,1,3830,fast,0,,3.0,medium,,,2026-06-10T11:08:42.954Z,2026-06-10T11:09:01.405Z,,,,,,,Less,,,
stu_1780967494776_5259,test_1781089532764_fckxbu0,compare_numbers,0,2,compare_numbers|attempt=0|log=2|88266cba51,comparison_skill,1.0,number_comparison,,Equal,Comparison,Horizontal,1,8785,fast,0,,3.0,medium,,,2026-06-10T11:08:42.954Z,2026-06-10T11:09:01.405Z,,,,,,,Equal,,,
stu_1780967494776_5259,test_1781089532764_fckxbu0,find_previous_next_number,0,0,find_previous_next_number|attempt=0|log=0|b5393ee41d,sequential_thinking,1.0,previous_next_number,,PreviousAndNext,Sequence,Horizontal,1,38210,fast,0,,3.0,medium,890-899,,2026-06-10T11:08:06.824Z,2026-06-10T11:08:42.860Z,897,,,,"[896, 898]","[896, 898]",,,,
stu_1780967494776_5259,test_1781089532764_fckxbu0,find_previous_next_number,0,1,find_previous_next_number|attempt=0|log=1|c3867f474c,sequential_thinking,1.0,previous_next_number,,PreviousAndNext,Sequence,Horizontal,1,36036,fast,0,,3.0,medium,790-799,,2026-06-10T11:08:06.824Z,2026-06-10T11:08:42.860Z,790,,,,"[789, 791]","[789, 791]",,,,
stu_1780967494776_5259,test_1781089532764_fckxbu0,identify_place_value,0,0,identify_place_value|attempt=0|log=0|e56e5f17e9,number_sense,1.0,place_value_identification,,PlaceValue,PlaceValue,Visual,1,13265,fast,0,,3.0,medium,,,2026-06-10T11:10:26.364Z,2026-06-10T11:10:41.493Z,,,,,"{""pos_0"": 6, ""pos_1"": 8, ""pos_2"": 4}","{""pos_0"": 6, ""pos_1"": 8, ""pos_2"": 4}",,,,
stu_1780967494776_5259,test_1781089532764_fckxbu0,identify_place_value,0,1,identify_place_value|attempt=0|log=1|273772ada9,number_sense,1.0,place_value_identification,,PlaceValue,PlaceValue,Visual,1,25696,fast,0,,3.0,medium,,,2026-06-10T11:10:26.364Z,2026-06-10T11:10:41.493Z,,,,,"{""pos_0"": 9, ""pos_1"": 4, ""pos_2"": 3}","{""pos_0"": 9, ""pos_1"": 4, ""pos_2"": 3}",,,,
stu_1780967494776_5259,test_1781089532764_fckxbu0,identify_place_value,0,2,identify_place_value|attempt=0|log=2|25226504e2,number_sense,1.0,place_value_identification,,PlaceValue,PlaceValue,Visual,1,15127,fast,0,,3.0,medium,,,2026-06-10T11:10:26.364Z,2026-06-10T11:10:41.493Z,,,,,"{""pos_0"": 7, ""pos_1"": 6, ""pos_2"": 3}","{""pos_0"": 7, ""pos_1"": 6, ""pos_2"": 3}",,,,
stu_1780967494776_5259,test_1781089532764_fckxbu0,order_numbers,0,0,order_numbers|attempt=0|log=0|1ba4aabb74,sequential_thinking,1.0,number_ordering,,Ordering_asc,Ordering,Visual,1,25400,fast,0,,3.0,medium,,5.0,2026-06-10T11:09:01.493Z,2026-06-10T11:09:47.313Z,,,,,,,,asc,,
stu_1780967494776_5259,test_1781089532764_fckxbu0,order_numbers,0,1,order_numbers|attempt=0|log=1|8e96cddb1c,sequential_thinking,1.0,number_ordering,,Ordering_desc,Ordering,Visual,1,12550,fast,0,,3.0,medium,,3.0,2026-06-10T11:09:01.493Z,2026-06-10T11:09:47.313Z,,,,,,,,desc,,
stu_1780967494776_5259,test_1781089532764_fckxbu0,order_numbers,0,2,order_numbers|attempt=0|log=2|b9aac872db,sequential_thinking,1.0,number_ordering,,Ordering_asc,Ordering,Visual,1,7870,fast,0,,3.0,medium,,2.0,2026-06-10T11:09:01.493Z,2026-06-10T11:09:47.313Z,,,,,,,,asc,,
stu_1780967494776_5259,test_1781089532764_fckxbu0,tap_matching_pairs,0,0,tap_matching_pairs|attempt=0|log=0|9767bdd2ef,visual_matching,1.0,number_word_matching,,MatchingPairs,VisualMatching,Visual,1,23133,fast,0,,,,,,2026-06-10T11:05:59.015Z,2026-06-10T11:07:21.792Z,,,,,,,,,,
stu_1780967494776_5259,test_1781089532764_fckxbu0,tap_matching_pairs,0,1,tap_matching_pairs|attempt=0|log=1|9767bdd2ef,visual_matching,1.0,number_word_matching,,MatchingPairs,VisualMatching,Visual,0,48032,fast,0,MatchingPairError,,,,,2026-06-10T11:05:59.015Z,2026-06-10T11:07:21.792Z,,,,,,,,,,
stu_1780967494776_5259,test_1781089532764_fckxbu0,tap_matching_pairs,0,2,tap_matching_pairs|attempt=0|log=2|9767bdd2ef,visual_matching,1.0,number_word_matching,,MatchingPairs,VisualMatching,Visual,1,50920,fast,0,,,,,,2026-06-10T11:05:59.015Z,2026-06-10T11:07:21.792Z,,,,,,,,,,
stu_1780967494776_5259,test_1781089532764_fckxbu0,tap_matching_pairs,0,3,tap_matching_pairs|attempt=0|log=3|9767bdd2ef,visual_matching,1.0,number_word_matching,,MatchingPairs,VisualMatching,Visual,1,56558,fast,0,,,,,,2026-06-10T11:05:59.015Z,2026-06-10T11:07:21.792Z,,,,,,,,,,
stu_1780967494776_5259,test_1781089532764_fckxbu0,tap_matching_pairs,0,4,tap_matching_pairs|attempt=0|log=4|9767bdd2ef,visual_matching,1.0,number_word_matching,,MatchingPairs,VisualMatching,Visual,1,67713,medium,0,,,,,,2026-06-10T11:05:59.015Z,2026-06-10T11:07:21.792Z,,,,,,,,,,
stu_1780967494776_5259,test_1781089532764_fckxbu0,tap_matching_pairs,0,5,tap_matching_pairs|attempt=0|log=5|9767bdd2ef,visual_matching,1.0,number_word_matching,,MatchingPairs,VisualMatching,Visual,1,71581,medium,0,,,,,,2026-06-10T11:05:59.015Z,2026-06-10T11:07:21.792Z,,,,,,,,,,
stu_1780967494776_5259,test_1781089532764_fckxbu0,tap_matching_pairs,0,6,tap_matching_pairs|attempt=0|log=6|9767bdd2ef,visual_matching,1.0,number_word_matching,,MatchingPairs,VisualMatching,Visual,1,76605,medium,0,,,,,,2026-06-10T11:05:59.015Z,2026-06-10T11:07:21.792Z,,,,,,,,,,
stu_1780967494776_5259,test_1781089532764_fckxbu0,tap_matching_pairs,0,7,tap_matching_pairs|attempt=0|log=7|9767bdd2ef,visual_matching,1.0,number_word_matching,,MatchingPairs,VisualMatching,Visual,1,80599,medium,0,,,,,,2026-06-10T11:05:59.015Z,2026-06-10T11:07:21.792Z,,,,,,,,,,
stu_1780967494776_5259,test_1781089532764_fckxbu0,tap_matching_pairs,0,8,tap_matching_pairs|attempt=0|log=8|9767bdd2ef,visual_matching,1.0,number_word_matching,,MatchingPairs,VisualMatching,Visual,1,82272,medium,0,,,,,,2026-06-10T11:05:59.015Z,2026-06-10T11:07:21.792Z,,,,,,,,,,
stu_1780967494776_5259,test_1781089532764_fckxbu0,vertical_operations,0,0,vertical_operations|attempt=0|log=0|71df2e106b,arithmetic_fluency,1.0,vertical_operation_fluency,Addition,AdditionWithCarry,VerticalOperation,Vertical,0,16575,fast,0,ComputationError,2.0,easy,,,2026-06-10T11:13:12.189Z,2026-06-10T11:13:40.220Z,48 Addition 23,,71,25,,,,,,
stu_1780967494776_5259,test_1781089532764_fckxbu0,vertical_operations,0,1,vertical_operations|attempt=0|log=1|2806e5bebb,arithmetic_fluency,1.0,vertical_operation_fluency,Subtraction,SimpleSubtraction,VerticalOperation,Vertical,1,11456,fast,0,,2.0,easy,,,2026-06-10T11:13:12.189Z,2026-06-10T11:13:40.220Z,48 Subtraction 36,,12,12,,,,,,
stu_1780967494776_5259,test_1781089532764_fckxbu0,write_number_in_letters,0,0,write_number_in_letters|attempt=0|log=0|e12a008096,number_sense,1.0,number_writing,,WrittenNumberProduction,NumberWriting,Mixed,1,6341,fast,0,,3.0,medium,,,2026-06-10T11:11:45.868Z,2026-06-10T11:12:25.661Z,,,,,"[""\u062a\u0633\u0639\u0645\u0626\u0629""]","[""\u062a\u0633\u0639\u0645\u0626\u0629""]",,,,
stu_1780967494776_5259,test_1781089532764_fckxbu0,write_number_in_letters,0,1,write_number_in_letters|attempt=0|log=1|da8289e2f0,number_sense,1.0,number_writing,,WrittenNumberProduction,NumberWriting,Mixed,1,29489,fast,0,,3.0,medium,,,2026-06-10T11:11:45.868Z,2026-06-10T11:12:25.661Z,,,,,"[""\u0633\u062a\u0645\u0626\u0629"", ""\u0648"", ""\u0627\u062b\u0646\u0627\u0646"", ""\u0648"", ""\u062b\u0645\u0627\u0646\u0648\u0646""]","[""\u0633\u062a\u0645\u0626\u0629"", ""\u0648"", ""\u0627\u062b\u0646\u0627\u0646"", ""\u0648"", ""\u062b\u0645\u0627\u0646\u0648\u0646""]",,,,
stu_1780967494776_5259,test_1781089532764_fckxbu0,write_number_in_letters,0,2,write_number_in_letters|attempt=0|log=2|3cf225ae10,number_sense,1.0,number_writing,,WrittenNumberProduction,NumberWriting,Mixed,1,28159,fast,0,,3.0,medium,,,2026-06-10T11:11:45.868Z,2026-06-10T11:12:25.661Z,,,,,"[""\u062b\u0645\u0627\u0646\u0645\u0626\u0629"", ""\u0648"", ""\u0623\u0631\u0628\u0639\u0629"", ""\u0648"", ""\u062b\u0644\u0627\u062b\u0648\u0646""]","[""\u062b\u0645\u0627\u0646\u0645\u0626\u0629"", ""\u0648"", ""\u0623\u0631\u0628\u0639\u0629"", ""\u0648"", ""\u062b\u0644\u0627\u062b\u0648\u0646""]",,,,
stu_1780967494776_5259,test_1781089532764_fckxbu0,write_number_in_letters,0,3,write_number_in_letters|attempt=0|log=3|3a209a707a,number_sense,1.0,number_writing,,WrittenNumberProduction,NumberWriting,Mixed,1,39792,fast,0,,3.0,medium,,,2026-06-10T11:11:45.868Z,2026-06-10T11:12:25.661Z,,,,,"[""\u0633\u0628\u0639\u0645\u0626\u0629"", ""\u0648"", ""\u0633\u062a\u0629"", ""\u0648"", ""\u062e\u0645\u0633\u0648\u0646""]","[""\u0633\u0628\u0639\u0645\u0626\u0629"", ""\u0648"", ""\u0633\u062a\u0629"", ""\u0648"", ""\u062e\u0645\u0633\u0648\u0646""]",,,,
stu_1780967494776_5259,test_1781091763213_4cfhvjq,choose_answer,0,0,choose_answer|attempt=0|log=0|97d3b0978a,arithmetic_fluency,0.6,operation_identification_from_context,Subtraction,OneStepProblem,WordProblem,Horizontal,1,24360,slow,1,,2.0,easy,,,2026-06-10T12:15:01.748Z,2026-06-10T12:15:40.980Z,لدى أحمد 91 درهما، وأعطى 13 درهما لصديقه. كم تبقى لديه؟,91 - 13,,,,,,,Subtraction,Subtraction
stu_1780967494776_5259,test_1781091763213_4cfhvjq,choose_answer,0,0,choose_answer|attempt=0|log=0|97d3b0978a,number_sense,0.2,operation_identification_from_context,Subtraction,OneStepProblem,WordProblem,Horizontal,1,24360,slow,1,,2.0,easy,,,2026-06-10T12:15:01.748Z,2026-06-10T12:15:40.980Z,لدى أحمد 91 درهما، وأعطى 13 درهما لصديقه. كم تبقى لديه؟,91 - 13,,,,,,,Subtraction,Subtraction
stu_1780967494776_5259,test_1781091763213_4cfhvjq,choose_answer,0,0,choose_answer|attempt=0|log=0|97d3b0978a,sequential_thinking,0.2,operation_identification_from_context,Subtraction,OneStepProblem,WordProblem,Horizontal,1,24360,slow,1,,2.0,easy,,,2026-06-10T12:15:01.748Z,2026-06-10T12:15:40.980Z,لدى أحمد 91 درهما، وأعطى 13 درهما لصديقه. كم تبقى لديه؟,91 - 13,,,,,,,Subtraction,Subtraction
stu_1780967494776_5259,test_1781091763213_4cfhvjq,choose_answer,0,1,choose_answer|attempt=0|log=1|e21e1ab4e7,arithmetic_fluency,0.6,operation_identification_from_context,Addition,OneStepProblem,WordProblem,Horizontal,1,8729,fast,0,,2.0,easy,,,2026-06-10T12:15:01.748Z,2026-06-10T12:15:40.980Z,لديك 36 درهم ومنحك والده 19 درهما. كم أصبح لديك من درهم؟,36 + 19,,,,,,,Addition,Addition
stu_1780967494776_5259,test_1781091763213_4cfhvjq,choose_answer,0,1,choose_answer|attempt=0|log=1|e21e1ab4e7,number_sense,0.2,operation_identification_from_context,Addition,OneStepProblem,WordProblem,Horizontal,1,8729,fast,0,,2.0,easy,,,2026-06-10T12:15:01.748Z,2026-06-10T12:15:40.980Z,لديك 36 درهم ومنحك والده 19 درهما. كم أصبح لديك من درهم؟,36 + 19,,,,,,,Addition,Addition
stu_1780967494776_5259,test_1781091763213_4cfhvjq,choose_answer,0,1,choose_answer|attempt=0|log=1|e21e1ab4e7,sequential_thinking,0.2,operation_identification_from_context,Addition,OneStepProblem,WordProblem,Horizontal,1,8729,fast,0,,2.0,easy,,,2026-06-10T12:15:01.748Z,2026-06-10T12:15:40.980Z,لديك 36 درهم ومنحك والده 19 درهما. كم أصبح لديك من درهم؟,36 + 19,,,,,,,Addition,Addition
stu_1780967494776_5259,test_1781091763213_4cfhvjq,choose_answer,0,2,choose_answer|attempt=0|log=2|b11c69c412,arithmetic_fluency,0.6,operation_identification_from_context,Addition,OneStepProblem,WordProblem,Horizontal,1,6143,fast,0,,2.0,easy,,,2026-06-10T12:15:01.748Z,2026-06-10T12:15:40.980Z,لديك 40 درهم ومنحك والده 48 درهما. كم أصبح لديك من درهم؟,40 + 48,,,,,,,Addition,Addition
stu_1780967494776_5259,test_1781091763213_4cfhvjq,choose_answer,0,2,choose_answer|attempt=0|log=2|b11c69c412,number_sense,0.2,operation_identification_from_context,Addition,OneStepProblem,WordProblem,Horizontal,1,6143,fast,0,,2.0,easy,,,2026-06-10T12:15:01.748Z,2026-06-10T12:15:40.980Z,لديك 40 درهم ومنحك والده 48 درهما. كم أصبح لديك من درهم؟,40 + 48,,,,,,,Addition,Addition
stu_1780967494776_5259,test_1781091763213_4cfhvjq,choose_answer,0,2,choose_answer|attempt=0|log=2|b11c69c412,sequential_thinking,0.2,operation_identification_from_context,Addition,OneStepProblem,WordProblem,Horizontal,1,6143,fast,0,,2.0,easy,,,2026-06-10T12:15:01.748Z,2026-06-10T12:15:40.980Z,لديك 40 درهم ومنحك والده 48 درهما. كم أصبح لديك من درهم؟,40 + 48,,,,,,,Addition,Addition
stu_1780967494776_5259,test_1781091763213_4cfhvjq,compare_numbers,0,0,compare_numbers|attempt=0|log=0|fd21ade2ae,comparison_skill,1.0,number_comparison,,Greater,Comparison,Horizontal,1,4399,fast,0,,3.0,medium,,,2026-06-10T12:08:31.550Z,2026-06-10T12:08:42.910Z,,,,,,,Greater,,,
stu_1780967494776_5259,test_1781091763213_4cfhvjq,compare_numbers,0,1,compare_numbers|attempt=0|log=1|d64aa9bc3c,comparison_skill,1.0,number_comparison,,Less,Comparison,Horizontal,1,3823,fast,0,,3.0,medium,,,2026-06-10T12:08:31.550Z,2026-06-10T12:08:42.910Z,,,,,,,Less,,,
stu_1780967494776_5259,test_1781091763213_4cfhvjq,compare_numbers,0,2,compare_numbers|attempt=0|log=2|b652a85863,comparison_skill,1.0,number_comparison,,Equal,Comparison,Horizontal,1,3137,fast,0,,3.0,medium,,,2026-06-10T12:08:31.550Z,2026-06-10T12:08:42.910Z,,,,,,,Equal,,,
stu_1780967494776_5259,test_1781091763213_4cfhvjq,decompose_number,0,0,decompose_number|attempt=0|log=0|e7edcdf5fa,number_sense,1.0,number_decomposition,,Decomposition,Decomposition,Visual,1,26814,fast,0,,3.0,medium,,,2026-06-10T12:11:37.654Z,2026-06-10T12:12:06.925Z,,,,,"[600, 70, 4]","[600, 70, 4]",,,,
stu_1780967494776_5259,test_1781091763213_4cfhvjq,decompose_number,0,1,decompose_number|attempt=0|log=1|580ee23b9c,number_sense,1.0,number_decomposition,,Decomposition,Decomposition,Visual,1,18710,fast,0,,3.0,medium,,,2026-06-10T12:11:37.654Z,2026-06-10T12:12:06.925Z,,,,,"[400, 20, 3]","[400, 20, 3]",,,,
stu_1780967494776_5259,test_1781091763213_4cfhvjq,decompose_number,0,2,decompose_number|attempt=0|log=2|6912612799,number_sense,1.0,number_decomposition,,Decomposition,Decomposition,Visual,1,47312,fast,0,,3.0,medium,,,2026-06-10T12:11:37.654Z,2026-06-10T12:12:06.925Z,,,,,"[300, 60, 1]","[300, 60, 1]",,,,
stu_1780967494776_5259,test_1781091763213_4cfhvjq,decompose_number,0,3,decompose_number|attempt=0|log=3|07e1b0f1ec,number_sense,1.0,number_decomposition,,Decomposition,Decomposition,Visual,1,29271,fast,0,,3.0,medium,,,2026-06-10T12:11:37.654Z,2026-06-10T12:12:06.925Z,,,,,"[400, 60, 5]","[400, 60, 5]",,,,
stu_1780967494776_5259,test_1781091763213_4cfhvjq,find_previous_next_number,0,0,find_previous_next_number|attempt=0|log=0|cb7b40e91a,sequential_thinking,1.0,previous_next_number,,PreviousAndNext,Sequence,Horizontal,1,62175,medium,0,,3.0,medium,690-699,,2026-06-10T12:07:40.915Z,2026-06-10T12:08:09.501Z,695,,,,"[694, 696]","[694, 696]",,,,
stu_1780967494776_5259,test_1781091763213_4cfhvjq,find_previous_next_number,0,1,find_previous_next_number|attempt=0|log=1|61fc698462,sequential_thinking,1.0,previous_next_number,,PreviousAndNext,Sequence,Horizontal,1,22771,fast,0,,3.0,medium,790-799,,2026-06-10T12:07:40.915Z,2026-06-10T12:08:09.501Z,798,,,,"[797, 799]","[797, 799]",,,,
stu_1780967494776_5259,test_1781091763213_4cfhvjq,find_previous_next_number,0,2,find_previous_next_number|attempt=0|log=2|61fc698462,sequential_thinking,1.0,previous_next_number,,PreviousAndNext,Sequence,Horizontal,1,24450,fast,0,,3.0,medium,790-799,,2026-06-10T12:07:40.915Z,2026-06-10T12:08:09.501Z,798,,,,"[797, 799]","[797, 799]",,,,
stu_1780967494776_5259,test_1781091763213_4cfhvjq,find_previous_next_number,0,3,find_previous_next_number|attempt=0|log=3|61fc698462,sequential_thinking,1.0,previous_next_number,,PreviousAndNext,Sequence,Horizontal,1,25090,fast,0,,3.0,medium,790-799,,2026-06-10T12:07:40.915Z,2026-06-10T12:08:09.501Z,798,,,,"[797, 799]","[797, 799]",,,,
stu_1780967494776_5259,test_1781091763213_4cfhvjq,find_previous_next_number,0,4,find_previous_next_number|attempt=0|log=4|61fc698462,sequential_thinking,1.0,previous_next_number,,PreviousAndNext,Sequence,Horizontal,1,25395,fast,0,,3.0,medium,790-799,,2026-06-10T12:07:40.915Z,2026-06-10T12:08:09.501Z,798,,,,"[797, 799]","[797, 799]",,,,
stu_1780967494776_5259,test_1781091763213_4cfhvjq,find_previous_next_number,0,5,find_previous_next_number|attempt=0|log=5|61fc698462,sequential_thinking,1.0,previous_next_number,,PreviousAndNext,Sequence,Horizontal,1,25626,fast,0,,3.0,medium,790-799,,2026-06-10T12:07:40.915Z,2026-06-10T12:08:09.501Z,798,,,,"[797, 799]","[797, 799]",,,,
stu_1780967494776_5259,test_1781091763213_4cfhvjq,find_previous_next_number,0,6,find_previous_next_number|attempt=0|log=6|61fc698462,sequential_thinking,1.0,previous_next_number,,PreviousAndNext,Sequence,Horizontal,1,25866,fast,0,,3.0,medium,790-799,,2026-06-10T12:07:40.915Z,2026-06-10T12:08:09.501Z,798,,,,"[797, 799]","[797, 799]",,,,
stu_1780967494776_5259,test_1781091763213_4cfhvjq,find_previous_next_number,0,7,find_previous_next_number|attempt=0|log=7|61fc698462,sequential_thinking,1.0,previous_next_number,,PreviousAndNext,Sequence,Horizontal,1,26090,fast,0,,3.0,medium,790-799,,2026-06-10T12:07:40.915Z,2026-06-10T12:08:09.501Z,798,,,,"[797, 799]","[797, 799]",,,,
stu_1780967494776_5259,test_1781091763213_4cfhvjq,find_previous_next_number,0,8,find_previous_next_number|attempt=0|log=8|61fc698462,sequential_thinking,1.0,previous_next_number,,PreviousAndNext,Sequence,Horizontal,1,26314,fast,0,,3.0,medium,790-799,,2026-06-10T12:07:40.915Z,2026-06-10T12:08:09.501Z,798,,,,"[797, 799]","[797, 799]",,,,
stu_1780967494776_5259,test_1781091763213_4cfhvjq,find_previous_next_number,0,9,find_previous_next_number|attempt=0|log=9|61fc698462,sequential_thinking,1.0,previous_next_number,,PreviousAndNext,Sequence,Horizontal,1,26550,fast,0,,3.0,medium,790-799,,2026-06-10T12:07:40.915Z,2026-06-10T12:08:09.501Z,798,,,,"[797, 799]","[797, 799]",,,,
stu_1780967494776_5259,test_1781091763213_4cfhvjq,find_previous_next_number,0,10,find_previous_next_number|attempt=0|log=10|61fc698462,sequential_thinking,1.0,previous_next_number,,PreviousAndNext,Sequence,Horizontal,1,26787,fast,0,,3.0,medium,790-799,,2026-06-10T12:07:40.915Z,2026-06-10T12:08:09.501Z,798,,,,"[797, 799]","[797, 799]",,,,
stu_1780967494776_5259,test_1781091763213_4cfhvjq,find_previous_next_number,0,11,find_previous_next_number|attempt=0|log=11|61fc698462,sequential_thinking,1.0,previous_next_number,,PreviousAndNext,Sequence,Horizontal,1,27026,fast,0,,3.0,medium,790-799,,2026-06-10T12:07:40.915Z,2026-06-10T12:08:09.501Z,798,,,,"[797, 799]","[797, 799]",,,,
stu_1780967494776_5259,test_1781091763213_4cfhvjq,find_previous_next_number,0,12,find_previous_next_number|attempt=0|log=12|61fc698462,sequential_thinking,1.0,previous_next_number,,PreviousAndNext,Sequence,Horizontal,1,27236,fast,0,,3.0,medium,790-799,,2026-06-10T12:07:40.915Z,2026-06-10T12:08:09.501Z,798,,,,"[797, 799]","[797, 799]",,,,
stu_1780967494776_5259,test_1781091763213_4cfhvjq,find_previous_next_number,0,13,find_previous_next_number|attempt=0|log=13|61fc698462,sequential_thinking,1.0,previous_next_number,,PreviousAndNext,Sequence,Horizontal,1,27562,fast,0,,3.0,medium,790-799,,2026-06-10T12:07:40.915Z,2026-06-10T12:08:09.501Z,798,,,,"[797, 799]","[797, 799]",,,,
stu_1780967494776_5259,test_1781091763213_4cfhvjq,find_previous_next_number,0,14,find_previous_next_number|attempt=0|log=14|61fc698462,sequential_thinking,1.0,previous_next_number,,PreviousAndNext,Sequence,Horizontal,1,28586,fast,0,,3.0,medium,790-799,,2026-06-10T12:07:40.915Z,2026-06-10T12:08:09.501Z,798,,,,"[797, 799]","[797, 799]",,,,
stu_1780967494776_5259,test_1781091763213_4cfhvjq,identify_place_value,0,0,identify_place_value|attempt=0|log=0|3306a7fd3b,number_sense,1.0,place_value_identification,,PlaceValue,PlaceValue,Visual,1,53962,fast,0,,3.0,medium,,,2026-06-10T12:13:18.660Z,2026-06-10T12:13:35.420Z,,,,,"{""pos_0"": 1, ""pos_1"": 5, ""pos_2"": 8}","{""pos_0"": 1, ""pos_1"": 5, ""pos_2"": 8}",,,,
stu_1780967494776_5259,test_1781091763213_4cfhvjq,identify_place_value,0,1,identify_place_value|attempt=0|log=1|a5a039d010,number_sense,1.0,place_value_identification,,PlaceValue,PlaceValue,Visual,1,17629,fast,0,,3.0,medium,,,2026-06-10T12:13:18.660Z,2026-06-10T12:13:35.420Z,,,,,"{""pos_0"": 3, ""pos_1"": 8, ""pos_2"": 9}","{""pos_0"": 3, ""pos_1"": 8, ""pos_2"": 9}",,,,
stu_1780967494776_5259,test_1781091763213_4cfhvjq,identify_place_value,0,2,identify_place_value|attempt=0|log=2|d7cac83254,number_sense,1.0,place_value_identification,,PlaceValue,PlaceValue,Visual,1,16760,fast,0,,3.0,medium,,,2026-06-10T12:13:18.660Z,2026-06-10T12:13:35.420Z,,,,,"{""pos_0"": 6, ""pos_1"": 7, ""pos_2"": 8}","{""pos_0"": 6, ""pos_1"": 7, ""pos_2"": 8}",,,,
stu_1780967494776_5259,test_1781091763213_4cfhvjq,order_numbers,0,0,order_numbers|attempt=0|log=0|196a69b65d,sequential_thinking,1.0,number_ordering,,Ordering_desc,Ordering,Visual,1,21508,fast,0,,3.0,medium,,5.0,2026-06-10T12:08:43.057Z,2026-06-10T12:09:36.478Z,,,,,,,,desc,,
stu_1780967494776_5259,test_1781091763213_4cfhvjq,order_numbers,0,1,order_numbers|attempt=0|log=1|ca54d17062,sequential_thinking,1.0,number_ordering,,Ordering_asc,Ordering,Visual,0,17409,fast,0,ReversedDescending,3.0,medium,,4.0,2026-06-10T12:08:43.057Z,2026-06-10T12:09:36.478Z,,,,,,,,asc,,
stu_1780967494776_5259,test_1781091763213_4cfhvjq,order_numbers,0,2,order_numbers|attempt=0|log=2|7875215ee7,sequential_thinking,1.0,number_ordering,,Ordering_asc,Ordering,Visual,0,14502,fast,0,MultipleMisplacements,3.0,medium,,4.0,2026-06-10T12:08:43.057Z,2026-06-10T12:09:36.478Z,,,,,,,,asc,,
stu_1780967494776_5259,test_1781091763213_4cfhvjq,order_numbers,1,0,order_numbers|attempt=1|log=0|70224dba21,sequential_thinking,1.0,number_ordering,,Ordering_desc,Ordering,Visual,1,7577,fast,0,,2.0,easy,,2.0,2026-06-10T12:09:36.667Z,2026-06-10T12:10:04.686Z,,,,,,,,desc,,
stu_1780967494776_5259,test_1781091763213_4cfhvjq,order_numbers,1,1,order_numbers|attempt=1|log=1|e9a8acbac6,sequential_thinking,1.0,number_ordering,,Ordering_asc,Ordering,Visual,1,9249,fast,0,,2.0,easy,,2.0,2026-06-10T12:09:36.667Z,2026-06-10T12:10:04.686Z,,,,,,,,asc,,
stu_1780967494776_5259,test_1781091763213_4cfhvjq,order_numbers,1,2,order_numbers|attempt=1|log=2|edf89af80c,sequential_thinking,1.0,number_ordering,,Ordering_desc,Ordering,Visual,1,11192,fast,0,,2.0,easy,,3.0,2026-06-10T12:09:36.667Z,2026-06-10T12:10:04.686Z,,,,,,,,desc,,
stu_1780967494776_5259,test_1781091763213_4cfhvjq,tap_matching_pairs,0,0,tap_matching_pairs|attempt=0|log=0|9767bdd2ef,visual_matching,1.0,number_word_matching,,MatchingPairs,VisualMatching,Visual,1,4702,fast,0,,,,,,2026-06-10T12:03:12.920Z,2026-06-10T12:05:19.300Z,,,,,,,,,,
stu_1780967494776_5259,test_1781091763213_4cfhvjq,tap_matching_pairs,0,1,tap_matching_pairs|attempt=0|log=1|9767bdd2ef,visual_matching,1.0,number_word_matching,,MatchingPairs,VisualMatching,Visual,1,17512,fast,0,,,,,,2026-06-10T12:03:12.920Z,2026-06-10T12:05:19.300Z,,,,,,,,,,
stu_1780967494776_5259,test_1781091763213_4cfhvjq,tap_matching_pairs,0,2,tap_matching_pairs|attempt=0|log=2|9767bdd2ef,visual_matching,1.0,number_word_matching,,MatchingPairs,VisualMatching,Visual,1,104033,medium,0,,,,,,2026-06-10T12:03:12.920Z,2026-06-10T12:05:19.300Z,,,,,,,,,,
stu_1780967494776_5259,test_1781091763213_4cfhvjq,tap_matching_pairs,0,3,tap_matching_pairs|attempt=0|log=3|9767bdd2ef,visual_matching,1.0,number_word_matching,,MatchingPairs,VisualMatching,Visual,1,108222,medium,0,,,,,,2026-06-10T12:03:12.920Z,2026-06-10T12:05:19.300Z,,,,,,,,,,
stu_1780967494776_5259,test_1781091763213_4cfhvjq,tap_matching_pairs,0,4,tap_matching_pairs|attempt=0|log=4|9767bdd2ef,visual_matching,1.0,number_word_matching,,MatchingPairs,VisualMatching,Visual,1,114007,medium,0,,,,,,2026-06-10T12:03:12.920Z,2026-06-10T12:05:19.300Z,,,,,,,,,,
stu_1780967494776_5259,test_1781091763213_4cfhvjq,tap_matching_pairs,0,5,tap_matching_pairs|attempt=0|log=5|9767bdd2ef,visual_matching,1.0,number_word_matching,,MatchingPairs,VisualMatching,Visual,1,119494,medium,0,,,,,,2026-06-10T12:03:12.920Z,2026-06-10T12:05:19.300Z,,,,,,,,,,
stu_1780967494776_5259,test_1781091763213_4cfhvjq,tap_matching_pairs,0,6,tap_matching_pairs|attempt=0|log=6|9767bdd2ef,visual_matching,1.0,number_word_matching,,MatchingPairs,VisualMatching,Visual,1,122478,slow,1,,,,,,2026-06-10T12:03:12.920Z,2026-06-10T12:05:19.300Z,,,,,,,,,,
stu_1780967494776_5259,test_1781091763213_4cfhvjq,tap_matching_pairs,0,7,tap_matching_pairs|attempt=0|log=7|9767bdd2ef,visual_matching,1.0,number_word_matching,,MatchingPairs,VisualMatching,Visual,1,125877,slow,1,,,,,,2026-06-10T12:03:12.920Z,2026-06-10T12:05:19.300Z,,,,,,,,,,
stu_1780967494776_5259,test_1781091763213_4cfhvjq,vertical_operations,0,0,vertical_operations|attempt=0|log=0|5809d99890,arithmetic_fluency,1.0,vertical_operation_fluency,Addition,AdditionWithCarry,VerticalOperation,Vertical,0,24050,fast,0,ComputationError,2.0,easy,,,2026-06-10T12:15:41.188Z,2026-06-10T12:16:14.517Z,46 Addition 24,,70,22,,,,,,
stu_1780967494776_5259,test_1781091763213_4cfhvjq,vertical_operations,0,1,vertical_operations|attempt=0|log=1|d13e1b352b,arithmetic_fluency,1.0,vertical_operation_fluency,Subtraction,SimpleSubtraction,VerticalOperation,Vertical,1,9279,fast,0,,2.0,easy,,,2026-06-10T12:15:41.188Z,2026-06-10T12:16:14.517Z,64 Subtraction 12,,52,52,,,,,,
stu_1780967494776_5259,test_1781091763213_4cfhvjq,write_number_in_letters,0,0,write_number_in_letters|attempt=0|log=0|da8289e2f0,number_sense,1.0,number_writing,,WrittenNumberProduction,NumberWriting,Mixed,1,34990,fast,0,,3.0,medium,,,2026-06-10T12:14:48.045Z,2026-06-10T12:15:00.997Z,,,,,"[""\u0633\u062a\u0645\u0626\u0629"", ""\u0648"", ""\u0627\u062b\u0646\u0627\u0646"", ""\u0648"", ""\u062b\u0645\u0627\u0646\u0648\u0646""]","[""\u0633\u062a\u0645\u0626\u0629"", ""\u0648"", ""\u0627\u062b\u0646\u0627\u0646"", ""\u0648"", ""\u062b\u0645\u0627\u0646\u0648\u0646""]",,,,
stu_1780967494776_5259,test_1781091763213_4cfhvjq,write_number_in_letters,0,1,write_number_in_letters|attempt=0|log=1|2547a2875f,number_sense,1.0,number_writing,,WrittenNumberProduction,NumberWriting,Mixed,1,22033,fast,0,,3.0,medium,,,2026-06-10T12:14:48.045Z,2026-06-10T12:15:00.997Z,,,,,"[""\u0645\u0626\u0629"", ""\u0648"", ""\u062a\u0633\u0639\u0629"", ""\u0648"", ""\u062a\u0633\u0639\u0648\u0646""]","[""\u0645\u0626\u0629"", ""\u0648"", ""\u062a\u0633\u0639\u0629"", ""\u0648"", ""\u062a\u0633\u0639\u0648\u0646""]",,,,
stu_1780967494776_5259,test_1781091763213_4cfhvjq,write_number_in_letters,0,2,write_number_in_letters|attempt=0|log=2|13c1027d43,number_sense,1.0,number_writing,,WrittenNumberProduction,NumberWriting,Mixed,1,15440,fast,0,,3.0,medium,,,2026-06-10T12:14:48.045Z,2026-06-10T12:15:00.997Z,,,,,"[""\u062b\u0645\u0627\u0646\u0645\u0626\u0629"", ""\u0648"", ""\u062e\u0645\u0633\u0629"", ""\u0639\u0634\u0631""]","[""\u062b\u0645\u0627\u0646\u0645\u0626\u0629"", ""\u0648"", ""\u062e\u0645\u0633\u0629"", ""\u0639\u0634\u0631""]",,,,
stu_1780967494776_5259,test_1781091763213_4cfhvjq,write_number_in_letters,0,3,write_number_in_letters|attempt=0|log=3|d822c8f9b3,number_sense,1.0,number_writing,,WrittenNumberProduction,NumberWriting,Mixed,1,12951,fast,0,,3.0,medium,,,2026-06-10T12:14:48.045Z,2026-06-10T12:15:00.997Z,,,,,"[""\u062b\u0645\u0627\u0646\u0645\u0626\u0629"", ""\u0648"", ""\u062b\u0644\u0627\u062b""]","[""\u062b\u0645\u0627\u0646\u0645\u0626\u0629"", ""\u0648"", ""\u062b\u0644\u0627\u062b""]",,,,
stu_1780967494776_5259,test_1781093235410_7hlnif4,read_number_aloud,0,0,read_number_aloud|attempt=0|log=0|89e122389c,number_sense,1.0,oral_number_reading,,ReadNumberAloud,OralReading,Audio,1,29393,slow,1,,2.0,easy,,,2026-06-10T12:21:01.776Z,2026-06-10T12:22:20.411Z,92,,,,,,,,,
stu_1780967494776_5259,test_1781093235410_7hlnif4,read_number_aloud,0,1,read_number_aloud|attempt=0|log=1|1c1ff14b26,number_sense,1.0,oral_number_reading,,ReadNumberAloud,OralReading,Audio,0,12606,medium,0,SpeechNumberReadingError,3.0,medium,,,2026-06-10T12:21:01.776Z,2026-06-10T12:22:20.411Z,493,,,,,,,,,
stu_1780967494776_5259,test_1781093235410_7hlnif4,read_number_aloud,0,2,read_number_aloud|attempt=0|log=2|3c785e5f5c,number_sense,1.0,oral_number_reading,,ReadNumberAloud,OralReading,Audio,0,14505,medium,0,SpeechNumberReadingError,4.0,hard,,,2026-06-10T12:21:01.776Z,2026-06-10T12:22:20.411Z,739,,,,,,,,,
stu_1780967494776_5259,test_1781093235410_7hlnif4,read_number_aloud,0,3,read_number_aloud|attempt=0|log=3|45832ad255,number_sense,1.0,oral_number_reading,,ReadNumberAloud,OralReading,Audio,1,8478,fast,0,,2.0,easy,,,2026-06-10T12:21:01.776Z,2026-06-10T12:22:20.411Z,32,,,,,,,,,
stu_1780967494776_5259,test_1781093235410_7hlnif4,read_number_aloud,0,4,read_number_aloud|attempt=0|log=4|60d4afadb9,number_sense,1.0,oral_number_reading,,ReadNumberAloud,OralReading,Audio,1,13653,medium,0,,3.0,medium,,,2026-06-10T12:21:01.776Z,2026-06-10T12:22:20.411Z,173,,,,,,,,,
stu_1780967494776_5259,test_1781093235410_7hlnif4,read_number_aloud,1,0,read_number_aloud|attempt=1|log=0|32a78ff087,number_sense,1.0,oral_number_reading,,ReadNumberAloud,OralReading,Audio,0,71158,slow,1,SpeechNumberReadingError,2.0,easy,,,2026-06-10T12:22:20.564Z,2026-06-10T12:24:12.322Z,66,,,,,,,,,
stu_1780967494776_5259,test_1781093235410_7hlnif4,read_number_aloud,1,1,read_number_aloud|attempt=1|log=1|5a557b98ea,number_sense,1.0,oral_number_reading,,ReadNumberAloud,OralReading,Audio,1,8767,fast,0,,2.0,easy,,,2026-06-10T12:22:20.564Z,2026-06-10T12:24:12.322Z,21,,,,,,,,,
stu_1780967494776_5259,test_1781093235410_7hlnif4,read_number_aloud,1,2,read_number_aloud|attempt=1|log=2|d27302068b,number_sense,1.0,oral_number_reading,,ReadNumberAloud,OralReading,Audio,0,10228,medium,0,SpeechNumberReadingError,2.0,easy,,,2026-06-10T12:22:20.564Z,2026-06-10T12:24:12.322Z,35,,,,,,,,,
stu_1780967494776_5259,test_1781093235410_7hlnif4,read_number_aloud,1,3,read_number_aloud|attempt=1|log=3|be9de3486e,number_sense,1.0,oral_number_reading,,ReadNumberAloud,OralReading,Audio,1,11559,medium,0,,2.0,easy,,,2026-06-10T12:22:20.564Z,2026-06-10T12:24:12.322Z,75,,,,,,,,,
stu_1780967494776_5259,test_1781093235410_7hlnif4,read_number_aloud,1,4,read_number_aloud|attempt=1|log=4|db7e2f29d5,number_sense,1.0,oral_number_reading,,ReadNumberAloud,OralReading,Audio,0,10046,medium,0,SpeechNumberReadingError,2.0,easy,,,2026-06-10T12:22:20.564Z,2026-06-10T12:24:12.322Z,60,,,,,,,,,
stu_1780967494776_5259,test_1781093235410_7hlnif4,vertical_operations,0,0,vertical_operations|attempt=0|log=0|98b46e6626,arithmetic_fluency,1.0,vertical_operation_fluency,Addition,AdditionWithCarry,VerticalOperation,Vertical,0,22022,fast,0,ComputationError,2.0,easy,,,2026-06-10T12:24:12.488Z,2026-06-10T12:24:41.460Z,36 Addition 57,,93,79,,,,,,
stu_1780967494776_5259,test_1781093235410_7hlnif4,vertical_operations,0,1,vertical_operations|attempt=0|log=1|06a7494178,arithmetic_fluency,1.0,vertical_operation_fluency,Subtraction,SimpleSubtraction,VerticalOperation,Vertical,1,6950,fast,0,,2.0,easy,,,2026-06-10T12:24:12.488Z,2026-06-10T12:24:41.460Z,67 Subtraction 34,,33,33,,,,,,
stu_1780967494964_3113,test_1780996897356_kspg977,choose_answer,0,0,choose_answer|attempt=0|log=0|81361599d1,arithmetic_fluency,0.6,operation_identification_from_context,Subtraction,OneStepProblem,WordProblem,Horizontal,1,20455,slow,1,,2.0,easy,,,2026-06-10T11:12:58.230Z,2026-06-10T11:13:36.155Z,كان لديك 69 تفاحة وأكلت 8. كم بقي؟,69 - 8,,,,,,,Subtraction,Subtraction
stu_1780967494964_3113,test_1780996897356_kspg977,choose_answer,0,0,choose_answer|attempt=0|log=0|81361599d1,number_sense,0.2,operation_identification_from_context,Subtraction,OneStepProblem,WordProblem,Horizontal,1,20455,slow,1,,2.0,easy,,,2026-06-10T11:12:58.230Z,2026-06-10T11:13:36.155Z,كان لديك 69 تفاحة وأكلت 8. كم بقي؟,69 - 8,,,,,,,Subtraction,Subtraction
stu_1780967494964_3113,test_1780996897356_kspg977,choose_answer,0,0,choose_answer|attempt=0|log=0|81361599d1,sequential_thinking,0.2,operation_identification_from_context,Subtraction,OneStepProblem,WordProblem,Horizontal,1,20455,slow,1,,2.0,easy,,,2026-06-10T11:12:58.230Z,2026-06-10T11:13:36.155Z,كان لديك 69 تفاحة وأكلت 8. كم بقي؟,69 - 8,,,,,,,Subtraction,Subtraction
stu_1780967494964_3113,test_1780996897356_kspg977,choose_answer,0,1,choose_answer|attempt=0|log=1|d2723cc448,arithmetic_fluency,0.6,operation_identification_from_context,Subtraction,OneStepProblem,WordProblem,Horizontal,1,9582,fast,0,,2.0,easy,,,2026-06-10T11:12:58.230Z,2026-06-10T11:13:36.155Z,لدى أحمد 85 درهما، وأعطى 13 درهما لصديقه. كم تبقى لديه؟,85 - 13,,,,,,,Subtraction,Subtraction
stu_1780967494964_3113,test_1780996897356_kspg977,choose_answer,0,1,choose_answer|attempt=0|log=1|d2723cc448,number_sense,0.2,operation_identification_from_context,Subtraction,OneStepProblem,WordProblem,Horizontal,1,9582,fast,0,,2.0,easy,,,2026-06-10T11:12:58.230Z,2026-06-10T11:13:36.155Z,لدى أحمد 85 درهما، وأعطى 13 درهما لصديقه. كم تبقى لديه؟,85 - 13,,,,,,,Subtraction,Subtraction
stu_1780967494964_3113,test_1780996897356_kspg977,choose_answer,0,1,choose_answer|attempt=0|log=1|d2723cc448,sequential_thinking,0.2,operation_identification_from_context,Subtraction,OneStepProblem,WordProblem,Horizontal,1,9582,fast,0,,2.0,easy,,,2026-06-10T11:12:58.230Z,2026-06-10T11:13:36.155Z,لدى أحمد 85 درهما، وأعطى 13 درهما لصديقه. كم تبقى لديه؟,85 - 13,,,,,,,Subtraction,Subtraction
stu_1780967494964_3113,test_1780996897356_kspg977,choose_answer,0,2,choose_answer|attempt=0|log=2|312cf7e96d,arithmetic_fluency,0.6,operation_identification_from_context,Addition,OneStepProblem,WordProblem,Horizontal,1,7888,fast,0,,2.0,easy,,,2026-06-10T11:12:58.230Z,2026-06-10T11:13:36.155Z,لديك 10 درهم ومنحك والده 22 درهما. كم أصبح لديك من درهم؟,10 + 22,,,,,,,Addition,Addition
stu_1780967494964_3113,test_1780996897356_kspg977,choose_answer,0,2,choose_answer|attempt=0|log=2|312cf7e96d,number_sense,0.2,operation_identification_from_context,Addition,OneStepProblem,WordProblem,Horizontal,1,7888,fast,0,,2.0,easy,,,2026-06-10T11:12:58.230Z,2026-06-10T11:13:36.155Z,لديك 10 درهم ومنحك والده 22 درهما. كم أصبح لديك من درهم؟,10 + 22,,,,,,,Addition,Addition
stu_1780967494964_3113,test_1780996897356_kspg977,choose_answer,0,2,choose_answer|attempt=0|log=2|312cf7e96d,sequential_thinking,0.2,operation_identification_from_context,Addition,OneStepProblem,WordProblem,Horizontal,1,7888,fast,0,,2.0,easy,,,2026-06-10T11:12:58.230Z,2026-06-10T11:13:36.155Z,لديك 10 درهم ومنحك والده 22 درهما. كم أصبح لديك من درهم؟,10 + 22,,,,,,,Addition,Addition
stu_1780967494964_3113,test_1780996897356_kspg977,compare_numbers,0,0,compare_numbers|attempt=0|log=0|4cb0fd1fc1,comparison_skill,1.0,number_comparison,,Greater,Comparison,Horizontal,1,15250,medium,0,,3.0,medium,,,2026-06-10T10:58:42.801Z,2026-06-10T10:59:15.442Z,,,,,,,Greater,,,
stu_1780967494964_3113,test_1780996897356_kspg977,compare_numbers,0,1,compare_numbers|attempt=0|log=1|1bbb497c3e,comparison_skill,1.0,number_comparison,,Greater,Comparison,Horizontal,1,5238,fast,0,,3.0,medium,,,2026-06-10T10:58:42.801Z,2026-06-10T10:59:15.442Z,,,,,,,Greater,,,
stu_1780967494964_3113,test_1780996897356_kspg977,compare_numbers,0,2,compare_numbers|attempt=0|log=2|c0fe938ab4,comparison_skill,1.0,number_comparison,,Less,Comparison,Horizontal,1,3879,fast,0,,3.0,medium,,,2026-06-10T10:58:42.801Z,2026-06-10T10:59:15.442Z,,,,,,,Less,,,
stu_1780967494964_3113,test_1780996897356_kspg977,compare_numbers,0,3,compare_numbers|attempt=0|log=3|2e42af4b41,comparison_skill,1.0,number_comparison,,Less,Comparison,Horizontal,1,8272,fast,0,,3.0,medium,,,2026-06-10T10:58:42.801Z,2026-06-10T10:59:15.442Z,,,,,,,Less,,,
stu_1780967494964_3113,test_1780996897356_kspg977,decompose_number,0,0,decompose_number|attempt=0|log=0|96d332b796,number_sense,1.0,number_decomposition,,Decomposition,Decomposition,Visual,1,69150,fast,0,,3.0,medium,,,2026-06-10T11:03:07.939Z,2026-06-10T11:03:58.572Z,,,,,"[800, 90, 6]","[800, 90, 6]",,,,
stu_1780967494964_3113,test_1780996897356_kspg977,decompose_number,0,1,decompose_number|attempt=0|log=1|795ec23b63,number_sense,1.0,number_decomposition,,Decomposition,Decomposition,Visual,1,50633,fast,0,,3.0,medium,,,2026-06-10T11:03:07.939Z,2026-06-10T11:03:58.572Z,,,,,"[600, 70, 7]","[600, 70, 7]",,,,
stu_1780967494964_3113,test_1780996897356_kspg977,find_previous_next_number,0,0,find_previous_next_number|attempt=0|log=0|26cccaf7eb,sequential_thinking,1.0,previous_next_number,,PreviousAndNext,Sequence,Horizontal,1,44005,fast,0,,3.0,medium,750-759,,2026-06-10T10:58:08.854Z,2026-06-10T10:58:42.613Z,755,,,,"[754, 756]","[754, 756]",,,,
stu_1780967494964_3113,test_1780996897356_kspg977,find_previous_next_number,0,1,find_previous_next_number|attempt=0|log=1|f9cc27678b,sequential_thinking,1.0,previous_next_number,,PreviousAndNext,Sequence,Horizontal,1,38768,fast,0,,3.0,medium,840-849,,2026-06-10T10:58:08.854Z,2026-06-10T10:58:42.613Z,840,,,,"[839, 841]","[839, 841]",,,,
stu_1780967494964_3113,test_1780996897356_kspg977,find_previous_next_number,0,2,find_previous_next_number|attempt=0|log=2|1d824bb56a,sequential_thinking,1.0,previous_next_number,,PreviousAndNext,Sequence,Horizontal,1,43971,fast,0,,3.0,medium,240-249,,2026-06-10T10:58:08.854Z,2026-06-10T10:58:42.613Z,240,,,,"[239, 241]","[239, 241]",,,,
stu_1780967494964_3113,test_1780996897356_kspg977,find_previous_next_number,0,3,find_previous_next_number|attempt=0|log=3|be1baab04c,sequential_thinking,1.0,previous_next_number,,PreviousAndNext,Sequence,Horizontal,1,33758,fast,0,,3.0,medium,870-879,,2026-06-10T10:58:08.854Z,2026-06-10T10:58:42.613Z,876,,,,"[875, 877]","[875, 877]",,,,
stu_1780967494964_3113,test_1780996897356_kspg977,identify_place_value,0,0,identify_place_value|attempt=0|log=0|977f18293e,number_sense,1.0,place_value_identification,,PlaceValue,PlaceValue,Visual,0,23289,fast,0,PlaceValueMisidentification,3.0,medium,,,2026-06-10T11:04:54.596Z,2026-06-10T11:05:12.048Z,,,,,"{""pos_0"": 6, ""pos_1"": 0, ""pos_2"": 0}","{""pos_0"": ""0"", ""pos_1"": ""0"", ""pos_2"": ""6""}",,,,
stu_1780967494964_3113,test_1780996897356_kspg977,identify_place_value,0,1,identify_place_value|attempt=0|log=1|1044e3beec,number_sense,1.0,place_value_identification,,PlaceValue,PlaceValue,Visual,1,32468,fast,0,,3.0,medium,,,2026-06-10T11:04:54.596Z,2026-06-10T11:05:12.048Z,,,,,"{""pos_0"": 8, ""pos_1"": 3, ""pos_2"": 1}","{""pos_0"": ""8"", ""pos_1"": ""3"", ""pos_2"": ""1""}",,,,
stu_1780967494964_3113,test_1780996897356_kspg977,identify_place_value,0,2,identify_place_value|attempt=0|log=2|766bff5ef7,number_sense,1.0,place_value_identification,,PlaceValue,PlaceValue,Visual,1,17451,fast,0,,3.0,medium,,,2026-06-10T11:04:54.596Z,2026-06-10T11:05:12.048Z,,,,,"{""pos_0"": 7, ""pos_1"": 4, ""pos_2"": 1}","{""pos_0"": ""7"", ""pos_1"": ""4"", ""pos_2"": ""1""}",,,,
stu_1780967494964_3113,test_1780996897356_kspg977,identify_place_value,1,0,identify_place_value|attempt=1|log=0|cded375cee,number_sense,1.0,place_value_identification,,PlaceValue,PlaceValue,Visual,1,13447,fast,0,,2.0,easy,,,2026-06-10T11:05:38.526Z,2026-06-10T11:06:41.623Z,,,,,"{""pos_0"": 2, ""pos_1"": 4}","{""pos_0"": ""2"", ""pos_1"": ""4""}",,,,
stu_1780967494964_3113,test_1780996897356_kspg977,identify_place_value,1,1,identify_place_value|attempt=1|log=1|fa85337a55,number_sense,1.0,place_value_identification,,PlaceValue,PlaceValue,Visual,1,12749,fast,0,,2.0,easy,,,2026-06-10T11:05:38.526Z,2026-06-10T11:06:41.623Z,,,,,"{""pos_0"": 8, ""pos_1"": 0}","{""pos_0"": ""8"", ""pos_1"": ""0""}",,,,
stu_1780967494964_3113,test_1780996897356_kspg977,identify_place_value,1,2,identify_place_value|attempt=1|log=2|a934b883f6,number_sense,1.0,place_value_identification,,PlaceValue,PlaceValue,Visual,1,63096,fast,0,,2.0,easy,,,2026-06-10T11:05:38.526Z,2026-06-10T11:06:41.623Z,,,,,"{""pos_0"": 3, ""pos_1"": 7}","{""pos_0"": ""3"", ""pos_1"": ""7""}",,,,
stu_1780967494964_3113,test_1780996897356_kspg977,order_numbers,0,0,order_numbers|attempt=0|log=0|d8ff0d0163,sequential_thinking,1.0,number_ordering,,Ordering_asc,Ordering,Visual,1,26144,fast,0,,3.0,medium,,3.0,2026-06-10T10:59:15.604Z,2026-06-10T11:01:58.531Z,,,,,,,,asc,,
stu_1780967494964_3113,test_1780996897356_kspg977,order_numbers,0,1,order_numbers|attempt=0|log=1|ad960f2c55,sequential_thinking,1.0,number_ordering,,Ordering_asc,Ordering,Visual,1,50901,fast,0,,3.0,medium,,5.0,2026-06-10T10:59:15.604Z,2026-06-10T11:01:58.531Z,,,,,,,,asc,,
stu_1780967494964_3113,test_1780996897356_kspg977,order_numbers,0,2,order_numbers|attempt=0|log=2|b384ca5e07,sequential_thinking,1.0,number_ordering,,Ordering_desc,Ordering,Visual,1,49027,fast,0,,3.0,medium,,4.0,2026-06-10T10:59:15.604Z,2026-06-10T11:01:58.531Z,,,,,,,,desc,,
stu_1780967494964_3113,test_1780996897356_kspg977,order_numbers,0,3,order_numbers|attempt=0|log=3|90867ced40,sequential_thinking,1.0,number_ordering,,Ordering_desc,Ordering,Visual,1,36852,fast,0,,3.0,medium,,5.0,2026-06-10T10:59:15.604Z,2026-06-10T11:01:58.531Z,,,,,,,,desc,,
stu_1780967494964_3113,test_1780996897356_kspg977,tap_matching_pairs,0,0,tap_matching_pairs|attempt=0|log=0|9767bdd2ef,visual_matching,1.0,number_word_matching,,MatchingPairs,VisualMatching,Visual,1,6302,fast,0,,,,,,2026-06-10T10:55:22.901Z,2026-06-10T10:56:01.801Z,,,,,,,,,,
stu_1780967494964_3113,test_1780996897356_kspg977,tap_matching_pairs,0,1,tap_matching_pairs|attempt=0|log=1|9767bdd2ef,visual_matching,1.0,number_word_matching,,MatchingPairs,VisualMatching,Visual,1,14765,fast,0,,,,,,2026-06-10T10:55:22.901Z,2026-06-10T10:56:01.801Z,,,,,,,,,,
stu_1780967494964_3113,test_1780996897356_kspg977,tap_matching_pairs,0,2,tap_matching_pairs|attempt=0|log=2|9767bdd2ef,visual_matching,1.0,number_word_matching,,MatchingPairs,VisualMatching,Visual,1,18246,fast,0,,,,,,2026-06-10T10:55:22.901Z,2026-06-10T10:56:01.801Z,,,,,,,,,,
stu_1780967494964_3113,test_1780996897356_kspg977,tap_matching_pairs,0,3,tap_matching_pairs|attempt=0|log=3|9767bdd2ef,visual_matching,1.0,number_word_matching,,MatchingPairs,VisualMatching,Visual,1,21950,fast,0,,,,,,2026-06-10T10:55:22.901Z,2026-06-10T10:56:01.801Z,,,,,,,,,,
stu_1780967494964_3113,test_1780996897356_kspg977,tap_matching_pairs,0,4,tap_matching_pairs|attempt=0|log=4|9767bdd2ef,visual_matching,1.0,number_word_matching,,MatchingPairs,VisualMatching,Visual,1,35365,fast,0,,,,,,2026-06-10T10:55:22.901Z,2026-06-10T10:56:01.801Z,,,,,,,,,,
stu_1780967494964_3113,test_1780996897356_kspg977,tap_matching_pairs,0,5,tap_matching_pairs|attempt=0|log=5|9767bdd2ef,visual_matching,1.0,number_word_matching,,MatchingPairs,VisualMatching,Visual,1,38398,fast,0,,,,,,2026-06-10T10:55:22.901Z,2026-06-10T10:56:01.801Z,,,,,,,,,,
stu_1780967494964_3113,test_1780996897356_kspg977,vertical_operations,0,0,vertical_operations|attempt=0|log=0|562d287a59,arithmetic_fluency,1.0,vertical_operation_fluency,Addition,SimpleAddition,VerticalOperation,Vertical,1,64985,fast,0,,2.0,easy,,,2026-06-10T11:13:36.333Z,2026-06-10T11:14:57.804Z,50 Addition 29,,79,79,,,,,,
stu_1780967494964_3113,test_1780996897356_kspg977,vertical_operations,0,1,vertical_operations|attempt=0|log=1|e36fbf08e0,arithmetic_fluency,1.0,vertical_operation_fluency,Subtraction,SimpleSubtraction,VerticalOperation,Vertical,1,16486,fast,0,,2.0,easy,,,2026-06-10T11:13:36.333Z,2026-06-10T11:14:57.804Z,36 Subtraction 4,,32,32,,,,,,
stu_1780967494964_3113,test_1780996897356_kspg977,what_number_do_you_hear,0,0,what_number_do_you_hear|attempt=0|log=0|2649128496,audio_recognition,1.0,auditory_number_recognition,,HeardNumberChoice,AudioRecognition,Audio,1,9171,fast,0,,1.0,very-easy,,,2026-06-10T10:54:53.059Z,2026-06-10T10:55:22.684Z,5,5,,,,,,,,
stu_1780967494964_3113,test_1780996897356_kspg977,what_number_do_you_hear,0,1,what_number_do_you_hear|attempt=0|log=1|a64943e521,audio_recognition,1.0,auditory_number_recognition,,HeardNumberChoice,AudioRecognition,Audio,0,3525,fast,0,AudioNumberRecognitionError,1.0,very-easy,,,2026-06-10T10:54:53.059Z,2026-06-10T10:55:22.684Z,0,7,,,,,,,,
stu_1780967494964_3113,test_1780996897356_kspg977,what_number_do_you_hear,0,2,what_number_do_you_hear|attempt=0|log=2|d4163dd62b,audio_recognition,1.0,auditory_number_recognition,,HeardNumberChoice,AudioRecognition,Audio,1,9142,fast,0,,1.0,very-easy,,,2026-06-10T10:54:53.059Z,2026-06-10T10:55:22.684Z,3,3,,,,,,,,
stu_1780967494964_3113,test_1780996897356_kspg977,what_number_do_you_hear,0,3,what_number_do_you_hear|attempt=0|log=3|227545f7f5,audio_recognition,1.0,auditory_number_recognition,,HeardNumberChoice,AudioRecognition,Audio,1,3129,fast,0,,2.0,easy,,,2026-06-10T10:54:53.059Z,2026-06-10T10:55:22.684Z,13,13,,,,,,,,
stu_1780967494964_3113,test_1780996897356_kspg977,what_number_do_you_hear,0,4,what_number_do_you_hear|attempt=0|log=4|4913e5e4f6,audio_recognition,1.0,auditory_number_recognition,,HeardNumberChoice,AudioRecognition,Audio,1,2272,fast,0,,1.0,very-easy,,,2026-06-10T10:54:53.059Z,2026-06-10T10:55:22.684Z,9,9,,,,,,,,
stu_1780967494964_3113,test_1780996897356_kspg977,what_number_do_you_hear,0,5,what_number_do_you_hear|attempt=0|log=5|9e3abe0b08,audio_recognition,1.0,auditory_number_recognition,,HeardNumberChoice,AudioRecognition,Audio,1,2386,fast,0,,2.0,easy,,,2026-06-10T10:54:53.059Z,2026-06-10T10:55:22.684Z,63,63,,,,,,,,
stu_1780967494964_3113,test_1780996897356_kspg977,write_number_in_letters,0,0,write_number_in_letters|attempt=0|log=0|0227c598f6,number_sense,1.0,number_writing,,WrittenNumberProduction,NumberWriting,Mixed,1,57186,fast,0,,3.0,medium,,,2026-06-10T11:11:54.679Z,2026-06-10T11:12:54.917Z,,,,,"[""\u062a\u0633\u0639\u0645\u0626\u0629"", ""\u0648"", ""\u0633\u0628\u0639\u0629"", ""\u0648"", ""\u062b\u0645\u0627\u0646\u0648\u0646""]","[""\u062a\u0633\u0639\u0645\u0626\u0629"", ""\u0648"", ""\u0633\u0628\u0639\u0629"", ""\u0648"", ""\u062b\u0645\u0627\u0646\u0648\u0646""]",,,,
stu_1780967494964_3113,test_1780996897356_kspg977,write_number_in_letters,0,1,write_number_in_letters|attempt=0|log=1|2091ee340f,number_sense,1.0,number_writing,,WrittenNumberProduction,NumberWriting,Mixed,1,231632,medium,0,,3.0,medium,,,2026-06-10T11:11:54.679Z,2026-06-10T11:12:54.917Z,,,,,"[""\u0633\u062a\u0645\u0626\u0629"", ""\u0648"", ""\u0627\u062b\u0646\u0627"", ""\u0639\u0634\u0631""]","[""\u0633\u062a\u0645\u0626\u0629"", ""\u0648"", ""\u0627\u062b\u0646\u0627"", ""\u0639\u0634\u0631""]",,,,
stu_1780967494964_3113,test_1780996897356_kspg977,write_number_in_letters,0,2,write_number_in_letters|attempt=0|log=2|d822c8f9b3,number_sense,1.0,number_writing,,WrittenNumberProduction,NumberWriting,Mixed,1,24002,fast,0,,3.0,medium,,,2026-06-10T11:11:54.679Z,2026-06-10T11:12:54.917Z,,,,,"[""\u062b\u0645\u0627\u0646\u0645\u0626\u0629"", ""\u0648"", ""\u062b\u0644\u0627\u062b""]","[""\u062b\u0645\u0627\u0646\u0645\u0626\u0629"", ""\u0648"", ""\u062b\u0644\u0627\u062b""]",,,,
stu_1780967494964_3113,test_1780996897356_kspg977,write_number_in_letters,0,3,write_number_in_letters|attempt=0|log=3|57a3162d0f,number_sense,1.0,number_writing,,WrittenNumberProduction,NumberWriting,Mixed,1,57619,fast,0,,3.0,medium,,,2026-06-10T11:11:54.679Z,2026-06-10T11:12:54.917Z,,,,,"[""\u0633\u062a"", ""\u0645\u0626\u0629"", ""\u0648"", ""\u062b\u0645\u0627\u0646\u064a\u0629"", ""\u0648"", ""\u062b\u0645\u0627\u0646\u0648\u0646""]","[""\u0633\u062a"", ""\u0645\u0626\u0629"", ""\u0648"", ""\u062b\u0645\u0627\u0646\u064a\u0629"", ""\u0648"", ""\u062b\u0645\u0627\u0646\u0648\u0646""]",,,,
stu_1780967494964_3113,test_1780996897356_kspg977,write_number_in_letters,0,4,write_number_in_letters|attempt=0|log=4|57a3162d0f,number_sense,1.0,number_writing,,WrittenNumberProduction,NumberWriting,Mixed,1,60238,fast,0,,3.0,medium,,,2026-06-10T11:11:54.679Z,2026-06-10T11:12:54.917Z,,,,,"[""\u0633\u062a"", ""\u0645\u0626\u0629"", ""\u0648"", ""\u062b\u0645\u0627\u0646\u064a\u0629"", ""\u0648"", ""\u062b\u0645\u0627\u0646\u0648\u0646""]","[""\u0633\u062a"", ""\u0645\u0626\u0629"", ""\u0648"", ""\u062b\u0645\u0627\u0646\u064a\u0629"", ""\u0648"", ""\u062b\u0645\u0627\u0646\u0648\u0646""]",,,,
stu_1780967494964_3113,test_1781051031467_d8q3s6i,choose_answer,0,0,choose_answer|attempt=0|log=0|eabb15db14,arithmetic_fluency,0.6,operation_identification_from_context,Subtraction,OneStepProblem,WordProblem,Horizontal,1,12802,medium,0,,2.0,easy,,,2026-06-10T10:51:47.297Z,2026-06-10T10:52:16.311Z,كان لديك 42 تفاحة وأكلت 41. كم بقي؟,42 - 41,,,,,,,Subtraction,Subtraction
stu_1780967494964_3113,test_1781051031467_d8q3s6i,choose_answer,0,0,choose_answer|attempt=0|log=0|eabb15db14,number_sense,0.2,operation_identification_from_context,Subtraction,OneStepProblem,WordProblem,Horizontal,1,12802,medium,0,,2.0,easy,,,2026-06-10T10:51:47.297Z,2026-06-10T10:52:16.311Z,كان لديك 42 تفاحة وأكلت 41. كم بقي؟,42 - 41,,,,,,,Subtraction,Subtraction
stu_1780967494964_3113,test_1781051031467_d8q3s6i,choose_answer,0,0,choose_answer|attempt=0|log=0|eabb15db14,sequential_thinking,0.2,operation_identification_from_context,Subtraction,OneStepProblem,WordProblem,Horizontal,1,12802,medium,0,,2.0,easy,,,2026-06-10T10:51:47.297Z,2026-06-10T10:52:16.311Z,كان لديك 42 تفاحة وأكلت 41. كم بقي؟,42 - 41,,,,,,,Subtraction,Subtraction
stu_1780967494964_3113,test_1781051031467_d8q3s6i,choose_answer,0,1,choose_answer|attempt=0|log=1|dbfe01c954,arithmetic_fluency,0.6,operation_identification_from_context,Subtraction,OneStepProblem,WordProblem,Horizontal,1,8527,fast,0,,2.0,easy,,,2026-06-10T10:51:47.297Z,2026-06-10T10:52:16.311Z,لدى أحمد 78 درهما، وأعطى 1 درهما لصديقه. كم تبقى لديه؟,78 - 1,,,,,,,Subtraction,Subtraction
stu_1780967494964_3113,test_1781051031467_d8q3s6i,choose_answer,0,1,choose_answer|attempt=0|log=1|dbfe01c954,number_sense,0.2,operation_identification_from_context,Subtraction,OneStepProblem,WordProblem,Horizontal,1,8527,fast,0,,2.0,easy,,,2026-06-10T10:51:47.297Z,2026-06-10T10:52:16.311Z,لدى أحمد 78 درهما، وأعطى 1 درهما لصديقه. كم تبقى لديه؟,78 - 1,,,,,,,Subtraction,Subtraction
stu_1780967494964_3113,test_1781051031467_d8q3s6i,choose_answer,0,1,choose_answer|attempt=0|log=1|dbfe01c954,sequential_thinking,0.2,operation_identification_from_context,Subtraction,OneStepProblem,WordProblem,Horizontal,1,8527,fast,0,,2.0,easy,,,2026-06-10T10:51:47.297Z,2026-06-10T10:52:16.311Z,لدى أحمد 78 درهما، وأعطى 1 درهما لصديقه. كم تبقى لديه؟,78 - 1,,,,,,,Subtraction,Subtraction
stu_1780967494964_3113,test_1781051031467_d8q3s6i,choose_answer,0,2,choose_answer|attempt=0|log=2|5dffa9830a,arithmetic_fluency,0.6,operation_identification_from_context,Addition,OneStepProblem,WordProblem,Horizontal,1,7685,fast,0,,2.0,easy,,,2026-06-10T10:51:47.297Z,2026-06-10T10:52:16.311Z,لديك 32 درهم ومنحك والده 29 درهما. كم أصبح لديك من درهم؟,32 + 29,,,,,,,Addition,Addition
stu_1780967494964_3113,test_1781051031467_d8q3s6i,choose_answer,0,2,choose_answer|attempt=0|log=2|5dffa9830a,number_sense,0.2,operation_identification_from_context,Addition,OneStepProblem,WordProblem,Horizontal,1,7685,fast,0,,2.0,easy,,,2026-06-10T10:51:47.297Z,2026-06-10T10:52:16.311Z,لديك 32 درهم ومنحك والده 29 درهما. كم أصبح لديك من درهم؟,32 + 29,,,,,,,Addition,Addition
stu_1780967494964_3113,test_1781051031467_d8q3s6i,choose_answer,0,2,choose_answer|attempt=0|log=2|5dffa9830a,sequential_thinking,0.2,operation_identification_from_context,Addition,OneStepProblem,WordProblem,Horizontal,1,7685,fast,0,,2.0,easy,,,2026-06-10T10:51:47.297Z,2026-06-10T10:52:16.311Z,لديك 32 درهم ومنحك والده 29 درهما. كم أصبح لديك من درهم؟,32 + 29,,,,,,,Addition,Addition
stu_1780967494964_3113,test_1781051031467_d8q3s6i,compare_numbers,0,0,compare_numbers|attempt=0|log=0|5acd2c07b8,comparison_skill,1.0,number_comparison,,Greater,Comparison,Horizontal,1,18857,medium,0,,3.0,medium,,,2026-06-10T10:45:18.108Z,2026-06-10T10:45:58.268Z,,,,,,,Greater,,,
stu_1780967494964_3113,test_1781051031467_d8q3s6i,compare_numbers,0,1,compare_numbers|attempt=0|log=1|8ffc3421da,comparison_skill,1.0,number_comparison,,Less,Comparison,Horizontal,1,13566,medium,0,,3.0,medium,,,2026-06-10T10:45:18.108Z,2026-06-10T10:45:58.268Z,,,,,,,Less,,,
stu_1780967494964_3113,test_1781051031467_d8q3s6i,compare_numbers,0,2,compare_numbers|attempt=0|log=2|f0a661c42f,comparison_skill,1.0,number_comparison,,Equal,Comparison,Horizontal,1,7736,fast,0,,3.0,medium,,,2026-06-10T10:45:18.108Z,2026-06-10T10:45:58.268Z,,,,,,,Equal,,,
stu_1780967494964_3113,test_1781051031467_d8q3s6i,find_previous_next_number,0,0,find_previous_next_number|attempt=0|log=0|0920b1f1d0,sequential_thinking,1.0,previous_next_number,,PreviousAndNext,Sequence,Horizontal,1,49681,fast,0,,3.0,medium,880-889,,2026-06-10T10:44:24.017Z,2026-06-10T10:45:17.969Z,887,,,,"[886, 888]","[886, 888]",,,,
stu_1780967494964_3113,test_1781051031467_d8q3s6i,find_previous_next_number,0,1,find_previous_next_number|attempt=0|log=1|ee97f727ff,sequential_thinking,1.0,previous_next_number,,PreviousAndNext,Sequence,Horizontal,1,53950,fast,0,,3.0,medium,310-319,,2026-06-10T10:44:24.017Z,2026-06-10T10:45:17.969Z,314,,,,"[313, 315]","[313, 315]",,,,
stu_1780967494964_3113,test_1781051031467_d8q3s6i,identify_place_value,0,0,identify_place_value|attempt=0|log=0|0cfa449d26,number_sense,1.0,place_value_identification,,PlaceValue,PlaceValue,Visual,1,23941,fast,0,,3.0,medium,,,2026-06-10T10:48:59.756Z,2026-06-10T10:49:33.619Z,,,,,"{""pos_0"": 8, ""pos_1"": 4, ""pos_2"": 4}","{""pos_0"": ""8"", ""pos_1"": ""4"", ""pos_2"": ""4""}",,,,
stu_1780967494964_3113,test_1781051031467_d8q3s6i,identify_place_value,0,1,identify_place_value|attempt=0|log=1|224013caf6,number_sense,1.0,place_value_identification,,PlaceValue,PlaceValue,Visual,1,30327,fast,0,,3.0,medium,,,2026-06-10T10:48:59.756Z,2026-06-10T10:49:33.619Z,,,,,"{""pos_0"": 3, ""pos_1"": 0, ""pos_2"": 8}","{""pos_0"": ""3"", ""pos_1"": ""0"", ""pos_2"": ""8""}",,,,
stu_1780967494964_3113,test_1781051031467_d8q3s6i,identify_place_value,0,2,identify_place_value|attempt=0|log=2|914506793d,number_sense,1.0,place_value_identification,,PlaceValue,PlaceValue,Visual,1,33862,fast,0,,3.0,medium,,,2026-06-10T10:48:59.756Z,2026-06-10T10:49:33.619Z,,,,,"{""pos_0"": 8, ""pos_1"": 5, ""pos_2"": 1}","{""pos_0"": ""8"", ""pos_1"": ""5"", ""pos_2"": ""1""}",,,,
stu_1780967494964_3113,test_1781051031467_d8q3s6i,order_numbers,0,0,order_numbers|attempt=0|log=0|6f08215002,sequential_thinking,1.0,number_ordering,,Ordering_asc,Ordering,Visual,1,25073,fast,0,,3.0,medium,,2.0,2026-06-10T10:45:58.442Z,2026-06-10T10:48:05.288Z,,,,,,,,asc,,
stu_1780967494964_3113,test_1781051031467_d8q3s6i,order_numbers,0,1,order_numbers|attempt=0|log=1|486c4f54ef,sequential_thinking,1.0,number_ordering,,Ordering_desc,Ordering,Visual,1,37600,fast,0,,3.0,medium,,5.0,2026-06-10T10:45:58.442Z,2026-06-10T10:48:05.288Z,,,,,,,,desc,,
stu_1780967494964_3113,test_1781051031467_d8q3s6i,order_numbers,0,2,order_numbers|attempt=0|log=2|1d23df4e4e,sequential_thinking,1.0,number_ordering,,Ordering_desc,Ordering,Visual,1,54107,fast,0,,3.0,medium,,5.0,2026-06-10T10:45:58.442Z,2026-06-10T10:48:05.288Z,,,,,,,,desc,,
stu_1780967494964_3113,test_1781051031467_d8q3s6i,order_numbers,0,3,order_numbers|attempt=0|log=3|dd74e01716,sequential_thinking,1.0,number_ordering,,Ordering_desc,Ordering,Visual,1,10064,fast,0,,3.0,medium,,2.0,2026-06-10T10:45:58.442Z,2026-06-10T10:48:05.288Z,,,,,,,,desc,,
stu_1780967494964_3113,test_1781051031467_d8q3s6i,tap_matching_pairs,0,0,tap_matching_pairs|attempt=0|log=0|9767bdd2ef,visual_matching,1.0,number_word_matching,,MatchingPairs,VisualMatching,Visual,1,12986,fast,0,,,,,,2026-06-10T10:42:35.187Z,2026-06-10T10:43:34.142Z,,,,,,,,,,
stu_1780967494964_3113,test_1781051031467_d8q3s6i,tap_matching_pairs,0,1,tap_matching_pairs|attempt=0|log=1|9767bdd2ef,visual_matching,1.0,number_word_matching,,MatchingPairs,VisualMatching,Visual,1,17417,fast,0,,,,,,2026-06-10T10:42:35.187Z,2026-06-10T10:43:34.142Z,,,,,,,,,,
stu_1780967494964_3113,test_1781051031467_d8q3s6i,tap_matching_pairs,0,2,tap_matching_pairs|attempt=0|log=2|9767bdd2ef,visual_matching,1.0,number_word_matching,,MatchingPairs,VisualMatching,Visual,1,21407,fast,0,,,,,,2026-06-10T10:42:35.187Z,2026-06-10T10:43:34.142Z,,,,,,,,,,
stu_1780967494964_3113,test_1781051031467_d8q3s6i,tap_matching_pairs,0,3,tap_matching_pairs|attempt=0|log=3|9767bdd2ef,visual_matching,1.0,number_word_matching,,MatchingPairs,VisualMatching,Visual,1,28100,fast,0,,,,,,2026-06-10T10:42:35.187Z,2026-06-10T10:43:34.142Z,,,,,,,,,,
stu_1780967494964_3113,test_1781051031467_d8q3s6i,tap_matching_pairs,0,4,tap_matching_pairs|attempt=0|log=4|9767bdd2ef,visual_matching,1.0,number_word_matching,,MatchingPairs,VisualMatching,Visual,1,55250,fast,0,,,,,,2026-06-10T10:42:35.187Z,2026-06-10T10:43:34.142Z,,,,,,,,,,
stu_1780967494964_3113,test_1781051031467_d8q3s6i,tap_matching_pairs,0,5,tap_matching_pairs|attempt=0|log=5|9767bdd2ef,visual_matching,1.0,number_word_matching,,MatchingPairs,VisualMatching,Visual,1,58447,fast,0,,,,,,2026-06-10T10:42:35.187Z,2026-06-10T10:43:34.142Z,,,,,,,,,,
stu_1780967494964_3113,test_1781051031467_d8q3s6i,vertical_operations,0,0,vertical_operations|attempt=0|log=0|0c4e059ab9,arithmetic_fluency,1.0,vertical_operation_fluency,Subtraction,SimpleSubtraction,VerticalOperation,Vertical,1,20039,fast,0,,2.0,easy,,,2026-06-10T10:52:16.447Z,2026-06-10T10:53:45.142Z,88 Subtraction 57,,31,31,,,,,,
stu_1780967494964_3113,test_1781051031467_d8q3s6i,vertical_operations,0,1,vertical_operations|attempt=0|log=1|fe5a6a5aa0,arithmetic_fluency,1.0,vertical_operation_fluency,Addition,SimpleAddition,VerticalOperation,Vertical,1,68653,fast,0,,2.0,easy,,,2026-06-10T10:52:16.447Z,2026-06-10T10:53:45.142Z,3 Addition 14,,17,17,,,,,,
stu_1780967494964_3113,test_1781051031467_d8q3s6i,write_number_in_letters,0,0,write_number_in_letters|attempt=0|log=0|57a3162d0f,number_sense,1.0,number_writing,,WrittenNumberProduction,NumberWriting,Mixed,1,51453,fast,0,,3.0,medium,,,2026-06-10T10:51:29.898Z,2026-06-10T10:51:47.127Z,,,,,"[""\u0633\u062a"", ""\u0645\u0626\u0629"", ""\u0648"", ""\u062b\u0645\u0627\u0646\u064a\u0629"", ""\u0648"", ""\u062b\u0645\u0627\u0646\u0648\u0646""]","[""\u0633\u062a"", ""\u0645\u0626\u0629"", ""\u0648"", ""\u062b\u0645\u0627\u0646\u064a\u0629"", ""\u0648"", ""\u062b\u0645\u0627\u0646\u0648\u0646""]",,,,
stu_1780967494964_3113,test_1781051031467_d8q3s6i,write_number_in_letters,0,1,write_number_in_letters|attempt=0|log=1|690031037a,number_sense,1.0,number_writing,,WrittenNumberProduction,NumberWriting,Mixed,1,32268,fast,0,,3.0,medium,,,2026-06-10T10:51:29.898Z,2026-06-10T10:51:47.127Z,,,,,"[""\u062b\u0645\u0627\u0646\u0645\u0626\u0629"", ""\u0648"", ""\u062b\u0645\u0627\u0646\u064a\u0629"", ""\u0648"", ""\u062b\u0645\u0627\u0646\u0648\u0646""]","[""\u062b\u0645\u0627\u0646\u0645\u0626\u0629"", ""\u0648"", ""\u062b\u0645\u0627\u0646\u064a\u0629"", ""\u0648"", ""\u062b\u0645\u0627\u0646\u0648\u0646""]",,,,
stu_1780967494964_3113,test_1781051031467_d8q3s6i,write_number_in_letters,0,2,write_number_in_letters|attempt=0|log=2|b38e30f811,number_sense,1.0,number_writing,,WrittenNumberProduction,NumberWriting,Mixed,1,32283,fast,0,,3.0,medium,,,2026-06-10T10:51:29.898Z,2026-06-10T10:51:47.127Z,,,,,"[""\u0633\u062a\u0645\u0626\u0629"", ""\u0648"", ""\u0623\u062d\u062f"", ""\u0639\u0634\u0631""]","[""\u0633\u062a\u0645\u0626\u0629"", ""\u0648"", ""\u0623\u062d\u062f"", ""\u0639\u0634\u0631""]",,,,
stu_1780967494964_3113,test_1781051031467_d8q3s6i,write_number_in_letters,0,3,write_number_in_letters|attempt=0|log=3|74ffec6eba,number_sense,1.0,number_writing,,WrittenNumberProduction,NumberWriting,Mixed,1,17228,fast,0,,3.0,medium,,,2026-06-10T10:51:29.898Z,2026-06-10T10:51:47.127Z,,,,,"[""\u0633\u0628\u0639\u0645\u0626\u0629"", ""\u0648"", ""\u062e\u0645\u0633\u0648\u0646""]","[""\u0633\u0628\u0639\u0645\u0626\u0629"", ""\u0648"", ""\u062e\u0645\u0633\u0648\u0646""]",,,,
stu_1780967494964_3113,test_1781089532764_fckxbu0,choose_answer,0,0,choose_answer|attempt=0|log=0|0bf8ebc7a9,arithmetic_fluency,0.6,operation_identification_from_context,Addition,OneStepProblem,WordProblem,Horizontal,1,7041,fast,0,,2.0,easy,,,2026-06-10T11:29:25.236Z,2026-06-10T11:30:04.357Z,لديك 49 درهم ومنحك والده 10 درهما. كم أصبح لديك من درهم؟,49 + 10,,,,,,,Addition,Addition
stu_1780967494964_3113,test_1781089532764_fckxbu0,choose_answer,0,0,choose_answer|attempt=0|log=0|0bf8ebc7a9,number_sense,0.2,operation_identification_from_context,Addition,OneStepProblem,WordProblem,Horizontal,1,7041,fast,0,,2.0,easy,,,2026-06-10T11:29:25.236Z,2026-06-10T11:30:04.357Z,لديك 49 درهم ومنحك والده 10 درهما. كم أصبح لديك من درهم؟,49 + 10,,,,,,,Addition,Addition
stu_1780967494964_3113,test_1781089532764_fckxbu0,choose_answer,0,0,choose_answer|attempt=0|log=0|0bf8ebc7a9,sequential_thinking,0.2,operation_identification_from_context,Addition,OneStepProblem,WordProblem,Horizontal,1,7041,fast,0,,2.0,easy,,,2026-06-10T11:29:25.236Z,2026-06-10T11:30:04.357Z,لديك 49 درهم ومنحك والده 10 درهما. كم أصبح لديك من درهم؟,49 + 10,,,,,,,Addition,Addition
stu_1780967494964_3113,test_1781089532764_fckxbu0,choose_answer,0,1,choose_answer|attempt=0|log=1|02df8d8d63,arithmetic_fluency,0.6,operation_identification_from_context,Subtraction,OneStepProblem,WordProblem,Horizontal,1,26239,slow,1,,2.0,easy,,,2026-06-10T11:29:25.236Z,2026-06-10T11:30:04.357Z,كانت عندك 10 تفاحات، أكلت 3. كم بقي؟,10 - 3,,,,,,,Subtraction,Subtraction
stu_1780967494964_3113,test_1781089532764_fckxbu0,choose_answer,0,1,choose_answer|attempt=0|log=1|02df8d8d63,number_sense,0.2,operation_identification_from_context,Subtraction,OneStepProblem,WordProblem,Horizontal,1,26239,slow,1,,2.0,easy,,,2026-06-10T11:29:25.236Z,2026-06-10T11:30:04.357Z,كانت عندك 10 تفاحات، أكلت 3. كم بقي؟,10 - 3,,,,,,,Subtraction,Subtraction
stu_1780967494964_3113,test_1781089532764_fckxbu0,choose_answer,0,1,choose_answer|attempt=0|log=1|02df8d8d63,sequential_thinking,0.2,operation_identification_from_context,Subtraction,OneStepProblem,WordProblem,Horizontal,1,26239,slow,1,,2.0,easy,,,2026-06-10T11:29:25.236Z,2026-06-10T11:30:04.357Z,كانت عندك 10 تفاحات، أكلت 3. كم بقي؟,10 - 3,,,,,,,Subtraction,Subtraction
stu_1780967494964_3113,test_1781089532764_fckxbu0,choose_answer,0,2,choose_answer|attempt=0|log=2|416dd4f7a0,arithmetic_fluency,0.6,operation_identification_from_context,Addition,OneStepProblem,WordProblem,Horizontal,1,5841,fast,0,,2.0,easy,,,2026-06-10T11:29:25.236Z,2026-06-10T11:30:04.357Z,تملك سلوى 30 درهما ومنحها أبوها 20 درهما. كم أصبح لدى سلوى من درهم؟,30 + 20,,,,,,,Addition,Addition
stu_1780967494964_3113,test_1781089532764_fckxbu0,choose_answer,0,2,choose_answer|attempt=0|log=2|416dd4f7a0,number_sense,0.2,operation_identification_from_context,Addition,OneStepProblem,WordProblem,Horizontal,1,5841,fast,0,,2.0,easy,,,2026-06-10T11:29:25.236Z,2026-06-10T11:30:04.357Z,تملك سلوى 30 درهما ومنحها أبوها 20 درهما. كم أصبح لدى سلوى من درهم؟,30 + 20,,,,,,,Addition,Addition
stu_1780967494964_3113,test_1781089532764_fckxbu0,choose_answer,0,2,choose_answer|attempt=0|log=2|416dd4f7a0,sequential_thinking,0.2,operation_identification_from_context,Addition,OneStepProblem,WordProblem,Horizontal,1,5841,fast,0,,2.0,easy,,,2026-06-10T11:29:25.236Z,2026-06-10T11:30:04.357Z,تملك سلوى 30 درهما ومنحها أبوها 20 درهما. كم أصبح لدى سلوى من درهم؟,30 + 20,,,,,,,Addition,Addition
stu_1780967494964_3113,test_1781089532764_fckxbu0,compare_numbers,0,0,compare_numbers|attempt=0|log=0|8c81d08e72,comparison_skill,1.0,number_comparison,,Greater,Comparison,Horizontal,1,13821,medium,0,,3.0,medium,,,2026-06-10T11:22:19.509Z,2026-06-10T11:22:51.028Z,,,,,,,Greater,,,
stu_1780967494964_3113,test_1781089532764_fckxbu0,compare_numbers,0,1,compare_numbers|attempt=0|log=1|d325fb3d7a,comparison_skill,1.0,number_comparison,,Less,Comparison,Horizontal,1,9658,fast,0,,3.0,medium,,,2026-06-10T11:22:19.509Z,2026-06-10T11:22:51.028Z,,,,,,,Less,,,
stu_1780967494964_3113,test_1781089532764_fckxbu0,compare_numbers,0,2,compare_numbers|attempt=0|log=2|30325b7844,comparison_skill,1.0,number_comparison,,Equal,Comparison,Horizontal,1,8038,fast,0,,3.0,medium,,,2026-06-10T11:22:19.509Z,2026-06-10T11:22:51.028Z,,,,,,,Equal,,,
stu_1780967494964_3113,test_1781089532764_fckxbu0,find_previous_next_number,0,0,find_previous_next_number|attempt=0|log=0|0914504577,sequential_thinking,1.0,previous_next_number,,PreviousAndNext,Sequence,Horizontal,1,27478,fast,0,,3.0,medium,770-779,,2026-06-10T11:21:10.428Z,2026-06-10T11:22:19.286Z,774,,,,"[773, 775]","[773, 775]",,,,
stu_1780967494964_3113,test_1781089532764_fckxbu0,find_previous_next_number,0,1,find_previous_next_number|attempt=0|log=1|8df35176db,sequential_thinking,1.0,previous_next_number,,PreviousAndNext,Sequence,Horizontal,1,68857,medium,0,,3.0,medium,510-519,,2026-06-10T11:21:10.428Z,2026-06-10T11:22:19.286Z,518,,,,"[517, 519]","[517, 519]",,,,
stu_1780967494964_3113,test_1781089532764_fckxbu0,identify_place_value,0,0,identify_place_value|attempt=0|log=0|61377518d8,number_sense,1.0,place_value_identification,,PlaceValue,PlaceValue,Visual,1,33078,fast,0,,3.0,medium,,,2026-06-10T11:25:27.250Z,2026-06-10T11:25:41.770Z,,,,,"{""pos_0"": 6, ""pos_1"": 2, ""pos_2"": 5}","{""pos_0"": ""6"", ""pos_1"": ""2"", ""pos_2"": ""5""}",,,,
stu_1780967494964_3113,test_1781089532764_fckxbu0,identify_place_value,0,1,identify_place_value|attempt=0|log=1|4e91e5e270,number_sense,1.0,place_value_identification,,PlaceValue,PlaceValue,Visual,1,15362,fast,0,,3.0,medium,,,2026-06-10T11:25:27.250Z,2026-06-10T11:25:41.770Z,,,,,"{""pos_0"": 5, ""pos_1"": 3, ""pos_2"": 1}","{""pos_0"": ""5"", ""pos_1"": ""3"", ""pos_2"": ""1""}",,,,
stu_1780967494964_3113,test_1781089532764_fckxbu0,identify_place_value,0,2,identify_place_value|attempt=0|log=2|28ec67396e,number_sense,1.0,place_value_identification,,PlaceValue,PlaceValue,Visual,1,14520,fast,0,,3.0,medium,,,2026-06-10T11:25:27.250Z,2026-06-10T11:25:41.770Z,,,,,"{""pos_0"": 2, ""pos_1"": 9, ""pos_2"": 1}","{""pos_0"": ""2"", ""pos_1"": ""9"", ""pos_2"": ""1""}",,,,
stu_1780967494964_3113,test_1781089532764_fckxbu0,order_numbers,0,0,order_numbers|attempt=0|log=0|47a10b7409,sequential_thinking,1.0,number_ordering,,Ordering_asc,Ordering,Visual,1,56561,fast,0,,3.0,medium,,4.0,2026-06-10T11:22:51.610Z,2026-06-10T11:24:37.518Z,,,,,,,,asc,,
stu_1780967494964_3113,test_1781089532764_fckxbu0,order_numbers,0,1,order_numbers|attempt=0|log=1|ad1baae496,sequential_thinking,1.0,number_ordering,,Ordering_desc,Ordering,Visual,1,32535,fast,0,,3.0,medium,,4.0,2026-06-10T11:22:51.610Z,2026-06-10T11:24:37.518Z,,,,,,,,desc,,
stu_1780967494964_3113,test_1781089532764_fckxbu0,order_numbers,0,2,order_numbers|attempt=0|log=2|9eeff24501,sequential_thinking,1.0,number_ordering,,Ordering_asc,Ordering,Visual,1,16811,fast,0,,3.0,medium,,3.0,2026-06-10T11:22:51.610Z,2026-06-10T11:24:37.518Z,,,,,,,,asc,,
stu_1780967494964_3113,test_1781089532764_fckxbu0,tap_matching_pairs,0,0,tap_matching_pairs|attempt=0|log=0|9767bdd2ef,visual_matching,1.0,number_word_matching,,MatchingPairs,VisualMatching,Visual,1,23818,fast,0,,,,,,2026-06-10T11:17:59.640Z,2026-06-10T11:20:40.556Z,,,,,,,,,,
stu_1780967494964_3113,test_1781089532764_fckxbu0,tap_matching_pairs,0,1,tap_matching_pairs|attempt=0|log=1|9767bdd2ef,visual_matching,1.0,number_word_matching,,MatchingPairs,VisualMatching,Visual,1,99493,medium,0,,,,,,2026-06-10T11:17:59.640Z,2026-06-10T11:20:40.556Z,,,,,,,,,,
stu_1780967494964_3113,test_1781089532764_fckxbu0,tap_matching_pairs,0,2,tap_matching_pairs|attempt=0|log=2|9767bdd2ef,visual_matching,1.0,number_word_matching,,MatchingPairs,VisualMatching,Visual,1,120787,slow,1,,,,,,2026-06-10T11:17:59.640Z,2026-06-10T11:20:40.556Z,,,,,,,,,,
stu_1780967494964_3113,test_1781089532764_fckxbu0,tap_matching_pairs,0,3,tap_matching_pairs|attempt=0|log=3|9767bdd2ef,visual_matching,1.0,number_word_matching,,MatchingPairs,VisualMatching,Visual,1,132091,slow,1,,,,,,2026-06-10T11:17:59.640Z,2026-06-10T11:20:40.556Z,,,,,,,,,,
stu_1780967494964_3113,test_1781089532764_fckxbu0,tap_matching_pairs,0,4,tap_matching_pairs|attempt=0|log=4|9767bdd2ef,visual_matching,1.0,number_word_matching,,MatchingPairs,VisualMatching,Visual,1,144004,slow,1,,,,,,2026-06-10T11:17:59.640Z,2026-06-10T11:20:40.556Z,,,,,,,,,,
stu_1780967494964_3113,test_1781089532764_fckxbu0,tap_matching_pairs,0,5,tap_matching_pairs|attempt=0|log=5|9767bdd2ef,visual_matching,1.0,number_word_matching,,MatchingPairs,VisualMatching,Visual,1,150808,slow,1,,,,,,2026-06-10T11:17:59.640Z,2026-06-10T11:20:40.556Z,,,,,,,,,,
stu_1780967494964_3113,test_1781089532764_fckxbu0,tap_matching_pairs,0,6,tap_matching_pairs|attempt=0|log=6|9767bdd2ef,visual_matching,1.0,number_word_matching,,MatchingPairs,VisualMatching,Visual,1,156178,slow,1,,,,,,2026-06-10T11:17:59.640Z,2026-06-10T11:20:40.556Z,,,,,,,,,,
stu_1780967494964_3113,test_1781089532764_fckxbu0,tap_matching_pairs,0,7,tap_matching_pairs|attempt=0|log=7|9767bdd2ef,visual_matching,1.0,number_word_matching,,MatchingPairs,VisualMatching,Visual,1,160403,slow,1,,,,,,2026-06-10T11:17:59.640Z,2026-06-10T11:20:40.556Z,,,,,,,,,,
stu_1780967494964_3113,test_1781089532764_fckxbu0,vertical_operations,0,0,vertical_operations|attempt=0|log=0|cfa6617700,arithmetic_fluency,1.0,vertical_operation_fluency,Subtraction,SimpleSubtraction,VerticalOperation,Vertical,1,23302,fast,0,,2.0,easy,,,2026-06-10T11:30:04.721Z,2026-06-10T11:30:37.452Z,75 Subtraction 34,,41,41,,,,,,
stu_1780967494964_3113,test_1781089532764_fckxbu0,vertical_operations,0,1,vertical_operations|attempt=0|log=1|990b01d6ae,arithmetic_fluency,1.0,vertical_operation_fluency,Addition,SimpleAddition,VerticalOperation,Vertical,1,9429,fast,0,,2.0,easy,,,2026-06-10T11:30:04.721Z,2026-06-10T11:30:37.452Z,49 Addition 40,,89,89,,,,,,
stu_1780967494964_3113,test_1781089532764_fckxbu0,write_number_in_letters,0,0,write_number_in_letters|attempt=0|log=0|642df292f8,number_sense,1.0,number_writing,,WrittenNumberProduction,NumberWriting,Mixed,1,41269,fast,0,,3.0,medium,,,2026-06-10T11:27:53.090Z,2026-06-10T11:29:24.948Z,,,,,"[""\u0645\u0626\u062a\u0627\u0646"", ""\u0648"", ""\u062e\u0645\u0633\u0648\u0646""]","[""\u0645\u0626\u062a\u0627\u0646"", ""\u0648"", ""\u062e\u0645\u0633\u0648\u0646""]",,,,
stu_1780967494964_3113,test_1781089532764_fckxbu0,write_number_in_letters,0,1,write_number_in_letters|attempt=0|log=1|f8ecd2e5b2,number_sense,1.0,number_writing,,WrittenNumberProduction,NumberWriting,Mixed,1,53789,fast,0,,3.0,medium,,,2026-06-10T11:27:53.090Z,2026-06-10T11:29:24.948Z,,,,,"[""\u0623\u0631\u0628\u0639\u0645\u0626\u0629"", ""\u0648"", ""\u062a\u0633\u0639\u0629"", ""\u0648"", ""\u0633\u0628\u0639\u0648\u0646""]","[""\u0623\u0631\u0628\u0639\u0645\u0626\u0629"", ""\u0648"", ""\u062a\u0633\u0639\u0629"", ""\u0648"", ""\u0633\u0628\u0639\u0648\u0646""]",,,,
stu_1780967494964_3113,test_1781089532764_fckxbu0,write_number_in_letters,0,2,write_number_in_letters|attempt=0|log=2|0227c598f6,number_sense,1.0,number_writing,,WrittenNumberProduction,NumberWriting,Mixed,1,35663,fast,0,,3.0,medium,,,2026-06-10T11:27:53.090Z,2026-06-10T11:29:24.948Z,,,,,"[""\u062a\u0633\u0639\u0645\u0626\u0629"", ""\u0648"", ""\u0633\u0628\u0639\u0629"", ""\u0648"", ""\u062b\u0645\u0627\u0646\u0648\u0646""]","[""\u062a\u0633\u0639\u0645\u0626\u0629"", ""\u0648"", ""\u0633\u0628\u0639\u0629"", ""\u0648"", ""\u062b\u0645\u0627\u0646\u0648\u0646""]",,,,
stu_1780967494964_3113,test_1781089532764_fckxbu0,write_number_in_letters,0,3,write_number_in_letters|attempt=0|log=3|66cfb08e84,number_sense,1.0,number_writing,,WrittenNumberProduction,NumberWriting,Mixed,1,91858,fast,0,,3.0,medium,,,2026-06-10T11:27:53.090Z,2026-06-10T11:29:24.948Z,,,,,"[""\u0645\u0626\u0629"", ""\u0648"", ""\u062a\u0633\u0639\u0629"", ""\u0648"", ""\u0623\u0631\u0628\u0639\u0648\u0646""]","[""\u0645\u0626\u0629"", ""\u0648"", ""\u062a\u0633\u0639\u0629"", ""\u0648"", ""\u0623\u0631\u0628\u0639\u0648\u0646""]",,,,
stu_1780967494964_3113,test_1781091763213_4cfhvjq,choose_answer,0,0,choose_answer|attempt=0|log=0|b93060d02b,arithmetic_fluency,0.6,operation_identification_from_context,Subtraction,OneStepProblem,WordProblem,Horizontal,1,6544,fast,0,,2.0,easy,,,2026-06-10T11:55:48.710Z,2026-06-10T11:56:42.616Z,لدى أحمد 82 درهما، وأعطى 20 درهما لصديقه. كم تبقى لديه؟,82 - 20,,,,,,,Subtraction,Subtraction
stu_1780967494964_3113,test_1781091763213_4cfhvjq,choose_answer,0,0,choose_answer|attempt=0|log=0|b93060d02b,number_sense,0.2,operation_identification_from_context,Subtraction,OneStepProblem,WordProblem,Horizontal,1,6544,fast,0,,2.0,easy,,,2026-06-10T11:55:48.710Z,2026-06-10T11:56:42.616Z,لدى أحمد 82 درهما، وأعطى 20 درهما لصديقه. كم تبقى لديه؟,82 - 20,,,,,,,Subtraction,Subtraction
stu_1780967494964_3113,test_1781091763213_4cfhvjq,choose_answer,0,0,choose_answer|attempt=0|log=0|b93060d02b,sequential_thinking,0.2,operation_identification_from_context,Subtraction,OneStepProblem,WordProblem,Horizontal,1,6544,fast,0,,2.0,easy,,,2026-06-10T11:55:48.710Z,2026-06-10T11:56:42.616Z,لدى أحمد 82 درهما، وأعطى 20 درهما لصديقه. كم تبقى لديه؟,82 - 20,,,,,,,Subtraction,Subtraction
stu_1780967494964_3113,test_1781091763213_4cfhvjq,choose_answer,0,1,choose_answer|attempt=0|log=1|105505858b,arithmetic_fluency,0.6,operation_identification_from_context,Subtraction,OneStepProblem,WordProblem,Horizontal,1,11569,medium,0,,2.0,easy,,,2026-06-10T11:55:48.710Z,2026-06-10T11:56:42.616Z,كان لديك 99 تفاحة وأكلت 53. كم بقي؟,99 - 53,,,,,,,Subtraction,Subtraction
stu_1780967494964_3113,test_1781091763213_4cfhvjq,choose_answer,0,1,choose_answer|attempt=0|log=1|105505858b,number_sense,0.2,operation_identification_from_context,Subtraction,OneStepProblem,WordProblem,Horizontal,1,11569,medium,0,,2.0,easy,,,2026-06-10T11:55:48.710Z,2026-06-10T11:56:42.616Z,كان لديك 99 تفاحة وأكلت 53. كم بقي؟,99 - 53,,,,,,,Subtraction,Subtraction
stu_1780967494964_3113,test_1781091763213_4cfhvjq,choose_answer,0,1,choose_answer|attempt=0|log=1|105505858b,sequential_thinking,0.2,operation_identification_from_context,Subtraction,OneStepProblem,WordProblem,Horizontal,1,11569,medium,0,,2.0,easy,,,2026-06-10T11:55:48.710Z,2026-06-10T11:56:42.616Z,كان لديك 99 تفاحة وأكلت 53. كم بقي؟,99 - 53,,,,,,,Subtraction,Subtraction
stu_1780967494964_3113,test_1781091763213_4cfhvjq,choose_answer,0,2,choose_answer|attempt=0|log=2|c876969b50,arithmetic_fluency,0.6,operation_identification_from_context,Subtraction,OneStepProblem,WordProblem,Horizontal,1,35792,slow,1,,2.0,easy,,,2026-06-10T11:55:48.710Z,2026-06-10T11:56:42.616Z,لدى فاطمة 80 درهمًا. إذا اشترت 4 كتب، كل كتاب يكلف 20 درهمًا، كم تبقى معها؟,80 - (4 × 20),,,,,,,Subtraction,Subtraction
stu_1780967494964_3113,test_1781091763213_4cfhvjq,choose_answer,0,2,choose_answer|attempt=0|log=2|c876969b50,number_sense,0.2,operation_identification_from_context,Subtraction,OneStepProblem,WordProblem,Horizontal,1,35792,slow,1,,2.0,easy,,,2026-06-10T11:55:48.710Z,2026-06-10T11:56:42.616Z,لدى فاطمة 80 درهمًا. إذا اشترت 4 كتب، كل كتاب يكلف 20 درهمًا، كم تبقى معها؟,80 - (4 × 20),,,,,,,Subtraction,Subtraction
stu_1780967494964_3113,test_1781091763213_4cfhvjq,choose_answer,0,2,choose_answer|attempt=0|log=2|c876969b50,sequential_thinking,0.2,operation_identification_from_context,Subtraction,OneStepProblem,WordProblem,Horizontal,1,35792,slow,1,,2.0,easy,,,2026-06-10T11:55:48.710Z,2026-06-10T11:56:42.616Z,لدى فاطمة 80 درهمًا. إذا اشترت 4 كتب، كل كتاب يكلف 20 درهمًا، كم تبقى معها؟,80 - (4 × 20),,,,,,,Subtraction,Subtraction
stu_1780967494964_3113,test_1781091763213_4cfhvjq,compare_numbers,0,0,compare_numbers|attempt=0|log=0|a2788084cd,comparison_skill,1.0,number_comparison,,Greater,Comparison,Horizontal,1,8412,fast,0,,3.0,medium,,,2026-06-10T11:47:14.539Z,2026-06-10T11:47:35.832Z,,,,,,,Greater,,,
stu_1780967494964_3113,test_1781091763213_4cfhvjq,compare_numbers,0,1,compare_numbers|attempt=0|log=1|10d8577342,comparison_skill,1.0,number_comparison,,Less,Comparison,Horizontal,1,6520,fast,0,,3.0,medium,,,2026-06-10T11:47:14.539Z,2026-06-10T11:47:35.832Z,,,,,,,Less,,,
stu_1780967494964_3113,test_1781091763213_4cfhvjq,compare_numbers,0,2,compare_numbers|attempt=0|log=2|853428622c,comparison_skill,1.0,number_comparison,,Equal,Comparison,Horizontal,1,3968,fast,0,,3.0,medium,,,2026-06-10T11:47:14.539Z,2026-06-10T11:47:35.832Z,,,,,,,Equal,,,
stu_1780967494964_3113,test_1781091763213_4cfhvjq,compare_numbers,0,3,compare_numbers|attempt=0|log=3|853428622c,comparison_skill,1.0,number_comparison,,Equal,Comparison,Horizontal,1,6359,fast,0,,3.0,medium,,,2026-06-10T11:47:14.539Z,2026-06-10T11:47:35.832Z,,,,,,,Equal,,,
stu_1780967494964_3113,test_1781091763213_4cfhvjq,decompose_number,0,0,decompose_number|attempt=0|log=0|cb1670e0bb,number_sense,1.0,number_decomposition,,Decomposition,Decomposition,Visual,1,34296,fast,0,,3.0,medium,,,2026-06-10T13:05:30.967Z,2026-06-10T13:06:49.576Z,,,,,"[700, 80, 7]","[700, 80, 7]",,,,
stu_1780967494964_3113,test_1781091763213_4cfhvjq,decompose_number,0,1,decompose_number|attempt=0|log=1|b9a60899d0,number_sense,1.0,number_decomposition,,Decomposition,Decomposition,Visual,1,46280,fast,0,,3.0,medium,,,2026-06-10T13:05:30.967Z,2026-06-10T13:06:49.576Z,,,,,"[300, 60]","[300, 60]",,,,
stu_1780967494964_3113,test_1781091763213_4cfhvjq,decompose_number,0,2,decompose_number|attempt=0|log=2|98571ba23f,number_sense,1.0,number_decomposition,,Decomposition,Decomposition,Visual,0,83527,fast,0,IncorrectValues,3.0,medium,,,2026-06-10T13:05:30.967Z,2026-06-10T13:06:49.576Z,,,,,"[800, 70, 8]","[800, 70, 7]",,,,
stu_1780967494964_3113,test_1781091763213_4cfhvjq,decompose_number,0,3,decompose_number|attempt=0|log=3|2a0415b556,number_sense,1.0,number_decomposition,,Decomposition,Decomposition,Visual,1,78609,fast,0,,3.0,medium,,,2026-06-10T13:05:30.967Z,2026-06-10T13:06:49.576Z,,,,,"[200, 2]","[200, 2]",,,,
stu_1780967494964_3113,test_1781091763213_4cfhvjq,find_previous_next_number,0,0,find_previous_next_number|attempt=0|log=0|9a858bfc06,sequential_thinking,1.0,previous_next_number,,PreviousAndNext,Sequence,Horizontal,1,46989,fast,0,,3.0,medium,430-439,,2026-06-10T11:46:44.107Z,2026-06-10T11:47:14.296Z,434,,,,"[433, 435]","[433, 435]",,,,
stu_1780967494964_3113,test_1781091763213_4cfhvjq,find_previous_next_number,0,1,find_previous_next_number|attempt=0|log=1|f54a592b51,sequential_thinking,1.0,previous_next_number,,PreviousAndNext,Sequence,Horizontal,1,30188,fast,0,,3.0,medium,240-249,,2026-06-10T11:46:44.107Z,2026-06-10T11:47:14.296Z,245,,,,"[244, 246]","[244, 246]",,,,
stu_1780967494964_3113,test_1781091763213_4cfhvjq,identify_place_value,0,0,identify_place_value|attempt=0|log=0|25f3f4a4ab,number_sense,1.0,place_value_identification,,PlaceValue,PlaceValue,Visual,1,15693,fast,0,,3.0,medium,,,2026-06-10T11:52:49.447Z,2026-06-10T11:53:08.409Z,,,,,"{""pos_0"": 3, ""pos_1"": 2, ""pos_2"": 9}","{""pos_0"": ""3"", ""pos_1"": ""2"", ""pos_2"": ""9""}",,,,
stu_1780967494964_3113,test_1781091763213_4cfhvjq,identify_place_value,0,1,identify_place_value|attempt=0|log=1|5ca2981bb1,number_sense,1.0,place_value_identification,,PlaceValue,PlaceValue,Visual,1,12352,fast,0,,3.0,medium,,,2026-06-10T11:52:49.447Z,2026-06-10T11:53:08.409Z,,,,,"{""pos_0"": 7, ""pos_1"": 0, ""pos_2"": 0}","{""pos_0"": ""7"", ""pos_1"": ""0"", ""pos_2"": ""0""}",,,,
stu_1780967494964_3113,test_1781091763213_4cfhvjq,identify_place_value,0,2,identify_place_value|attempt=0|log=2|901aa0dc6a,number_sense,1.0,place_value_identification,,PlaceValue,PlaceValue,Visual,1,18961,fast,0,,3.0,medium,,,2026-06-10T11:52:49.447Z,2026-06-10T11:53:08.409Z,,,,,"{""pos_0"": 2, ""pos_1"": 6, ""pos_2"": 0}","{""pos_0"": ""2"", ""pos_1"": ""6"", ""pos_2"": ""0""}",,,,
stu_1780967494964_3113,test_1781091763213_4cfhvjq,order_numbers,0,0,order_numbers|attempt=0|log=0|3bd9d2dbbc,sequential_thinking,1.0,number_ordering,,Ordering_desc,Ordering,Visual,1,40055,fast,0,,3.0,medium,,2.0,2026-06-10T12:59:50.053Z,2026-06-10T13:02:46.702Z,,,,,,,,desc,,
stu_1780967494964_3113,test_1781091763213_4cfhvjq,order_numbers,0,1,order_numbers|attempt=0|log=1|062655648e,sequential_thinking,1.0,number_ordering,,Ordering_desc,Ordering,Visual,1,111524,fast,0,,3.0,medium,,5.0,2026-06-10T12:59:50.053Z,2026-06-10T13:02:46.702Z,,,,,,,,desc,,
stu_1780967494964_3113,test_1781091763213_4cfhvjq,order_numbers,0,2,order_numbers|attempt=0|log=2|da9c171504,sequential_thinking,1.0,number_ordering,,Ordering_desc,Ordering,Visual,1,25068,fast,0,,3.0,medium,,3.0,2026-06-10T12:59:50.053Z,2026-06-10T13:02:46.702Z,,,,,,,,desc,,
stu_1780967494964_3113,test_1781091763213_4cfhvjq,tap_matching_pairs,0,0,tap_matching_pairs|attempt=0|log=0|9767bdd2ef,visual_matching,1.0,number_word_matching,,MatchingPairs,VisualMatching,Visual,1,22657,fast,0,,,,,,2026-06-10T11:43:55.937Z,2026-06-10T11:45:56.847Z,,,,,,,,,,
stu_1780967494964_3113,test_1781091763213_4cfhvjq,tap_matching_pairs,0,1,tap_matching_pairs|attempt=0|log=1|9767bdd2ef,visual_matching,1.0,number_word_matching,,MatchingPairs,VisualMatching,Visual,1,29653,fast,0,,,,,,2026-06-10T11:43:55.937Z,2026-06-10T11:45:56.847Z,,,,,,,,,,
stu_1780967494964_3113,test_1781091763213_4cfhvjq,tap_matching_pairs,0,2,tap_matching_pairs|attempt=0|log=2|9767bdd2ef,visual_matching,1.0,number_word_matching,,MatchingPairs,VisualMatching,Visual,1,32683,fast,0,,,,,,2026-06-10T11:43:55.937Z,2026-06-10T11:45:56.847Z,,,,,,,,,,
stu_1780967494964_3113,test_1781091763213_4cfhvjq,tap_matching_pairs,0,3,tap_matching_pairs|attempt=0|log=3|9767bdd2ef,visual_matching,1.0,number_word_matching,,MatchingPairs,VisualMatching,Visual,1,38866,fast,0,,,,,,2026-06-10T11:43:55.937Z,2026-06-10T11:45:56.847Z,,,,,,,,,,
stu_1780967494964_3113,test_1781091763213_4cfhvjq,tap_matching_pairs,0,4,tap_matching_pairs|attempt=0|log=4|9767bdd2ef,visual_matching,1.0,number_word_matching,,MatchingPairs,VisualMatching,Visual,1,64112,medium,0,,,,,,2026-06-10T11:43:55.937Z,2026-06-10T11:45:56.847Z,,,,,,,,,,
stu_1780967494964_3113,test_1781091763213_4cfhvjq,tap_matching_pairs,0,5,tap_matching_pairs|attempt=0|log=5|9767bdd2ef,visual_matching,1.0,number_word_matching,,MatchingPairs,VisualMatching,Visual,1,111328,medium,0,,,,,,2026-06-10T11:43:55.937Z,2026-06-10T11:45:56.847Z,,,,,,,,,,
stu_1780967494964_3113,test_1781091763213_4cfhvjq,tap_matching_pairs,0,6,tap_matching_pairs|attempt=0|log=6|9767bdd2ef,visual_matching,1.0,number_word_matching,,MatchingPairs,VisualMatching,Visual,1,117887,medium,0,,,,,,2026-06-10T11:43:55.937Z,2026-06-10T11:45:56.847Z,,,,,,,,,,
stu_1780967494964_3113,test_1781091763213_4cfhvjq,tap_matching_pairs,0,7,tap_matching_pairs|attempt=0|log=7|9767bdd2ef,visual_matching,1.0,number_word_matching,,MatchingPairs,VisualMatching,Visual,1,120399,slow,1,,,,,,2026-06-10T11:43:55.937Z,2026-06-10T11:45:56.847Z,,,,,,,,,,
stu_1780967494964_3113,test_1781091763213_4cfhvjq,vertical_operations,0,0,vertical_operations|attempt=0|log=0|6cef399fee,arithmetic_fluency,1.0,vertical_operation_fluency,Subtraction,SimpleSubtraction,VerticalOperation,Vertical,1,25314,fast,0,,2.0,easy,,,2026-06-10T11:56:42.876Z,2026-06-10T11:57:40.814Z,65 Subtraction 52,,13,13,,,,,,
stu_1780967494964_3113,test_1781091763213_4cfhvjq,vertical_operations,0,1,vertical_operations|attempt=0|log=1|1641f8f452,arithmetic_fluency,1.0,vertical_operation_fluency,Addition,AdditionWithCarry,VerticalOperation,Vertical,1,32624,fast,0,,2.0,easy,,,2026-06-10T11:56:42.876Z,2026-06-10T11:57:40.814Z,32 Addition 9,,41,41,,,,,,
stu_1780967494964_3113,test_1781091763213_4cfhvjq,write_number_in_letters,0,0,write_number_in_letters|attempt=0|log=0|da8289e2f0,number_sense,1.0,number_writing,,WrittenNumberProduction,NumberWriting,Mixed,1,35800,fast,0,,3.0,medium,,,2026-06-10T13:08:56.135Z,2026-06-10T13:09:17.783Z,,,,,"[""\u0633\u062a\u0645\u0626\u0629"", ""\u0648"", ""\u0627\u062b\u0646\u0627\u0646"", ""\u0648"", ""\u062b\u0645\u0627\u0646\u0648\u0646""]","[""\u0633\u062a\u0645\u0626\u0629"", ""\u0648"", ""\u0627\u062b\u0646\u0627\u0646"", ""\u0648"", ""\u062b\u0645\u0627\u0646\u0648\u0646""]",,,,
stu_1780967494964_3113,test_1781091763213_4cfhvjq,write_number_in_letters,0,1,write_number_in_letters|attempt=0|log=1|191e92f7cf,number_sense,1.0,number_writing,,WrittenNumberProduction,NumberWriting,Mixed,1,16041,fast,0,,3.0,medium,,,2026-06-10T13:08:56.135Z,2026-06-10T13:09:17.783Z,,,,,"[""\u062a\u0633\u0639\u0645\u0626\u0629"", ""\u0648"", ""\u062a\u0633\u0639\u0648\u0646""]","[""\u062a\u0633\u0639\u0645\u0626\u0629"", ""\u0648"", ""\u062a\u0633\u0639\u0648\u0646""]",,,,
stu_1780967494964_3113,test_1781091763213_4cfhvjq,write_number_in_letters,0,2,write_number_in_letters|attempt=0|log=2|3cf225ae10,number_sense,1.0,number_writing,,WrittenNumberProduction,NumberWriting,Mixed,1,36270,fast,0,,3.0,medium,,,2026-06-10T13:08:56.135Z,2026-06-10T13:09:17.783Z,,,,,"[""\u062b\u0645\u0627\u0646\u0645\u0626\u0629"", ""\u0648"", ""\u0623\u0631\u0628\u0639\u0629"", ""\u0648"", ""\u062b\u0644\u0627\u062b\u0648\u0646""]","[""\u062b\u0645\u0627\u0646\u0645\u0626\u0629"", ""\u0648"", ""\u0623\u0631\u0628\u0639\u0629"", ""\u0648"", ""\u062b\u0644\u0627\u062b\u0648\u0646""]",,,,
stu_1780967494964_3113,test_1781091763213_4cfhvjq,write_number_in_letters,0,3,write_number_in_letters|attempt=0|log=3|74ffec6eba,number_sense,1.0,number_writing,,WrittenNumberProduction,NumberWriting,Mixed,1,21648,fast,0,,3.0,medium,,,2026-06-10T13:08:56.135Z,2026-06-10T13:09:17.783Z,,,,,"[""\u0633\u0628\u0639\u0645\u0626\u0629"", ""\u0648"", ""\u062e\u0645\u0633\u0648\u0646""]","[""\u0633\u0628\u0639\u0645\u0626\u0629"", ""\u0648"", ""\u062e\u0645\u0633\u0648\u0646""]",,,,
stu_1780967494964_3113,test_1781093235410_7hlnif4,read_number_aloud,0,0,read_number_aloud|attempt=0|log=0|0e386ecc9a,number_sense,1.0,oral_number_reading,,ReadNumberAloud,OralReading,Audio,0,28242,slow,1,SpeechNumberReadingError,3.0,medium,,,2026-06-10T12:18:30.894Z,2026-06-10T12:20:12.865Z,299,,,,,,,,,
stu_1780967494964_3113,test_1781093235410_7hlnif4,read_number_aloud,0,1,read_number_aloud|attempt=0|log=1|a3f3169939,number_sense,1.0,oral_number_reading,,ReadNumberAloud,OralReading,Audio,1,17723,medium,0,,3.0,medium,,,2026-06-10T12:18:30.894Z,2026-06-10T12:20:12.865Z,882,,,,,,,,,
stu_1780967494964_3113,test_1781093235410_7hlnif4,read_number_aloud,0,2,read_number_aloud|attempt=0|log=2|142d31ec7b,number_sense,1.0,oral_number_reading,,ReadNumberAloud,OralReading,Audio,1,10845,medium,0,,3.0,medium,,,2026-06-10T12:18:30.894Z,2026-06-10T12:20:12.865Z,763,,,,,,,,,
stu_1780967494964_3113,test_1781093235410_7hlnif4,read_number_aloud,0,3,read_number_aloud|attempt=0|log=3|d1c82b9108,number_sense,1.0,oral_number_reading,,ReadNumberAloud,OralReading,Audio,0,19163,medium,0,SpeechNumberReadingError,3.0,medium,,,2026-06-10T12:18:30.894Z,2026-06-10T12:20:12.865Z,146,,,,,,,,,
stu_1780967494964_3113,test_1781093235410_7hlnif4,read_number_aloud,0,4,read_number_aloud|attempt=0|log=4|770e14b08f,number_sense,1.0,oral_number_reading,,ReadNumberAloud,OralReading,Audio,0,25998,slow,1,SpeechNumberReadingError,3.0,medium,,,2026-06-10T12:18:30.894Z,2026-06-10T12:20:12.865Z,809,,,,,,,,,
stu_1780967494964_3113,test_1781093235410_7hlnif4,vertical_operations,0,0,vertical_operations|attempt=0|log=0|f81e377a20,arithmetic_fluency,1.0,vertical_operation_fluency,Subtraction,SubtractionWithBorrow,VerticalOperation,Vertical,1,51513,fast,0,,2.0,easy,,,2026-06-10T12:20:12.980Z,2026-06-10T12:21:13.363Z,61 Subtraction 25,,36,36,,,,,,
stu_1780967494964_3113,test_1781093235410_7hlnif4,vertical_operations,0,1,vertical_operations|attempt=0|log=1|07f512ee2e,arithmetic_fluency,1.0,vertical_operation_fluency,Addition,SimpleAddition,VerticalOperation,Vertical,1,8870,fast,0,,2.0,easy,,,2026-06-10T12:20:12.980Z,2026-06-10T12:21:13.363Z,12 Addition 25,,37,37,,,,,,
stu_1780967494964_3113,test_1781094588909_etc7w2i,choose_answer,0,0,choose_answer|attempt=0|log=0|b6563b1ee5,arithmetic_fluency,0.6,operation_identification_from_context,Addition,OneStepProblem,WordProblem,Horizontal,1,8216,fast,0,,1.0,very-easy,,,2026-06-10T12:40:02.042Z,2026-06-10T12:40:21.274Z,لديك 6 درهم ومنحك والده 6 درهما. كم أصبح لديك من درهم؟,6 + 6,,,,,,,Addition,Addition
stu_1780967494964_3113,test_1781094588909_etc7w2i,choose_answer,0,0,choose_answer|attempt=0|log=0|b6563b1ee5,number_sense,0.2,operation_identification_from_context,Addition,OneStepProblem,WordProblem,Horizontal,1,8216,fast,0,,1.0,very-easy,,,2026-06-10T12:40:02.042Z,2026-06-10T12:40:21.274Z,لديك 6 درهم ومنحك والده 6 درهما. كم أصبح لديك من درهم؟,6 + 6,,,,,,,Addition,Addition
stu_1780967494964_3113,test_1781094588909_etc7w2i,choose_answer,0,0,choose_answer|attempt=0|log=0|b6563b1ee5,sequential_thinking,0.2,operation_identification_from_context,Addition,OneStepProblem,WordProblem,Horizontal,1,8216,fast,0,,1.0,very-easy,,,2026-06-10T12:40:02.042Z,2026-06-10T12:40:21.274Z,لديك 6 درهم ومنحك والده 6 درهما. كم أصبح لديك من درهم؟,6 + 6,,,,,,,Addition,Addition
stu_1780967494964_3113,test_1781094588909_etc7w2i,choose_answer,0,1,choose_answer|attempt=0|log=1|0ea6351aa9,arithmetic_fluency,0.6,operation_identification_from_context,Addition,OneStepProblem,WordProblem,Horizontal,1,6916,fast,0,,2.0,easy,,,2026-06-10T12:40:02.042Z,2026-06-10T12:40:21.274Z,تملك سلوى 30 درهما ومنحها أبوها 20 درهما. كم أصبح لدى سلوى من درهم؟,30 + 20,,,,,,,Addition,Addition
stu_1780967494964_3113,test_1781094588909_etc7w2i,choose_answer,0,1,choose_answer|attempt=0|log=1|0ea6351aa9,number_sense,0.2,operation_identification_from_context,Addition,OneStepProblem,WordProblem,Horizontal,1,6916,fast,0,,2.0,easy,,,2026-06-10T12:40:02.042Z,2026-06-10T12:40:21.274Z,تملك سلوى 30 درهما ومنحها أبوها 20 درهما. كم أصبح لدى سلوى من درهم؟,30 + 20,,,,,,,Addition,Addition
stu_1780967494964_3113,test_1781094588909_etc7w2i,choose_answer,0,1,choose_answer|attempt=0|log=1|0ea6351aa9,sequential_thinking,0.2,operation_identification_from_context,Addition,OneStepProblem,WordProblem,Horizontal,1,6916,fast,0,,2.0,easy,,,2026-06-10T12:40:02.042Z,2026-06-10T12:40:21.274Z,تملك سلوى 30 درهما ومنحها أبوها 20 درهما. كم أصبح لدى سلوى من درهم؟,30 + 20,,,,,,,Addition,Addition
stu_1780967494964_3113,test_1781094588909_etc7w2i,choose_answer,0,2,choose_answer|attempt=0|log=2|115db01eb5,arithmetic_fluency,0.6,operation_identification_from_context,Addition,OneStepProblem,WordProblem,Horizontal,1,4100,fast,0,,2.0,easy,,,2026-06-10T12:40:02.042Z,2026-06-10T12:40:21.274Z,لديك 34 درهم ومنحك والده 45 درهما. كم أصبح لديك من درهم؟,34 + 45,,,,,,,Addition,Addition
stu_1780967494964_3113,test_1781094588909_etc7w2i,choose_answer,0,2,choose_answer|attempt=0|log=2|115db01eb5,number_sense,0.2,operation_identification_from_context,Addition,OneStepProblem,WordProblem,Horizontal,1,4100,fast,0,,2.0,easy,,,2026-06-10T12:40:02.042Z,2026-06-10T12:40:21.274Z,لديك 34 درهم ومنحك والده 45 درهما. كم أصبح لديك من درهم؟,34 + 45,,,,,,,Addition,Addition
stu_1780967494964_3113,test_1781094588909_etc7w2i,choose_answer,0,2,choose_answer|attempt=0|log=2|115db01eb5,sequential_thinking,0.2,operation_identification_from_context,Addition,OneStepProblem,WordProblem,Horizontal,1,4100,fast,0,,2.0,easy,,,2026-06-10T12:40:02.042Z,2026-06-10T12:40:21.274Z,لديك 34 درهم ومنحك والده 45 درهما. كم أصبح لديك من درهم؟,34 + 45,,,,,,,Addition,Addition
stu_1780967494964_3113,test_1781094588909_etc7w2i,find_previous_next_number,0,0,find_previous_next_number|attempt=0|log=0|df11b48606,sequential_thinking,1.0,previous_next_number,,PreviousAndNext,Sequence,Horizontal,1,99499,medium,0,,3.0,medium,860-869,,2026-06-10T12:33:43.279Z,2026-06-10T12:34:18.474Z,865,,,,"[864, 866]","[864, 866]",,,,
stu_1780967494964_3113,test_1781094588909_etc7w2i,find_previous_next_number,0,1,find_previous_next_number|attempt=0|log=1|16f90f6de8,sequential_thinking,1.0,previous_next_number,,PreviousAndNext,Sequence,Horizontal,1,35194,fast,0,,3.0,medium,810-819,,2026-06-10T12:33:43.279Z,2026-06-10T12:34:18.474Z,814,,,,"[813, 815]","[813, 815]",,,,
stu_1780967494964_3113,test_1781094588909_etc7w2i,identify_place_value,0,0,identify_place_value|attempt=0|log=0|d44eb802a1,number_sense,1.0,place_value_identification,,PlaceValue,PlaceValue,Visual,0,32637,fast,0,PlaceValueMisidentification,3.0,medium,,,2026-06-10T12:38:15.922Z,2026-06-10T12:38:26.660Z,,,,,"{""pos_0"": 7, ""pos_1"": 1, ""pos_2"": 6}","{""pos_0"": ""6"", ""pos_1"": ""1"", ""pos_2"": ""7""}",,,,
stu_1780967494964_3113,test_1781094588909_etc7w2i,identify_place_value,0,1,identify_place_value|attempt=0|log=1|d35d7250bf,number_sense,1.0,place_value_identification,,PlaceValue,PlaceValue,Visual,1,43087,fast,0,,3.0,medium,,,2026-06-10T12:38:15.922Z,2026-06-10T12:38:26.660Z,,,,,"{""pos_0"": 8, ""pos_1"": 5, ""pos_2"": 9}","{""pos_0"": ""8"", ""pos_1"": ""5"", ""pos_2"": ""9""}",,,,
stu_1780967494964_3113,test_1781094588909_etc7w2i,identify_place_value,0,2,identify_place_value|attempt=0|log=2|0ab1fded35,number_sense,1.0,place_value_identification,,PlaceValue,PlaceValue,Visual,1,10738,fast,0,,3.0,medium,,,2026-06-10T12:38:15.922Z,2026-06-10T12:38:26.660Z,,,,,"{""pos_0"": 3, ""pos_1"": 1, ""pos_2"": 3}","{""pos_0"": ""3"", ""pos_1"": ""1"", ""pos_2"": ""3""}",,,,
stu_1780967494964_3113,test_1781094588909_etc7w2i,identify_place_value,1,0,identify_place_value|attempt=1|log=0|6a2a38d500,number_sense,1.0,place_value_identification,,PlaceValue,PlaceValue,Visual,1,8681,fast,0,,2.0,easy,,,2026-06-10T12:38:52.066Z,2026-06-10T12:40:01.932Z,,,,,"{""pos_0"": 3, ""pos_1"": 3}","{""pos_0"": ""3"", ""pos_1"": ""3""}",,,,
stu_1780967494964_3113,test_1781094588909_etc7w2i,identify_place_value,1,1,identify_place_value|attempt=1|log=1|aeecd2f44c,number_sense,1.0,place_value_identification,,PlaceValue,PlaceValue,Visual,1,16606,fast,0,,2.0,easy,,,2026-06-10T12:38:52.066Z,2026-06-10T12:40:01.932Z,,,,,"{""pos_0"": 8, ""pos_1"": 9}","{""pos_0"": ""8"", ""pos_1"": ""9""}",,,,
stu_1780967494964_3113,test_1781094588909_etc7w2i,identify_place_value,1,2,identify_place_value|attempt=1|log=2|b4166c1f24,number_sense,1.0,place_value_identification,,PlaceValue,PlaceValue,Visual,1,69866,fast,0,,2.0,easy,,,2026-06-10T12:38:52.066Z,2026-06-10T12:40:01.932Z,,,,,"{""pos_0"": 7, ""pos_1"": 1}","{""pos_0"": ""7"", ""pos_1"": ""1""}",,,,
stu_1780967494964_3113,test_1781094588909_etc7w2i,order_numbers,0,0,order_numbers|attempt=0|log=0|f5a73f572e,sequential_thinking,1.0,number_ordering,,Ordering_desc,Ordering,Visual,1,85895,fast,0,,3.0,medium,,3.0,2026-06-10T12:34:18.588Z,2026-06-10T12:37:00.083Z,,,,,,,,desc,,
stu_1780967494964_3113,test_1781094588909_etc7w2i,order_numbers,0,1,order_numbers|attempt=0|log=1|3b42a81ef5,sequential_thinking,1.0,number_ordering,,Ordering_desc,Ordering,Visual,1,21288,fast,0,,3.0,medium,,2.0,2026-06-10T12:34:18.588Z,2026-06-10T12:37:00.083Z,,,,,,,,desc,,
stu_1780967494964_3113,test_1781094588909_etc7w2i,order_numbers,0,2,order_numbers|attempt=0|log=2|d8bd008be9,sequential_thinking,1.0,number_ordering,,Ordering_desc,Ordering,Visual,1,54311,fast,0,,3.0,medium,,4.0,2026-06-10T12:34:18.588Z,2026-06-10T12:37:00.083Z,,,,,,,,desc,,
stu_1780967494964_3113,test_1781094588909_etc7w2i,tap_matching_pairs,0,0,tap_matching_pairs|attempt=0|log=0|9767bdd2ef,visual_matching,1.0,number_word_matching,,MatchingPairs,VisualMatching,Visual,1,21629,fast,0,,,,,,2026-06-10T12:30:59.197Z,2026-06-10T12:32:03.617Z,,,,,,,,,,
stu_1780967494964_3113,test_1781094588909_etc7w2i,tap_matching_pairs,0,1,tap_matching_pairs|attempt=0|log=1|9767bdd2ef,visual_matching,1.0,number_word_matching,,MatchingPairs,VisualMatching,Visual,1,23672,fast,0,,,,,,2026-06-10T12:30:59.197Z,2026-06-10T12:32:03.617Z,,,,,,,,,,
stu_1780967494964_3113,test_1781094588909_etc7w2i,tap_matching_pairs,0,2,tap_matching_pairs|attempt=0|log=2|9767bdd2ef,visual_matching,1.0,number_word_matching,,MatchingPairs,VisualMatching,Visual,1,34695,fast,0,,,,,,2026-06-10T12:30:59.197Z,2026-06-10T12:32:03.617Z,,,,,,,,,,
stu_1780967494964_3113,test_1781094588909_etc7w2i,tap_matching_pairs,0,3,tap_matching_pairs|attempt=0|log=3|9767bdd2ef,visual_matching,1.0,number_word_matching,,MatchingPairs,VisualMatching,Visual,1,37647,fast,0,,,,,,2026-06-10T12:30:59.197Z,2026-06-10T12:32:03.617Z,,,,,,,,,,
stu_1780967494964_3113,test_1781094588909_etc7w2i,tap_matching_pairs,0,4,tap_matching_pairs|attempt=0|log=4|9767bdd2ef,visual_matching,1.0,number_word_matching,,MatchingPairs,VisualMatching,Visual,1,43606,fast,0,,,,,,2026-06-10T12:30:59.197Z,2026-06-10T12:32:03.617Z,,,,,,,,,,
stu_1780967494964_3113,test_1781094588909_etc7w2i,tap_matching_pairs,0,5,tap_matching_pairs|attempt=0|log=5|9767bdd2ef,visual_matching,1.0,number_word_matching,,MatchingPairs,VisualMatching,Visual,1,47599,fast,0,,,,,,2026-06-10T12:30:59.197Z,2026-06-10T12:32:03.617Z,,,,,,,,,,
stu_1780967494964_3113,test_1781094588909_etc7w2i,tap_matching_pairs,0,6,tap_matching_pairs|attempt=0|log=6|9767bdd2ef,visual_matching,1.0,number_word_matching,,MatchingPairs,VisualMatching,Visual,1,56621,fast,0,,,,,,2026-06-10T12:30:59.197Z,2026-06-10T12:32:03.617Z,,,,,,,,,,
stu_1780967494964_3113,test_1781094588909_etc7w2i,tap_matching_pairs,0,7,tap_matching_pairs|attempt=0|log=7|9767bdd2ef,visual_matching,1.0,number_word_matching,,MatchingPairs,VisualMatching,Visual,1,63918,medium,0,,,,,,2026-06-10T12:30:59.197Z,2026-06-10T12:32:03.617Z,,,,,,,,,,
stu_1780967494964_3113,test_1781094588909_etc7w2i,vertical_operations,0,0,vertical_operations|attempt=0|log=0|df44edf4c9,arithmetic_fluency,1.0,vertical_operation_fluency,Subtraction,SimpleSubtraction,VerticalOperation,Vertical,1,18266,fast,0,,2.0,easy,,,2026-06-10T12:40:21.386Z,2026-06-10T12:42:14.171Z,47 Subtraction 34,,13,13,,,,,,
stu_1780967494964_3113,test_1781094588909_etc7w2i,vertical_operations,0,1,vertical_operations|attempt=0|log=1|6873429c78,arithmetic_fluency,1.0,vertical_operation_fluency,Addition,SimpleAddition,VerticalOperation,Vertical,1,11616,fast,0,,2.0,easy,,,2026-06-10T12:40:21.386Z,2026-06-10T12:42:14.171Z,15 Addition 4,,19,19,,,,,,
stu_1780967494964_3113,test_1781094588909_etc7w2i,vertical_operations,0,2,vertical_operations|attempt=0|log=2|11cffc7b27,arithmetic_fluency,1.0,vertical_operation_fluency,Subtraction,SubtractionWithBorrow,VerticalOperation,Vertical,1,50207,fast,0,,2.0,easy,,,2026-06-10T12:40:21.386Z,2026-06-10T12:42:14.171Z,41 Subtraction 36,,5,5,,,,,,
stu_1780967494964_3113,test_1781094588909_etc7w2i,vertical_operations,0,3,vertical_operations|attempt=0|log=3|656dedef5d,arithmetic_fluency,1.0,vertical_operation_fluency,Addition,SimpleAddition,VerticalOperation,Vertical,1,32696,fast,0,,2.0,easy,,,2026-06-10T12:40:21.386Z,2026-06-10T12:42:14.171Z,52 Addition 26,,78,78,,,,,,
stu_1780967760765_5855,test_1781051031467_d8q3s6i,choose_answer,0,0,choose_answer|attempt=0|log=0|0ea6351aa9,arithmetic_fluency,0.6,operation_identification_from_context,Addition,OneStepProblem,WordProblem,Horizontal,1,2644,fast,0,,2.0,easy,,,2026-06-10T11:35:22.067Z,2026-06-10T11:35:55.370Z,تملك سلوى 30 درهما ومنحها أبوها 20 درهما. كم أصبح لدى سلوى من درهم؟,30 + 20,,,,,,,Addition,Addition
stu_1780967760765_5855,test_1781051031467_d8q3s6i,choose_answer,0,0,choose_answer|attempt=0|log=0|0ea6351aa9,number_sense,0.2,operation_identification_from_context,Addition,OneStepProblem,WordProblem,Horizontal,1,2644,fast,0,,2.0,easy,,,2026-06-10T11:35:22.067Z,2026-06-10T11:35:55.370Z,تملك سلوى 30 درهما ومنحها أبوها 20 درهما. كم أصبح لدى سلوى من درهم؟,30 + 20,,,,,,,Addition,Addition
stu_1780967760765_5855,test_1781051031467_d8q3s6i,choose_answer,0,0,choose_answer|attempt=0|log=0|0ea6351aa9,sequential_thinking,0.2,operation_identification_from_context,Addition,OneStepProblem,WordProblem,Horizontal,1,2644,fast,0,,2.0,easy,,,2026-06-10T11:35:22.067Z,2026-06-10T11:35:55.370Z,تملك سلوى 30 درهما ومنحها أبوها 20 درهما. كم أصبح لدى سلوى من درهم؟,30 + 20,,,,,,,Addition,Addition
stu_1780967760765_5855,test_1781051031467_d8q3s6i,choose_answer,0,1,choose_answer|attempt=0|log=1|14e7294282,arithmetic_fluency,0.6,operation_identification_from_context,Subtraction,OneStepProblem,WordProblem,Horizontal,0,17011,medium,0,ComputationError,2.0,easy,,,2026-06-10T11:35:22.067Z,2026-06-10T11:35:55.370Z,كان لديك 59 تفاحة وأكلت 2. كم بقي؟,2 - 59,,,,,,,Subtraction,Subtraction
stu_1780967760765_5855,test_1781051031467_d8q3s6i,choose_answer,0,1,choose_answer|attempt=0|log=1|14e7294282,number_sense,0.2,operation_identification_from_context,Subtraction,OneStepProblem,WordProblem,Horizontal,0,17011,medium,0,ComputationError,2.0,easy,,,2026-06-10T11:35:22.067Z,2026-06-10T11:35:55.370Z,كان لديك 59 تفاحة وأكلت 2. كم بقي؟,2 - 59,,,,,,,Subtraction,Subtraction
stu_1780967760765_5855,test_1781051031467_d8q3s6i,choose_answer,0,1,choose_answer|attempt=0|log=1|14e7294282,sequential_thinking,0.2,operation_identification_from_context,Subtraction,OneStepProblem,WordProblem,Horizontal,0,17011,medium,0,ComputationError,2.0,easy,,,2026-06-10T11:35:22.067Z,2026-06-10T11:35:55.370Z,كان لديك 59 تفاحة وأكلت 2. كم بقي؟,2 - 59,,,,,,,Subtraction,Subtraction
stu_1780967760765_5855,test_1781051031467_d8q3s6i,choose_answer,0,2,choose_answer|attempt=0|log=2|b98c7cc85f,arithmetic_fluency,0.6,operation_identification_from_context,Subtraction,OneStepProblem,WordProblem,Horizontal,1,13643,medium,0,,2.0,easy,,,2026-06-10T11:35:22.067Z,2026-06-10T11:35:55.370Z,لدى أحمد 68 درهما، وأعطى 29 درهما لصديقه. كم تبقى لديه؟,68 - 29,,,,,,,Subtraction,Subtraction
stu_1780967760765_5855,test_1781051031467_d8q3s6i,choose_answer,0,2,choose_answer|attempt=0|log=2|b98c7cc85f,number_sense,0.2,operation_identification_from_context,Subtraction,OneStepProblem,WordProblem,Horizontal,1,13643,medium,0,,2.0,easy,,,2026-06-10T11:35:22.067Z,2026-06-10T11:35:55.370Z,لدى أحمد 68 درهما، وأعطى 29 درهما لصديقه. كم تبقى لديه؟,68 - 29,,,,,,,Subtraction,Subtraction
stu_1780967760765_5855,test_1781051031467_d8q3s6i,choose_answer,0,2,choose_answer|attempt=0|log=2|b98c7cc85f,sequential_thinking,0.2,operation_identification_from_context,Subtraction,OneStepProblem,WordProblem,Horizontal,1,13643,medium,0,,2.0,easy,,,2026-06-10T11:35:22.067Z,2026-06-10T11:35:55.370Z,لدى أحمد 68 درهما، وأعطى 29 درهما لصديقه. كم تبقى لديه؟,68 - 29,,,,,,,Subtraction,Subtraction
stu_1780967760765_5855,test_1781051031467_d8q3s6i,compare_numbers,0,0,compare_numbers|attempt=0|log=0|4277cb52d3,comparison_skill,1.0,number_comparison,,Greater,Comparison,Horizontal,1,4438,fast,0,,3.0,medium,,,2026-06-10T11:32:19.920Z,2026-06-10T11:32:29.577Z,,,,,,,Greater,,,
stu_1780967760765_5855,test_1781051031467_d8q3s6i,compare_numbers,0,1,compare_numbers|attempt=0|log=1|051d1d0a60,comparison_skill,1.0,number_comparison,,Less,Comparison,Horizontal,1,2419,fast,0,,3.0,medium,,,2026-06-10T11:32:19.920Z,2026-06-10T11:32:29.577Z,,,,,,,Less,,,
stu_1780967760765_5855,test_1781051031467_d8q3s6i,compare_numbers,0,2,compare_numbers|attempt=0|log=2|b0f67464eb,comparison_skill,1.0,number_comparison,,Equal,Comparison,Horizontal,1,2712,fast,0,,3.0,medium,,,2026-06-10T11:32:19.920Z,2026-06-10T11:32:29.577Z,,,,,,,Equal,,,
stu_1780967760765_5855,test_1781051031467_d8q3s6i,find_previous_next_number,0,0,find_previous_next_number|attempt=0|log=0|62fc5d78f2,sequential_thinking,1.0,previous_next_number,,PreviousAndNext,Sequence,Horizontal,1,22848,fast,0,,3.0,medium,690-699,,2026-06-10T11:30:40.224Z,2026-06-10T11:31:47.083Z,694,,,,"[693, 695]","[693, 695]",,,,
stu_1780967760765_5855,test_1781051031467_d8q3s6i,find_previous_next_number,0,1,find_previous_next_number|attempt=0|log=1|fd62e341df,sequential_thinking,1.0,previous_next_number,,PreviousAndNext,Sequence,Horizontal,0,38410,fast,0,MissingNext,3.0,medium,320-329,,2026-06-10T11:30:40.224Z,2026-06-10T11:31:47.083Z,329,,,,"[328, 330]","[328, 321]",,,,
stu_1780967760765_5855,test_1781051031467_d8q3s6i,find_previous_next_number,0,2,find_previous_next_number|attempt=0|log=2|fd62e341df,sequential_thinking,1.0,previous_next_number,,PreviousAndNext,Sequence,Horizontal,0,40141,fast,0,MissingNext,3.0,medium,320-329,,2026-06-10T11:30:40.224Z,2026-06-10T11:31:47.083Z,329,,,,"[328, 330]","[328, 321]",,,,
stu_1780967760765_5855,test_1781051031467_d8q3s6i,find_previous_next_number,0,3,find_previous_next_number|attempt=0|log=3|fd62e341df,sequential_thinking,1.0,previous_next_number,,PreviousAndNext,Sequence,Horizontal,0,40696,fast,0,MissingNext,3.0,medium,320-329,,2026-06-10T11:30:40.224Z,2026-06-10T11:31:47.083Z,329,,,,"[328, 330]","[328, 321]",,,,
stu_1780967760765_5855,test_1781051031467_d8q3s6i,find_previous_next_number,0,4,find_previous_next_number|attempt=0|log=4|fd62e341df,sequential_thinking,1.0,previous_next_number,,PreviousAndNext,Sequence,Horizontal,0,46072,fast,0,MissingNext,3.0,medium,320-329,,2026-06-10T11:30:40.224Z,2026-06-10T11:31:47.083Z,329,,,,"[328, 330]","[328, 321]",,,,
stu_1780967760765_5855,test_1781051031467_d8q3s6i,find_previous_next_number,0,5,find_previous_next_number|attempt=0|log=5|fd62e341df,sequential_thinking,1.0,previous_next_number,,PreviousAndNext,Sequence,Horizontal,1,54153,fast,0,,3.0,medium,320-329,,2026-06-10T11:30:40.224Z,2026-06-10T11:31:47.083Z,329,,,,"[328, 330]","[328, 330]",,,,
stu_1780967760765_5855,test_1781051031467_d8q3s6i,find_previous_next_number,0,6,find_previous_next_number|attempt=0|log=6|fd62e341df,sequential_thinking,1.0,previous_next_number,,PreviousAndNext,Sequence,Horizontal,1,55825,fast,0,,3.0,medium,320-329,,2026-06-10T11:30:40.224Z,2026-06-10T11:31:47.083Z,329,,,,"[328, 330]","[328, 330]",,,,
stu_1780967760765_5855,test_1781051031467_d8q3s6i,find_previous_next_number,0,7,find_previous_next_number|attempt=0|log=7|fd62e341df,sequential_thinking,1.0,previous_next_number,,PreviousAndNext,Sequence,Horizontal,1,61001,medium,0,,3.0,medium,320-329,,2026-06-10T11:30:40.224Z,2026-06-10T11:31:47.083Z,329,,,,"[328, 330]","[328, 330]",,,,
stu_1780967760765_5855,test_1781051031467_d8q3s6i,find_previous_next_number,0,8,find_previous_next_number|attempt=0|log=8|fd62e341df,sequential_thinking,1.0,previous_next_number,,PreviousAndNext,Sequence,Horizontal,1,61399,medium,0,,3.0,medium,320-329,,2026-06-10T11:30:40.224Z,2026-06-10T11:31:47.083Z,329,,,,"[328, 330]","[328, 330]",,,,
stu_1780967760765_5855,test_1781051031467_d8q3s6i,find_previous_next_number,0,9,find_previous_next_number|attempt=0|log=9|fd62e341df,sequential_thinking,1.0,previous_next_number,,PreviousAndNext,Sequence,Horizontal,1,65986,medium,0,,3.0,medium,320-329,,2026-06-10T11:30:40.224Z,2026-06-10T11:31:47.083Z,329,,,,"[328, 330]","[328, 330]",,,,
stu_1780967760765_5855,test_1781051031467_d8q3s6i,find_previous_next_number,0,10,find_previous_next_number|attempt=0|log=10|fd62e341df,sequential_thinking,1.0,previous_next_number,,PreviousAndNext,Sequence,Horizontal,1,66851,medium,0,,3.0,medium,320-329,,2026-06-10T11:30:40.224Z,2026-06-10T11:31:47.083Z,329,,,,"[328, 330]","[328, 330]",,,,
stu_1780967760765_5855,test_1781051031467_d8q3s6i,identify_place_value,0,0,identify_place_value|attempt=0|log=0|fff533fba2,number_sense,1.0,place_value_identification,,PlaceValue,PlaceValue,Visual,1,21928,fast,0,,3.0,medium,,,2026-06-10T11:33:43.920Z,2026-06-10T11:34:00.002Z,,,,,"{""pos_0"": 6, ""pos_1"": 1, ""pos_2"": 8}","{""pos_0"": 6, ""pos_1"": 1, ""pos_2"": 8}",,,,
stu_1780967760765_5855,test_1781051031467_d8q3s6i,identify_place_value,0,1,identify_place_value|attempt=0|log=1|4a20d4b08d,number_sense,1.0,place_value_identification,,PlaceValue,PlaceValue,Visual,1,17370,fast,0,,3.0,medium,,,2026-06-10T11:33:43.920Z,2026-06-10T11:34:00.002Z,,,,,"{""pos_0"": 2, ""pos_1"": 8, ""pos_2"": 4}","{""pos_0"": 2, ""pos_1"": 8, ""pos_2"": 4}",,,,
stu_1780967760765_5855,test_1781051031467_d8q3s6i,identify_place_value,0,2,identify_place_value|attempt=0|log=2|8acd4a8537,number_sense,1.0,place_value_identification,,PlaceValue,PlaceValue,Visual,1,16074,fast,0,,3.0,medium,,,2026-06-10T11:33:43.920Z,2026-06-10T11:34:00.002Z,,,,,"{""pos_0"": 6, ""pos_1"": 8, ""pos_2"": 5}","{""pos_0"": 6, ""pos_1"": 8, ""pos_2"": 5}",,,,
stu_1780967760765_5855,test_1781051031467_d8q3s6i,order_numbers,0,0,order_numbers|attempt=0|log=0|1c1eabf438,sequential_thinking,1.0,number_ordering,,Ordering_asc,Ordering,Visual,1,9612,fast,0,,3.0,medium,,3.0,2026-06-10T11:32:30.160Z,2026-06-10T11:33:04.501Z,,,,,,,,asc,,
stu_1780967760765_5855,test_1781051031467_d8q3s6i,order_numbers,0,1,order_numbers|attempt=0|log=1|9f539b7851,sequential_thinking,1.0,number_ordering,,Ordering_desc,Ordering,Visual,1,9440,fast,0,,3.0,medium,,4.0,2026-06-10T11:32:30.160Z,2026-06-10T11:33:04.501Z,,,,,,,,desc,,
stu_1780967760765_5855,test_1781051031467_d8q3s6i,order_numbers,0,2,order_numbers|attempt=0|log=2|66622bd821,sequential_thinking,1.0,number_ordering,,Ordering_desc,Ordering,Visual,1,3592,fast,0,,3.0,medium,,2.0,2026-06-10T11:32:30.160Z,2026-06-10T11:33:04.501Z,,,,,,,,desc,,
stu_1780967760765_5855,test_1781051031467_d8q3s6i,order_numbers,0,3,order_numbers|attempt=0|log=3|ad24293416,sequential_thinking,1.0,number_ordering,,Ordering_asc,Ordering,Visual,1,11674,fast,0,,3.0,medium,,5.0,2026-06-10T11:32:30.160Z,2026-06-10T11:33:04.501Z,,,,,,,,asc,,
stu_1780967760765_5855,test_1781051031467_d8q3s6i,tap_matching_pairs,0,0,tap_matching_pairs|attempt=0|log=0|9767bdd2ef,visual_matching,1.0,number_word_matching,,MatchingPairs,VisualMatching,Visual,1,34638,fast,0,,,,,,2026-06-10T11:29:21.410Z,2026-06-10T11:30:17.182Z,,,,,,,,,,
stu_1780967760765_5855,test_1781051031467_d8q3s6i,tap_matching_pairs,0,1,tap_matching_pairs|attempt=0|log=1|9767bdd2ef,visual_matching,1.0,number_word_matching,,MatchingPairs,VisualMatching,Visual,1,35939,fast,0,,,,,,2026-06-10T11:29:21.410Z,2026-06-10T11:30:17.182Z,,,,,,,,,,
stu_1780967760765_5855,test_1781051031467_d8q3s6i,tap_matching_pairs,0,2,tap_matching_pairs|attempt=0|log=2|9767bdd2ef,visual_matching,1.0,number_word_matching,,MatchingPairs,VisualMatching,Visual,1,45001,fast,0,,,,,,2026-06-10T11:29:21.410Z,2026-06-10T11:30:17.182Z,,,,,,,,,,
stu_1780967760765_5855,test_1781051031467_d8q3s6i,tap_matching_pairs,0,3,tap_matching_pairs|attempt=0|log=3|9767bdd2ef,visual_matching,1.0,number_word_matching,,MatchingPairs,VisualMatching,Visual,1,50517,fast,0,,,,,,2026-06-10T11:29:21.410Z,2026-06-10T11:30:17.182Z,,,,,,,,,,
stu_1780967760765_5855,test_1781051031467_d8q3s6i,tap_matching_pairs,0,4,tap_matching_pairs|attempt=0|log=4|9767bdd2ef,visual_matching,1.0,number_word_matching,,MatchingPairs,VisualMatching,Visual,1,53749,fast,0,,,,,,2026-06-10T11:29:21.410Z,2026-06-10T11:30:17.182Z,,,,,,,,,,
stu_1780967760765_5855,test_1781051031467_d8q3s6i,tap_matching_pairs,0,5,tap_matching_pairs|attempt=0|log=5|9767bdd2ef,visual_matching,1.0,number_word_matching,,MatchingPairs,VisualMatching,Visual,1,55264,fast,0,,,,,,2026-06-10T11:29:21.410Z,2026-06-10T11:30:17.182Z,,,,,,,,,,
stu_1780967760765_5855,test_1781051031467_d8q3s6i,vertical_operations,0,0,vertical_operations|attempt=0|log=0|dbb19d2c09,arithmetic_fluency,1.0,vertical_operation_fluency,Subtraction,SubtractionWithBorrow,VerticalOperation,Vertical,0,22915,fast,0,ComputationError,2.0,easy,,,2026-06-10T11:35:55.501Z,2026-06-10T11:37:06.482Z,14 Subtraction 6,,8,2,,,,,,
stu_1780967760765_5855,test_1781051031467_d8q3s6i,vertical_operations,0,1,vertical_operations|attempt=0|log=1|0c42e7c586,arithmetic_fluency,1.0,vertical_operation_fluency,Addition,AdditionWithCarry,VerticalOperation,Vertical,0,48066,fast,0,ComputationError,2.0,easy,,,2026-06-10T11:35:55.501Z,2026-06-10T11:37:06.482Z,19 Addition 73,,92,66,,,,,,
stu_1780967760765_5855,test_1781051031467_d8q3s6i,vertical_operations,1,0,vertical_operations|attempt=1|log=0|12e3071911,arithmetic_fluency,1.0,vertical_operation_fluency,Addition,AdditionWithCarry,VerticalOperation,Vertical,1,23287,fast,0,,2.0,easy,,,2026-06-10T11:37:06.486Z,2026-06-10T11:37:33.855Z,6 Addition 5,,11,11,,,,,,
stu_1780967760765_5855,test_1781051031467_d8q3s6i,vertical_operations,1,1,vertical_operations|attempt=1|log=1|0a90a2d907,arithmetic_fluency,1.0,vertical_operation_fluency,Subtraction,SimpleSubtraction,VerticalOperation,Vertical,1,4082,fast,0,,1.0,very-easy,,,2026-06-10T11:37:06.486Z,2026-06-10T11:37:33.855Z,6 Subtraction 0,,6,6,,,,,,
stu_1780967760765_5855,test_1781051031467_d8q3s6i,write_number_in_letters,0,0,write_number_in_letters|attempt=0|log=0|b38e30f811,number_sense,1.0,number_writing,,WrittenNumberProduction,NumberWriting,Mixed,1,17773,fast,0,,3.0,medium,,,2026-06-10T11:34:48.564Z,2026-06-10T11:35:13.602Z,,,,,"[""\u0633\u062a\u0645\u0626\u0629"", ""\u0648"", ""\u0623\u062d\u062f"", ""\u0639\u0634\u0631""]","[""\u0633\u062a\u0645\u0626\u0629"", ""\u0648"", ""\u0623\u062d\u062f"", ""\u0639\u0634\u0631""]",,,,
stu_1780967760765_5855,test_1781051031467_d8q3s6i,write_number_in_letters,0,1,write_number_in_letters|attempt=0|log=1|468faab955,number_sense,1.0,number_writing,,WrittenNumberProduction,NumberWriting,Mixed,1,26067,fast,0,,3.0,medium,,,2026-06-10T11:34:48.564Z,2026-06-10T11:35:13.602Z,,,,,"[""\u062e\u0645\u0633\u0645\u0626\u0629"", ""\u0648"", ""\u062b\u0645\u0627\u0646\u064a\u0629"", ""\u0648"", ""\u0639\u0634\u0631\u0648\u0646""]","[""\u062e\u0645\u0633\u0645\u0626\u0629"", ""\u0648"", ""\u062b\u0645\u0627\u0646\u064a\u0629"", ""\u0648"", ""\u0639\u0634\u0631\u0648\u0646""]",,,,
stu_1780967760765_5855,test_1781051031467_d8q3s6i,write_number_in_letters,0,2,write_number_in_letters|attempt=0|log=2|e12a008096,number_sense,1.0,number_writing,,WrittenNumberProduction,NumberWriting,Mixed,1,4608,fast,0,,3.0,medium,,,2026-06-10T11:34:48.564Z,2026-06-10T11:35:13.602Z,,,,,"[""\u062a\u0633\u0639\u0645\u0626\u0629""]","[""\u062a\u0633\u0639\u0645\u0626\u0629""]",,,,
stu_1780967760765_5855,test_1781051031467_d8q3s6i,write_number_in_letters,0,3,write_number_in_letters|attempt=0|log=3|82e3047325,number_sense,1.0,number_writing,,WrittenNumberProduction,NumberWriting,Mixed,0,22969,fast,0,DigitLengthMistake,3.0,medium,,,2026-06-10T11:34:48.564Z,2026-06-10T11:35:13.602Z,,,,,"[""\u0645\u0626\u062a\u0627\u0646"", ""\u0648"", ""\u0633\u062a\u0629"", ""\u0648"", ""\u062e\u0645\u0633\u0648\u0646""]","[""\u0645\u0626\u0629"", ""\u0648"", ""\u0633\u062a\u0629"", ""\u0648"", ""\u062e\u0645\u0633\u0648\u0646""]",,,,
stu_1780967760765_5855,test_1781051031467_d8q3s6i,write_number_in_letters,0,4,write_number_in_letters|attempt=0|log=4|82e3047325,number_sense,1.0,number_writing,,WrittenNumberProduction,NumberWriting,Mixed,0,24767,fast,0,DigitLengthMistake,3.0,medium,,,2026-06-10T11:34:48.564Z,2026-06-10T11:35:13.602Z,,,,,"[""\u0645\u0626\u062a\u0627\u0646"", ""\u0648"", ""\u0633\u062a\u0629"", ""\u0648"", ""\u062e\u0645\u0633\u0648\u0646""]","[""\u0645\u0626\u0629"", ""\u0648"", ""\u0633\u062a\u0629"", ""\u0648"", ""\u062e\u0645\u0633\u0648\u0646""]",,,,
stu_1780967760765_5855,test_1781051031467_d8q3s6i,write_number_in_letters,0,5,write_number_in_letters|attempt=0|log=5|82e3047325,number_sense,1.0,number_writing,,WrittenNumberProduction,NumberWriting,Mixed,0,25032,fast,0,DigitLengthMistake,3.0,medium,,,2026-06-10T11:34:48.564Z,2026-06-10T11:35:13.602Z,,,,,"[""\u0645\u0626\u062a\u0627\u0646"", ""\u0648"", ""\u0633\u062a\u0629"", ""\u0648"", ""\u062e\u0645\u0633\u0648\u0646""]","[""\u0645\u0626\u0629"", ""\u0648"", ""\u0633\u062a\u0629"", ""\u0648"", ""\u062e\u0645\u0633\u0648\u0646""]",,,,
stu_1780967760954_1871,test_1781051031467_d8q3s6i,choose_answer,0,0,choose_answer|attempt=0|log=0|e3de45fdb1,arithmetic_fluency,0.6,operation_identification_from_context,Subtraction,OneStepProblem,WordProblem,Horizontal,1,10412,medium,0,,2.0,easy,,,2026-06-10T11:58:49.263Z,2026-06-10T12:02:05.143Z,كان لديك 33 تفاحة وأكلت 8. كم بقي؟,33 - 8,,,,,,,Subtraction,Subtraction
stu_1780967760954_1871,test_1781051031467_d8q3s6i,choose_answer,0,0,choose_answer|attempt=0|log=0|e3de45fdb1,number_sense,0.2,operation_identification_from_context,Subtraction,OneStepProblem,WordProblem,Horizontal,1,10412,medium,0,,2.0,easy,,,2026-06-10T11:58:49.263Z,2026-06-10T12:02:05.143Z,كان لديك 33 تفاحة وأكلت 8. كم بقي؟,33 - 8,,,,,,,Subtraction,Subtraction
stu_1780967760954_1871,test_1781051031467_d8q3s6i,choose_answer,0,0,choose_answer|attempt=0|log=0|e3de45fdb1,sequential_thinking,0.2,operation_identification_from_context,Subtraction,OneStepProblem,WordProblem,Horizontal,1,10412,medium,0,,2.0,easy,,,2026-06-10T11:58:49.263Z,2026-06-10T12:02:05.143Z,كان لديك 33 تفاحة وأكلت 8. كم بقي؟,33 - 8,,,,,,,Subtraction,Subtraction
stu_1780967760954_1871,test_1781051031467_d8q3s6i,choose_answer,0,1,choose_answer|attempt=0|log=1|af523f85ce,arithmetic_fluency,0.6,operation_identification_from_context,Subtraction,OneStepProblem,WordProblem,Horizontal,1,23323,slow,1,,2.0,easy,,,2026-06-10T11:58:49.263Z,2026-06-10T12:02:05.143Z,لدى أحمد 95 درهما، وأعطى 30 درهما لصديقه. كم تبقى لديه؟,95 - 30,,,,,,,Subtraction,Subtraction
stu_1780967760954_1871,test_1781051031467_d8q3s6i,choose_answer,0,1,choose_answer|attempt=0|log=1|af523f85ce,number_sense,0.2,operation_identification_from_context,Subtraction,OneStepProblem,WordProblem,Horizontal,1,23323,slow,1,,2.0,easy,,,2026-06-10T11:58:49.263Z,2026-06-10T12:02:05.143Z,لدى أحمد 95 درهما، وأعطى 30 درهما لصديقه. كم تبقى لديه؟,95 - 30,,,,,,,Subtraction,Subtraction
stu_1780967760954_1871,test_1781051031467_d8q3s6i,choose_answer,0,1,choose_answer|attempt=0|log=1|af523f85ce,sequential_thinking,0.2,operation_identification_from_context,Subtraction,OneStepProblem,WordProblem,Horizontal,1,23323,slow,1,,2.0,easy,,,2026-06-10T11:58:49.263Z,2026-06-10T12:02:05.143Z,لدى أحمد 95 درهما، وأعطى 30 درهما لصديقه. كم تبقى لديه؟,95 - 30,,,,,,,Subtraction,Subtraction
stu_1780967760954_1871,test_1781051031467_d8q3s6i,choose_answer,0,2,choose_answer|attempt=0|log=2|d977692cc7,arithmetic_fluency,0.6,operation_identification_from_context,Addition,OneStepProblem,WordProblem,Horizontal,1,11909,medium,0,,2.0,easy,,,2026-06-10T11:58:49.263Z,2026-06-10T12:02:05.143Z,لديك 24 درهم ومنحك والده 27 درهما. كم أصبح لديك من درهم؟,24 + 27,,,,,,,Addition,Addition
stu_1780967760954_1871,test_1781051031467_d8q3s6i,choose_answer,0,2,choose_answer|attempt=0|log=2|d977692cc7,number_sense,0.2,operation_identification_from_context,Addition,OneStepProblem,WordProblem,Horizontal,1,11909,medium,0,,2.0,easy,,,2026-06-10T11:58:49.263Z,2026-06-10T12:02:05.143Z,لديك 24 درهم ومنحك والده 27 درهما. كم أصبح لديك من درهم؟,24 + 27,,,,,,,Addition,Addition
stu_1780967760954_1871,test_1781051031467_d8q3s6i,choose_answer,0,2,choose_answer|attempt=0|log=2|d977692cc7,sequential_thinking,0.2,operation_identification_from_context,Addition,OneStepProblem,WordProblem,Horizontal,1,11909,medium,0,,2.0,easy,,,2026-06-10T11:58:49.263Z,2026-06-10T12:02:05.143Z,لديك 24 درهم ومنحك والده 27 درهما. كم أصبح لديك من درهم؟,24 + 27,,,,,,,Addition,Addition
stu_1780967760954_1871,test_1781051031467_d8q3s6i,choose_answer,0,3,choose_answer|attempt=0|log=3|d977692cc7,arithmetic_fluency,0.6,operation_identification_from_context,Addition,OneStepProblem,WordProblem,Horizontal,1,2196,fast,0,,2.0,easy,,,2026-06-10T11:58:49.263Z,2026-06-10T12:02:05.143Z,لديك 24 درهم ومنحك والده 27 درهما. كم أصبح لديك من درهم؟,24 + 27,,,,,,,Addition,Addition
stu_1780967760954_1871,test_1781051031467_d8q3s6i,choose_answer,0,3,choose_answer|attempt=0|log=3|d977692cc7,number_sense,0.2,operation_identification_from_context,Addition,OneStepProblem,WordProblem,Horizontal,1,2196,fast,0,,2.0,easy,,,2026-06-10T11:58:49.263Z,2026-06-10T12:02:05.143Z,لديك 24 درهم ومنحك والده 27 درهما. كم أصبح لديك من درهم؟,24 + 27,,,,,,,Addition,Addition
stu_1780967760954_1871,test_1781051031467_d8q3s6i,choose_answer,0,3,choose_answer|attempt=0|log=3|d977692cc7,sequential_thinking,0.2,operation_identification_from_context,Addition,OneStepProblem,WordProblem,Horizontal,1,2196,fast,0,,2.0,easy,,,2026-06-10T11:58:49.263Z,2026-06-10T12:02:05.143Z,لديك 24 درهم ومنحك والده 27 درهما. كم أصبح لديك من درهم؟,24 + 27,,,,,,,Addition,Addition
stu_1780967760954_1871,test_1781051031467_d8q3s6i,choose_answer,0,4,choose_answer|attempt=0|log=4|d977692cc7,arithmetic_fluency,0.6,operation_identification_from_context,Addition,OneStepProblem,WordProblem,Horizontal,1,3350,fast,0,,2.0,easy,,,2026-06-10T11:58:49.263Z,2026-06-10T12:02:05.143Z,لديك 24 درهم ومنحك والده 27 درهما. كم أصبح لديك من درهم؟,24 + 27,,,,,,,Addition,Addition
stu_1780967760954_1871,test_1781051031467_d8q3s6i,choose_answer,0,4,choose_answer|attempt=0|log=4|d977692cc7,number_sense,0.2,operation_identification_from_context,Addition,OneStepProblem,WordProblem,Horizontal,1,3350,fast,0,,2.0,easy,,,2026-06-10T11:58:49.263Z,2026-06-10T12:02:05.143Z,لديك 24 درهم ومنحك والده 27 درهما. كم أصبح لديك من درهم؟,24 + 27,,,,,,,Addition,Addition
stu_1780967760954_1871,test_1781051031467_d8q3s6i,choose_answer,0,4,choose_answer|attempt=0|log=4|d977692cc7,sequential_thinking,0.2,operation_identification_from_context,Addition,OneStepProblem,WordProblem,Horizontal,1,3350,fast,0,,2.0,easy,,,2026-06-10T11:58:49.263Z,2026-06-10T12:02:05.143Z,لديك 24 درهم ومنحك والده 27 درهما. كم أصبح لديك من درهم؟,24 + 27,,,,,,,Addition,Addition
stu_1780967760954_1871,test_1781051031467_d8q3s6i,choose_answer,0,5,choose_answer|attempt=0|log=5|d977692cc7,arithmetic_fluency,0.6,operation_identification_from_context,Addition,OneStepProblem,WordProblem,Horizontal,1,8570,fast,0,,2.0,easy,,,2026-06-10T11:58:49.263Z,2026-06-10T12:02:05.143Z,لديك 24 درهم ومنحك والده 27 درهما. كم أصبح لديك من درهم؟,24 + 27,,,,,,,Addition,Addition
stu_1780967760954_1871,test_1781051031467_d8q3s6i,choose_answer,0,5,choose_answer|attempt=0|log=5|d977692cc7,number_sense,0.2,operation_identification_from_context,Addition,OneStepProblem,WordProblem,Horizontal,1,8570,fast,0,,2.0,easy,,,2026-06-10T11:58:49.263Z,2026-06-10T12:02:05.143Z,لديك 24 درهم ومنحك والده 27 درهما. كم أصبح لديك من درهم؟,24 + 27,,,,,,,Addition,Addition
stu_1780967760954_1871,test_1781051031467_d8q3s6i,choose_answer,0,5,choose_answer|attempt=0|log=5|d977692cc7,sequential_thinking,0.2,operation_identification_from_context,Addition,OneStepProblem,WordProblem,Horizontal,1,8570,fast,0,,2.0,easy,,,2026-06-10T11:58:49.263Z,2026-06-10T12:02:05.143Z,لديك 24 درهم ومنحك والده 27 درهما. كم أصبح لديك من درهم؟,24 + 27,,,,,,,Addition,Addition
stu_1780967760954_1871,test_1781051031467_d8q3s6i,choose_answer,0,6,choose_answer|attempt=0|log=6|d977692cc7,arithmetic_fluency,0.6,operation_identification_from_context,Addition,OneStepProblem,WordProblem,Horizontal,1,9429,fast,0,,2.0,easy,,,2026-06-10T11:58:49.263Z,2026-06-10T12:02:05.143Z,لديك 24 درهم ومنحك والده 27 درهما. كم أصبح لديك من درهم؟,24 + 27,,,,,,,Addition,Addition
stu_1780967760954_1871,test_1781051031467_d8q3s6i,choose_answer,0,6,choose_answer|attempt=0|log=6|d977692cc7,number_sense,0.2,operation_identification_from_context,Addition,OneStepProblem,WordProblem,Horizontal,1,9429,fast,0,,2.0,easy,,,2026-06-10T11:58:49.263Z,2026-06-10T12:02:05.143Z,لديك 24 درهم ومنحك والده 27 درهما. كم أصبح لديك من درهم؟,24 + 27,,,,,,,Addition,Addition
stu_1780967760954_1871,test_1781051031467_d8q3s6i,choose_answer,0,6,choose_answer|attempt=0|log=6|d977692cc7,sequential_thinking,0.2,operation_identification_from_context,Addition,OneStepProblem,WordProblem,Horizontal,1,9429,fast,0,,2.0,easy,,,2026-06-10T11:58:49.263Z,2026-06-10T12:02:05.143Z,لديك 24 درهم ومنحك والده 27 درهما. كم أصبح لديك من درهم؟,24 + 27,,,,,,,Addition,Addition
stu_1780967760954_1871,test_1781051031467_d8q3s6i,choose_answer,0,7,choose_answer|attempt=0|log=7|d977692cc7,arithmetic_fluency,0.6,operation_identification_from_context,Addition,OneStepProblem,WordProblem,Horizontal,1,683,fast,0,,2.0,easy,,,2026-06-10T11:58:49.263Z,2026-06-10T12:02:05.143Z,لديك 24 درهم ومنحك والده 27 درهما. كم أصبح لديك من درهم؟,24 + 27,,,,,,,Addition,Addition
stu_1780967760954_1871,test_1781051031467_d8q3s6i,choose_answer,0,7,choose_answer|attempt=0|log=7|d977692cc7,number_sense,0.2,operation_identification_from_context,Addition,OneStepProblem,WordProblem,Horizontal,1,683,fast,0,,2.0,easy,,,2026-06-10T11:58:49.263Z,2026-06-10T12:02:05.143Z,لديك 24 درهم ومنحك والده 27 درهما. كم أصبح لديك من درهم؟,24 + 27,,,,,,,Addition,Addition
stu_1780967760954_1871,test_1781051031467_d8q3s6i,choose_answer,0,7,choose_answer|attempt=0|log=7|d977692cc7,sequential_thinking,0.2,operation_identification_from_context,Addition,OneStepProblem,WordProblem,Horizontal,1,683,fast,0,,2.0,easy,,,2026-06-10T11:58:49.263Z,2026-06-10T12:02:05.143Z,لديك 24 درهم ومنحك والده 27 درهما. كم أصبح لديك من درهم؟,24 + 27,,,,,,,Addition,Addition
stu_1780967760954_1871,test_1781051031467_d8q3s6i,choose_answer,0,8,choose_answer|attempt=0|log=8|d977692cc7,arithmetic_fluency,0.6,operation_identification_from_context,Addition,OneStepProblem,WordProblem,Horizontal,1,3683,fast,0,,2.0,easy,,,2026-06-10T11:58:49.263Z,2026-06-10T12:02:05.143Z,لديك 24 درهم ومنحك والده 27 درهما. كم أصبح لديك من درهم؟,24 + 27,,,,,,,Addition,Addition
stu_1780967760954_1871,test_1781051031467_d8q3s6i,choose_answer,0,8,choose_answer|attempt=0|log=8|d977692cc7,number_sense,0.2,operation_identification_from_context,Addition,OneStepProblem,WordProblem,Horizontal,1,3683,fast,0,,2.0,easy,,,2026-06-10T11:58:49.263Z,2026-06-10T12:02:05.143Z,لديك 24 درهم ومنحك والده 27 درهما. كم أصبح لديك من درهم؟,24 + 27,,,,,,,Addition,Addition
stu_1780967760954_1871,test_1781051031467_d8q3s6i,choose_answer,0,8,choose_answer|attempt=0|log=8|d977692cc7,sequential_thinking,0.2,operation_identification_from_context,Addition,OneStepProblem,WordProblem,Horizontal,1,3683,fast,0,,2.0,easy,,,2026-06-10T11:58:49.263Z,2026-06-10T12:02:05.143Z,لديك 24 درهم ومنحك والده 27 درهما. كم أصبح لديك من درهم؟,24 + 27,,,,,,,Addition,Addition
stu_1780967760954_1871,test_1781051031467_d8q3s6i,choose_answer,0,9,choose_answer|attempt=0|log=9|d977692cc7,arithmetic_fluency,0.6,operation_identification_from_context,Addition,OneStepProblem,WordProblem,Horizontal,1,2668,fast,0,,2.0,easy,,,2026-06-10T11:58:49.263Z,2026-06-10T12:02:05.143Z,لديك 24 درهم ومنحك والده 27 درهما. كم أصبح لديك من درهم؟,24 + 27,,,,,,,Addition,Addition
stu_1780967760954_1871,test_1781051031467_d8q3s6i,choose_answer,0,9,choose_answer|attempt=0|log=9|d977692cc7,number_sense,0.2,operation_identification_from_context,Addition,OneStepProblem,WordProblem,Horizontal,1,2668,fast,0,,2.0,easy,,,2026-06-10T11:58:49.263Z,2026-06-10T12:02:05.143Z,لديك 24 درهم ومنحك والده 27 درهما. كم أصبح لديك من درهم؟,24 + 27,,,,,,,Addition,Addition
stu_1780967760954_1871,test_1781051031467_d8q3s6i,choose_answer,0,9,choose_answer|attempt=0|log=9|d977692cc7,sequential_thinking,0.2,operation_identification_from_context,Addition,OneStepProblem,WordProblem,Horizontal,1,2668,fast,0,,2.0,easy,,,2026-06-10T11:58:49.263Z,2026-06-10T12:02:05.143Z,لديك 24 درهم ومنحك والده 27 درهما. كم أصبح لديك من درهم؟,24 + 27,,,,,,,Addition,Addition
stu_1780967760954_1871,test_1781051031467_d8q3s6i,choose_answer,0,10,choose_answer|attempt=0|log=10|d977692cc7,arithmetic_fluency,0.6,operation_identification_from_context,Addition,OneStepProblem,WordProblem,Horizontal,1,2331,fast,0,,2.0,easy,,,2026-06-10T11:58:49.263Z,2026-06-10T12:02:05.143Z,لديك 24 درهم ومنحك والده 27 درهما. كم أصبح لديك من درهم؟,24 + 27,,,,,,,Addition,Addition
stu_1780967760954_1871,test_1781051031467_d8q3s6i,choose_answer,0,10,choose_answer|attempt=0|log=10|d977692cc7,number_sense,0.2,operation_identification_from_context,Addition,OneStepProblem,WordProblem,Horizontal,1,2331,fast,0,,2.0,easy,,,2026-06-10T11:58:49.263Z,2026-06-10T12:02:05.143Z,لديك 24 درهم ومنحك والده 27 درهما. كم أصبح لديك من درهم؟,24 + 27,,,,,,,Addition,Addition
stu_1780967760954_1871,test_1781051031467_d8q3s6i,choose_answer,0,10,choose_answer|attempt=0|log=10|d977692cc7,sequential_thinking,0.2,operation_identification_from_context,Addition,OneStepProblem,WordProblem,Horizontal,1,2331,fast,0,,2.0,easy,,,2026-06-10T11:58:49.263Z,2026-06-10T12:02:05.143Z,لديك 24 درهم ومنحك والده 27 درهما. كم أصبح لديك من درهم؟,24 + 27,,,,,,,Addition,Addition
stu_1780967760954_1871,test_1781051031467_d8q3s6i,choose_answer,0,11,choose_answer|attempt=0|log=11|d977692cc7,arithmetic_fluency,0.6,operation_identification_from_context,Addition,OneStepProblem,WordProblem,Horizontal,1,357,fast,0,,2.0,easy,,,2026-06-10T11:58:49.263Z,2026-06-10T12:02:05.143Z,لديك 24 درهم ومنحك والده 27 درهما. كم أصبح لديك من درهم؟,24 + 27,,,,,,,Addition,Addition
stu_1780967760954_1871,test_1781051031467_d8q3s6i,choose_answer,0,11,choose_answer|attempt=0|log=11|d977692cc7,number_sense,0.2,operation_identification_from_context,Addition,OneStepProblem,WordProblem,Horizontal,1,357,fast,0,,2.0,easy,,,2026-06-10T11:58:49.263Z,2026-06-10T12:02:05.143Z,لديك 24 درهم ومنحك والده 27 درهما. كم أصبح لديك من درهم؟,24 + 27,,,,,,,Addition,Addition
stu_1780967760954_1871,test_1781051031467_d8q3s6i,choose_answer,0,11,choose_answer|attempt=0|log=11|d977692cc7,sequential_thinking,0.2,operation_identification_from_context,Addition,OneStepProblem,WordProblem,Horizontal,1,357,fast,0,,2.0,easy,,,2026-06-10T11:58:49.263Z,2026-06-10T12:02:05.143Z,لديك 24 درهم ومنحك والده 27 درهما. كم أصبح لديك من درهم؟,24 + 27,,,,,,,Addition,Addition
stu_1780967760954_1871,test_1781051031467_d8q3s6i,choose_answer,0,12,choose_answer|attempt=0|log=12|d977692cc7,arithmetic_fluency,0.6,operation_identification_from_context,Addition,OneStepProblem,WordProblem,Horizontal,1,2790,fast,0,,2.0,easy,,,2026-06-10T11:58:49.263Z,2026-06-10T12:02:05.143Z,لديك 24 درهم ومنحك والده 27 درهما. كم أصبح لديك من درهم؟,24 + 27,,,,,,,Addition,Addition
stu_1780967760954_1871,test_1781051031467_d8q3s6i,choose_answer,0,12,choose_answer|attempt=0|log=12|d977692cc7,number_sense,0.2,operation_identification_from_context,Addition,OneStepProblem,WordProblem,Horizontal,1,2790,fast,0,,2.0,easy,,,2026-06-10T11:58:49.263Z,2026-06-10T12:02:05.143Z,لديك 24 درهم ومنحك والده 27 درهما. كم أصبح لديك من درهم؟,24 + 27,,,,,,,Addition,Addition
stu_1780967760954_1871,test_1781051031467_d8q3s6i,choose_answer,0,12,choose_answer|attempt=0|log=12|d977692cc7,sequential_thinking,0.2,operation_identification_from_context,Addition,OneStepProblem,WordProblem,Horizontal,1,2790,fast,0,,2.0,easy,,,2026-06-10T11:58:49.263Z,2026-06-10T12:02:05.143Z,لديك 24 درهم ومنحك والده 27 درهما. كم أصبح لديك من درهم؟,24 + 27,,,,,,,Addition,Addition
stu_1780967760954_1871,test_1781051031467_d8q3s6i,choose_answer,0,13,choose_answer|attempt=0|log=13|d977692cc7,arithmetic_fluency,0.6,operation_identification_from_context,Addition,OneStepProblem,WordProblem,Horizontal,1,15183,medium,0,,2.0,easy,,,2026-06-10T11:58:49.263Z,2026-06-10T12:02:05.143Z,لديك 24 درهم ومنحك والده 27 درهما. كم أصبح لديك من درهم؟,24 + 27,,,,,,,Addition,Addition
stu_1780967760954_1871,test_1781051031467_d8q3s6i,choose_answer,0,13,choose_answer|attempt=0|log=13|d977692cc7,number_sense,0.2,operation_identification_from_context,Addition,OneStepProblem,WordProblem,Horizontal,1,15183,medium,0,,2.0,easy,,,2026-06-10T11:58:49.263Z,2026-06-10T12:02:05.143Z,لديك 24 درهم ومنحك والده 27 درهما. كم أصبح لديك من درهم؟,24 + 27,,,,,,,Addition,Addition
stu_1780967760954_1871,test_1781051031467_d8q3s6i,choose_answer,0,13,choose_answer|attempt=0|log=13|d977692cc7,sequential_thinking,0.2,operation_identification_from_context,Addition,OneStepProblem,WordProblem,Horizontal,1,15183,medium,0,,2.0,easy,,,2026-06-10T11:58:49.263Z,2026-06-10T12:02:05.143Z,لديك 24 درهم ومنحك والده 27 درهما. كم أصبح لديك من درهم؟,24 + 27,,,,,,,Addition,Addition
stu_1780967760954_1871,test_1781051031467_d8q3s6i,choose_answer,0,14,choose_answer|attempt=0|log=14|d977692cc7,arithmetic_fluency,0.6,operation_identification_from_context,Addition,OneStepProblem,WordProblem,Horizontal,1,2434,fast,0,,2.0,easy,,,2026-06-10T11:58:49.263Z,2026-06-10T12:02:05.143Z,لديك 24 درهم ومنحك والده 27 درهما. كم أصبح لديك من درهم؟,24 + 27,,,,,,,Addition,Addition
stu_1780967760954_1871,test_1781051031467_d8q3s6i,choose_answer,0,14,choose_answer|attempt=0|log=14|d977692cc7,number_sense,0.2,operation_identification_from_context,Addition,OneStepProblem,WordProblem,Horizontal,1,2434,fast,0,,2.0,easy,,,2026-06-10T11:58:49.263Z,2026-06-10T12:02:05.143Z,لديك 24 درهم ومنحك والده 27 درهما. كم أصبح لديك من درهم؟,24 + 27,,,,,,,Addition,Addition
stu_1780967760954_1871,test_1781051031467_d8q3s6i,choose_answer,0,14,choose_answer|attempt=0|log=14|d977692cc7,sequential_thinking,0.2,operation_identification_from_context,Addition,OneStepProblem,WordProblem,Horizontal,1,2434,fast,0,,2.0,easy,,,2026-06-10T11:58:49.263Z,2026-06-10T12:02:05.143Z,لديك 24 درهم ومنحك والده 27 درهما. كم أصبح لديك من درهم؟,24 + 27,,,,,,,Addition,Addition
stu_1780967760954_1871,test_1781051031467_d8q3s6i,choose_answer,0,15,choose_answer|attempt=0|log=15|d977692cc7,arithmetic_fluency,0.6,operation_identification_from_context,Addition,OneStepProblem,WordProblem,Horizontal,1,1251,fast,0,,2.0,easy,,,2026-06-10T11:58:49.263Z,2026-06-10T12:02:05.143Z,لديك 24 درهم ومنحك والده 27 درهما. كم أصبح لديك من درهم؟,24 + 27,,,,,,,Addition,Addition
stu_1780967760954_1871,test_1781051031467_d8q3s6i,choose_answer,0,15,choose_answer|attempt=0|log=15|d977692cc7,number_sense,0.2,operation_identification_from_context,Addition,OneStepProblem,WordProblem,Horizontal,1,1251,fast,0,,2.0,easy,,,2026-06-10T11:58:49.263Z,2026-06-10T12:02:05.143Z,لديك 24 درهم ومنحك والده 27 درهما. كم أصبح لديك من درهم؟,24 + 27,,,,,,,Addition,Addition
stu_1780967760954_1871,test_1781051031467_d8q3s6i,choose_answer,0,15,choose_answer|attempt=0|log=15|d977692cc7,sequential_thinking,0.2,operation_identification_from_context,Addition,OneStepProblem,WordProblem,Horizontal,1,1251,fast,0,,2.0,easy,,,2026-06-10T11:58:49.263Z,2026-06-10T12:02:05.143Z,لديك 24 درهم ومنحك والده 27 درهما. كم أصبح لديك من درهم؟,24 + 27,,,,,,,Addition,Addition
stu_1780967760954_1871,test_1781051031467_d8q3s6i,choose_answer,0,16,choose_answer|attempt=0|log=16|d977692cc7,arithmetic_fluency,0.6,operation_identification_from_context,Addition,OneStepProblem,WordProblem,Horizontal,1,667,fast,0,,2.0,easy,,,2026-06-10T11:58:49.263Z,2026-06-10T12:02:05.143Z,لديك 24 درهم ومنحك والده 27 درهما. كم أصبح لديك من درهم؟,24 + 27,,,,,,,Addition,Addition
stu_1780967760954_1871,test_1781051031467_d8q3s6i,choose_answer,0,16,choose_answer|attempt=0|log=16|d977692cc7,number_sense,0.2,operation_identification_from_context,Addition,OneStepProblem,WordProblem,Horizontal,1,667,fast,0,,2.0,easy,,,2026-06-10T11:58:49.263Z,2026-06-10T12:02:05.143Z,لديك 24 درهم ومنحك والده 27 درهما. كم أصبح لديك من درهم؟,24 + 27,,,,,,,Addition,Addition
stu_1780967760954_1871,test_1781051031467_d8q3s6i,choose_answer,0,16,choose_answer|attempt=0|log=16|d977692cc7,sequential_thinking,0.2,operation_identification_from_context,Addition,OneStepProblem,WordProblem,Horizontal,1,667,fast,0,,2.0,easy,,,2026-06-10T11:58:49.263Z,2026-06-10T12:02:05.143Z,لديك 24 درهم ومنحك والده 27 درهما. كم أصبح لديك من درهم؟,24 + 27,,,,,,,Addition,Addition
stu_1780967760954_1871,test_1781051031467_d8q3s6i,choose_answer,0,17,choose_answer|attempt=0|log=17|d977692cc7,arithmetic_fluency,0.6,operation_identification_from_context,Addition,OneStepProblem,WordProblem,Horizontal,1,5968,fast,0,,2.0,easy,,,2026-06-10T11:58:49.263Z,2026-06-10T12:02:05.143Z,لديك 24 درهم ومنحك والده 27 درهما. كم أصبح لديك من درهم؟,24 + 27,,,,,,,Addition,Addition
stu_1780967760954_1871,test_1781051031467_d8q3s6i,choose_answer,0,17,choose_answer|attempt=0|log=17|d977692cc7,number_sense,0.2,operation_identification_from_context,Addition,OneStepProblem,WordProblem,Horizontal,1,5968,fast,0,,2.0,easy,,,2026-06-10T11:58:49.263Z,2026-06-10T12:02:05.143Z,لديك 24 درهم ومنحك والده 27 درهما. كم أصبح لديك من درهم؟,24 + 27,,,,,,,Addition,Addition
stu_1780967760954_1871,test_1781051031467_d8q3s6i,choose_answer,0,17,choose_answer|attempt=0|log=17|d977692cc7,sequential_thinking,0.2,operation_identification_from_context,Addition,OneStepProblem,WordProblem,Horizontal,1,5968,fast,0,,2.0,easy,,,2026-06-10T11:58:49.263Z,2026-06-10T12:02:05.143Z,لديك 24 درهم ومنحك والده 27 درهما. كم أصبح لديك من درهم؟,24 + 27,,,,,,,Addition,Addition
stu_1780967760954_1871,test_1781051031467_d8q3s6i,choose_answer,0,18,choose_answer|attempt=0|log=18|d977692cc7,arithmetic_fluency,0.6,operation_identification_from_context,Addition,OneStepProblem,WordProblem,Horizontal,1,915,fast,0,,2.0,easy,,,2026-06-10T11:58:49.263Z,2026-06-10T12:02:05.143Z,لديك 24 درهم ومنحك والده 27 درهما. كم أصبح لديك من درهم؟,24 + 27,,,,,,,Addition,Addition
stu_1780967760954_1871,test_1781051031467_d8q3s6i,choose_answer,0,18,choose_answer|attempt=0|log=18|d977692cc7,number_sense,0.2,operation_identification_from_context,Addition,OneStepProblem,WordProblem,Horizontal,1,915,fast,0,,2.0,easy,,,2026-06-10T11:58:49.263Z,2026-06-10T12:02:05.143Z,لديك 24 درهم ومنحك والده 27 درهما. كم أصبح لديك من درهم؟,24 + 27,,,,,,,Addition,Addition
stu_1780967760954_1871,test_1781051031467_d8q3s6i,choose_answer,0,18,choose_answer|attempt=0|log=18|d977692cc7,sequential_thinking,0.2,operation_identification_from_context,Addition,OneStepProblem,WordProblem,Horizontal,1,915,fast,0,,2.0,easy,,,2026-06-10T11:58:49.263Z,2026-06-10T12:02:05.143Z,لديك 24 درهم ومنحك والده 27 درهما. كم أصبح لديك من درهم؟,24 + 27,,,,,,,Addition,Addition
stu_1780967760954_1871,test_1781051031467_d8q3s6i,choose_answer,0,19,choose_answer|attempt=0|log=19|d977692cc7,arithmetic_fluency,0.6,operation_identification_from_context,Addition,OneStepProblem,WordProblem,Horizontal,1,608,fast,0,,2.0,easy,,,2026-06-10T11:58:49.263Z,2026-06-10T12:02:05.143Z,لديك 24 درهم ومنحك والده 27 درهما. كم أصبح لديك من درهم؟,24 + 27,,,,,,,Addition,Addition
stu_1780967760954_1871,test_1781051031467_d8q3s6i,choose_answer,0,19,choose_answer|attempt=0|log=19|d977692cc7,number_sense,0.2,operation_identification_from_context,Addition,OneStepProblem,WordProblem,Horizontal,1,608,fast,0,,2.0,easy,,,2026-06-10T11:58:49.263Z,2026-06-10T12:02:05.143Z,لديك 24 درهم ومنحك والده 27 درهما. كم أصبح لديك من درهم؟,24 + 27,,,,,,,Addition,Addition
stu_1780967760954_1871,test_1781051031467_d8q3s6i,choose_answer,0,19,choose_answer|attempt=0|log=19|d977692cc7,sequential_thinking,0.2,operation_identification_from_context,Addition,OneStepProblem,WordProblem,Horizontal,1,608,fast,0,,2.0,easy,,,2026-06-10T11:58:49.263Z,2026-06-10T12:02:05.143Z,لديك 24 درهم ومنحك والده 27 درهما. كم أصبح لديك من درهم؟,24 + 27,,,,,,,Addition,Addition
stu_1780967760954_1871,test_1781051031467_d8q3s6i,choose_answer,0,20,choose_answer|attempt=0|log=20|d977692cc7,arithmetic_fluency,0.6,operation_identification_from_context,Addition,OneStepProblem,WordProblem,Horizontal,1,49724,slow,1,,2.0,easy,,,2026-06-10T11:58:49.263Z,2026-06-10T12:02:05.143Z,لديك 24 درهم ومنحك والده 27 درهما. كم أصبح لديك من درهم؟,24 + 27,,,,,,,Addition,Addition
stu_1780967760954_1871,test_1781051031467_d8q3s6i,choose_answer,0,20,choose_answer|attempt=0|log=20|d977692cc7,number_sense,0.2,operation_identification_from_context,Addition,OneStepProblem,WordProblem,Horizontal,1,49724,slow,1,,2.0,easy,,,2026-06-10T11:58:49.263Z,2026-06-10T12:02:05.143Z,لديك 24 درهم ومنحك والده 27 درهما. كم أصبح لديك من درهم؟,24 + 27,,,,,,,Addition,Addition
stu_1780967760954_1871,test_1781051031467_d8q3s6i,choose_answer,0,20,choose_answer|attempt=0|log=20|d977692cc7,sequential_thinking,0.2,operation_identification_from_context,Addition,OneStepProblem,WordProblem,Horizontal,1,49724,slow,1,,2.0,easy,,,2026-06-10T11:58:49.263Z,2026-06-10T12:02:05.143Z,لديك 24 درهم ومنحك والده 27 درهما. كم أصبح لديك من درهم؟,24 + 27,,,,,,,Addition,Addition
stu_1780967760954_1871,test_1781051031467_d8q3s6i,choose_answer,0,21,choose_answer|attempt=0|log=21|d977692cc7,arithmetic_fluency,0.6,operation_identification_from_context,Addition,OneStepProblem,WordProblem,Horizontal,1,2661,fast,0,,2.0,easy,,,2026-06-10T11:58:49.263Z,2026-06-10T12:02:05.143Z,لديك 24 درهم ومنحك والده 27 درهما. كم أصبح لديك من درهم؟,24 + 27,,,,,,,Addition,Addition
stu_1780967760954_1871,test_1781051031467_d8q3s6i,choose_answer,0,21,choose_answer|attempt=0|log=21|d977692cc7,number_sense,0.2,operation_identification_from_context,Addition,OneStepProblem,WordProblem,Horizontal,1,2661,fast,0,,2.0,easy,,,2026-06-10T11:58:49.263Z,2026-06-10T12:02:05.143Z,لديك 24 درهم ومنحك والده 27 درهما. كم أصبح لديك من درهم؟,24 + 27,,,,,,,Addition,Addition
stu_1780967760954_1871,test_1781051031467_d8q3s6i,choose_answer,0,21,choose_answer|attempt=0|log=21|d977692cc7,sequential_thinking,0.2,operation_identification_from_context,Addition,OneStepProblem,WordProblem,Horizontal,1,2661,fast,0,,2.0,easy,,,2026-06-10T11:58:49.263Z,2026-06-10T12:02:05.143Z,لديك 24 درهم ومنحك والده 27 درهما. كم أصبح لديك من درهم؟,24 + 27,,,,,,,Addition,Addition
stu_1780967760954_1871,test_1781051031467_d8q3s6i,choose_answer,0,22,choose_answer|attempt=0|log=22|d977692cc7,arithmetic_fluency,0.6,operation_identification_from_context,Addition,OneStepProblem,WordProblem,Horizontal,1,17890,medium,0,,2.0,easy,,,2026-06-10T11:58:49.263Z,2026-06-10T12:02:05.143Z,لديك 24 درهم ومنحك والده 27 درهما. كم أصبح لديك من درهم؟,24 + 27,,,,,,,Addition,Addition
stu_1780967760954_1871,test_1781051031467_d8q3s6i,choose_answer,0,22,choose_answer|attempt=0|log=22|d977692cc7,number_sense,0.2,operation_identification_from_context,Addition,OneStepProblem,WordProblem,Horizontal,1,17890,medium,0,,2.0,easy,,,2026-06-10T11:58:49.263Z,2026-06-10T12:02:05.143Z,لديك 24 درهم ومنحك والده 27 درهما. كم أصبح لديك من درهم؟,24 + 27,,,,,,,Addition,Addition
stu_1780967760954_1871,test_1781051031467_d8q3s6i,choose_answer,0,22,choose_answer|attempt=0|log=22|d977692cc7,sequential_thinking,0.2,operation_identification_from_context,Addition,OneStepProblem,WordProblem,Horizontal,1,17890,medium,0,,2.0,easy,,,2026-06-10T11:58:49.263Z,2026-06-10T12:02:05.143Z,لديك 24 درهم ومنحك والده 27 درهما. كم أصبح لديك من درهم؟,24 + 27,,,,,,,Addition,Addition
stu_1780967760954_1871,test_1781051031467_d8q3s6i,choose_answer,0,23,choose_answer|attempt=0|log=23|d977692cc7,arithmetic_fluency,0.6,operation_identification_from_context,Addition,OneStepProblem,WordProblem,Horizontal,1,3281,fast,0,,2.0,easy,,,2026-06-10T11:58:49.263Z,2026-06-10T12:02:05.143Z,لديك 24 درهم ومنحك والده 27 درهما. كم أصبح لديك من درهم؟,24 + 27,,,,,,,Addition,Addition
stu_1780967760954_1871,test_1781051031467_d8q3s6i,choose_answer,0,23,choose_answer|attempt=0|log=23|d977692cc7,number_sense,0.2,operation_identification_from_context,Addition,OneStepProblem,WordProblem,Horizontal,1,3281,fast,0,,2.0,easy,,,2026-06-10T11:58:49.263Z,2026-06-10T12:02:05.143Z,لديك 24 درهم ومنحك والده 27 درهما. كم أصبح لديك من درهم؟,24 + 27,,,,,,,Addition,Addition
stu_1780967760954_1871,test_1781051031467_d8q3s6i,choose_answer,0,23,choose_answer|attempt=0|log=23|d977692cc7,sequential_thinking,0.2,operation_identification_from_context,Addition,OneStepProblem,WordProblem,Horizontal,1,3281,fast,0,,2.0,easy,,,2026-06-10T11:58:49.263Z,2026-06-10T12:02:05.143Z,لديك 24 درهم ومنحك والده 27 درهما. كم أصبح لديك من درهم؟,24 + 27,,,,,,,Addition,Addition
stu_1780967760954_1871,test_1781051031467_d8q3s6i,choose_answer,0,24,choose_answer|attempt=0|log=24|d977692cc7,arithmetic_fluency,0.6,operation_identification_from_context,Addition,OneStepProblem,WordProblem,Horizontal,1,13597,medium,0,,2.0,easy,,,2026-06-10T11:58:49.263Z,2026-06-10T12:02:05.143Z,لديك 24 درهم ومنحك والده 27 درهما. كم أصبح لديك من درهم؟,24 + 27,,,,,,,Addition,Addition
stu_1780967760954_1871,test_1781051031467_d8q3s6i,choose_answer,0,24,choose_answer|attempt=0|log=24|d977692cc7,number_sense,0.2,operation_identification_from_context,Addition,OneStepProblem,WordProblem,Horizontal,1,13597,medium,0,,2.0,easy,,,2026-06-10T11:58:49.263Z,2026-06-10T12:02:05.143Z,لديك 24 درهم ومنحك والده 27 درهما. كم أصبح لديك من درهم؟,24 + 27,,,,,,,Addition,Addition
stu_1780967760954_1871,test_1781051031467_d8q3s6i,choose_answer,0,24,choose_answer|attempt=0|log=24|d977692cc7,sequential_thinking,0.2,operation_identification_from_context,Addition,OneStepProblem,WordProblem,Horizontal,1,13597,medium,0,,2.0,easy,,,2026-06-10T11:58:49.263Z,2026-06-10T12:02:05.143Z,لديك 24 درهم ومنحك والده 27 درهما. كم أصبح لديك من درهم؟,24 + 27,,,,,,,Addition,Addition
stu_1780967760954_1871,test_1781051031467_d8q3s6i,compare_numbers,0,0,compare_numbers|attempt=0|log=0|9bf885d2e2,comparison_skill,1.0,number_comparison,,Greater,Comparison,Horizontal,1,30107,slow,1,,3.0,medium,,,2026-06-10T11:44:40.510Z,2026-06-10T11:45:39.250Z,,,,,,,Greater,,,
stu_1780967760954_1871,test_1781051031467_d8q3s6i,compare_numbers,0,1,compare_numbers|attempt=0|log=1|e8270bbff2,comparison_skill,1.0,number_comparison,,Less,Comparison,Horizontal,1,16280,medium,0,,3.0,medium,,,2026-06-10T11:44:40.510Z,2026-06-10T11:45:39.250Z,,,,,,,Less,,,
stu_1780967760954_1871,test_1781051031467_d8q3s6i,compare_numbers,0,2,compare_numbers|attempt=0|log=2|e83320c6a7,comparison_skill,1.0,number_comparison,,Equal,Comparison,Horizontal,1,12350,medium,0,,3.0,medium,,,2026-06-10T11:44:40.510Z,2026-06-10T11:45:39.250Z,,,,,,,Equal,,,
stu_1780967760954_1871,test_1781051031467_d8q3s6i,find_previous_next_number,0,0,find_previous_next_number|attempt=0|log=0|8daad78dc3,sequential_thinking,1.0,previous_next_number,,PreviousAndNext,Sequence,Horizontal,1,74290,medium,0,,3.0,medium,110-119,,2026-06-10T11:43:44.851Z,2026-06-10T11:44:40.254Z,115,,,,"[114, 116]","[114, 116]",,,,
stu_1780967760954_1871,test_1781051031467_d8q3s6i,find_previous_next_number,0,1,find_previous_next_number|attempt=0|log=1|0be19e1f36,sequential_thinking,1.0,previous_next_number,,PreviousAndNext,Sequence,Horizontal,1,55403,fast,0,,3.0,medium,450-459,,2026-06-10T11:43:44.851Z,2026-06-10T11:44:40.254Z,451,,,,"[450, 452]","[450, 452]",,,,
stu_1780967760954_1871,test_1781051031467_d8q3s6i,identify_place_value,0,0,identify_place_value|attempt=0|log=0|cd3374f9a8,number_sense,1.0,place_value_identification,,PlaceValue,PlaceValue,Visual,0,23919,fast,0,PlaceValueMisidentification,3.0,medium,,,2026-06-10T11:51:40.280Z,2026-06-10T11:52:22.746Z,,,,,"{""pos_0"": 7, ""pos_1"": 6, ""pos_2"": 6}","{""pos_0"": ""6"", ""pos_1"": ""7"", ""pos_2"": ""6""}",,,,
stu_1780967760954_1871,test_1781051031467_d8q3s6i,identify_place_value,0,1,identify_place_value|attempt=0|log=1|d66cf87f32,number_sense,1.0,place_value_identification,,PlaceValue,PlaceValue,Visual,1,33755,fast,0,,3.0,medium,,,2026-06-10T11:51:40.280Z,2026-06-10T11:52:22.746Z,,,,,"{""pos_0"": 7, ""pos_1"": 0, ""pos_2"": 1}","{""pos_0"": ""7"", ""pos_1"": ""0"", ""pos_2"": ""1""}",,,,
stu_1780967760954_1871,test_1781051031467_d8q3s6i,identify_place_value,0,2,identify_place_value|attempt=0|log=2|891a7597b7,number_sense,1.0,place_value_identification,,PlaceValue,PlaceValue,Visual,0,42465,fast,0,PlaceValueMisidentification,3.0,medium,,,2026-06-10T11:51:40.280Z,2026-06-10T11:52:22.746Z,,,,,"{""pos_0"": 6, ""pos_1"": 4, ""pos_2"": 1}","{""pos_0"": 6, ""pos_1"": ""1"", ""pos_2"": ""4""}",,,,
stu_1780967760954_1871,test_1781051031467_d8q3s6i,identify_place_value,1,0,identify_place_value|attempt=1|log=0|efcd6b9883,number_sense,1.0,place_value_identification,,PlaceValue,PlaceValue,Visual,1,22314,fast,0,,2.0,easy,,,2026-06-10T11:53:08.116Z,2026-06-10T11:53:33.656Z,,,,,"{""pos_0"": 9, ""pos_1"": 3}","{""pos_0"": ""9"", ""pos_1"": ""3""}",,,,
stu_1780967760954_1871,test_1781051031467_d8q3s6i,identify_place_value,1,1,identify_place_value|attempt=1|log=1|faecd16bff,number_sense,1.0,place_value_identification,,PlaceValue,PlaceValue,Visual,1,22753,fast,0,,2.0,easy,,,2026-06-10T11:53:08.116Z,2026-06-10T11:53:33.656Z,,,,,"{""pos_0"": 2, ""pos_1"": 6}","{""pos_0"": ""2"", ""pos_1"": ""6""}",,,,
stu_1780967760954_1871,test_1781051031467_d8q3s6i,identify_place_value,1,2,identify_place_value|attempt=1|log=2|27f444a23d,number_sense,1.0,place_value_identification,,PlaceValue,PlaceValue,Visual,1,21608,fast,0,,2.0,easy,,,2026-06-10T11:53:08.116Z,2026-06-10T11:53:33.656Z,,,,,"{""pos_0"": 5, ""pos_1"": 0}","{""pos_0"": ""5"", ""pos_1"": ""0""}",,,,
stu_1780967760954_1871,test_1781051031467_d8q3s6i,identify_place_value,1,3,identify_place_value|attempt=1|log=3|27f444a23d,number_sense,1.0,place_value_identification,,PlaceValue,PlaceValue,Visual,1,25025,fast,0,,2.0,easy,,,2026-06-10T11:53:08.116Z,2026-06-10T11:53:33.656Z,,,,,"{""pos_0"": 5, ""pos_1"": 0}","{""pos_0"": ""5"", ""pos_1"": ""0""}",,,,
stu_1780967760954_1871,test_1781051031467_d8q3s6i,identify_place_value,1,4,identify_place_value|attempt=1|log=4|27f444a23d,number_sense,1.0,place_value_identification,,PlaceValue,PlaceValue,Visual,1,25540,fast,0,,2.0,easy,,,2026-06-10T11:53:08.116Z,2026-06-10T11:53:33.656Z,,,,,"{""pos_0"": 5, ""pos_1"": 0}","{""pos_0"": ""5"", ""pos_1"": ""0""}",,,,
stu_1780967760954_1871,test_1781051031467_d8q3s6i,order_numbers,0,0,order_numbers|attempt=0|log=0|6ea86fa3fb,sequential_thinking,1.0,number_ordering,,Ordering_desc,Ordering,Visual,1,136551,fast,0,,3.0,medium,,4.0,2026-06-10T11:45:39.844Z,2026-06-10T11:50:42.318Z,,,,,,,,desc,,
stu_1780967760954_1871,test_1781051031467_d8q3s6i,order_numbers,0,1,order_numbers|attempt=0|log=1|be7f568cbd,sequential_thinking,1.0,number_ordering,,Ordering_desc,Ordering,Visual,1,84808,fast,0,,3.0,medium,,5.0,2026-06-10T11:45:39.844Z,2026-06-10T11:50:42.318Z,,,,,,,,desc,,
stu_1780967760954_1871,test_1781051031467_d8q3s6i,order_numbers,0,2,order_numbers|attempt=0|log=2|d46aaf75bb,sequential_thinking,1.0,number_ordering,,Ordering_asc,Ordering,Visual,1,59853,fast,0,,3.0,medium,,3.0,2026-06-10T11:45:39.844Z,2026-06-10T11:50:42.318Z,,,,,,,,asc,,
stu_1780967760954_1871,test_1781051031467_d8q3s6i,order_numbers,0,3,order_numbers|attempt=0|log=3|ffad3e6eed,sequential_thinking,1.0,number_ordering,,Ordering_asc,Ordering,Visual,1,21259,fast,0,,3.0,medium,,2.0,2026-06-10T11:45:39.844Z,2026-06-10T11:50:42.318Z,,,,,,,,asc,,
stu_1780967760954_1871,test_1781051031467_d8q3s6i,tap_matching_pairs,0,0,tap_matching_pairs|attempt=0|log=0|9767bdd2ef,visual_matching,1.0,number_word_matching,,MatchingPairs,VisualMatching,Visual,1,11806,fast,0,,,,,,2026-06-10T11:39:24.775Z,2026-06-10T11:41:27.126Z,,,,,,,,,,
stu_1780967760954_1871,test_1781051031467_d8q3s6i,tap_matching_pairs,0,1,tap_matching_pairs|attempt=0|log=1|9767bdd2ef,visual_matching,1.0,number_word_matching,,MatchingPairs,VisualMatching,Visual,0,44275,fast,0,MatchingPairError,,,,,2026-06-10T11:39:24.775Z,2026-06-10T11:41:27.126Z,,,,,,,,,,
stu_1780967760954_1871,test_1781051031467_d8q3s6i,tap_matching_pairs,0,2,tap_matching_pairs|attempt=0|log=2|9767bdd2ef,visual_matching,1.0,number_word_matching,,MatchingPairs,VisualMatching,Visual,1,49508,fast,0,,,,,,2026-06-10T11:39:24.775Z,2026-06-10T11:41:27.126Z,,,,,,,,,,
stu_1780967760954_1871,test_1781051031467_d8q3s6i,tap_matching_pairs,0,3,tap_matching_pairs|attempt=0|log=3|9767bdd2ef,visual_matching,1.0,number_word_matching,,MatchingPairs,VisualMatching,Visual,1,78573,medium,0,,,,,,2026-06-10T11:39:24.775Z,2026-06-10T11:41:27.126Z,,,,,,,,,,
stu_1780967760954_1871,test_1781051031467_d8q3s6i,tap_matching_pairs,0,4,tap_matching_pairs|attempt=0|log=4|9767bdd2ef,visual_matching,1.0,number_word_matching,,MatchingPairs,VisualMatching,Visual,1,93342,medium,0,,,,,,2026-06-10T11:39:24.775Z,2026-06-10T11:41:27.126Z,,,,,,,,,,
stu_1780967760954_1871,test_1781051031467_d8q3s6i,tap_matching_pairs,0,5,tap_matching_pairs|attempt=0|log=5|9767bdd2ef,visual_matching,1.0,number_word_matching,,MatchingPairs,VisualMatching,Visual,1,112153,medium,0,,,,,,2026-06-10T11:39:24.775Z,2026-06-10T11:41:27.126Z,,,,,,,,,,
stu_1780967760954_1871,test_1781051031467_d8q3s6i,tap_matching_pairs,0,6,tap_matching_pairs|attempt=0|log=6|9767bdd2ef,visual_matching,1.0,number_word_matching,,MatchingPairs,VisualMatching,Visual,1,121848,slow,1,,,,,,2026-06-10T11:39:24.775Z,2026-06-10T11:41:27.126Z,,,,,,,,,,
stu_1780967760954_1871,test_1781051031467_d8q3s6i,tap_matching_pairs,1,0,tap_matching_pairs|attempt=1|log=0|9767bdd2ef,visual_matching,1.0,number_word_matching,,MatchingPairs,VisualMatching,Visual,0,3495,fast,0,MatchingPairError,,,,,2026-06-10T11:41:27.368Z,2026-06-10T11:42:04.888Z,,,,,,,,,,
stu_1780967760954_1871,test_1781051031467_d8q3s6i,tap_matching_pairs,1,1,tap_matching_pairs|attempt=1|log=1|9767bdd2ef,visual_matching,1.0,number_word_matching,,MatchingPairs,VisualMatching,Visual,1,9823,fast,0,,,,,,2026-06-10T11:41:27.368Z,2026-06-10T11:42:04.888Z,,,,,,,,,,
stu_1780967760954_1871,test_1781051031467_d8q3s6i,tap_matching_pairs,1,2,tap_matching_pairs|attempt=1|log=2|9767bdd2ef,visual_matching,1.0,number_word_matching,,MatchingPairs,VisualMatching,Visual,1,16405,fast,0,,,,,,2026-06-10T11:41:27.368Z,2026-06-10T11:42:04.888Z,,,,,,,,,,
stu_1780967760954_1871,test_1781051031467_d8q3s6i,tap_matching_pairs,1,3,tap_matching_pairs|attempt=1|log=3|9767bdd2ef,visual_matching,1.0,number_word_matching,,MatchingPairs,VisualMatching,Visual,1,22209,fast,0,,,,,,2026-06-10T11:41:27.368Z,2026-06-10T11:42:04.888Z,,,,,,,,,,
stu_1780967760954_1871,test_1781051031467_d8q3s6i,tap_matching_pairs,1,4,tap_matching_pairs|attempt=1|log=4|9767bdd2ef,visual_matching,1.0,number_word_matching,,MatchingPairs,VisualMatching,Visual,1,28728,fast,0,,,,,,2026-06-10T11:41:27.368Z,2026-06-10T11:42:04.888Z,,,,,,,,,,
stu_1780967760954_1871,test_1781051031467_d8q3s6i,tap_matching_pairs,1,5,tap_matching_pairs|attempt=1|log=5|9767bdd2ef,visual_matching,1.0,number_word_matching,,MatchingPairs,VisualMatching,Visual,1,37010,fast,0,,,,,,2026-06-10T11:41:27.368Z,2026-06-10T11:42:04.888Z,,,,,,,,,,
stu_1780967760954_1871,test_1781051031467_d8q3s6i,tap_matching_pairs,2,0,tap_matching_pairs|attempt=2|log=0|9767bdd2ef,visual_matching,1.0,number_word_matching,,MatchingPairs,VisualMatching,Visual,1,4447,fast,0,,,,,,2026-06-10T11:42:05.047Z,2026-06-10T11:42:30.321Z,,,,,,,,,,
stu_1780967760954_1871,test_1781051031467_d8q3s6i,tap_matching_pairs,2,1,tap_matching_pairs|attempt=2|log=1|9767bdd2ef,visual_matching,1.0,number_word_matching,,MatchingPairs,VisualMatching,Visual,1,9761,fast,0,,,,,,2026-06-10T11:42:05.047Z,2026-06-10T11:42:30.321Z,,,,,,,,,,
stu_1780967760954_1871,test_1781051031467_d8q3s6i,tap_matching_pairs,2,2,tap_matching_pairs|attempt=2|log=2|9767bdd2ef,visual_matching,1.0,number_word_matching,,MatchingPairs,VisualMatching,Visual,1,19987,fast,0,,,,,,2026-06-10T11:42:05.047Z,2026-06-10T11:42:30.321Z,,,,,,,,,,
stu_1780967760954_1871,test_1781051031467_d8q3s6i,tap_matching_pairs,2,3,tap_matching_pairs|attempt=2|log=3|9767bdd2ef,visual_matching,1.0,number_word_matching,,MatchingPairs,VisualMatching,Visual,1,24760,fast,0,,,,,,2026-06-10T11:42:05.047Z,2026-06-10T11:42:30.321Z,,,,,,,,,,
stu_1780967760954_1871,test_1781051031467_d8q3s6i,vertical_operations,0,0,vertical_operations|attempt=0|log=0|5ef92d678f,arithmetic_fluency,1.0,vertical_operation_fluency,Addition,AdditionWithCarry,VerticalOperation,Vertical,1,64744,fast,0,,3.0,medium,,,2026-06-10T12:03:15.370Z,2026-06-10T12:04:33.724Z,69 Addition 53,,122,122,,,,,,
stu_1780967760954_1871,test_1781051031467_d8q3s6i,vertical_operations,0,1,vertical_operations|attempt=0|log=1|8e0347d32d,arithmetic_fluency,1.0,vertical_operation_fluency,Subtraction,SimpleSubtraction,VerticalOperation,Vertical,0,13611,fast,0,ComputationError,2.0,easy,,,2026-06-10T12:03:15.370Z,2026-06-10T12:04:33.724Z,57 Subtraction 42,,15,99,,,,,,
stu_1780967760954_1871,test_1781051031467_d8q3s6i,write_number_in_letters,0,0,write_number_in_letters|attempt=0|log=0|82e3047325,number_sense,1.0,number_writing,,WrittenNumberProduction,NumberWriting,Mixed,0,70929,fast,0,DigitLengthMistake,3.0,medium,,,2026-06-10T11:57:34.460Z,2026-06-10T11:58:31.389Z,,,,,"[""\u0645\u0626\u062a\u0627\u0646"", ""\u0648"", ""\u0633\u062a\u0629"", ""\u0648"", ""\u062e\u0645\u0633\u0648\u0646""]","[""\u062e\u0645\u0633\u0629"", ""\u0648"", ""\u0633\u062a\u0629"", ""\u0648"", ""\u0645\u0626\u062a\u0627\u0646""]",,,,
stu_1780967760954_1871,test_1781051031467_d8q3s6i,write_number_in_letters,0,1,write_number_in_letters|attempt=0|log=1|e55de393ed,number_sense,1.0,number_writing,,WrittenNumberProduction,NumberWriting,Mixed,0,54330,fast,0,DigitLengthMistake,3.0,medium,,,2026-06-10T11:57:34.460Z,2026-06-10T11:58:31.389Z,,,,,"[""\u062e\u0645\u0633\u0645\u0626\u0629"", ""\u0648"", ""\u0633\u0628\u0639\u0629""]","[""\u0633\u0628\u0639\u0629"", ""\u0648"", ""\u062e\u0645\u0633\u0645\u0626\u0629""]",,,,
stu_1780967760954_1871,test_1781051031467_d8q3s6i,write_number_in_letters,0,2,write_number_in_letters|attempt=0|log=2|ad46d88c37,number_sense,1.0,number_writing,,WrittenNumberProduction,NumberWriting,Mixed,0,112594,fast,0,DigitLengthMistake,3.0,medium,,,2026-06-10T11:57:34.460Z,2026-06-10T11:58:31.389Z,,,,,"[""\u062b\u0644\u0627\u062b\u0645\u0626\u0629"", ""\u0648"", ""\u0648\u0627\u062d\u062f"", ""\u0648"", ""\u062b\u0645\u0627\u0646\u0648\u0646""]","[""\u062b\u0644\u0627\u062b"", ""\u0648"", ""\u0648\u0627\u062d\u062f"", ""\u0648"", ""\u062b\u0645\u0627\u0646\u0648\u0646""]",,,,
stu_1780967760954_1871,test_1781051031467_d8q3s6i,write_number_in_letters,0,3,write_number_in_letters|attempt=0|log=3|da3730f129,number_sense,1.0,number_writing,,WrittenNumberProduction,NumberWriting,Mixed,1,50897,fast,0,,3.0,medium,,,2026-06-10T11:57:34.460Z,2026-06-10T11:58:31.389Z,,,,,"[""\u0623\u0631\u0628\u0639\u0645\u0626\u0629"", ""\u0648"", ""\u062e\u0645\u0633\u0629"", ""\u0648"", ""\u062b\u0645\u0627\u0646\u0648\u0646""]","[""\u0623\u0631\u0628\u0639\u0645\u0626\u0629"", ""\u0648"", ""\u062e\u0645\u0633\u0629"", ""\u0648"", ""\u062b\u0645\u0627\u0646\u0648\u0646""]",,,,
stu_1780967760954_1871,test_1781051031467_d8q3s6i,write_number_in_letters,0,4,write_number_in_letters|attempt=0|log=4|da3730f129,number_sense,1.0,number_writing,,WrittenNumberProduction,NumberWriting,Mixed,1,53430,fast,0,,3.0,medium,,,2026-06-10T11:57:34.460Z,2026-06-10T11:58:31.389Z,,,,,"[""\u0623\u0631\u0628\u0639\u0645\u0626\u0629"", ""\u0648"", ""\u062e\u0645\u0633\u0629"", ""\u0648"", ""\u062b\u0645\u0627\u0646\u0648\u0646""]","[""\u0623\u0631\u0628\u0639\u0645\u0626\u0629"", ""\u0648"", ""\u062e\u0645\u0633\u0629"", ""\u0648"", ""\u062b\u0645\u0627\u0646\u0648\u0646""]",,,,
stu_1780967760954_1871,test_1781051031467_d8q3s6i,write_number_in_letters,0,5,write_number_in_letters|attempt=0|log=5|da3730f129,number_sense,1.0,number_writing,,WrittenNumberProduction,NumberWriting,Mixed,1,54294,fast,0,,3.0,medium,,,2026-06-10T11:57:34.460Z,2026-06-10T11:58:31.389Z,,,,,"[""\u0623\u0631\u0628\u0639\u0645\u0626\u0629"", ""\u0648"", ""\u062e\u0645\u0633\u0629"", ""\u0648"", ""\u062b\u0645\u0627\u0646\u0648\u0646""]","[""\u0623\u0631\u0628\u0639\u0645\u0626\u0629"", ""\u0648"", ""\u062e\u0645\u0633\u0629"", ""\u0648"", ""\u062b\u0645\u0627\u0646\u0648\u0646""]",,,,
stu_1780967760954_1871,test_1781051031467_d8q3s6i,write_number_in_letters,0,6,write_number_in_letters|attempt=0|log=6|da3730f129,number_sense,1.0,number_writing,,WrittenNumberProduction,NumberWriting,Mixed,1,56128,fast,0,,3.0,medium,,,2026-06-10T11:57:34.460Z,2026-06-10T11:58:31.389Z,,,,,"[""\u0623\u0631\u0628\u0639\u0645\u0626\u0629"", ""\u0648"", ""\u062e\u0645\u0633\u0629"", ""\u0648"", ""\u062b\u0645\u0627\u0646\u0648\u0646""]","[""\u0623\u0631\u0628\u0639\u0645\u0626\u0629"", ""\u0648"", ""\u062e\u0645\u0633\u0629"", ""\u0648"", ""\u062b\u0645\u0627\u0646\u0648\u0646""]",,,,
stu_1780967760954_1871,test_1781051031467_d8q3s6i,write_number_in_letters,0,7,write_number_in_letters|attempt=0|log=7|da3730f129,number_sense,1.0,number_writing,,WrittenNumberProduction,NumberWriting,Mixed,1,56928,fast,0,,3.0,medium,,,2026-06-10T11:57:34.460Z,2026-06-10T11:58:31.389Z,,,,,"[""\u0623\u0631\u0628\u0639\u0645\u0626\u0629"", ""\u0648"", ""\u062e\u0645\u0633\u0629"", ""\u0648"", ""\u062b\u0645\u0627\u0646\u0648\u0646""]","[""\u0623\u0631\u0628\u0639\u0645\u0626\u0629"", ""\u0648"", ""\u062e\u0645\u0633\u0629"", ""\u0648"", ""\u062b\u0645\u0627\u0646\u0648\u0646""]",,,,
stu_1780967760954_1871,test_1781093235410_7hlnif4,read_number_aloud,0,0,read_number_aloud|attempt=0|log=0|6137bcc55f,number_sense,1.0,oral_number_reading,,ReadNumberAloud,OralReading,Audio,0,62516,slow,1,SpeechNumberReadingError,3.0,medium,,,2026-06-10T12:52:39.223Z,2026-06-10T12:55:28.245Z,799,,,,,,,,,
stu_1780967760954_1871,test_1781093235410_7hlnif4,read_number_aloud,0,1,read_number_aloud|attempt=0|log=1|ba0eccc8af,number_sense,1.0,oral_number_reading,,ReadNumberAloud,OralReading,Audio,0,38125,slow,1,SpeechNumberReadingError,3.0,medium,,,2026-06-10T12:52:39.223Z,2026-06-10T12:55:28.245Z,565,,,,,,,,,
stu_1780967760954_1871,test_1781093235410_7hlnif4,read_number_aloud,0,2,read_number_aloud|attempt=0|log=2|443ebcb89f,number_sense,1.0,oral_number_reading,,ReadNumberAloud,OralReading,Audio,0,29497,slow,1,SpeechNumberReadingError,3.0,medium,,,2026-06-10T12:52:39.223Z,2026-06-10T12:55:28.245Z,808,,,,,,,,,
stu_1780967760954_1871,test_1781093235410_7hlnif4,read_number_aloud,0,3,read_number_aloud|attempt=0|log=3|e214f01915,number_sense,1.0,oral_number_reading,,ReadNumberAloud,OralReading,Audio,0,11197,medium,0,SpeechNumberReadingError,3.0,medium,,,2026-06-10T12:52:39.223Z,2026-06-10T12:55:28.245Z,648,,,,,,,,,
stu_1780967760954_1871,test_1781093235410_7hlnif4,read_number_aloud,0,4,read_number_aloud|attempt=0|log=4|00ba668ac2,number_sense,1.0,oral_number_reading,,ReadNumberAloud,OralReading,Audio,0,27686,slow,1,SpeechNumberReadingError,3.0,medium,,,2026-06-10T12:52:39.223Z,2026-06-10T12:55:28.245Z,381,,,,,,,,,
stu_1780967760954_1871,test_1781093235410_7hlnif4,vertical_operations,0,0,vertical_operations|attempt=0|log=0|a56d134d42,arithmetic_fluency,1.0,vertical_operation_fluency,Addition,AdditionWithCarry,VerticalOperation,Vertical,1,38582,fast,0,,3.0,medium,,,2026-06-10T12:55:28.366Z,2026-06-10T12:57:22.049Z,43 Addition 79,,122,122,,,,,,
stu_1780967760954_1871,test_1781093235410_7hlnif4,vertical_operations,0,1,vertical_operations|attempt=0|log=1|e0caa3a047,arithmetic_fluency,1.0,vertical_operation_fluency,Subtraction,SimpleSubtraction,VerticalOperation,Vertical,1,75101,fast,0,,2.0,easy,,,2026-06-10T12:55:28.366Z,2026-06-10T12:57:22.049Z,77 Subtraction 34,,43,43,,,,,,
stu_1780967760954_1871,test_1781094588909_etc7w2i,choose_answer,0,0,choose_answer|attempt=0|log=0|1e50bfba7f,arithmetic_fluency,0.6,operation_identification_from_context,Subtraction,OneStepProblem,WordProblem,Horizontal,1,6505,fast,0,,2.0,easy,,,2026-06-10T12:44:39.009Z,2026-06-10T12:45:04.497Z,كان لديك 41 تفاحة وأكلت 33. كم بقي؟,41 - 33,,,,,,,Subtraction,Subtraction
stu_1780967760954_1871,test_1781094588909_etc7w2i,choose_answer,0,0,choose_answer|attempt=0|log=0|1e50bfba7f,number_sense,0.2,operation_identification_from_context,Subtraction,OneStepProblem,WordProblem,Horizontal,1,6505,fast,0,,2.0,easy,,,2026-06-10T12:44:39.009Z,2026-06-10T12:45:04.497Z,كان لديك 41 تفاحة وأكلت 33. كم بقي؟,41 - 33,,,,,,,Subtraction,Subtraction
stu_1780967760954_1871,test_1781094588909_etc7w2i,choose_answer,0,0,choose_answer|attempt=0|log=0|1e50bfba7f,sequential_thinking,0.2,operation_identification_from_context,Subtraction,OneStepProblem,WordProblem,Horizontal,1,6505,fast,0,,2.0,easy,,,2026-06-10T12:44:39.009Z,2026-06-10T12:45:04.497Z,كان لديك 41 تفاحة وأكلت 33. كم بقي؟,41 - 33,,,,,,,Subtraction,Subtraction
stu_1780967760954_1871,test_1781094588909_etc7w2i,choose_answer,0,1,choose_answer|attempt=0|log=1|34dca278e7,arithmetic_fluency,0.6,operation_identification_from_context,,OneStepProblem,WordProblem,Horizontal,1,12312,medium,0,,2.0,easy,,,2026-06-10T12:44:39.009Z,2026-06-10T12:45:04.497Z,ذهب أحمد إلى السوق واشترى 2 كيلو من التفاح بسعر 15 درهمًا للكيلو. كم دفع أحمد في المجمل؟,2 × 15,,,,,,,,
stu_1780967760954_1871,test_1781094588909_etc7w2i,choose_answer,0,1,choose_answer|attempt=0|log=1|34dca278e7,number_sense,0.2,operation_identification_from_context,,OneStepProblem,WordProblem,Horizontal,1,12312,medium,0,,2.0,easy,,,2026-06-10T12:44:39.009Z,2026-06-10T12:45:04.497Z,ذهب أحمد إلى السوق واشترى 2 كيلو من التفاح بسعر 15 درهمًا للكيلو. كم دفع أحمد في المجمل؟,2 × 15,,,,,,,,
stu_1780967760954_1871,test_1781094588909_etc7w2i,choose_answer,0,1,choose_answer|attempt=0|log=1|34dca278e7,sequential_thinking,0.2,operation_identification_from_context,,OneStepProblem,WordProblem,Horizontal,1,12312,medium,0,,2.0,easy,,,2026-06-10T12:44:39.009Z,2026-06-10T12:45:04.497Z,ذهب أحمد إلى السوق واشترى 2 كيلو من التفاح بسعر 15 درهمًا للكيلو. كم دفع أحمد في المجمل؟,2 × 15,,,,,,,,
stu_1780967760954_1871,test_1781094588909_etc7w2i,choose_answer,0,2,choose_answer|attempt=0|log=2|cd84398629,arithmetic_fluency,0.6,operation_identification_from_context,Subtraction,OneStepProblem,WordProblem,Horizontal,1,6667,fast,0,,2.0,easy,,,2026-06-10T12:44:39.009Z,2026-06-10T12:45:04.497Z,كانت عندك 10 تفاحات، أكلت 3. كم بقي؟,10 - 3,,,,,,,Subtraction,Subtraction
stu_1780967760954_1871,test_1781094588909_etc7w2i,choose_answer,0,2,choose_answer|attempt=0|log=2|cd84398629,number_sense,0.2,operation_identification_from_context,Subtraction,OneStepProblem,WordProblem,Horizontal,1,6667,fast,0,,2.0,easy,,,2026-06-10T12:44:39.009Z,2026-06-10T12:45:04.497Z,كانت عندك 10 تفاحات، أكلت 3. كم بقي؟,10 - 3,,,,,,,Subtraction,Subtraction
stu_1780967760954_1871,test_1781094588909_etc7w2i,choose_answer,0,2,choose_answer|attempt=0|log=2|cd84398629,sequential_thinking,0.2,operation_identification_from_context,Subtraction,OneStepProblem,WordProblem,Horizontal,1,6667,fast,0,,2.0,easy,,,2026-06-10T12:44:39.009Z,2026-06-10T12:45:04.497Z,كانت عندك 10 تفاحات، أكلت 3. كم بقي؟,10 - 3,,,,,,,Subtraction,Subtraction
stu_1780967760954_1871,test_1781094588909_etc7w2i,find_previous_next_number,0,0,find_previous_next_number|attempt=0|log=0|9d3b833efc,sequential_thinking,1.0,previous_next_number,,PreviousAndNext,Sequence,Horizontal,0,40486,fast,0,MissingNext,3.0,medium,400-409,,2026-06-10T12:41:17.047Z,2026-06-10T12:41:45.353Z,407,,,,"[406, 408]","[406, 406]",,,,
stu_1780967760954_1871,test_1781094588909_etc7w2i,find_previous_next_number,0,1,find_previous_next_number|attempt=0|log=1|25b218fc8b,sequential_thinking,1.0,previous_next_number,,PreviousAndNext,Sequence,Horizontal,1,28297,fast,0,,3.0,medium,370-379,,2026-06-10T12:41:17.047Z,2026-06-10T12:41:45.353Z,373,,,,"[372, 374]","[372, 374]",,,,
stu_1780967760954_1871,test_1781094588909_etc7w2i,find_previous_next_number,1,0,find_previous_next_number|attempt=1|log=0|b92a5d9152,sequential_thinking,1.0,previous_next_number,,PreviousAndNext,Sequence,Horizontal,1,30275,fast,0,,2.0,easy,60-69,,2026-06-10T12:42:15.757Z,2026-06-10T12:42:31.267Z,69,,,,"[68, 70]","[68, 70]",,,,
stu_1780967760954_1871,test_1781094588909_etc7w2i,find_previous_next_number,1,1,find_previous_next_number|attempt=1|log=1|1d345db77c,sequential_thinking,1.0,previous_next_number,,PreviousAndNext,Sequence,Horizontal,1,15503,fast,0,,2.0,easy,70-79,,2026-06-10T12:42:15.757Z,2026-06-10T12:42:31.267Z,77,,,,"[76, 78]","[76, 78]",,,,
stu_1780967760954_1871,test_1781094588909_etc7w2i,identify_place_value,0,0,identify_place_value|attempt=0|log=0|be3e595080,number_sense,1.0,place_value_identification,,PlaceValue,PlaceValue,Visual,1,11540,fast,0,,3.0,medium,,,2026-06-10T12:43:44.461Z,2026-06-10T12:44:02.871Z,,,,,"{""pos_0"": 4, ""pos_1"": 7, ""pos_2"": 5}","{""pos_0"": 4, ""pos_1"": 7, ""pos_2"": 5}",,,,
stu_1780967760954_1871,test_1781094588909_etc7w2i,identify_place_value,0,1,identify_place_value|attempt=0|log=1|c635416233,number_sense,1.0,place_value_identification,,PlaceValue,PlaceValue,Visual,1,18470,fast,0,,3.0,medium,,,2026-06-10T12:43:44.461Z,2026-06-10T12:44:02.871Z,,,,,"{""pos_0"": 9, ""pos_1"": 0, ""pos_2"": 2}","{""pos_0"": 9, ""pos_1"": 0, ""pos_2"": 2}",,,,
stu_1780967760954_1871,test_1781094588909_etc7w2i,identify_place_value,0,2,identify_place_value|attempt=0|log=2|cf5a541701,number_sense,1.0,place_value_identification,,PlaceValue,PlaceValue,Visual,0,18402,fast,0,PlaceValueMisidentification,3.0,medium,,,2026-06-10T12:43:44.461Z,2026-06-10T12:44:02.871Z,,,,,"{""pos_0"": 7, ""pos_1"": 3, ""pos_2"": 0}","{""pos_0"": 7, ""pos_1"": 0, ""pos_2"": 3}",,,,
stu_1780967760954_1871,test_1781094588909_etc7w2i,identify_place_value,1,0,identify_place_value|attempt=1|log=0|e7003cb89b,number_sense,1.0,place_value_identification,,PlaceValue,PlaceValue,Visual,1,13063,fast,0,,2.0,easy,,,2026-06-10T12:44:26.662Z,2026-06-10T12:44:38.907Z,,,,,"{""pos_0"": 5, ""pos_1"": 6}","{""pos_0"": 5, ""pos_1"": 6}",,,,
stu_1780967760954_1871,test_1781094588909_etc7w2i,identify_place_value,1,1,identify_place_value|attempt=1|log=1|c22a0d857d,number_sense,1.0,place_value_identification,,PlaceValue,PlaceValue,Visual,1,10607,fast,0,,2.0,easy,,,2026-06-10T12:44:26.662Z,2026-06-10T12:44:38.907Z,,,,,"{""pos_0"": 9, ""pos_1"": 2}","{""pos_0"": 9, ""pos_1"": 2}",,,,
stu_1780967760954_1871,test_1781094588909_etc7w2i,identify_place_value,1,2,identify_place_value|attempt=1|log=2|031adc22a3,number_sense,1.0,place_value_identification,,PlaceValue,PlaceValue,Visual,1,12239,fast,0,,2.0,easy,,,2026-06-10T12:44:26.662Z,2026-06-10T12:44:38.907Z,,,,,"{""pos_0"": 7, ""pos_1"": 5}","{""pos_0"": 7, ""pos_1"": 5}",,,,
stu_1780967760954_1871,test_1781094588909_etc7w2i,order_numbers,0,0,order_numbers|attempt=0|log=0|f67cf9f2ca,sequential_thinking,1.0,number_ordering,,Ordering_asc,Ordering,Visual,1,16652,fast,0,,3.0,medium,,4.0,2026-06-10T12:42:31.386Z,2026-06-10T12:43:14.335Z,,,,,,,,asc,,
stu_1780967760954_1871,test_1781094588909_etc7w2i,order_numbers,0,1,order_numbers|attempt=0|log=1|df928cb6de,sequential_thinking,1.0,number_ordering,,Ordering_desc,Ordering,Visual,1,14523,fast,0,,3.0,medium,,5.0,2026-06-10T12:42:31.386Z,2026-06-10T12:43:14.335Z,,,,,,,,desc,,
stu_1780967760954_1871,test_1781094588909_etc7w2i,order_numbers,0,2,order_numbers|attempt=0|log=2|013783a8cb,sequential_thinking,1.0,number_ordering,,Ordering_desc,Ordering,Visual,1,11756,fast,0,,3.0,medium,,3.0,2026-06-10T12:42:31.386Z,2026-06-10T12:43:14.335Z,,,,,,,,desc,,
stu_1780967760954_1871,test_1781094588909_etc7w2i,tap_matching_pairs,0,0,tap_matching_pairs|attempt=0|log=0|9767bdd2ef,visual_matching,1.0,number_word_matching,,MatchingPairs,VisualMatching,Visual,1,13499,fast,0,,,,,,2026-06-10T12:39:50.651Z,2026-06-10T12:40:36.431Z,,,,,,,,,,
stu_1780967760954_1871,test_1781094588909_etc7w2i,tap_matching_pairs,0,1,tap_matching_pairs|attempt=0|log=1|9767bdd2ef,visual_matching,1.0,number_word_matching,,MatchingPairs,VisualMatching,Visual,1,20029,fast,0,,,,,,2026-06-10T12:39:50.651Z,2026-06-10T12:40:36.431Z,,,,,,,,,,
stu_1780967760954_1871,test_1781094588909_etc7w2i,tap_matching_pairs,0,2,tap_matching_pairs|attempt=0|log=2|9767bdd2ef,visual_matching,1.0,number_word_matching,,MatchingPairs,VisualMatching,Visual,1,25507,fast,0,,,,,,2026-06-10T12:39:50.651Z,2026-06-10T12:40:36.431Z,,,,,,,,,,
stu_1780967760954_1871,test_1781094588909_etc7w2i,tap_matching_pairs,0,3,tap_matching_pairs|attempt=0|log=3|9767bdd2ef,visual_matching,1.0,number_word_matching,,MatchingPairs,VisualMatching,Visual,1,32114,fast,0,,,,,,2026-06-10T12:39:50.651Z,2026-06-10T12:40:36.431Z,,,,,,,,,,
stu_1780967760954_1871,test_1781094588909_etc7w2i,tap_matching_pairs,0,4,tap_matching_pairs|attempt=0|log=4|9767bdd2ef,visual_matching,1.0,number_word_matching,,MatchingPairs,VisualMatching,Visual,1,34953,fast,0,,,,,,2026-06-10T12:39:50.651Z,2026-06-10T12:40:36.431Z,,,,,,,,,,
stu_1780967760954_1871,test_1781094588909_etc7w2i,tap_matching_pairs,0,5,tap_matching_pairs|attempt=0|log=5|9767bdd2ef,visual_matching,1.0,number_word_matching,,MatchingPairs,VisualMatching,Visual,1,37888,fast,0,,,,,,2026-06-10T12:39:50.651Z,2026-06-10T12:40:36.431Z,,,,,,,,,,
stu_1780967760954_1871,test_1781094588909_etc7w2i,tap_matching_pairs,0,6,tap_matching_pairs|attempt=0|log=6|9767bdd2ef,visual_matching,1.0,number_word_matching,,MatchingPairs,VisualMatching,Visual,1,43290,fast,0,,,,,,2026-06-10T12:39:50.651Z,2026-06-10T12:40:36.431Z,,,,,,,,,,
stu_1780967760954_1871,test_1781094588909_etc7w2i,tap_matching_pairs,0,7,tap_matching_pairs|attempt=0|log=7|9767bdd2ef,visual_matching,1.0,number_word_matching,,MatchingPairs,VisualMatching,Visual,1,45272,fast,0,,,,,,2026-06-10T12:39:50.651Z,2026-06-10T12:40:36.431Z,,,,,,,,,,
stu_1780967760954_1871,test_1781094588909_etc7w2i,vertical_operations,0,0,vertical_operations|attempt=0|log=0|024b63eb41,arithmetic_fluency,1.0,vertical_operation_fluency,Addition,AdditionWithCarry,VerticalOperation,Vertical,1,18474,fast,0,,3.0,medium,,,2026-06-10T12:45:04.603Z,2026-06-10T12:46:12.726Z,73 Addition 50,,123,123,,,,,,
stu_1780967760954_1871,test_1781094588909_etc7w2i,vertical_operations,0,1,vertical_operations|attempt=0|log=1|abf19745f5,arithmetic_fluency,1.0,vertical_operation_fluency,Addition,AdditionWithCarry,VerticalOperation,Vertical,1,14627,fast,0,,2.0,easy,,,2026-06-10T12:45:04.603Z,2026-06-10T12:46:12.726Z,4 Addition 93,,97,97,,,,,,
stu_1780967760954_1871,test_1781094588909_etc7w2i,vertical_operations,0,2,vertical_operations|attempt=0|log=2|c3f98527b9,arithmetic_fluency,1.0,vertical_operation_fluency,Subtraction,SimpleSubtraction,VerticalOperation,Vertical,0,18295,fast,0,ComputationError,2.0,easy,,,2026-06-10T12:45:04.603Z,2026-06-10T12:46:12.726Z,89 Subtraction 73,,16,62,,,,,,
stu_1780967760954_1871,test_1781094588909_etc7w2i,vertical_operations,0,3,vertical_operations|attempt=0|log=3|7fc41f1551,arithmetic_fluency,1.0,vertical_operation_fluency,Subtraction,SimpleSubtraction,VerticalOperation,Vertical,0,16727,fast,0,ComputationError,2.0,easy,,,2026-06-10T12:45:04.603Z,2026-06-10T12:46:12.726Z,35 Subtraction 1,,34,44,,,,,,
stu_1780967761139_4648,test_1780996897356_kspg977,choose_answer,0,0,choose_answer|attempt=0|log=0|2cff57bfa7,arithmetic_fluency,0.6,operation_identification_from_context,Addition,OneStepProblem,WordProblem,Horizontal,1,20246,slow,1,,2.0,easy,,,2026-06-10T11:23:31.157Z,2026-06-10T11:24:32.297Z,تملك سلوى 30 درهما ومنحها أبوها 20 درهما. كم أصبح لدى سلوى من درهم؟,30 + 20,,,,,,,Addition,Addition
stu_1780967761139_4648,test_1780996897356_kspg977,choose_answer,0,0,choose_answer|attempt=0|log=0|2cff57bfa7,number_sense,0.2,operation_identification_from_context,Addition,OneStepProblem,WordProblem,Horizontal,1,20246,slow,1,,2.0,easy,,,2026-06-10T11:23:31.157Z,2026-06-10T11:24:32.297Z,تملك سلوى 30 درهما ومنحها أبوها 20 درهما. كم أصبح لدى سلوى من درهم؟,30 + 20,,,,,,,Addition,Addition
stu_1780967761139_4648,test_1780996897356_kspg977,choose_answer,0,0,choose_answer|attempt=0|log=0|2cff57bfa7,sequential_thinking,0.2,operation_identification_from_context,Addition,OneStepProblem,WordProblem,Horizontal,1,20246,slow,1,,2.0,easy,,,2026-06-10T11:23:31.157Z,2026-06-10T11:24:32.297Z,تملك سلوى 30 درهما ومنحها أبوها 20 درهما. كم أصبح لدى سلوى من درهم؟,30 + 20,,,,,,,Addition,Addition
stu_1780967761139_4648,test_1780996897356_kspg977,choose_answer,0,1,choose_answer|attempt=0|log=1|7cae96e16f,arithmetic_fluency,0.6,operation_identification_from_context,Subtraction,OneStepProblem,WordProblem,Horizontal,0,11935,medium,0,ComputationError,2.0,easy,,,2026-06-10T11:23:31.157Z,2026-06-10T11:24:32.297Z,كان لديك 90 تفاحة وأكلت 37. كم بقي؟,37 - 90,,,,,,,Subtraction,Subtraction
stu_1780967761139_4648,test_1780996897356_kspg977,choose_answer,0,1,choose_answer|attempt=0|log=1|7cae96e16f,number_sense,0.2,operation_identification_from_context,Subtraction,OneStepProblem,WordProblem,Horizontal,0,11935,medium,0,ComputationError,2.0,easy,,,2026-06-10T11:23:31.157Z,2026-06-10T11:24:32.297Z,كان لديك 90 تفاحة وأكلت 37. كم بقي؟,37 - 90,,,,,,,Subtraction,Subtraction
stu_1780967761139_4648,test_1780996897356_kspg977,choose_answer,0,1,choose_answer|attempt=0|log=1|7cae96e16f,sequential_thinking,0.2,operation_identification_from_context,Subtraction,OneStepProblem,WordProblem,Horizontal,0,11935,medium,0,ComputationError,2.0,easy,,,2026-06-10T11:23:31.157Z,2026-06-10T11:24:32.297Z,كان لديك 90 تفاحة وأكلت 37. كم بقي؟,37 - 90,,,,,,,Subtraction,Subtraction
stu_1780967761139_4648,test_1780996897356_kspg977,choose_answer,0,2,choose_answer|attempt=0|log=2|36eb100268,arithmetic_fluency,0.6,operation_identification_from_context,Subtraction,OneStepProblem,WordProblem,Horizontal,1,28959,slow,1,,2.0,easy,,,2026-06-10T11:23:31.157Z,2026-06-10T11:24:32.297Z,كان لديك 24 تفاحة وأكلت 17. كم بقي؟,24 - 17,,,,,,,Subtraction,Subtraction
stu_1780967761139_4648,test_1780996897356_kspg977,choose_answer,0,2,choose_answer|attempt=0|log=2|36eb100268,number_sense,0.2,operation_identification_from_context,Subtraction,OneStepProblem,WordProblem,Horizontal,1,28959,slow,1,,2.0,easy,,,2026-06-10T11:23:31.157Z,2026-06-10T11:24:32.297Z,كان لديك 24 تفاحة وأكلت 17. كم بقي؟,24 - 17,,,,,,,Subtraction,Subtraction
stu_1780967761139_4648,test_1780996897356_kspg977,choose_answer,0,2,choose_answer|attempt=0|log=2|36eb100268,sequential_thinking,0.2,operation_identification_from_context,Subtraction,OneStepProblem,WordProblem,Horizontal,1,28959,slow,1,,2.0,easy,,,2026-06-10T11:23:31.157Z,2026-06-10T11:24:32.297Z,كان لديك 24 تفاحة وأكلت 17. كم بقي؟,24 - 17,,,,,,,Subtraction,Subtraction
stu_1780967761139_4648,test_1780996897356_kspg977,compare_numbers,0,0,compare_numbers|attempt=0|log=0|2a65f03b58,comparison_skill,1.0,number_comparison,,Greater,Comparison,Horizontal,1,5383,fast,0,,3.0,medium,,,2026-06-10T11:08:20.988Z,2026-06-10T11:08:44.770Z,,,,,,,Greater,,,
stu_1780967761139_4648,test_1780996897356_kspg977,compare_numbers,0,1,compare_numbers|attempt=0|log=1|2f41a04e54,comparison_skill,1.0,number_comparison,,Greater,Comparison,Horizontal,1,4215,fast,0,,3.0,medium,,,2026-06-10T11:08:20.988Z,2026-06-10T11:08:44.770Z,,,,,,,Greater,,,
stu_1780967761139_4648,test_1780996897356_kspg977,compare_numbers,0,2,compare_numbers|attempt=0|log=2|1a2f0aa45c,comparison_skill,1.0,number_comparison,,Less,Comparison,Horizontal,1,9416,fast,0,,3.0,medium,,,2026-06-10T11:08:20.988Z,2026-06-10T11:08:44.770Z,,,,,,,Less,,,
stu_1780967761139_4648,test_1780996897356_kspg977,compare_numbers,0,3,compare_numbers|attempt=0|log=3|baa420fef1,comparison_skill,1.0,number_comparison,,Less,Comparison,Horizontal,1,4766,fast,0,,3.0,medium,,,2026-06-10T11:08:20.988Z,2026-06-10T11:08:44.770Z,,,,,,,Less,,,
stu_1780967761139_4648,test_1780996897356_kspg977,decompose_number,0,0,decompose_number|attempt=0|log=0|fba2aa15ff,number_sense,1.0,number_decomposition,,Decomposition,Decomposition,Visual,1,35691,fast,0,,3.0,medium,,,2026-06-10T11:13:40.939Z,2026-06-10T11:15:16.259Z,,,,,"[200, 80]","[200, 80]",,,,
stu_1780967761139_4648,test_1780996897356_kspg977,decompose_number,0,1,decompose_number|attempt=0|log=1|6a173b1514,number_sense,1.0,number_decomposition,,Decomposition,Decomposition,Visual,1,95319,fast,0,,3.0,medium,,,2026-06-10T11:13:40.939Z,2026-06-10T11:15:16.259Z,,,,,"[200, 10, 5]","[200, 10, 5]",,,,
stu_1780967761139_4648,test_1780996897356_kspg977,find_previous_next_number,0,0,find_previous_next_number|attempt=0|log=0|cf3d29e55d,sequential_thinking,1.0,previous_next_number,,PreviousAndNext,Sequence,Horizontal,1,58124,fast,0,,3.0,medium,410-419,,2026-06-10T11:07:33.261Z,2026-06-10T11:08:20.843Z,416,,,,"[415, 417]","[415, 417]",,,,
stu_1780967761139_4648,test_1780996897356_kspg977,find_previous_next_number,0,1,find_previous_next_number|attempt=0|log=1|7380395c8a,sequential_thinking,1.0,previous_next_number,,PreviousAndNext,Sequence,Horizontal,1,69172,medium,0,,3.0,medium,730-739,,2026-06-10T11:07:33.261Z,2026-06-10T11:08:20.843Z,736,,,,"[735, 737]","[735, 737]",,,,
stu_1780967761139_4648,test_1780996897356_kspg977,find_previous_next_number,0,2,find_previous_next_number|attempt=0|log=2|e20deb3653,sequential_thinking,1.0,previous_next_number,,PreviousAndNext,Sequence,Horizontal,1,66622,medium,0,,3.0,medium,560-569,,2026-06-10T11:07:33.261Z,2026-06-10T11:08:20.843Z,563,,,,"[562, 564]","[562, 564]",,,,
stu_1780967761139_4648,test_1780996897356_kspg977,find_previous_next_number,0,3,find_previous_next_number|attempt=0|log=3|456a818a26,sequential_thinking,1.0,previous_next_number,,PreviousAndNext,Sequence,Horizontal,1,47582,fast,0,,2.0,easy,80-89,,2026-06-10T11:07:33.261Z,2026-06-10T11:08:20.843Z,84,,,,"[83, 85]","[83, 85]",,,,
stu_1780967761139_4648,test_1780996897356_kspg977,identify_place_value,0,0,identify_place_value|attempt=0|log=0|91d0e280b0,number_sense,1.0,place_value_identification,,PlaceValue,PlaceValue,Visual,1,41963,fast,0,,3.0,medium,,,2026-06-10T11:17:57.555Z,2026-06-10T11:19:58.867Z,,,,,"{""pos_0"": 4, ""pos_1"": 5, ""pos_2"": 4}","{""pos_0"": ""4"", ""pos_1"": 5, ""pos_2"": ""4""}",,,,
stu_1780967761139_4648,test_1780996897356_kspg977,identify_place_value,0,1,identify_place_value|attempt=0|log=1|1fb1d73d1b,number_sense,1.0,place_value_identification,,PlaceValue,PlaceValue,Visual,1,119169,fast,0,,3.0,medium,,,2026-06-10T11:17:57.555Z,2026-06-10T11:19:58.867Z,,,,,"{""pos_0"": 2, ""pos_1"": 0, ""pos_2"": 7}","{""pos_0"": ""2"", ""pos_1"": ""0"", ""pos_2"": ""7""}",,,,
stu_1780967761139_4648,test_1780996897356_kspg977,identify_place_value,0,2,identify_place_value|attempt=0|log=2|e77d7ddc73,number_sense,1.0,place_value_identification,,PlaceValue,PlaceValue,Visual,1,121311,fast,0,,3.0,medium,,,2026-06-10T11:17:57.555Z,2026-06-10T11:19:58.867Z,,,,,"{""pos_0"": 2, ""pos_1"": 9, ""pos_2"": 9}","{""pos_0"": ""2"", ""pos_1"": ""9"", ""pos_2"": ""9""}",,,,
stu_1780967761139_4648,test_1780996897356_kspg977,order_numbers,0,0,order_numbers|attempt=0|log=0|ebcecc7e45,sequential_thinking,1.0,number_ordering,,Ordering_desc,Ordering,Visual,0,63712,fast,0,ReversedAscending,3.0,medium,,2.0,2026-06-10T11:08:45.075Z,2026-06-10T11:12:59.242Z,,,,,,,,desc,,
stu_1780967761139_4648,test_1780996897356_kspg977,order_numbers,0,1,order_numbers|attempt=0|log=1|6974a65231,sequential_thinking,1.0,number_ordering,,Ordering_asc,Ordering,Visual,1,34151,fast,0,,3.0,medium,,5.0,2026-06-10T11:08:45.075Z,2026-06-10T11:12:59.242Z,,,,,,,,asc,,
stu_1780967761139_4648,test_1780996897356_kspg977,order_numbers,0,2,order_numbers|attempt=0|log=2|815e4fde9d,sequential_thinking,1.0,number_ordering,,Ordering_desc,Ordering,Visual,0,9232,fast,0,ReversedAscending,3.0,medium,,2.0,2026-06-10T11:08:45.075Z,2026-06-10T11:12:59.242Z,,,,,,,,desc,,
stu_1780967761139_4648,test_1780996897356_kspg977,order_numbers,0,3,order_numbers|attempt=0|log=3|b7383aac1c,sequential_thinking,1.0,number_ordering,,Ordering_desc,Ordering,Visual,0,13032,fast,0,ReversedAscending,3.0,medium,,3.0,2026-06-10T11:08:45.075Z,2026-06-10T11:12:59.242Z,,,,,,,,desc,,
stu_1780967761139_4648,test_1780996897356_kspg977,order_numbers,0,4,order_numbers|attempt=0|log=4|b7383aac1c,sequential_thinking,1.0,number_ordering,,Ordering_desc,Ordering,Visual,0,14896,fast,0,ReversedAscending,3.0,medium,,3.0,2026-06-10T11:08:45.075Z,2026-06-10T11:12:59.242Z,,,,,,,,desc,,
stu_1780967761139_4648,test_1780996897356_kspg977,order_numbers,0,5,order_numbers|attempt=0|log=5|b7383aac1c,sequential_thinking,1.0,number_ordering,,Ordering_desc,Ordering,Visual,0,24049,fast,0,ReversedAscending,3.0,medium,,3.0,2026-06-10T11:08:45.075Z,2026-06-10T11:12:59.242Z,,,,,,,,desc,,
stu_1780967761139_4648,test_1780996897356_kspg977,order_numbers,0,6,order_numbers|attempt=0|log=6|b7383aac1c,sequential_thinking,1.0,number_ordering,,Ordering_desc,Ordering,Visual,0,47497,fast,0,ReversedAscending,3.0,medium,,3.0,2026-06-10T11:08:45.075Z,2026-06-10T11:12:59.242Z,,,,,,,,desc,,
stu_1780967761139_4648,test_1780996897356_kspg977,order_numbers,0,7,order_numbers|attempt=0|log=7|b7383aac1c,sequential_thinking,1.0,number_ordering,,Ordering_desc,Ordering,Visual,0,54264,fast,0,ReversedAscending,3.0,medium,,3.0,2026-06-10T11:08:45.075Z,2026-06-10T11:12:59.242Z,,,,,,,,desc,,
stu_1780967761139_4648,test_1780996897356_kspg977,order_numbers,0,8,order_numbers|attempt=0|log=8|b7383aac1c,sequential_thinking,1.0,number_ordering,,Ordering_desc,Ordering,Visual,0,60915,fast,0,ReversedAscending,3.0,medium,,3.0,2026-06-10T11:08:45.075Z,2026-06-10T11:12:59.242Z,,,,,,,,desc,,
stu_1780967761139_4648,test_1780996897356_kspg977,order_numbers,0,9,order_numbers|attempt=0|log=9|b7383aac1c,sequential_thinking,1.0,number_ordering,,Ordering_desc,Ordering,Visual,0,73297,fast,0,ReversedAscending,3.0,medium,,3.0,2026-06-10T11:08:45.075Z,2026-06-10T11:12:59.242Z,,,,,,,,desc,,
stu_1780967761139_4648,test_1780996897356_kspg977,order_numbers,0,10,order_numbers|attempt=0|log=10|b7383aac1c,sequential_thinking,1.0,number_ordering,,Ordering_desc,Ordering,Visual,0,74536,fast,0,ReversedAscending,3.0,medium,,3.0,2026-06-10T11:08:45.075Z,2026-06-10T11:12:59.242Z,,,,,,,,desc,,
stu_1780967761139_4648,test_1780996897356_kspg977,order_numbers,0,11,order_numbers|attempt=0|log=11|b7383aac1c,sequential_thinking,1.0,number_ordering,,Ordering_desc,Ordering,Visual,0,75232,fast,0,ReversedAscending,3.0,medium,,3.0,2026-06-10T11:08:45.075Z,2026-06-10T11:12:59.242Z,,,,,,,,desc,,
stu_1780967761139_4648,test_1780996897356_kspg977,order_numbers,0,12,order_numbers|attempt=0|log=12|b7383aac1c,sequential_thinking,1.0,number_ordering,,Ordering_desc,Ordering,Visual,0,75456,fast,0,ReversedAscending,3.0,medium,,3.0,2026-06-10T11:08:45.075Z,2026-06-10T11:12:59.242Z,,,,,,,,desc,,
stu_1780967761139_4648,test_1780996897356_kspg977,order_numbers,0,13,order_numbers|attempt=0|log=13|b7383aac1c,sequential_thinking,1.0,number_ordering,,Ordering_desc,Ordering,Visual,0,97961,fast,0,ReversedAscending,3.0,medium,,3.0,2026-06-10T11:08:45.075Z,2026-06-10T11:12:59.242Z,,,,,,,,desc,,
stu_1780967761139_4648,test_1780996897356_kspg977,order_numbers,0,14,order_numbers|attempt=0|log=14|b7383aac1c,sequential_thinking,1.0,number_ordering,,Ordering_desc,Ordering,Visual,0,116456,fast,0,ReversedAscending,3.0,medium,,3.0,2026-06-10T11:08:45.075Z,2026-06-10T11:12:59.242Z,,,,,,,,desc,,
stu_1780967761139_4648,test_1780996897356_kspg977,order_numbers,0,15,order_numbers|attempt=0|log=15|b7383aac1c,sequential_thinking,1.0,number_ordering,,Ordering_desc,Ordering,Visual,0,133112,fast,0,ReversedAscending,3.0,medium,,3.0,2026-06-10T11:08:45.075Z,2026-06-10T11:12:59.242Z,,,,,,,,desc,,
stu_1780967761139_4648,test_1780996897356_kspg977,order_numbers,0,16,order_numbers|attempt=0|log=16|b7383aac1c,sequential_thinking,1.0,number_ordering,,Ordering_desc,Ordering,Visual,0,147072,fast,0,ReversedAscending,3.0,medium,,3.0,2026-06-10T11:08:45.075Z,2026-06-10T11:12:59.242Z,,,,,,,,desc,,
stu_1780967761139_4648,test_1780996897356_kspg977,tap_matching_pairs,0,0,tap_matching_pairs|attempt=0|log=0|9767bdd2ef,visual_matching,1.0,number_word_matching,,MatchingPairs,VisualMatching,Visual,1,5885,fast,0,,,,,,2026-06-10T11:02:01.991Z,2026-06-10T11:04:19.092Z,,,,,,,,,,
stu_1780967761139_4648,test_1780996897356_kspg977,tap_matching_pairs,0,1,tap_matching_pairs|attempt=0|log=1|9767bdd2ef,visual_matching,1.0,number_word_matching,,MatchingPairs,VisualMatching,Visual,1,13436,fast,0,,,,,,2026-06-10T11:02:01.991Z,2026-06-10T11:04:19.092Z,,,,,,,,,,
stu_1780967761139_4648,test_1780996897356_kspg977,tap_matching_pairs,0,2,tap_matching_pairs|attempt=0|log=2|9767bdd2ef,visual_matching,1.0,number_word_matching,,MatchingPairs,VisualMatching,Visual,1,26260,fast,0,,,,,,2026-06-10T11:02:01.991Z,2026-06-10T11:04:19.092Z,,,,,,,,,,
stu_1780967761139_4648,test_1780996897356_kspg977,tap_matching_pairs,0,3,tap_matching_pairs|attempt=0|log=3|9767bdd2ef,visual_matching,1.0,number_word_matching,,MatchingPairs,VisualMatching,Visual,1,35420,fast,0,,,,,,2026-06-10T11:02:01.991Z,2026-06-10T11:04:19.092Z,,,,,,,,,,
stu_1780967761139_4648,test_1780996897356_kspg977,tap_matching_pairs,0,4,tap_matching_pairs|attempt=0|log=4|9767bdd2ef,visual_matching,1.0,number_word_matching,,MatchingPairs,VisualMatching,Visual,1,134028,slow,1,,,,,,2026-06-10T11:02:01.991Z,2026-06-10T11:04:19.092Z,,,,,,,,,,
stu_1780967761139_4648,test_1780996897356_kspg977,tap_matching_pairs,0,5,tap_matching_pairs|attempt=0|log=5|9767bdd2ef,visual_matching,1.0,number_word_matching,,MatchingPairs,VisualMatching,Visual,1,136597,slow,1,,,,,,2026-06-10T11:02:01.991Z,2026-06-10T11:04:19.092Z,,,,,,,,,,
stu_1780967761139_4648,test_1780996897356_kspg977,vertical_operations,0,0,vertical_operations|attempt=0|log=0|66c5e71dec,arithmetic_fluency,1.0,vertical_operation_fluency,Subtraction,SimpleSubtraction,VerticalOperation,Vertical,1,63077,fast,0,,2.0,easy,,,2026-06-10T11:24:33.029Z,2026-06-10T11:25:56.249Z,29 Subtraction 23,,6,6,,,,,,
stu_1780967761139_4648,test_1780996897356_kspg977,vertical_operations,0,1,vertical_operations|attempt=0|log=1|6734c714e9,arithmetic_fluency,1.0,vertical_operation_fluency,Addition,AdditionWithCarry,VerticalOperation,Vertical,1,20143,fast,0,,2.0,easy,,,2026-06-10T11:24:33.029Z,2026-06-10T11:25:56.249Z,48 Addition 27,,75,75,,,,,,
stu_1780967761139_4648,test_1780996897356_kspg977,what_number_do_you_hear,0,0,what_number_do_you_hear|attempt=0|log=0|b5b49ec965,audio_recognition,1.0,auditory_number_recognition,,HeardNumberChoice,AudioRecognition,Audio,1,10526,medium,0,,1.0,very-easy,,,2026-06-10T11:01:39.454Z,2026-06-10T11:02:01.773Z,0,0,,,,,,,,
stu_1780967761139_4648,test_1780996897356_kspg977,what_number_do_you_hear,0,1,what_number_do_you_hear|attempt=0|log=1|c4eafe5616,audio_recognition,1.0,auditory_number_recognition,,HeardNumberChoice,AudioRecognition,Audio,1,3127,fast,0,,1.0,very-easy,,,2026-06-10T11:01:39.454Z,2026-06-10T11:02:01.773Z,7,7,,,,,,,,
stu_1780967761139_4648,test_1780996897356_kspg977,what_number_do_you_hear,0,2,what_number_do_you_hear|attempt=0|log=2|a14d18145f,audio_recognition,1.0,auditory_number_recognition,,HeardNumberChoice,AudioRecognition,Audio,1,2176,fast,0,,2.0,easy,,,2026-06-10T11:01:39.454Z,2026-06-10T11:02:01.773Z,10,10,,,,,,,,
stu_1780967761139_4648,test_1780996897356_kspg977,what_number_do_you_hear,0,3,what_number_do_you_hear|attempt=0|log=3|6365031b16,audio_recognition,1.0,auditory_number_recognition,,HeardNumberChoice,AudioRecognition,Audio,1,1393,fast,0,,1.0,very-easy,,,2026-06-10T11:01:39.454Z,2026-06-10T11:02:01.773Z,1,1,,,,,,,,
stu_1780967761139_4648,test_1780996897356_kspg977,what_number_do_you_hear,0,4,what_number_do_you_hear|attempt=0|log=4|2dce15a67c,audio_recognition,1.0,auditory_number_recognition,,HeardNumberChoice,AudioRecognition,Audio,1,2263,fast,0,,2.0,easy,,,2026-06-10T11:01:39.454Z,2026-06-10T11:02:01.773Z,31,31,,,,,,,,
stu_1780967761139_4648,test_1780996897356_kspg977,what_number_do_you_hear,0,5,what_number_do_you_hear|attempt=0|log=5|19f6a77bb5,audio_recognition,1.0,auditory_number_recognition,,HeardNumberChoice,AudioRecognition,Audio,1,2833,fast,0,,2.0,easy,,,2026-06-10T11:01:39.454Z,2026-06-10T11:02:01.773Z,19,19,,,,,,,,
stu_1780967761139_4648,test_1780996897356_kspg977,write_number_in_letters,0,0,write_number_in_letters|attempt=0|log=0|0227c598f6,number_sense,1.0,number_writing,,WrittenNumberProduction,NumberWriting,Mixed,1,90955,fast,0,,3.0,medium,,,2026-06-10T11:23:05.601Z,2026-06-10T11:23:31.035Z,,,,,"[""\u062a\u0633\u0639\u0645\u0626\u0629"", ""\u0648"", ""\u0633\u0628\u0639\u0629"", ""\u0648"", ""\u062b\u0645\u0627\u0646\u0648\u0646""]","[""\u062a\u0633\u0639\u0645\u0626\u0629"", ""\u0648"", ""\u0633\u0628\u0639\u0629"", ""\u0648"", ""\u062b\u0645\u0627\u0646\u0648\u0646""]",,,,
stu_1780967761139_4648,test_1780996897356_kspg977,write_number_in_letters,0,1,write_number_in_letters|attempt=0|log=1|13c1027d43,number_sense,1.0,number_writing,,WrittenNumberProduction,NumberWriting,Mixed,1,47912,fast,0,,3.0,medium,,,2026-06-10T11:23:05.601Z,2026-06-10T11:23:31.035Z,,,,,"[""\u062b\u0645\u0627\u0646\u0645\u0626\u0629"", ""\u0648"", ""\u062e\u0645\u0633\u0629"", ""\u0639\u0634\u0631""]","[""\u062b\u0645\u0627\u0646\u0645\u0626\u0629"", ""\u0648"", ""\u062e\u0645\u0633\u0629"", ""\u0639\u0634\u0631""]",,,,
stu_1780967761139_4648,test_1780996897356_kspg977,write_number_in_letters,0,2,write_number_in_letters|attempt=0|log=2|2091ee340f,number_sense,1.0,number_writing,,WrittenNumberProduction,NumberWriting,Mixed,1,47158,fast,0,,3.0,medium,,,2026-06-10T11:23:05.601Z,2026-06-10T11:23:31.035Z,,,,,"[""\u0633\u062a\u0645\u0626\u0629"", ""\u0648"", ""\u0627\u062b\u0646\u0627"", ""\u0639\u0634\u0631""]","[""\u0633\u062a\u0645\u0626\u0629"", ""\u0648"", ""\u0627\u062b\u0646\u0627"", ""\u0639\u0634\u0631""]",,,,
stu_1780967761139_4648,test_1780996897356_kspg977,write_number_in_letters,0,3,write_number_in_letters|attempt=0|log=3|6c69147888,number_sense,1.0,number_writing,,WrittenNumberProduction,NumberWriting,Mixed,1,25433,fast,0,,3.0,medium,,,2026-06-10T11:23:05.601Z,2026-06-10T11:23:31.035Z,,,,,"[""\u062e\u0645\u0633\u0645\u0626\u0629"", ""\u0648"", ""\u062e\u0645\u0633\u0629"", ""\u0639\u0634\u0631""]","[""\u062e\u0645\u0633\u0645\u0626\u0629"", ""\u0648"", ""\u062e\u0645\u0633\u0629"", ""\u0639\u0634\u0631""]",,,,
stu_1780967761139_4648,test_1781051031467_d8q3s6i,choose_answer,0,0,choose_answer|attempt=0|log=0|32256a4e6f,arithmetic_fluency,0.6,operation_identification_from_context,Subtraction,OneStepProblem,WordProblem,Horizontal,0,18210,medium,0,ComputationError,2.0,easy,,,2026-06-10T10:54:50.938Z,2026-06-10T10:55:54.093Z,لدى أحمد 74 درهما، وأعطى 16 درهما لصديقه. كم تبقى لديه؟,16 - 74,,,,,,,Subtraction,Subtraction
stu_1780967761139_4648,test_1781051031467_d8q3s6i,choose_answer,0,0,choose_answer|attempt=0|log=0|32256a4e6f,number_sense,0.2,operation_identification_from_context,Subtraction,OneStepProblem,WordProblem,Horizontal,0,18210,medium,0,ComputationError,2.0,easy,,,2026-06-10T10:54:50.938Z,2026-06-10T10:55:54.093Z,لدى أحمد 74 درهما، وأعطى 16 درهما لصديقه. كم تبقى لديه؟,16 - 74,,,,,,,Subtraction,Subtraction
stu_1780967761139_4648,test_1781051031467_d8q3s6i,choose_answer,0,0,choose_answer|attempt=0|log=0|32256a4e6f,sequential_thinking,0.2,operation_identification_from_context,Subtraction,OneStepProblem,WordProblem,Horizontal,0,18210,medium,0,ComputationError,2.0,easy,,,2026-06-10T10:54:50.938Z,2026-06-10T10:55:54.093Z,لدى أحمد 74 درهما، وأعطى 16 درهما لصديقه. كم تبقى لديه؟,16 - 74,,,,,,,Subtraction,Subtraction
stu_1780967761139_4648,test_1781051031467_d8q3s6i,choose_answer,0,1,choose_answer|attempt=0|log=1|e2fda28025,arithmetic_fluency,0.6,operation_identification_from_context,Addition,OneStepProblem,WordProblem,Horizontal,1,16312,medium,0,,1.0,very-easy,,,2026-06-10T10:54:50.938Z,2026-06-10T10:55:54.093Z,اشترت فاطمة 3 تفاحات و4 برتقالات. كم فاكهة اشترت فاطمة؟,3 + 4,,,,,,,Addition,Addition
stu_1780967761139_4648,test_1781051031467_d8q3s6i,choose_answer,0,1,choose_answer|attempt=0|log=1|e2fda28025,number_sense,0.2,operation_identification_from_context,Addition,OneStepProblem,WordProblem,Horizontal,1,16312,medium,0,,1.0,very-easy,,,2026-06-10T10:54:50.938Z,2026-06-10T10:55:54.093Z,اشترت فاطمة 3 تفاحات و4 برتقالات. كم فاكهة اشترت فاطمة؟,3 + 4,,,,,,,Addition,Addition
stu_1780967761139_4648,test_1781051031467_d8q3s6i,choose_answer,0,1,choose_answer|attempt=0|log=1|e2fda28025,sequential_thinking,0.2,operation_identification_from_context,Addition,OneStepProblem,WordProblem,Horizontal,1,16312,medium,0,,1.0,very-easy,,,2026-06-10T10:54:50.938Z,2026-06-10T10:55:54.093Z,اشترت فاطمة 3 تفاحات و4 برتقالات. كم فاكهة اشترت فاطمة؟,3 + 4,,,,,,,Addition,Addition
stu_1780967761139_4648,test_1781051031467_d8q3s6i,choose_answer,0,2,choose_answer|attempt=0|log=2|cde7395557,arithmetic_fluency,0.6,operation_identification_from_context,Addition,OneStepProblem,WordProblem,Horizontal,0,28633,slow,1,MisidentifiedOperation,2.0,easy,,,2026-06-10T10:54:50.938Z,2026-06-10T10:55:54.093Z,لديك 48 درهم ومنحك والده 49 درهما. كم أصبح لديك من درهم؟,49 - 48,,,,,,,Addition,Subtraction
stu_1780967761139_4648,test_1781051031467_d8q3s6i,choose_answer,0,2,choose_answer|attempt=0|log=2|cde7395557,number_sense,0.2,operation_identification_from_context,Addition,OneStepProblem,WordProblem,Horizontal,0,28633,slow,1,MisidentifiedOperation,2.0,easy,,,2026-06-10T10:54:50.938Z,2026-06-10T10:55:54.093Z,لديك 48 درهم ومنحك والده 49 درهما. كم أصبح لديك من درهم؟,49 - 48,,,,,,,Addition,Subtraction
stu_1780967761139_4648,test_1781051031467_d8q3s6i,choose_answer,0,2,choose_answer|attempt=0|log=2|cde7395557,sequential_thinking,0.2,operation_identification_from_context,Addition,OneStepProblem,WordProblem,Horizontal,0,28633,slow,1,MisidentifiedOperation,2.0,easy,,,2026-06-10T10:54:50.938Z,2026-06-10T10:55:54.093Z,لديك 48 درهم ومنحك والده 49 درهما. كم أصبح لديك من درهم؟,49 - 48,,,,,,,Addition,Subtraction
stu_1780967761139_4648,test_1781051031467_d8q3s6i,choose_answer,1,0,choose_answer|attempt=1|log=0|d8beb59caa,arithmetic_fluency,0.6,operation_identification_from_context,Addition,OneStepProblem,WordProblem,Horizontal,1,11816,medium,0,,1.0,very-easy,,,2026-06-10T10:55:54.380Z,2026-06-10T10:56:17.508Z,لديك 5 درهم ومنحك والده 4 درهما. كم أصبح لديك من درهم؟,5 + 4,,,,,,,Addition,Addition
stu_1780967761139_4648,test_1781051031467_d8q3s6i,choose_answer,1,0,choose_answer|attempt=1|log=0|d8beb59caa,number_sense,0.2,operation_identification_from_context,Addition,OneStepProblem,WordProblem,Horizontal,1,11816,medium,0,,1.0,very-easy,,,2026-06-10T10:55:54.380Z,2026-06-10T10:56:17.508Z,لديك 5 درهم ومنحك والده 4 درهما. كم أصبح لديك من درهم؟,5 + 4,,,,,,,Addition,Addition
stu_1780967761139_4648,test_1781051031467_d8q3s6i,choose_answer,1,0,choose_answer|attempt=1|log=0|d8beb59caa,sequential_thinking,0.2,operation_identification_from_context,Addition,OneStepProblem,WordProblem,Horizontal,1,11816,medium,0,,1.0,very-easy,,,2026-06-10T10:55:54.380Z,2026-06-10T10:56:17.508Z,لديك 5 درهم ومنحك والده 4 درهما. كم أصبح لديك من درهم؟,5 + 4,,,,,,,Addition,Addition
stu_1780967761139_4648,test_1781051031467_d8q3s6i,choose_answer,1,1,choose_answer|attempt=1|log=1|25fd434112,arithmetic_fluency,0.6,operation_identification_from_context,Addition,OneStepProblem,WordProblem,Horizontal,1,6656,fast,0,,1.0,very-easy,,,2026-06-10T10:55:54.380Z,2026-06-10T10:56:17.508Z,اشترت فاطمة 3 تفاحات و4 برتقالات. كم فاكهة اشترت فاطمة؟,3 + 4,,,,,,,Addition,Addition
stu_1780967761139_4648,test_1781051031467_d8q3s6i,choose_answer,1,1,choose_answer|attempt=1|log=1|25fd434112,number_sense,0.2,operation_identification_from_context,Addition,OneStepProblem,WordProblem,Horizontal,1,6656,fast,0,,1.0,very-easy,,,2026-06-10T10:55:54.380Z,2026-06-10T10:56:17.508Z,اشترت فاطمة 3 تفاحات و4 برتقالات. كم فاكهة اشترت فاطمة؟,3 + 4,,,,,,,Addition,Addition
stu_1780967761139_4648,test_1781051031467_d8q3s6i,choose_answer,1,1,choose_answer|attempt=1|log=1|25fd434112,sequential_thinking,0.2,operation_identification_from_context,Addition,OneStepProblem,WordProblem,Horizontal,1,6656,fast,0,,1.0,very-easy,,,2026-06-10T10:55:54.380Z,2026-06-10T10:56:17.508Z,اشترت فاطمة 3 تفاحات و4 برتقالات. كم فاكهة اشترت فاطمة؟,3 + 4,,,,,,,Addition,Addition
stu_1780967761139_4648,test_1781051031467_d8q3s6i,choose_answer,1,2,choose_answer|attempt=1|log=2|6f68db51a8,arithmetic_fluency,0.6,operation_identification_from_context,Addition,OneStepProblem,WordProblem,Horizontal,0,4656,fast,0,MisidentifiedOperation,1.0,very-easy,,,2026-06-10T10:55:54.380Z,2026-06-10T10:56:17.508Z,لديك 4 درهم ومنحك والده 1 درهما. كم أصبح لديك من درهم؟,4 - 1,,,,,,,Addition,Subtraction
stu_1780967761139_4648,test_1781051031467_d8q3s6i,choose_answer,1,2,choose_answer|attempt=1|log=2|6f68db51a8,number_sense,0.2,operation_identification_from_context,Addition,OneStepProblem,WordProblem,Horizontal,0,4656,fast,0,MisidentifiedOperation,1.0,very-easy,,,2026-06-10T10:55:54.380Z,2026-06-10T10:56:17.508Z,لديك 4 درهم ومنحك والده 1 درهما. كم أصبح لديك من درهم؟,4 - 1,,,,,,,Addition,Subtraction
stu_1780967761139_4648,test_1781051031467_d8q3s6i,choose_answer,1,2,choose_answer|attempt=1|log=2|6f68db51a8,sequential_thinking,0.2,operation_identification_from_context,Addition,OneStepProblem,WordProblem,Horizontal,0,4656,fast,0,MisidentifiedOperation,1.0,very-easy,,,2026-06-10T10:55:54.380Z,2026-06-10T10:56:17.508Z,لديك 4 درهم ومنحك والده 1 درهما. كم أصبح لديك من درهم؟,4 - 1,,,,,,,Addition,Subtraction
stu_1780967761139_4648,test_1781051031467_d8q3s6i,compare_numbers,0,0,compare_numbers|attempt=0|log=0|50dbc12c92,comparison_skill,1.0,number_comparison,,Greater,Comparison,Horizontal,1,13257,medium,0,,3.0,medium,,,2026-06-10T10:45:20.172Z,2026-06-10T10:45:50.693Z,,,,,,,Greater,,,
stu_1780967761139_4648,test_1781051031467_d8q3s6i,compare_numbers,0,1,compare_numbers|attempt=0|log=1|d229d32250,comparison_skill,1.0,number_comparison,,Less,Comparison,Horizontal,1,5559,fast,0,,3.0,medium,,,2026-06-10T10:45:20.172Z,2026-06-10T10:45:50.693Z,,,,,,,Less,,,
stu_1780967761139_4648,test_1781051031467_d8q3s6i,compare_numbers,0,2,compare_numbers|attempt=0|log=2|bba560c8e5,comparison_skill,1.0,number_comparison,,Equal,Comparison,Horizontal,1,11703,medium,0,,3.0,medium,,,2026-06-10T10:45:20.172Z,2026-06-10T10:45:50.693Z,,,,,,,Equal,,,
stu_1780967761139_4648,test_1781051031467_d8q3s6i,find_previous_next_number,0,0,find_previous_next_number|attempt=0|log=0|610ddd6d24,sequential_thinking,1.0,previous_next_number,,PreviousAndNext,Sequence,Horizontal,1,84342,medium,0,,3.0,medium,890-899,,2026-06-10T10:44:15.832Z,2026-06-10T10:45:20.046Z,890,,,,"[889, 891]","[889, 891]",,,,
stu_1780967761139_4648,test_1781051031467_d8q3s6i,find_previous_next_number,0,1,find_previous_next_number|attempt=0|log=1|7410d5eb3b,sequential_thinking,1.0,previous_next_number,,PreviousAndNext,Sequence,Horizontal,1,64213,medium,0,,3.0,medium,790-799,,2026-06-10T10:44:15.832Z,2026-06-10T10:45:20.046Z,792,,,,"[791, 793]","[791, 793]",,,,
stu_1780967761139_4648,test_1781051031467_d8q3s6i,identify_place_value,0,0,identify_place_value|attempt=0|log=0|39feeb2993,number_sense,1.0,place_value_identification,,PlaceValue,PlaceValue,Visual,1,40514,fast,0,,3.0,medium,,,2026-06-10T10:48:50.868Z,2026-06-10T10:49:22.301Z,,,,,"{""pos_0"": 1, ""pos_1"": 8, ""pos_2"": 2}","{""pos_0"": ""1"", ""pos_1"": ""8"", ""pos_2"": ""2""}",,,,
stu_1780967761139_4648,test_1781051031467_d8q3s6i,identify_place_value,0,1,identify_place_value|attempt=0|log=1|ea34acb0d5,number_sense,1.0,place_value_identification,,PlaceValue,PlaceValue,Visual,0,26518,fast,0,PlaceValueMisidentification,3.0,medium,,,2026-06-10T10:48:50.868Z,2026-06-10T10:49:22.301Z,,,,,"{""pos_0"": 1, ""pos_1"": 3, ""pos_2"": 7}","{""pos_0"": ""3"", ""pos_1"": ""1"", ""pos_2"": ""7""}",,,,
stu_1780967761139_4648,test_1781051031467_d8q3s6i,identify_place_value,0,2,identify_place_value|attempt=0|log=2|ffde9c2bf8,number_sense,1.0,place_value_identification,,PlaceValue,PlaceValue,Visual,1,31432,fast,0,,3.0,medium,,,2026-06-10T10:48:50.868Z,2026-06-10T10:49:22.301Z,,,,,"{""pos_0"": 5, ""pos_1"": 5, ""pos_2"": 8}","{""pos_0"": ""5"", ""pos_1"": ""5"", ""pos_2"": ""8""}",,,,
stu_1780967761139_4648,test_1781051031467_d8q3s6i,identify_place_value,1,0,identify_place_value|attempt=1|log=0|81ba212721,number_sense,1.0,place_value_identification,,PlaceValue,PlaceValue,Visual,1,24367,fast,0,,2.0,easy,,,2026-06-10T10:50:47.541Z,2026-06-10T10:50:59.700Z,,,,,"{""pos_0"": 7, ""pos_1"": 3}","{""pos_0"": ""7"", ""pos_1"": ""3""}",,,,
stu_1780967761139_4648,test_1781051031467_d8q3s6i,identify_place_value,1,1,identify_place_value|attempt=1|log=1|7a29707675,number_sense,1.0,place_value_identification,,PlaceValue,PlaceValue,Visual,1,60656,fast,0,,2.0,easy,,,2026-06-10T10:50:47.541Z,2026-06-10T10:50:59.700Z,,,,,"{""pos_0"": 4, ""pos_1"": 8}","{""pos_0"": ""4"", ""pos_1"": ""8""}",,,,
stu_1780967761139_4648,test_1781051031467_d8q3s6i,identify_place_value,1,2,identify_place_value|attempt=1|log=2|ef87f1b5f6,number_sense,1.0,place_value_identification,,PlaceValue,PlaceValue,Visual,1,12159,fast,0,,2.0,easy,,,2026-06-10T10:50:47.541Z,2026-06-10T10:50:59.700Z,,,,,"{""pos_0"": 5, ""pos_1"": 5}","{""pos_0"": ""5"", ""pos_1"": ""5""}",,,,
stu_1780967761139_4648,test_1781051031467_d8q3s6i,order_numbers,0,0,order_numbers|attempt=0|log=0|936ec47351,sequential_thinking,1.0,number_ordering,,Ordering_desc,Ordering,Visual,0,48591,fast,0,ReversedAscending,3.0,medium,,3.0,2026-06-10T10:45:50.815Z,2026-06-10T10:47:43.709Z,,,,,,,,desc,,
stu_1780967761139_4648,test_1781051031467_d8q3s6i,order_numbers,0,1,order_numbers|attempt=0|log=1|2ea72b33ca,sequential_thinking,1.0,number_ordering,,Ordering_desc,Ordering,Visual,0,8080,fast,0,ReversedAscending,3.0,medium,,2.0,2026-06-10T10:45:50.815Z,2026-06-10T10:47:43.709Z,,,,,,,,desc,,
stu_1780967761139_4648,test_1781051031467_d8q3s6i,order_numbers,0,2,order_numbers|attempt=0|log=2|6c3a8010f0,sequential_thinking,1.0,number_ordering,,Ordering_asc,Ordering,Visual,1,39047,fast,0,,3.0,medium,,5.0,2026-06-10T10:45:50.815Z,2026-06-10T10:47:43.709Z,,,,,,,,asc,,
stu_1780967761139_4648,test_1781051031467_d8q3s6i,order_numbers,0,3,order_numbers|attempt=0|log=3|7224331d90,sequential_thinking,1.0,number_ordering,,Ordering_desc,Ordering,Visual,0,17176,fast,0,MultipleMisplacements,3.0,medium,,3.0,2026-06-10T10:45:50.815Z,2026-06-10T10:47:43.709Z,,,,,,,,desc,,
stu_1780967761139_4648,test_1781051031467_d8q3s6i,tap_matching_pairs,0,0,tap_matching_pairs|attempt=0|log=0|9767bdd2ef,visual_matching,1.0,number_word_matching,,MatchingPairs,VisualMatching,Visual,1,9687,fast,0,,,,,,2026-06-10T10:41:46.525Z,2026-06-10T10:42:29.398Z,,,,,,,,,,
stu_1780967761139_4648,test_1781051031467_d8q3s6i,tap_matching_pairs,0,1,tap_matching_pairs|attempt=0|log=1|9767bdd2ef,visual_matching,1.0,number_word_matching,,MatchingPairs,VisualMatching,Visual,1,18409,fast,0,,,,,,2026-06-10T10:41:46.525Z,2026-06-10T10:42:29.398Z,,,,,,,,,,
stu_1780967761139_4648,test_1781051031467_d8q3s6i,tap_matching_pairs,0,2,tap_matching_pairs|attempt=0|log=2|9767bdd2ef,visual_matching,1.0,number_word_matching,,MatchingPairs,VisualMatching,Visual,0,24712,fast,0,MatchingPairError,,,,,2026-06-10T10:41:46.525Z,2026-06-10T10:42:29.398Z,,,,,,,,,,
stu_1780967761139_4648,test_1781051031467_d8q3s6i,tap_matching_pairs,0,3,tap_matching_pairs|attempt=0|log=3|9767bdd2ef,visual_matching,1.0,number_word_matching,,MatchingPairs,VisualMatching,Visual,1,30897,fast,0,,,,,,2026-06-10T10:41:46.525Z,2026-06-10T10:42:29.398Z,,,,,,,,,,
stu_1780967761139_4648,test_1781051031467_d8q3s6i,tap_matching_pairs,0,4,tap_matching_pairs|attempt=0|log=4|9767bdd2ef,visual_matching,1.0,number_word_matching,,MatchingPairs,VisualMatching,Visual,1,36081,fast,0,,,,,,2026-06-10T10:41:46.525Z,2026-06-10T10:42:29.398Z,,,,,,,,,,
stu_1780967761139_4648,test_1781051031467_d8q3s6i,tap_matching_pairs,0,5,tap_matching_pairs|attempt=0|log=5|9767bdd2ef,visual_matching,1.0,number_word_matching,,MatchingPairs,VisualMatching,Visual,1,39118,fast,0,,,,,,2026-06-10T10:41:46.525Z,2026-06-10T10:42:29.398Z,,,,,,,,,,
stu_1780967761139_4648,test_1781051031467_d8q3s6i,tap_matching_pairs,0,6,tap_matching_pairs|attempt=0|log=6|9767bdd2ef,visual_matching,1.0,number_word_matching,,MatchingPairs,VisualMatching,Visual,1,42361,fast,0,,,,,,2026-06-10T10:41:46.525Z,2026-06-10T10:42:29.398Z,,,,,,,,,,
stu_1780967761139_4648,test_1781051031467_d8q3s6i,tap_matching_pairs,1,0,tap_matching_pairs|attempt=1|log=0|9767bdd2ef,visual_matching,1.0,number_word_matching,,MatchingPairs,VisualMatching,Visual,1,5382,fast,0,,,,,,2026-06-10T10:42:29.775Z,2026-06-10T10:42:51.254Z,,,,,,,,,,
stu_1780967761139_4648,test_1781051031467_d8q3s6i,tap_matching_pairs,1,1,tap_matching_pairs|attempt=1|log=1|9767bdd2ef,visual_matching,1.0,number_word_matching,,MatchingPairs,VisualMatching,Visual,1,10103,fast,0,,,,,,2026-06-10T10:42:29.775Z,2026-06-10T10:42:51.254Z,,,,,,,,,,
stu_1780967761139_4648,test_1781051031467_d8q3s6i,tap_matching_pairs,1,2,tap_matching_pairs|attempt=1|log=2|9767bdd2ef,visual_matching,1.0,number_word_matching,,MatchingPairs,VisualMatching,Visual,1,15056,fast,0,,,,,,2026-06-10T10:42:29.775Z,2026-06-10T10:42:51.254Z,,,,,,,,,,
stu_1780967761139_4648,test_1781051031467_d8q3s6i,tap_matching_pairs,1,3,tap_matching_pairs|attempt=1|log=3|9767bdd2ef,visual_matching,1.0,number_word_matching,,MatchingPairs,VisualMatching,Visual,1,18374,fast,0,,,,,,2026-06-10T10:42:29.775Z,2026-06-10T10:42:51.254Z,,,,,,,,,,
stu_1780967761139_4648,test_1781051031467_d8q3s6i,tap_matching_pairs,1,4,tap_matching_pairs|attempt=1|log=4|9767bdd2ef,visual_matching,1.0,number_word_matching,,MatchingPairs,VisualMatching,Visual,1,20966,fast,0,,,,,,2026-06-10T10:42:29.775Z,2026-06-10T10:42:51.254Z,,,,,,,,,,
stu_1780967761139_4648,test_1781051031467_d8q3s6i,vertical_operations,0,0,vertical_operations|attempt=0|log=0|079eaef259,arithmetic_fluency,1.0,vertical_operation_fluency,Addition,AdditionWithCarry,VerticalOperation,Vertical,1,60520,fast,0,,3.0,medium,,,2026-06-10T10:56:17.852Z,2026-06-10T10:59:15.268Z,31 Addition 79,,110,110,,,,,,
stu_1780967761139_4648,test_1781051031467_d8q3s6i,vertical_operations,0,1,vertical_operations|attempt=0|log=1|cc1121d1a8,arithmetic_fluency,1.0,vertical_operation_fluency,Subtraction,SubtractionWithBorrow,VerticalOperation,Vertical,1,116896,fast,0,,2.0,easy,,,2026-06-10T10:56:17.852Z,2026-06-10T10:59:15.268Z,80 Subtraction 21,,59,59,,,,,,
stu_1780967761139_4648,test_1781051031467_d8q3s6i,write_number_in_letters,0,0,write_number_in_letters|attempt=0|log=0|3cf225ae10,number_sense,1.0,number_writing,,WrittenNumberProduction,NumberWriting,Mixed,1,70417,fast,0,,3.0,medium,,,2026-06-10T10:53:55.132Z,2026-06-10T10:54:50.493Z,,,,,"[""\u062b\u0645\u0627\u0646\u0645\u0626\u0629"", ""\u0648"", ""\u0623\u0631\u0628\u0639\u0629"", ""\u0648"", ""\u062b\u0644\u0627\u062b\u0648\u0646""]","[""\u062b\u0645\u0627\u0646\u0645\u0626\u0629"", ""\u0648"", ""\u0623\u0631\u0628\u0639\u0629"", ""\u0648"", ""\u062b\u0644\u0627\u062b\u0648\u0646""]",,,,
stu_1780967761139_4648,test_1781051031467_d8q3s6i,write_number_in_letters,0,1,write_number_in_letters|attempt=0|log=1|ffe8172198,number_sense,1.0,number_writing,,WrittenNumberProduction,NumberWriting,Mixed,1,66007,fast,0,,3.0,medium,,,2026-06-10T10:53:55.132Z,2026-06-10T10:54:50.493Z,,,,,"[""\u0633\u0628\u0639\u0645\u0626\u0629"", ""\u0648"", ""\u062b\u0644\u0627\u062b""]","[""\u0633\u0628\u0639\u0645\u0626\u0629"", ""\u0648"", ""\u062b\u0644\u0627\u062b""]",,,,
stu_1780967761139_4648,test_1781051031467_d8q3s6i,write_number_in_letters,0,2,write_number_in_letters|attempt=0|log=2|13c1027d43,number_sense,1.0,number_writing,,WrittenNumberProduction,NumberWriting,Mixed,1,38815,fast,0,,3.0,medium,,,2026-06-10T10:53:55.132Z,2026-06-10T10:54:50.493Z,,,,,"[""\u062b\u0645\u0627\u0646\u0645\u0626\u0629"", ""\u0648"", ""\u062e\u0645\u0633\u0629"", ""\u0639\u0634\u0631""]","[""\u062b\u0645\u0627\u0646\u0645\u0626\u0629"", ""\u0648"", ""\u062e\u0645\u0633\u0629"", ""\u0639\u0634\u0631""]",,,,
stu_1780967761139_4648,test_1781051031467_d8q3s6i,write_number_in_letters,0,3,write_number_in_letters|attempt=0|log=3|3dd8a58113,number_sense,1.0,number_writing,,WrittenNumberProduction,NumberWriting,Mixed,1,55361,fast,0,,3.0,medium,,,2026-06-10T10:53:55.132Z,2026-06-10T10:54:50.493Z,,,,,"[""\u0645\u0626\u0629"", ""\u0648"", ""\u0627\u062b\u0646\u0627\u0646""]","[""\u0645\u0626\u0629"", ""\u0648"", ""\u0627\u062b\u0646\u0627\u0646""]",,,,
stu_1780967761139_4648,test_1781093235410_7hlnif4,read_number_aloud,0,0,read_number_aloud|attempt=0|log=0|43d4b838f2,number_sense,1.0,oral_number_reading,,ReadNumberAloud,OralReading,Audio,1,290922,slow,1,,3.0,medium,,,2026-06-10T12:08:40.331Z,2026-06-10T12:14:30.230Z,364,,,,,,,,,
stu_1780967761139_4648,test_1781093235410_7hlnif4,read_number_aloud,0,1,read_number_aloud|attempt=0|log=1|dbea1ae5ed,number_sense,1.0,oral_number_reading,,ReadNumberAloud,OralReading,Audio,1,15146,medium,0,,3.0,medium,,,2026-06-10T12:08:40.331Z,2026-06-10T12:14:30.230Z,949,,,,,,,,,
stu_1780967761139_4648,test_1781093235410_7hlnif4,read_number_aloud,0,2,read_number_aloud|attempt=0|log=2|c3a591d071,number_sense,1.0,oral_number_reading,,ReadNumberAloud,OralReading,Audio,1,18493,medium,0,,3.0,medium,,,2026-06-10T12:08:40.331Z,2026-06-10T12:14:30.230Z,462,,,,,,,,,
stu_1780967761139_4648,test_1781093235410_7hlnif4,read_number_aloud,0,3,read_number_aloud|attempt=0|log=3|fea3ef4932,number_sense,1.0,oral_number_reading,,ReadNumberAloud,OralReading,Audio,0,13328,medium,0,SpeechNumberReadingError,3.0,medium,,,2026-06-10T12:08:40.331Z,2026-06-10T12:14:30.230Z,264,,,,,,,,,
stu_1780967761139_4648,test_1781093235410_7hlnif4,read_number_aloud,0,4,read_number_aloud|attempt=0|log=4|f12f7cc287,number_sense,1.0,oral_number_reading,,ReadNumberAloud,OralReading,Audio,0,12010,medium,0,SpeechNumberReadingError,3.0,medium,,,2026-06-10T12:08:40.331Z,2026-06-10T12:14:30.230Z,916,,,,,,,,,
stu_1780967761139_4648,test_1781093235410_7hlnif4,read_number_aloud,1,0,read_number_aloud|attempt=1|log=0|be9de3486e,number_sense,1.0,oral_number_reading,,ReadNumberAloud,OralReading,Audio,1,12260,medium,0,,2.0,easy,,,2026-06-10T12:14:30.348Z,2026-06-10T12:15:39.760Z,75,,,,,,,,,
stu_1780967761139_4648,test_1781093235410_7hlnif4,read_number_aloud,1,1,read_number_aloud|attempt=1|log=1|e07ded7a0f,number_sense,1.0,oral_number_reading,,ReadNumberAloud,OralReading,Audio,0,20181,slow,1,SpeechNumberReadingError,2.0,easy,,,2026-06-10T12:14:30.348Z,2026-06-10T12:15:39.760Z,71,,,,,,,,,
stu_1780967761139_4648,test_1781093235410_7hlnif4,read_number_aloud,1,2,read_number_aloud|attempt=1|log=2|8dcc452df3,number_sense,1.0,oral_number_reading,,ReadNumberAloud,OralReading,Audio,1,18574,medium,0,,2.0,easy,,,2026-06-10T12:14:30.348Z,2026-06-10T12:15:39.760Z,57,,,,,,,,,
stu_1780967761139_4648,test_1781093235410_7hlnif4,read_number_aloud,1,3,read_number_aloud|attempt=1|log=3|5afbc45d18,number_sense,1.0,oral_number_reading,,ReadNumberAloud,OralReading,Audio,1,9353,fast,0,,2.0,easy,,,2026-06-10T12:14:30.348Z,2026-06-10T12:15:39.760Z,56,,,,,,,,,
stu_1780967761139_4648,test_1781093235410_7hlnif4,read_number_aloud,1,4,read_number_aloud|attempt=1|log=4|d9f48d6e49,number_sense,1.0,oral_number_reading,,ReadNumberAloud,OralReading,Audio,0,9044,fast,0,SpeechNumberReadingError,2.0,easy,,,2026-06-10T12:14:30.348Z,2026-06-10T12:15:39.760Z,95,,,,,,,,,
stu_1780967761139_4648,test_1781093235410_7hlnif4,vertical_operations,0,0,vertical_operations|attempt=0|log=0|fc6f814566,arithmetic_fluency,1.0,vertical_operation_fluency,Subtraction,SimpleSubtraction,VerticalOperation,Vertical,1,38956,fast,0,,2.0,easy,,,2026-06-10T12:15:39.873Z,2026-06-10T12:17:02.051Z,79 Subtraction 69,,10,10,,,,,,
stu_1780967761139_4648,test_1781093235410_7hlnif4,vertical_operations,0,1,vertical_operations|attempt=0|log=1|0f2ed017a2,arithmetic_fluency,1.0,vertical_operation_fluency,Addition,AdditionWithCarry,VerticalOperation,Vertical,1,43222,fast,0,,3.0,medium,,,2026-06-10T12:15:39.873Z,2026-06-10T12:17:02.051Z,94 Addition 91,,185,185,,,,,,
stu_1780967877464_7804,test_1781051031467_d8q3s6i,choose_answer,0,0,choose_answer|attempt=0|log=0|da18aa4d2c,arithmetic_fluency,0.6,operation_identification_from_context,Addition,OneStepProblem,WordProblem,Horizontal,1,13073,medium,0,,2.0,easy,,,2026-06-10T11:57:07.843Z,2026-06-10T11:57:41.820Z,لديك 30 درهم ومنحك والده 8 درهما. كم أصبح لديك من درهم؟,30 + 8,,,,,,,Addition,Addition
stu_1780967877464_7804,test_1781051031467_d8q3s6i,choose_answer,0,0,choose_answer|attempt=0|log=0|da18aa4d2c,number_sense,0.2,operation_identification_from_context,Addition,OneStepProblem,WordProblem,Horizontal,1,13073,medium,0,,2.0,easy,,,2026-06-10T11:57:07.843Z,2026-06-10T11:57:41.820Z,لديك 30 درهم ومنحك والده 8 درهما. كم أصبح لديك من درهم؟,30 + 8,,,,,,,Addition,Addition
stu_1780967877464_7804,test_1781051031467_d8q3s6i,choose_answer,0,0,choose_answer|attempt=0|log=0|da18aa4d2c,sequential_thinking,0.2,operation_identification_from_context,Addition,OneStepProblem,WordProblem,Horizontal,1,13073,medium,0,,2.0,easy,,,2026-06-10T11:57:07.843Z,2026-06-10T11:57:41.820Z,لديك 30 درهم ومنحك والده 8 درهما. كم أصبح لديك من درهم؟,30 + 8,,,,,,,Addition,Addition
stu_1780967877464_7804,test_1781051031467_d8q3s6i,choose_answer,0,1,choose_answer|attempt=0|log=1|85ebf5a344,arithmetic_fluency,0.6,operation_identification_from_context,Addition,OneStepProblem,WordProblem,Horizontal,1,10815,medium,0,,2.0,easy,,,2026-06-10T11:57:07.843Z,2026-06-10T11:57:41.820Z,في حديقة هناك 45 شجرة، زرعوا 12 شجرة أخرى. كم عدد الأشجار في الحديقة الآن؟,45 + 12,,,,,,,Addition,Addition
stu_1780967877464_7804,test_1781051031467_d8q3s6i,choose_answer,0,1,choose_answer|attempt=0|log=1|85ebf5a344,number_sense,0.2,operation_identification_from_context,Addition,OneStepProblem,WordProblem,Horizontal,1,10815,medium,0,,2.0,easy,,,2026-06-10T11:57:07.843Z,2026-06-10T11:57:41.820Z,في حديقة هناك 45 شجرة، زرعوا 12 شجرة أخرى. كم عدد الأشجار في الحديقة الآن؟,45 + 12,,,,,,,Addition,Addition
stu_1780967877464_7804,test_1781051031467_d8q3s6i,choose_answer,0,1,choose_answer|attempt=0|log=1|85ebf5a344,sequential_thinking,0.2,operation_identification_from_context,Addition,OneStepProblem,WordProblem,Horizontal,1,10815,medium,0,,2.0,easy,,,2026-06-10T11:57:07.843Z,2026-06-10T11:57:41.820Z,في حديقة هناك 45 شجرة، زرعوا 12 شجرة أخرى. كم عدد الأشجار في الحديقة الآن؟,45 + 12,,,,,,,Addition,Addition
stu_1780967877464_7804,test_1781051031467_d8q3s6i,choose_answer,0,2,choose_answer|attempt=0|log=2|0e87319f75,arithmetic_fluency,0.6,operation_identification_from_context,Subtraction,OneStepProblem,WordProblem,Horizontal,1,10089,medium,0,,2.0,easy,,,2026-06-10T11:57:07.843Z,2026-06-10T11:57:41.820Z,كان لديك 40 تفاحة وأكلت 9. كم بقي؟,40 - 9,,,,,,,Subtraction,Subtraction
stu_1780967877464_7804,test_1781051031467_d8q3s6i,choose_answer,0,2,choose_answer|attempt=0|log=2|0e87319f75,number_sense,0.2,operation_identification_from_context,Subtraction,OneStepProblem,WordProblem,Horizontal,1,10089,medium,0,,2.0,easy,,,2026-06-10T11:57:07.843Z,2026-06-10T11:57:41.820Z,كان لديك 40 تفاحة وأكلت 9. كم بقي؟,40 - 9,,,,,,,Subtraction,Subtraction
stu_1780967877464_7804,test_1781051031467_d8q3s6i,choose_answer,0,2,choose_answer|attempt=0|log=2|0e87319f75,sequential_thinking,0.2,operation_identification_from_context,Subtraction,OneStepProblem,WordProblem,Horizontal,1,10089,medium,0,,2.0,easy,,,2026-06-10T11:57:07.843Z,2026-06-10T11:57:41.820Z,كان لديك 40 تفاحة وأكلت 9. كم بقي؟,40 - 9,,,,,,,Subtraction,Subtraction
stu_1780967877464_7804,test_1781051031467_d8q3s6i,compare_numbers,0,0,compare_numbers|attempt=0|log=0|babb348fe3,comparison_skill,1.0,number_comparison,,Greater,Comparison,Horizontal,0,7695,fast,0,ReversedSign,3.0,medium,,,2026-06-10T11:41:33.932Z,2026-06-10T11:43:23.595Z,,,,,,,Greater,,,
stu_1780967877464_7804,test_1781051031467_d8q3s6i,compare_numbers,0,1,compare_numbers|attempt=0|log=1|9bb7591235,comparison_skill,1.0,number_comparison,,Less,Comparison,Horizontal,1,4262,fast,0,,3.0,medium,,,2026-06-10T11:41:33.932Z,2026-06-10T11:43:23.595Z,,,,,,,Less,,,
stu_1780967877464_7804,test_1781051031467_d8q3s6i,compare_numbers,0,2,compare_numbers|attempt=0|log=2|9c961c157f,comparison_skill,1.0,number_comparison,,Equal,Comparison,Horizontal,1,97703,slow,1,,3.0,medium,,,2026-06-10T11:41:33.932Z,2026-06-10T11:43:23.595Z,,,,,,,Equal,,,
stu_1780967877464_7804,test_1781051031467_d8q3s6i,compare_numbers,1,0,compare_numbers|attempt=1|log=0|715fdcf014,comparison_skill,1.0,number_comparison,,Greater,Comparison,Horizontal,1,6144,fast,0,,2.0,easy,,,2026-06-10T11:43:24.218Z,2026-06-10T11:43:41.394Z,,,,,,,Greater,,,
stu_1780967877464_7804,test_1781051031467_d8q3s6i,compare_numbers,1,1,compare_numbers|attempt=1|log=1|2f5b139b07,comparison_skill,1.0,number_comparison,,Less,Comparison,Horizontal,1,5648,fast,0,,2.0,easy,,,2026-06-10T11:43:24.218Z,2026-06-10T11:43:41.394Z,,,,,,,Less,,,
stu_1780967877464_7804,test_1781051031467_d8q3s6i,compare_numbers,1,2,compare_numbers|attempt=1|log=2|09c434c4d3,comparison_skill,1.0,number_comparison,,Equal,Comparison,Horizontal,1,5383,fast,0,,2.0,easy,,,2026-06-10T11:43:24.218Z,2026-06-10T11:43:41.394Z,,,,,,,Equal,,,
stu_1780967877464_7804,test_1781051031467_d8q3s6i,find_previous_next_number,0,0,find_previous_next_number|attempt=0|log=0|bae8dd7722,sequential_thinking,1.0,previous_next_number,,PreviousAndNext,Sequence,Horizontal,1,74759,medium,0,,3.0,medium,800-809,,2026-06-10T11:40:31.824Z,2026-06-10T11:41:33.669Z,804,,,,"[803, 805]","[803, 805]",,,,
stu_1780967877464_7804,test_1781051031467_d8q3s6i,find_previous_next_number,0,1,find_previous_next_number|attempt=0|log=1|3a4366471d,sequential_thinking,1.0,previous_next_number,,PreviousAndNext,Sequence,Horizontal,1,61845,medium,0,,3.0,medium,200-209,,2026-06-10T11:40:31.824Z,2026-06-10T11:41:33.669Z,201,,,,"[200, 202]","[200, 202]",,,,
stu_1780967877464_7804,test_1781051031467_d8q3s6i,identify_place_value,0,0,identify_place_value|attempt=0|log=0|d992c47f59,number_sense,1.0,place_value_identification,,PlaceValue,PlaceValue,Visual,1,65768,fast,0,,3.0,medium,,,2026-06-10T11:48:19.012Z,2026-06-10T11:49:55.532Z,,,,,"{""pos_0"": 6, ""pos_1"": 6, ""pos_2"": 7}","{""pos_0"": 6, ""pos_1"": 6, ""pos_2"": 7}",,,,
stu_1780967877464_7804,test_1781051031467_d8q3s6i,identify_place_value,0,1,identify_place_value|attempt=0|log=1|0e619212c3,number_sense,1.0,place_value_identification,,PlaceValue,PlaceValue,Visual,1,64961,fast,0,,3.0,medium,,,2026-06-10T11:48:19.012Z,2026-06-10T11:49:55.532Z,,,,,"{""pos_0"": 5, ""pos_1"": 6, ""pos_2"": 7}","{""pos_0"": 5, ""pos_1"": 6, ""pos_2"": 7}",,,,
stu_1780967877464_7804,test_1781051031467_d8q3s6i,identify_place_value,0,2,identify_place_value|attempt=0|log=2|0f3a94b2e6,number_sense,1.0,place_value_identification,,PlaceValue,PlaceValue,Visual,1,96520,fast,0,,3.0,medium,,,2026-06-10T11:48:19.012Z,2026-06-10T11:49:55.532Z,,,,,"{""pos_0"": 2, ""pos_1"": 1, ""pos_2"": 3}","{""pos_0"": 2, ""pos_1"": 1, ""pos_2"": 3}",,,,
stu_1780967877464_7804,test_1781051031467_d8q3s6i,order_numbers,0,0,order_numbers|attempt=0|log=0|9178694e0c,sequential_thinking,1.0,number_ordering,,Ordering_desc,Ordering,Visual,1,37823,fast,0,,3.0,medium,,3.0,2026-06-10T11:43:41.558Z,2026-06-10T11:46:08.108Z,,,,,,,,desc,,
stu_1780967877464_7804,test_1781051031467_d8q3s6i,order_numbers,0,1,order_numbers|attempt=0|log=1|c1d434fffa,sequential_thinking,1.0,number_ordering,,Ordering_asc,Ordering,Visual,1,45769,fast,0,,3.0,medium,,5.0,2026-06-10T11:43:41.558Z,2026-06-10T11:46:08.108Z,,,,,,,,asc,,
stu_1780967877464_7804,test_1781051031467_d8q3s6i,order_numbers,0,2,order_numbers|attempt=0|log=2|c2e8bbe88c,sequential_thinking,1.0,number_ordering,,Ordering_asc,Ordering,Visual,1,18707,fast,0,,3.0,medium,,3.0,2026-06-10T11:43:41.558Z,2026-06-10T11:46:08.108Z,,,,,,,,asc,,
stu_1780967877464_7804,test_1781051031467_d8q3s6i,order_numbers,0,3,order_numbers|attempt=0|log=3|10a8bf181f,sequential_thinking,1.0,number_ordering,,Ordering_asc,Ordering,Visual,1,44249,fast,0,,3.0,medium,,5.0,2026-06-10T11:43:41.558Z,2026-06-10T11:46:08.108Z,,,,,,,,asc,,
stu_1780967877464_7804,test_1781051031467_d8q3s6i,tap_matching_pairs,0,0,tap_matching_pairs|attempt=0|log=0|9767bdd2ef,visual_matching,1.0,number_word_matching,,MatchingPairs,VisualMatching,Visual,1,46081,fast,0,,,,,,2026-06-10T11:38:07.226Z,2026-06-10T11:39:16.818Z,,,,,,,,,,
stu_1780967877464_7804,test_1781051031467_d8q3s6i,tap_matching_pairs,0,1,tap_matching_pairs|attempt=0|log=1|9767bdd2ef,visual_matching,1.0,number_word_matching,,MatchingPairs,VisualMatching,Visual,1,51065,fast,0,,,,,,2026-06-10T11:38:07.226Z,2026-06-10T11:39:16.818Z,,,,,,,,,,
stu_1780967877464_7804,test_1781051031467_d8q3s6i,tap_matching_pairs,0,2,tap_matching_pairs|attempt=0|log=2|9767bdd2ef,visual_matching,1.0,number_word_matching,,MatchingPairs,VisualMatching,Visual,1,57480,fast,0,,,,,,2026-06-10T11:38:07.226Z,2026-06-10T11:39:16.818Z,,,,,,,,,,
stu_1780967877464_7804,test_1781051031467_d8q3s6i,tap_matching_pairs,0,3,tap_matching_pairs|attempt=0|log=3|9767bdd2ef,visual_matching,1.0,number_word_matching,,MatchingPairs,VisualMatching,Visual,1,61520,medium,0,,,,,,2026-06-10T11:38:07.226Z,2026-06-10T11:39:16.818Z,,,,,,,,,,
stu_1780967877464_7804,test_1781051031467_d8q3s6i,tap_matching_pairs,0,4,tap_matching_pairs|attempt=0|log=4|9767bdd2ef,visual_matching,1.0,number_word_matching,,MatchingPairs,VisualMatching,Visual,1,63969,medium,0,,,,,,2026-06-10T11:38:07.226Z,2026-06-10T11:39:16.818Z,,,,,,,,,,
stu_1780967877464_7804,test_1781051031467_d8q3s6i,tap_matching_pairs,0,5,tap_matching_pairs|attempt=0|log=5|9767bdd2ef,visual_matching,1.0,number_word_matching,,MatchingPairs,VisualMatching,Visual,1,69089,medium,0,,,,,,2026-06-10T11:38:07.226Z,2026-06-10T11:39:16.818Z,,,,,,,,,,
stu_1780967877464_7804,test_1781051031467_d8q3s6i,vertical_operations,0,0,vertical_operations|attempt=0|log=0|32eb14e436,arithmetic_fluency,1.0,vertical_operation_fluency,Addition,AdditionWithCarry,VerticalOperation,Vertical,1,178060,fast,0,,3.0,medium,,,2026-06-10T11:57:42.103Z,2026-06-10T12:02:21.570Z,45 Addition 78,,123,123,,,,,,
stu_1780967877464_7804,test_1781051031467_d8q3s6i,vertical_operations,0,1,vertical_operations|attempt=0|log=1|919d92468c,arithmetic_fluency,1.0,vertical_operation_fluency,Subtraction,SimpleSubtraction,VerticalOperation,Vertical,1,101407,fast,0,,2.0,easy,,,2026-06-10T11:57:42.103Z,2026-06-10T12:02:21.570Z,66 Subtraction 40,,26,26,,,,,,
stu_1780967877464_7804,test_1781051031467_d8q3s6i,write_number_in_letters,0,0,write_number_in_letters|attempt=0|log=0|2547a2875f,number_sense,1.0,number_writing,,WrittenNumberProduction,NumberWriting,Mixed,0,63677,fast,0,DigitLengthMistake,3.0,medium,,,2026-06-10T11:52:50.643Z,2026-06-10T11:53:36.164Z,,,,,"[""\u0645\u0626\u0629"", ""\u0648"", ""\u062a\u0633\u0639\u0629"", ""\u0648"", ""\u062a\u0633\u0639\u0648\u0646""]","[""\u062a\u0633\u0639\u0629"", ""\u0648"", ""\u062a\u0633\u0639\u0648\u0646"", ""\u0648"", ""\u062a\u0633\u0639\u0648\u0646""]",,,,
stu_1780967877464_7804,test_1781051031467_d8q3s6i,write_number_in_letters,0,1,write_number_in_letters|attempt=0|log=1|3a209a707a,number_sense,1.0,number_writing,,WrittenNumberProduction,NumberWriting,Mixed,1,60488,fast,0,,3.0,medium,,,2026-06-10T11:52:50.643Z,2026-06-10T11:53:36.164Z,,,,,"[""\u0633\u0628\u0639\u0645\u0626\u0629"", ""\u0648"", ""\u0633\u062a\u0629"", ""\u0648"", ""\u062e\u0645\u0633\u0648\u0646""]","[""\u0633\u0628\u0639\u0645\u0626\u0629"", ""\u0648"", ""\u0633\u062a\u0629"", ""\u0648"", ""\u062e\u0645\u0633\u0648\u0646""]",,,,
stu_1780967877464_7804,test_1781051031467_d8q3s6i,write_number_in_letters,0,2,write_number_in_letters|attempt=0|log=2|642df292f8,number_sense,1.0,number_writing,,WrittenNumberProduction,NumberWriting,Mixed,1,50582,fast,0,,3.0,medium,,,2026-06-10T11:52:50.643Z,2026-06-10T11:53:36.164Z,,,,,"[""\u0645\u0626\u062a\u0627\u0646"", ""\u0648"", ""\u062e\u0645\u0633\u0648\u0646""]","[""\u0645\u0626\u062a\u0627\u0646"", ""\u0648"", ""\u062e\u0645\u0633\u0648\u0646""]",,,,
stu_1780967877464_7804,test_1781051031467_d8q3s6i,write_number_in_letters,0,3,write_number_in_letters|attempt=0|log=3|79faa3b751,number_sense,1.0,number_writing,,WrittenNumberProduction,NumberWriting,Mixed,0,45520,fast,0,DigitLengthMistake,3.0,medium,,,2026-06-10T11:52:50.643Z,2026-06-10T11:53:36.164Z,,,,,"[""\u0623\u0631\u0628\u0639\u0645\u0626\u0629"", ""\u0648"", ""\u0627\u062b\u0646\u0627\u0646"", ""\u0648"", ""\u062e\u0645\u0633\u0648\u0646""]","[""\u0623\u0631\u0628\u0639\u0645\u0626\u0629"", ""\u0648"", ""\u062b\u0644\u0627\u062b"", ""\u0648"", ""\u062e\u0645\u0633\u0648\u0646""]",,,,
stu_1780967877464_7804,test_1781051031467_d8q3s6i,write_number_in_letters,1,0,write_number_in_letters|attempt=1|log=0|63f2f94112,number_sense,1.0,number_writing,,WrittenNumberProduction,NumberWriting,Mixed,1,140170,fast,0,,2.0,easy,,,2026-06-10T11:56:58.213Z,2026-06-10T11:57:07.691Z,,,,,"[""\u062e\u0645\u0633\u0629"", ""\u0639\u0634\u0631""]","[""\u062e\u0645\u0633\u0629"", ""\u0639\u0634\u0631""]",,,,
stu_1780967877464_7804,test_1781051031467_d8q3s6i,write_number_in_letters,1,1,write_number_in_letters|attempt=1|log=1|5fc08f9df0,number_sense,1.0,number_writing,,WrittenNumberProduction,NumberWriting,Mixed,1,53223,fast,0,,2.0,easy,,,2026-06-10T11:56:58.213Z,2026-06-10T11:57:07.691Z,,,,,"[""\u0633\u062a\u0629"", ""\u0648"", ""\u062e\u0645\u0633\u0648\u0646""]","[""\u0633\u062a\u0629"", ""\u0648"", ""\u062e\u0645\u0633\u0648\u0646""]",,,,
stu_1780967877464_7804,test_1781051031467_d8q3s6i,write_number_in_letters,1,2,write_number_in_letters|attempt=1|log=2|c5536a564c,number_sense,1.0,number_writing,,WrittenNumberProduction,NumberWriting,Mixed,1,8065,fast,0,,2.0,easy,,,2026-06-10T11:56:58.213Z,2026-06-10T11:57:07.691Z,,,,,"[""\u062e\u0645\u0633\u0648\u0646""]","[""\u062e\u0645\u0633\u0648\u0646""]",,,,
stu_1780967877464_7804,test_1781051031467_d8q3s6i,write_number_in_letters,1,3,write_number_in_letters|attempt=1|log=3|d7860439e2,number_sense,1.0,number_writing,,WrittenNumberProduction,NumberWriting,Mixed,1,9478,fast,0,,2.0,easy,,,2026-06-10T11:56:58.213Z,2026-06-10T11:57:07.691Z,,,,,"[""\u0627\u062b\u0646\u0627"", ""\u0639\u0634\u0631""]","[""\u0627\u062b\u0646\u0627"", ""\u0639\u0634\u0631""]",,,,
stu_1781260589177_3730,test_1781260715447_0atmb25,choose_answer,0,0,choose_answer|attempt=0|log=0|97207efa7a,arithmetic_fluency,0.6,operation_identification_from_context,Subtraction,OneStepProblem,WordProblem,Horizontal,1,14961,medium,0,,3.0,medium,,,2026-06-12T10:51:57.046Z,2026-06-12T10:53:52.791Z,إذا كان لديك 100 درهم وأعطيت صديقك 25 درهما، كم تبقى لديك؟,100 - 25,,,,,,,Subtraction,Subtraction
stu_1781260589177_3730,test_1781260715447_0atmb25,choose_answer,0,0,choose_answer|attempt=0|log=0|97207efa7a,number_sense,0.2,operation_identification_from_context,Subtraction,OneStepProblem,WordProblem,Horizontal,1,14961,medium,0,,3.0,medium,,,2026-06-12T10:51:57.046Z,2026-06-12T10:53:52.791Z,إذا كان لديك 100 درهم وأعطيت صديقك 25 درهما، كم تبقى لديك؟,100 - 25,,,,,,,Subtraction,Subtraction
stu_1781260589177_3730,test_1781260715447_0atmb25,choose_answer,0,0,choose_answer|attempt=0|log=0|97207efa7a,sequential_thinking,0.2,operation_identification_from_context,Subtraction,OneStepProblem,WordProblem,Horizontal,1,14961,medium,0,,3.0,medium,,,2026-06-12T10:51:57.046Z,2026-06-12T10:53:52.791Z,إذا كان لديك 100 درهم وأعطيت صديقك 25 درهما، كم تبقى لديك؟,100 - 25,,,,,,,Subtraction,Subtraction
stu_1781260589177_3730,test_1781260715447_0atmb25,choose_answer,0,1,choose_answer|attempt=0|log=1|b54905fb97,arithmetic_fluency,0.6,operation_identification_from_context,Subtraction,OneStepProblem,WordProblem,Horizontal,1,19279,medium,0,,4.0,hard,,,2026-06-12T10:51:57.046Z,2026-06-12T10:53:52.791Z,كان لديك 5467 تفاحة وأكلت 1776. كم بقي؟,5467 - 1776,,,,,,,Subtraction,Subtraction
stu_1781260589177_3730,test_1781260715447_0atmb25,choose_answer,0,1,choose_answer|attempt=0|log=1|b54905fb97,number_sense,0.2,operation_identification_from_context,Subtraction,OneStepProblem,WordProblem,Horizontal,1,19279,medium,0,,4.0,hard,,,2026-06-12T10:51:57.046Z,2026-06-12T10:53:52.791Z,كان لديك 5467 تفاحة وأكلت 1776. كم بقي؟,5467 - 1776,,,,,,,Subtraction,Subtraction
stu_1781260589177_3730,test_1781260715447_0atmb25,choose_answer,0,1,choose_answer|attempt=0|log=1|b54905fb97,sequential_thinking,0.2,operation_identification_from_context,Subtraction,OneStepProblem,WordProblem,Horizontal,1,19279,medium,0,,4.0,hard,,,2026-06-12T10:51:57.046Z,2026-06-12T10:53:52.791Z,كان لديك 5467 تفاحة وأكلت 1776. كم بقي؟,5467 - 1776,,,,,,,Subtraction,Subtraction
stu_1781260589177_3730,test_1781260715447_0atmb25,choose_answer,0,2,choose_answer|attempt=0|log=2|543824dc36,arithmetic_fluency,0.6,operation_identification_from_context,,OneStepProblem,WordProblem,Horizontal,1,28930,slow,1,,2.0,easy,,,2026-06-12T10:51:57.046Z,2026-06-12T10:53:52.791Z,اشترى أحمد 38 كيلو من التفاح بسعر 71 درهمًا للكيلو. كم دفع أحمد في المجمل؟,38 × 71,,,,,,,,
stu_1781260589177_3730,test_1781260715447_0atmb25,choose_answer,0,2,choose_answer|attempt=0|log=2|543824dc36,number_sense,0.2,operation_identification_from_context,,OneStepProblem,WordProblem,Horizontal,1,28930,slow,1,,2.0,easy,,,2026-06-12T10:51:57.046Z,2026-06-12T10:53:52.791Z,اشترى أحمد 38 كيلو من التفاح بسعر 71 درهمًا للكيلو. كم دفع أحمد في المجمل؟,38 × 71,,,,,,,,
stu_1781260589177_3730,test_1781260715447_0atmb25,choose_answer,0,2,choose_answer|attempt=0|log=2|543824dc36,sequential_thinking,0.2,operation_identification_from_context,,OneStepProblem,WordProblem,Horizontal,1,28930,slow,1,,2.0,easy,,,2026-06-12T10:51:57.046Z,2026-06-12T10:53:52.791Z,اشترى أحمد 38 كيلو من التفاح بسعر 71 درهمًا للكيلو. كم دفع أحمد في المجمل؟,38 × 71,,,,,,,,
stu_1781260589177_3730,test_1781260715447_0atmb25,choose_answer,0,3,choose_answer|attempt=0|log=3|157d664021,arithmetic_fluency,0.6,operation_identification_from_context,Subtraction,OneStepProblem,WordProblem,Horizontal,1,16813,medium,0,,3.0,medium,,,2026-06-12T10:51:57.046Z,2026-06-12T10:53:52.791Z,إذا كنت قد وفرت 300 درهمًا، واشتريت 2 أحذية ب 80 درهمًا لكل منهما. كم تبقى معك من المال؟,300 - (2 × 80),,,,,,,Subtraction,Subtraction
stu_1781260589177_3730,test_1781260715447_0atmb25,choose_answer,0,3,choose_answer|attempt=0|log=3|157d664021,number_sense,0.2,operation_identification_from_context,Subtraction,OneStepProblem,WordProblem,Horizontal,1,16813,medium,0,,3.0,medium,,,2026-06-12T10:51:57.046Z,2026-06-12T10:53:52.791Z,إذا كنت قد وفرت 300 درهمًا، واشتريت 2 أحذية ب 80 درهمًا لكل منهما. كم تبقى معك من المال؟,300 - (2 × 80),,,,,,,Subtraction,Subtraction
stu_1781260589177_3730,test_1781260715447_0atmb25,choose_answer,0,3,choose_answer|attempt=0|log=3|157d664021,sequential_thinking,0.2,operation_identification_from_context,Subtraction,OneStepProblem,WordProblem,Horizontal,1,16813,medium,0,,3.0,medium,,,2026-06-12T10:51:57.046Z,2026-06-12T10:53:52.791Z,إذا كنت قد وفرت 300 درهمًا، واشتريت 2 أحذية ب 80 درهمًا لكل منهما. كم تبقى معك من المال؟,300 - (2 × 80),,,,,,,Subtraction,Subtraction
stu_1781260589177_3730,test_1781260715447_0atmb25,choose_answer,0,4,choose_answer|attempt=0|log=4|d210423779,arithmetic_fluency,0.6,operation_identification_from_context,,OneStepProblem,WordProblem,Horizontal,1,11245,medium,0,,4.0,hard,,,2026-06-12T10:51:57.046Z,2026-06-12T10:53:52.791Z,لدى 9842 قطعة حلوى، أريد توزيعها بالتساوي على 7 أطفال. كم قطعة يحصل كل طفل؟,9842 ÷ 7,,,,,,,,
stu_1781260589177_3730,test_1781260715447_0atmb25,choose_answer,0,4,choose_answer|attempt=0|log=4|d210423779,number_sense,0.2,operation_identification_from_context,,OneStepProblem,WordProblem,Horizontal,1,11245,medium,0,,4.0,hard,,,2026-06-12T10:51:57.046Z,2026-06-12T10:53:52.791Z,لدى 9842 قطعة حلوى، أريد توزيعها بالتساوي على 7 أطفال. كم قطعة يحصل كل طفل؟,9842 ÷ 7,,,,,,,,
stu_1781260589177_3730,test_1781260715447_0atmb25,choose_answer,0,4,choose_answer|attempt=0|log=4|d210423779,sequential_thinking,0.2,operation_identification_from_context,,OneStepProblem,WordProblem,Horizontal,1,11245,medium,0,,4.0,hard,,,2026-06-12T10:51:57.046Z,2026-06-12T10:53:52.791Z,لدى 9842 قطعة حلوى، أريد توزيعها بالتساوي على 7 أطفال. كم قطعة يحصل كل طفل؟,9842 ÷ 7,,,,,,,,
stu_1781260589177_3730,test_1781260715447_0atmb25,choose_answer,0,5,choose_answer|attempt=0|log=5|be84d27946,arithmetic_fluency,0.6,operation_identification_from_context,Subtraction,OneStepProblem,WordProblem,Horizontal,1,18469,medium,0,,2.0,easy,,,2026-06-12T10:51:57.046Z,2026-06-12T10:53:52.791Z,لدى فاطمة 80 درهمًا. إذا اشترت 4 كتب، كل كتاب يكلف 20 درهمًا، كم تبقى معها؟,80 - (4 × 20),,,,,,,Subtraction,Subtraction
stu_1781260589177_3730,test_1781260715447_0atmb25,choose_answer,0,5,choose_answer|attempt=0|log=5|be84d27946,number_sense,0.2,operation_identification_from_context,Subtraction,OneStepProblem,WordProblem,Horizontal,1,18469,medium,0,,2.0,easy,,,2026-06-12T10:51:57.046Z,2026-06-12T10:53:52.791Z,لدى فاطمة 80 درهمًا. إذا اشترت 4 كتب، كل كتاب يكلف 20 درهمًا، كم تبقى معها؟,80 - (4 × 20),,,,,,,Subtraction,Subtraction
stu_1781260589177_3730,test_1781260715447_0atmb25,choose_answer,0,5,choose_answer|attempt=0|log=5|be84d27946,sequential_thinking,0.2,operation_identification_from_context,Subtraction,OneStepProblem,WordProblem,Horizontal,1,18469,medium,0,,2.0,easy,,,2026-06-12T10:51:57.046Z,2026-06-12T10:53:52.791Z,لدى فاطمة 80 درهمًا. إذا اشترت 4 كتب، كل كتاب يكلف 20 درهمًا، كم تبقى معها؟,80 - (4 × 20),,,,,,,Subtraction,Subtraction
stu_1781260589177_3730,test_1781260715447_0atmb25,choose_answer,0,6,choose_answer|attempt=0|log=6|be84d27946,arithmetic_fluency,0.6,operation_identification_from_context,Subtraction,OneStepProblem,WordProblem,Horizontal,1,1400,fast,0,,2.0,easy,,,2026-06-12T10:51:57.046Z,2026-06-12T10:53:52.791Z,لدى فاطمة 80 درهمًا. إذا اشترت 4 كتب، كل كتاب يكلف 20 درهمًا، كم تبقى معها؟,80 - (4 × 20),,,,,,,Subtraction,Subtraction
stu_1781260589177_3730,test_1781260715447_0atmb25,choose_answer,0,6,choose_answer|attempt=0|log=6|be84d27946,number_sense,0.2,operation_identification_from_context,Subtraction,OneStepProblem,WordProblem,Horizontal,1,1400,fast,0,,2.0,easy,,,2026-06-12T10:51:57.046Z,2026-06-12T10:53:52.791Z,لدى فاطمة 80 درهمًا. إذا اشترت 4 كتب، كل كتاب يكلف 20 درهمًا، كم تبقى معها؟,80 - (4 × 20),,,,,,,Subtraction,Subtraction
stu_1781260589177_3730,test_1781260715447_0atmb25,choose_answer,0,6,choose_answer|attempt=0|log=6|be84d27946,sequential_thinking,0.2,operation_identification_from_context,Subtraction,OneStepProblem,WordProblem,Horizontal,1,1400,fast,0,,2.0,easy,,,2026-06-12T10:51:57.046Z,2026-06-12T10:53:52.791Z,لدى فاطمة 80 درهمًا. إذا اشترت 4 كتب، كل كتاب يكلف 20 درهمًا، كم تبقى معها؟,80 - (4 × 20),,,,,,,Subtraction,Subtraction
stu_1781260589177_3730,test_1781260715447_0atmb25,choose_answer,0,7,choose_answer|attempt=0|log=7|be84d27946,arithmetic_fluency,0.6,operation_identification_from_context,Subtraction,OneStepProblem,WordProblem,Horizontal,1,4647,fast,0,,2.0,easy,,,2026-06-12T10:51:57.046Z,2026-06-12T10:53:52.791Z,لدى فاطمة 80 درهمًا. إذا اشترت 4 كتب، كل كتاب يكلف 20 درهمًا، كم تبقى معها؟,80 - (4 × 20),,,,,,,Subtraction,Subtraction
stu_1781260589177_3730,test_1781260715447_0atmb25,choose_answer,0,7,choose_answer|attempt=0|log=7|be84d27946,number_sense,0.2,operation_identification_from_context,Subtraction,OneStepProblem,WordProblem,Horizontal,1,4647,fast,0,,2.0,easy,,,2026-06-12T10:51:57.046Z,2026-06-12T10:53:52.791Z,لدى فاطمة 80 درهمًا. إذا اشترت 4 كتب، كل كتاب يكلف 20 درهمًا، كم تبقى معها؟,80 - (4 × 20),,,,,,,Subtraction,Subtraction
stu_1781260589177_3730,test_1781260715447_0atmb25,choose_answer,0,7,choose_answer|attempt=0|log=7|be84d27946,sequential_thinking,0.2,operation_identification_from_context,Subtraction,OneStepProblem,WordProblem,Horizontal,1,4647,fast,0,,2.0,easy,,,2026-06-12T10:51:57.046Z,2026-06-12T10:53:52.791Z,لدى فاطمة 80 درهمًا. إذا اشترت 4 كتب، كل كتاب يكلف 20 درهمًا، كم تبقى معها؟,80 - (4 × 20),,,,,,,Subtraction,Subtraction
stu_1781260589177_3730,test_1781260715447_0atmb25,identify_place_value,0,0,identify_place_value|attempt=0|log=0|71364035eb,number_sense,1.0,place_value_identification,,PlaceValue,PlaceValue,Visual,1,126366,fast,0,,6.0,hard,,,2026-06-12T10:50:58.016Z,2026-06-12T10:51:56.879Z,,,,,"{""pos_0"": 4, ""pos_1"": 6, ""pos_2"": 4, ""pos_3"": 1, ""pos_4"": 3, ""pos_5"": 5}","{""pos_0"": ""4"", ""pos_1"": ""6"", ""pos_2"": ""4"", ""pos_3"": ""1"", ""pos_4"": ""3"", ""pos_5"": 5}",,,,
stu_1781260589177_3730,test_1781260715447_0atmb25,identify_place_value,0,1,identify_place_value|attempt=0|log=1|835fc24a17,number_sense,1.0,place_value_identification,,PlaceValue,PlaceValue,Visual,1,58862,fast,0,,6.0,hard,,,2026-06-12T10:50:58.016Z,2026-06-12T10:51:56.879Z,,,,,"{""pos_0"": 8, ""pos_1"": 4, ""pos_2"": 0, ""pos_3"": 4, ""pos_4"": 1, ""pos_5"": 6}","{""pos_0"": ""8"", ""pos_1"": ""4"", ""pos_2"": ""0"", ""pos_3"": ""4"", ""pos_4"": ""1"", ""pos_5"": ""6""}",,,,
stu_1781260589177_3730,test_1781260715447_0atmb25,order_numbers,0,0,order_numbers|attempt=0|log=0|b31edd51ea,sequential_thinking,1.0,number_ordering,,Ordering_desc,Ordering,Visual,0,93045,fast,0,ReversedAscending,5.0,hard,,5.0,2026-06-12T10:41:36.268Z,2026-06-12T10:45:49.887Z,,,,,,,,desc,,
stu_1781260589177_3730,test_1781260715447_0atmb25,order_numbers,0,1,order_numbers|attempt=0|log=1|ac1bc6a267,sequential_thinking,1.0,number_ordering,,Ordering_asc,Ordering,Visual,0,160572,medium,0,MultipleMisplacements,5.0,hard,,5.0,2026-06-12T10:41:36.268Z,2026-06-12T10:45:49.887Z,,,,,,,,asc,,
stu_1781260589177_3730,test_1781260715447_0atmb25,order_numbers,1,0,order_numbers|attempt=1|log=0|7e0fb520c3,sequential_thinking,1.0,number_ordering,,Ordering_asc,Ordering,Visual,1,167562,medium,0,,4.0,hard,,5.0,2026-06-12T10:45:50.076Z,2026-06-12T10:48:51.503Z,,,,,,,,asc,,
stu_1781260589177_3730,test_1781260715447_0atmb25,order_numbers,1,1,order_numbers|attempt=1|log=1|b23deb4c08,sequential_thinking,1.0,number_ordering,,Ordering_asc,Ordering,Visual,1,13864,fast,0,,4.0,hard,,2.0,2026-06-12T10:45:50.076Z,2026-06-12T10:48:51.503Z,,,,,,,,asc,,
stu_1781260589177_3730,test_1781260715447_0atmb25,vertical_operations,0,0,vertical_operations|attempt=0|log=0|76b3309d5d,arithmetic_fluency,1.0,vertical_operation_fluency,Subtraction,SimpleSubtraction,VerticalOperation,Vertical,1,33146,fast,0,,4.0,hard,,,2026-06-12T10:53:56.910Z,2026-06-12T11:14:25.265Z,9938 Subtraction 5814,,4124,4124,,,,,,
stu_1781260589177_3730,test_1781260715447_0atmb25,vertical_operations,0,1,vertical_operations|attempt=0|log=1|31359b08eb,arithmetic_fluency,1.0,vertical_operation_fluency,Multiplication,MultiStepMultiplication,VerticalOperation,Vertical,1,1166039,slow,1,,8.0,hard,,,2026-06-12T10:53:56.910Z,2026-06-12T11:14:25.265Z,6566 Multiplication 8389,,55082174,55082174,,,,,,
stu_1781260589177_3730,test_1781260715447_0atmb25,vertical_operations,0,2,vertical_operations|attempt=0|log=2|9b90434046,arithmetic_fluency,1.0,vertical_operation_fluency,Addition,AdditionWithCarry,VerticalOperation,Vertical,1,29170,fast,0,,5.0,hard,,,2026-06-12T10:53:56.910Z,2026-06-12T11:14:25.265Z,8620 Addition 4315,,12935,12935,,,,,,
