student_id,item_template_id,game_type,axis,fine_skill,attempts,correct,accuracy,slow_rate,sparse_template
stu_1776848582102_8186,compare_numbers__Equal__3digits,compare_numbers,comparison_skill,number_comparison,1,1,1.0,0.0,False
stu_1776848582102_8186,compare_numbers__Greater__3digits,compare_numbers,comparison_skill,number_comparison,1,1,1.0,1.0,False
stu_1776848582102_8186,compare_numbers__Less__3digits,compare_numbers,comparison_skill,number_comparison,1,1,1.0,1.0,False
stu_1776848582102_8186,decompose_number__3digits__2parts__zeroFalse,decompose_number,number_sense,place_value_decomposition,2,2,1.0,0.0,False
stu_1776848582102_8186,decompose_number__3digits__2parts__zeroFalse,decompose_number,visual_matching,place_value_decomposition,2,2,1.0,0.0,False
stu_1776848582102_8186,decompose_number__3digits__3parts__zeroFalse,decompose_number,number_sense,place_value_decomposition,2,2,1.0,0.0,False
stu_1776848582102_8186,decompose_number__3digits__3parts__zeroFalse,decompose_number,visual_matching,place_value_decomposition,2,2,1.0,0.0,False
stu_1776848582102_8186,find_previous_next_number__1digits__low_number_edge,find_previous_next_number,number_sense,number_sequencing,1,1,1.0,0.0,True
stu_1776848582102_8186,find_previous_next_number__1digits__low_number_edge,find_previous_next_number,sequential_thinking,number_sequencing,1,1,1.0,0.0,True
stu_1776848582102_8186,find_previous_next_number__2digits__normal_range,find_previous_next_number,number_sense,number_sequencing,1,1,1.0,0.0,False
stu_1776848582102_8186,find_previous_next_number__2digits__normal_range,find_previous_next_number,sequential_thinking,number_sequencing,1,1,1.0,0.0,False
stu_1776848582102_8186,find_previous_next_number__3digits__normal_range,find_previous_next_number,number_sense,number_sequencing,2,1,0.5,0.0,False
stu_1776848582102_8186,find_previous_next_number__3digits__normal_range,find_previous_next_number,sequential_thinking,number_sequencing,2,1,0.5,0.0,False
stu_1776848582102_8186,identify_place_value__2digits__all_digits_distinct,identify_place_value,number_sense,place_value_identification,4,0,0.0,0.0,False
stu_1776848582102_8186,identify_place_value__2digits__all_digits_same,identify_place_value,number_sense,place_value_identification,2,2,1.0,0.0,False
stu_1776848582102_8186,identify_place_value__3digits__all_digits_same,identify_place_value,number_sense,place_value_identification,1,1,1.0,0.0,True
stu_1776848582102_8186,identify_place_value__3digits__has_repeated_digits,identify_place_value,number_sense,place_value_identification,2,0,0.0,0.0,False
stu_1776848582102_8186,order_numbers__asc__seq5__3digits,order_numbers,number_sense,number_ordering,1,1,1.0,0.0,False
stu_1776848582102_8186,order_numbers__asc__seq5__3digits,order_numbers,sequential_thinking,number_ordering,1,1,1.0,0.0,False
stu_1776848582102_8186,order_numbers__desc__seq2__3digits,order_numbers,number_sense,number_ordering,1,1,1.0,0.0,False
stu_1776848582102_8186,order_numbers__desc__seq2__3digits,order_numbers,sequential_thinking,number_ordering,1,1,1.0,0.0,False
stu_1776848582102_8186,order_numbers__desc__seq3__3digits,order_numbers,number_sense,number_ordering,1,1,1.0,0.0,False
stu_1776848582102_8186,order_numbers__desc__seq3__3digits,order_numbers,sequential_thinking,number_ordering,1,1,1.0,0.0,False
stu_1776848747452_2240,compare_numbers__Equal__2digits,compare_numbers,comparison_skill,number_comparison,1,1,1.0,0.0,True
stu_1776848747452_2240,compare_numbers__Equal__3digits,compare_numbers,comparison_skill,number_comparison,1,1,1.0,0.0,False
stu_1776848747452_2240,compare_numbers__Greater__2digits,compare_numbers,comparison_skill,number_comparison,1,0,0.0,1.0,False
stu_1776848747452_2240,compare_numbers__Greater__3digits,compare_numbers,comparison_skill,number_comparison,1,0,0.0,0.0,False
stu_1776848747452_2240,compare_numbers__Less__2digits,compare_numbers,comparison_skill,number_comparison,1,0,0.0,0.0,False
stu_1776848747452_2240,compare_numbers__Less__3digits,compare_numbers,comparison_skill,number_comparison,1,1,1.0,0.0,False
stu_1776848747452_2240,find_previous_next_number__2digits__normal_range,find_previous_next_number,number_sense,number_sequencing,1,1,1.0,0.0,False
stu_1776848747452_2240,find_previous_next_number__2digits__normal_range,find_previous_next_number,sequential_thinking,number_sequencing,1,1,1.0,0.0,False
stu_1776848747452_2240,find_previous_next_number__3digits__normal_range,find_previous_next_number,number_sense,number_sequencing,1,1,1.0,0.0,False
stu_1776848747452_2240,find_previous_next_number__3digits__normal_range,find_previous_next_number,sequential_thinking,number_sequencing,1,1,1.0,0.0,False
stu_1776848747452_2240,order_numbers__asc__seq3__2digits,order_numbers,number_sense,number_ordering,1,0,0.0,0.0,False
stu_1776848747452_2240,order_numbers__asc__seq3__2digits,order_numbers,sequential_thinking,number_ordering,1,0,0.0,0.0,False
stu_1776848747452_2240,order_numbers__asc__seq3__3digits,order_numbers,number_sense,number_ordering,2,1,0.5,0.0,False
stu_1776848747452_2240,order_numbers__asc__seq3__3digits,order_numbers,sequential_thinking,number_ordering,2,1,0.5,0.0,False
stu_1776848747452_2240,order_numbers__desc__seq2__3digits,order_numbers,number_sense,number_ordering,1,0,0.0,0.0,False
stu_1776848747452_2240,order_numbers__desc__seq2__3digits,order_numbers,sequential_thinking,number_ordering,1,0,0.0,0.0,False
stu_1776848747452_2240,order_numbers__desc__seq3__2digits,order_numbers,number_sense,number_ordering,1,1,1.0,0.0,False
stu_1776848747452_2240,order_numbers__desc__seq3__2digits,order_numbers,sequential_thinking,number_ordering,1,1,1.0,0.0,False
stu_1776848747452_2240,order_numbers__desc__seq5__2digits,order_numbers,number_sense,number_ordering,1,0,0.0,0.0,False
stu_1776848747452_2240,order_numbers__desc__seq5__2digits,order_numbers,sequential_thinking,number_ordering,1,0,0.0,0.0,False
stu_1776848878846_8648,choose_answer__Addition__OneStepProblem__2digits__3options,choose_answer,arithmetic_fluency,operation_identification_from_context,2,2,1.0,0.0,False
stu_1776848878846_8648,choose_answer__Addition__OneStepProblem__2digits__3options,choose_answer,number_sense,operation_identification_from_context,2,2,1.0,0.0,False
stu_1776848878846_8648,choose_answer__Addition__OneStepProblem__2digits__3options,choose_answer,sequential_thinking,operation_identification_from_context,2,2,1.0,0.0,False
stu_1776848878846_8648,choose_answer__Multiplication__OneStepProblem__2digits__3options,choose_answer,arithmetic_fluency,operation_identification_from_context,1,1,1.0,0.0,False
stu_1776848878846_8648,choose_answer__Multiplication__OneStepProblem__2digits__3options,choose_answer,number_sense,operation_identification_from_context,1,1,1.0,0.0,False
stu_1776848878846_8648,choose_answer__Multiplication__OneStepProblem__2digits__3options,choose_answer,sequential_thinking,operation_identification_from_context,1,1,1.0,0.0,False
stu_1776848878846_8648,compare_numbers__Equal__3digits,compare_numbers,comparison_skill,number_comparison,1,1,1.0,0.0,False
stu_1776848878846_8648,compare_numbers__Greater__3digits,compare_numbers,comparison_skill,number_comparison,1,1,1.0,0.0,False
stu_1776848878846_8648,compare_numbers__Less__3digits,compare_numbers,comparison_skill,number_comparison,1,1,1.0,0.0,False
stu_1776848878846_8648,decompose_number__3digits__2parts__zeroFalse,decompose_number,number_sense,place_value_decomposition,1,1,1.0,0.0,False
stu_1776848878846_8648,decompose_number__3digits__2parts__zeroFalse,decompose_number,visual_matching,place_value_decomposition,1,1,1.0,0.0,False
stu_1776848878846_8648,decompose_number__3digits__3parts__zeroFalse,decompose_number,number_sense,place_value_decomposition,3,3,1.0,0.0,False
stu_1776848878846_8648,decompose_number__3digits__3parts__zeroFalse,decompose_number,visual_matching,place_value_decomposition,3,3,1.0,0.0,False
stu_1776848878846_8648,find_previous_next_number__3digits__normal_range,find_previous_next_number,number_sense,number_sequencing,2,2,1.0,0.0,False
stu_1776848878846_8648,find_previous_next_number__3digits__normal_range,find_previous_next_number,sequential_thinking,number_sequencing,2,2,1.0,0.0,False
stu_1776848878846_8648,identify_place_value__3digits__all_digits_distinct,identify_place_value,number_sense,place_value_identification,2,2,1.0,0.0,False
stu_1776848878846_8648,identify_place_value__3digits__has_repeated_digits,identify_place_value,number_sense,place_value_identification,1,1,1.0,0.0,False
stu_1776848878846_8648,order_numbers__asc__seq3__2digits,order_numbers,number_sense,number_ordering,1,0,0.0,0.0,False
stu_1776848878846_8648,order_numbers__asc__seq3__2digits,order_numbers,sequential_thinking,number_ordering,1,0,0.0,0.0,False
stu_1776848878846_8648,order_numbers__asc__seq4__3digits,order_numbers,number_sense,number_ordering,1,1,1.0,0.0,False
stu_1776848878846_8648,order_numbers__asc__seq4__3digits,order_numbers,sequential_thinking,number_ordering,1,1,1.0,0.0,False
stu_1776848878846_8648,order_numbers__asc__seq5__3digits,order_numbers,number_sense,number_ordering,1,1,1.0,0.0,False
stu_1776848878846_8648,order_numbers__asc__seq5__3digits,order_numbers,sequential_thinking,number_ordering,1,1,1.0,0.0,False
stu_1776848878846_8648,order_numbers__desc__seq5__2digits,order_numbers,number_sense,number_ordering,2,2,1.0,0.0,False
stu_1776848878846_8648,order_numbers__desc__seq5__2digits,order_numbers,sequential_thinking,number_ordering,2,2,1.0,0.0,False
stu_1776848878846_8648,order_numbers__desc__seq5__3digits,order_numbers,number_sense,number_ordering,1,1,1.0,0.0,False
stu_1776848878846_8648,order_numbers__desc__seq5__3digits,order_numbers,sequential_thinking,number_ordering,1,1,1.0,0.0,False
stu_1776848878846_8648,vertical_operations__SimpleAddition__2digits,vertical_operations,arithmetic_fluency,procedural_fluency,1,0,0.0,0.0,False
stu_1776848878846_8648,vertical_operations__SimpleSubtraction__2digits,vertical_operations,arithmetic_fluency,procedural_fluency,1,1,1.0,0.0,False
stu_1776848878846_8648,what_number_do_you_hear__1digits__3options,what_number_do_you_hear,audio_recognition,audio_number_recognition,4,4,1.0,0.25,False
stu_1776848878846_8648,what_number_do_you_hear__2digits__3options,what_number_do_you_hear,audio_recognition,audio_number_recognition,2,1,0.5,0.0,False
stu_1776848878846_8648,write_number_in_letters__3digits__langar,write_number_in_letters,number_sense,number_writing,2,2,1.0,0.0,False
stu_1776848878846_8648,write_number_in_letters__3digits__langar,write_number_in_letters,sequential_thinking,number_writing,2,2,1.0,0.0,False
stu_1776848879378_2063,compare_numbers__Equal__3digits,compare_numbers,comparison_skill,number_comparison,1,1,1.0,0.0,False
stu_1776848879378_2063,compare_numbers__Greater__3digits,compare_numbers,comparison_skill,number_comparison,1,1,1.0,0.0,False
stu_1776848879378_2063,compare_numbers__Less__3digits,compare_numbers,comparison_skill,number_comparison,1,1,1.0,0.0,False
stu_1776848879378_2063,find_previous_next_number__2digits__normal_range,find_previous_next_number,number_sense,number_sequencing,2,2,1.0,0.0,False
stu_1776848879378_2063,find_previous_next_number__2digits__normal_range,find_previous_next_number,sequential_thinking,number_sequencing,2,2,1.0,0.0,False
stu_1776848879378_2063,find_previous_next_number__2digits__tens_transition,find_previous_next_number,number_sense,number_sequencing,1,1,1.0,0.0,False
stu_1776848879378_2063,find_previous_next_number__2digits__tens_transition,find_previous_next_number,sequential_thinking,number_sequencing,1,1,1.0,0.0,False
stu_1776848879378_2063,find_previous_next_number__3digits__tens_transition,find_previous_next_number,number_sense,number_sequencing,1,0,0.0,0.0,False
stu_1776848879378_2063,find_previous_next_number__3digits__tens_transition,find_previous_next_number,sequential_thinking,number_sequencing,1,0,0.0,0.0,False
stu_1776848879378_2063,order_numbers__asc__seq4__2digits,order_numbers,number_sense,number_ordering,1,1,1.0,0.0,False
stu_1776848879378_2063,order_numbers__asc__seq4__2digits,order_numbers,sequential_thinking,number_ordering,1,1,1.0,0.0,False
stu_1776848879378_2063,order_numbers__asc__seq4__3digits,order_numbers,number_sense,number_ordering,1,1,1.0,0.0,False
stu_1776848879378_2063,order_numbers__asc__seq4__3digits,order_numbers,sequential_thinking,number_ordering,1,1,1.0,0.0,False
stu_1776848879378_2063,order_numbers__asc__seq5__2digits,order_numbers,number_sense,number_ordering,1,1,1.0,0.0,False
stu_1776848879378_2063,order_numbers__asc__seq5__2digits,order_numbers,sequential_thinking,number_ordering,1,1,1.0,0.0,False
stu_1776848879378_2063,order_numbers__asc__seq5__3digits,order_numbers,number_sense,number_ordering,1,0,0.0,0.0,False
stu_1776848879378_2063,order_numbers__asc__seq5__3digits,order_numbers,sequential_thinking,number_ordering,1,0,0.0,0.0,False
stu_1776848879378_2063,order_numbers__desc__seq2__2digits,order_numbers,number_sense,number_ordering,1,1,1.0,0.0,False
stu_1776848879378_2063,order_numbers__desc__seq2__2digits,order_numbers,sequential_thinking,number_ordering,1,1,1.0,0.0,False
stu_1776848879378_2063,order_numbers__desc__seq4__3digits,order_numbers,number_sense,number_ordering,1,1,1.0,0.0,False
stu_1776848879378_2063,order_numbers__desc__seq4__3digits,order_numbers,sequential_thinking,number_ordering,1,1,1.0,0.0,False
stu_1776848879823_1392,compare_numbers__Equal__3digits,compare_numbers,comparison_skill,number_comparison,1,1,1.0,0.0,False
stu_1776848879823_1392,compare_numbers__Greater__3digits,compare_numbers,comparison_skill,number_comparison,1,1,1.0,0.0,False
stu_1776848879823_1392,compare_numbers__Less__3digits,compare_numbers,comparison_skill,number_comparison,1,1,1.0,0.0,False
stu_1776848879823_1392,decompose_number__3digits__3parts__zeroFalse,decompose_number,number_sense,place_value_decomposition,4,4,1.0,0.0,False
stu_1776848879823_1392,decompose_number__3digits__3parts__zeroFalse,decompose_number,visual_matching,place_value_decomposition,4,4,1.0,0.0,False
stu_1776848879823_1392,find_previous_next_number__3digits__normal_range,find_previous_next_number,number_sense,number_sequencing,2,2,1.0,0.0,False
stu_1776848879823_1392,find_previous_next_number__3digits__normal_range,find_previous_next_number,sequential_thinking,number_sequencing,2,2,1.0,0.0,False
stu_1776848879823_1392,order_numbers__asc__seq2__2digits,order_numbers,number_sense,number_ordering,1,1,1.0,0.0,False
stu_1776848879823_1392,order_numbers__asc__seq2__2digits,order_numbers,sequential_thinking,number_ordering,1,1,1.0,0.0,False
stu_1776848879823_1392,order_numbers__asc__seq4__2digits,order_numbers,number_sense,number_ordering,1,1,1.0,0.0,False
stu_1776848879823_1392,order_numbers__asc__seq4__2digits,order_numbers,sequential_thinking,number_ordering,1,1,1.0,0.0,False
stu_1776848879823_1392,order_numbers__asc__seq5__3digits,order_numbers,number_sense,number_ordering,1,1,1.0,0.0,False
stu_1776848879823_1392,order_numbers__asc__seq5__3digits,order_numbers,sequential_thinking,number_ordering,1,1,1.0,0.0,False
stu_1776848879823_1392,order_numbers__desc__seq3__2digits,order_numbers,number_sense,number_ordering,1,1,1.0,0.0,False
stu_1776848879823_1392,order_numbers__desc__seq3__2digits,order_numbers,sequential_thinking,number_ordering,1,1,1.0,0.0,False
stu_1776848879823_1392,order_numbers__desc__seq3__3digits,order_numbers,number_sense,number_ordering,1,1,1.0,0.0,False
stu_1776848879823_1392,order_numbers__desc__seq3__3digits,order_numbers,sequential_thinking,number_ordering,1,1,1.0,0.0,False
stu_1776848879823_1392,order_numbers__desc__seq5__3digits,order_numbers,number_sense,number_ordering,1,1,1.0,0.0,False
stu_1776848879823_1392,order_numbers__desc__seq5__3digits,order_numbers,sequential_thinking,number_ordering,1,1,1.0,0.0,False
stu_1777023080044_2956,choose_answer__Addition__OneStepProblem__5digits__4options,choose_answer,arithmetic_fluency,operation_identification_from_context,1,1,1.0,0.0,True
stu_1777023080044_2956,choose_answer__Addition__OneStepProblem__5digits__4options,choose_answer,number_sense,operation_identification_from_context,1,1,1.0,0.0,True
stu_1777023080044_2956,choose_answer__Addition__OneStepProblem__5digits__4options,choose_answer,sequential_thinking,operation_identification_from_context,1,1,1.0,0.0,True
stu_1777023080044_2956,choose_answer__Division__OneStepProblem__4digits__4options,choose_answer,arithmetic_fluency,operation_identification_from_context,1,1,1.0,0.0,True
stu_1777023080044_2956,choose_answer__Division__OneStepProblem__4digits__4options,choose_answer,number_sense,operation_identification_from_context,1,1,1.0,0.0,True
stu_1777023080044_2956,choose_answer__Division__OneStepProblem__4digits__4options,choose_answer,sequential_thinking,operation_identification_from_context,1,1,1.0,0.0,True
stu_1777023080044_2956,choose_answer__Multiplication__OneStepProblem__1digits__3options,choose_answer,arithmetic_fluency,operation_identification_from_context,1,1,1.0,1.0,False
stu_1777023080044_2956,choose_answer__Multiplication__OneStepProblem__1digits__3options,choose_answer,number_sense,operation_identification_from_context,1,1,1.0,1.0,False
stu_1777023080044_2956,choose_answer__Multiplication__OneStepProblem__1digits__3options,choose_answer,sequential_thinking,operation_identification_from_context,1,1,1.0,1.0,False
stu_1777023080044_2956,choose_answer__Multiplication__OneStepProblem__2digits__3options,choose_answer,arithmetic_fluency,operation_identification_from_context,1,1,1.0,0.0,False
stu_1777023080044_2956,choose_answer__Multiplication__OneStepProblem__2digits__3options,choose_answer,number_sense,operation_identification_from_context,1,1,1.0,0.0,False
stu_1777023080044_2956,choose_answer__Multiplication__OneStepProblem__2digits__3options,choose_answer,sequential_thinking,operation_identification_from_context,1,1,1.0,0.0,False
stu_1777023080044_2956,choose_answer__Multiplication__OneStepProblem__2digits__4options,choose_answer,arithmetic_fluency,operation_identification_from_context,1,1,1.0,0.0,False
stu_1777023080044_2956,choose_answer__Multiplication__OneStepProblem__2digits__4options,choose_answer,number_sense,operation_identification_from_context,1,1,1.0,0.0,False
stu_1777023080044_2956,choose_answer__Multiplication__OneStepProblem__2digits__4options,choose_answer,sequential_thinking,operation_identification_from_context,1,1,1.0,0.0,False
stu_1777023080044_2956,choose_answer__Multiplication__OneStepProblem__3digits__3options,choose_answer,arithmetic_fluency,operation_identification_from_context,1,0,0.0,1.0,True
stu_1777023080044_2956,choose_answer__Multiplication__OneStepProblem__3digits__3options,choose_answer,number_sense,operation_identification_from_context,1,0,0.0,1.0,True
stu_1777023080044_2956,choose_answer__Multiplication__OneStepProblem__3digits__3options,choose_answer,sequential_thinking,operation_identification_from_context,1,0,0.0,1.0,True
stu_1777023080044_2956,choose_answer__Subtraction-Multiplication__MultiStepProblem__3digits__3options,choose_answer,arithmetic_fluency,operation_identification_from_context,1,1,1.0,1.0,False
stu_1777023080044_2956,choose_answer__Subtraction-Multiplication__MultiStepProblem__3digits__3options,choose_answer,number_sense,operation_identification_from_context,1,1,1.0,1.0,False
stu_1777023080044_2956,choose_answer__Subtraction-Multiplication__MultiStepProblem__3digits__3options,choose_answer,sequential_thinking,operation_identification_from_context,1,1,1.0,1.0,False
stu_1777023080044_2956,choose_answer__Subtraction__OneStepProblem__2digits__3options,choose_answer,arithmetic_fluency,operation_identification_from_context,1,1,1.0,0.0,False
stu_1777023080044_2956,choose_answer__Subtraction__OneStepProblem__2digits__3options,choose_answer,number_sense,operation_identification_from_context,1,1,1.0,0.0,False
stu_1777023080044_2956,choose_answer__Subtraction__OneStepProblem__2digits__3options,choose_answer,sequential_thinking,operation_identification_from_context,1,1,1.0,0.0,False
stu_1777023080044_2956,choose_answer__Subtraction__OneStepProblem__4digits__4options,choose_answer,arithmetic_fluency,operation_identification_from_context,1,1,1.0,0.0,True
stu_1777023080044_2956,choose_answer__Subtraction__OneStepProblem__4digits__4options,choose_answer,number_sense,operation_identification_from_context,1,1,1.0,0.0,True
stu_1777023080044_2956,choose_answer__Subtraction__OneStepProblem__4digits__4options,choose_answer,sequential_thinking,operation_identification_from_context,1,1,1.0,0.0,True
stu_1777023080044_2956,choose_answer__Subtraction__OneStepProblem__5digits__4options,choose_answer,arithmetic_fluency,operation_identification_from_context,1,1,1.0,0.0,False
stu_1777023080044_2956,choose_answer__Subtraction__OneStepProblem__5digits__4options,choose_answer,number_sense,operation_identification_from_context,1,1,1.0,0.0,False
stu_1777023080044_2956,choose_answer__Subtraction__OneStepProblem__5digits__4options,choose_answer,sequential_thinking,operation_identification_from_context,1,1,1.0,0.0,False
stu_1777023080044_2956,compare_numbers__Equal__3digits,compare_numbers,comparison_skill,number_comparison,1,1,1.0,0.0,False
stu_1777023080044_2956,compare_numbers__Greater__3digits,compare_numbers,comparison_skill,number_comparison,1,1,1.0,0.0,False
stu_1777023080044_2956,compare_numbers__Less__3digits,compare_numbers,comparison_skill,number_comparison,1,1,1.0,0.0,False
stu_1777023080044_2956,find_previous_next_number__3digits__normal_range,find_previous_next_number,number_sense,number_sequencing,2,2,1.0,0.0,False
stu_1777023080044_2956,find_previous_next_number__3digits__normal_range,find_previous_next_number,sequential_thinking,number_sequencing,2,2,1.0,0.0,False
stu_1777023080044_2956,find_previous_next_number__3digits__tens_transition,find_previous_next_number,number_sense,number_sequencing,1,1,1.0,0.0,False
stu_1777023080044_2956,find_previous_next_number__3digits__tens_transition,find_previous_next_number,sequential_thinking,number_sequencing,1,1,1.0,0.0,False
stu_1777023080044_2956,identify_place_value__1digits__all_digits_same,identify_place_value,number_sense,place_value_identification,4,4,1.0,0.0,True
stu_1777023080044_2956,identify_place_value__2digits__all_digits_distinct,identify_place_value,number_sense,place_value_identification,4,4,1.0,0.0,False
stu_1777023080044_2956,identify_place_value__6digits__has_repeated_digits,identify_place_value,number_sense,place_value_identification,2,2,1.0,0.0,False
stu_1777023080044_2956,order_numbers__asc__seq5__2digits,order_numbers,number_sense,number_ordering,2,2,1.0,0.0,False
stu_1777023080044_2956,order_numbers__asc__seq5__2digits,order_numbers,sequential_thinking,number_ordering,2,2,1.0,0.0,False
stu_1777023080044_2956,order_numbers__desc__seq3__2digits,order_numbers,number_sense,number_ordering,1,1,1.0,0.0,False
stu_1777023080044_2956,order_numbers__desc__seq3__2digits,order_numbers,sequential_thinking,number_ordering,1,1,1.0,0.0,False
stu_1777023080044_2956,order_numbers__desc__seq5__6digits,order_numbers,number_sense,number_ordering,1,1,1.0,0.0,True
stu_1777023080044_2956,order_numbers__desc__seq5__6digits,order_numbers,sequential_thinking,number_ordering,1,1,1.0,0.0,True
stu_1777023080044_2956,order_numbers__desc__seq6__6digits,order_numbers,number_sense,number_ordering,1,1,1.0,0.0,False
stu_1777023080044_2956,order_numbers__desc__seq6__6digits,order_numbers,sequential_thinking,number_ordering,1,1,1.0,0.0,False
stu_1777023080044_2956,vertical_operations__AdditionWithCarry__2digits,vertical_operations,arithmetic_fluency,procedural_fluency,1,1,1.0,0.0,False
stu_1777023080044_2956,vertical_operations__AdditionWithCarry__3digits,vertical_operations,arithmetic_fluency,procedural_fluency,1,1,1.0,0.0,False
stu_1777023080044_2956,vertical_operations__AdditionWithCarry__4digits,vertical_operations,arithmetic_fluency,procedural_fluency,2,2,1.0,0.0,False
stu_1777023080044_2956,vertical_operations__AdditionWithCarry__5digits,vertical_operations,arithmetic_fluency,procedural_fluency,1,1,1.0,0.0,False
stu_1777023080044_2956,vertical_operations__MultiStepMultiplication__3digits,vertical_operations,arithmetic_fluency,procedural_fluency,1,1,1.0,0.0,True
stu_1777023080044_2956,vertical_operations__MultiStepMultiplication__5digits,vertical_operations,arithmetic_fluency,procedural_fluency,1,0,0.0,0.0,True
stu_1777023080044_2956,vertical_operations__SimpleSubtraction__1digits,vertical_operations,arithmetic_fluency,procedural_fluency,1,1,1.0,0.0,False
stu_1777023080044_2956,vertical_operations__SimpleSubtraction__2digits,vertical_operations,arithmetic_fluency,procedural_fluency,1,0,0.0,0.0,False
stu_1777023080044_2956,vertical_operations__SingleStepMultiplication__1digits,vertical_operations,arithmetic_fluency,procedural_fluency,1,1,1.0,0.0,True
stu_1777023080044_2956,vertical_operations__SubtractionWithBorrow__3digits,vertical_operations,arithmetic_fluency,procedural_fluency,1,1,1.0,0.0,False
stu_1777023761242_7194,choose_answer__Division__OneStepProblem__5digits__4options,choose_answer,arithmetic_fluency,operation_identification_from_context,1,1,1.0,0.0,False
stu_1777023761242_7194,choose_answer__Division__OneStepProblem__5digits__4options,choose_answer,number_sense,operation_identification_from_context,1,1,1.0,0.0,False
stu_1777023761242_7194,choose_answer__Division__OneStepProblem__5digits__4options,choose_answer,sequential_thinking,operation_identification_from_context,1,1,1.0,0.0,False
stu_1777023761242_7194,choose_answer__Multiplication__OneStepProblem__2digits__3options,choose_answer,arithmetic_fluency,operation_identification_from_context,2,2,1.0,0.5,False
stu_1777023761242_7194,choose_answer__Multiplication__OneStepProblem__2digits__3options,choose_answer,number_sense,operation_identification_from_context,2,2,1.0,0.5,False
stu_1777023761242_7194,choose_answer__Multiplication__OneStepProblem__2digits__3options,choose_answer,sequential_thinking,operation_identification_from_context,2,2,1.0,0.5,False
stu_1777023761242_7194,choose_answer__Multiplication__OneStepProblem__2digits__4options,choose_answer,arithmetic_fluency,operation_identification_from_context,2,2,1.0,0.0,False
stu_1777023761242_7194,choose_answer__Multiplication__OneStepProblem__2digits__4options,choose_answer,number_sense,operation_identification_from_context,2,2,1.0,0.0,False
stu_1777023761242_7194,choose_answer__Multiplication__OneStepProblem__2digits__4options,choose_answer,sequential_thinking,operation_identification_from_context,2,2,1.0,0.0,False
stu_1777023761242_7194,choose_answer__Multiplication__OneStepProblem__3digits__3options,choose_answer,arithmetic_fluency,operation_identification_from_context,1,1,1.0,1.0,True
stu_1777023761242_7194,choose_answer__Multiplication__OneStepProblem__3digits__3options,choose_answer,number_sense,operation_identification_from_context,1,1,1.0,1.0,True
stu_1777023761242_7194,choose_answer__Multiplication__OneStepProblem__3digits__3options,choose_answer,sequential_thinking,operation_identification_from_context,1,1,1.0,1.0,True
stu_1777023761242_7194,choose_answer__Subtraction-Multiplication__MultiStepProblem__3digits__3options,choose_answer,arithmetic_fluency,operation_identification_from_context,1,1,1.0,1.0,False
stu_1777023761242_7194,choose_answer__Subtraction-Multiplication__MultiStepProblem__3digits__3options,choose_answer,number_sense,operation_identification_from_context,1,1,1.0,1.0,False
stu_1777023761242_7194,choose_answer__Subtraction-Multiplication__MultiStepProblem__3digits__3options,choose_answer,sequential_thinking,operation_identification_from_context,1,1,1.0,1.0,False
stu_1777023761242_7194,choose_answer__Subtraction__OneStepProblem__2digits__3options,choose_answer,arithmetic_fluency,operation_identification_from_context,1,1,1.0,0.0,False
stu_1777023761242_7194,choose_answer__Subtraction__OneStepProblem__2digits__3options,choose_answer,number_sense,operation_identification_from_context,1,1,1.0,0.0,False
stu_1777023761242_7194,choose_answer__Subtraction__OneStepProblem__2digits__3options,choose_answer,sequential_thinking,operation_identification_from_context,1,1,1.0,0.0,False
stu_1777023761242_7194,choose_answer__Subtraction__OneStepProblem__4digits__4options,choose_answer,arithmetic_fluency,operation_identification_from_context,1,1,1.0,0.0,True
stu_1777023761242_7194,choose_answer__Subtraction__OneStepProblem__4digits__4options,choose_answer,number_sense,operation_identification_from_context,1,1,1.0,0.0,True
stu_1777023761242_7194,choose_answer__Subtraction__OneStepProblem__4digits__4options,choose_answer,sequential_thinking,operation_identification_from_context,1,1,1.0,0.0,True
stu_1777023761242_7194,choose_answer__Subtraction__OneStepProblem__5digits__4options,choose_answer,arithmetic_fluency,operation_identification_from_context,1,1,1.0,0.0,False
stu_1777023761242_7194,choose_answer__Subtraction__OneStepProblem__5digits__4options,choose_answer,number_sense,operation_identification_from_context,1,1,1.0,0.0,False
stu_1777023761242_7194,choose_answer__Subtraction__OneStepProblem__5digits__4options,choose_answer,sequential_thinking,operation_identification_from_context,1,1,1.0,0.0,False
stu_1777023761242_7194,compare_numbers__Equal__3digits,compare_numbers,comparison_skill,number_comparison,1,1,1.0,0.0,False
stu_1777023761242_7194,compare_numbers__Greater__3digits,compare_numbers,comparison_skill,number_comparison,1,1,1.0,0.0,False
stu_1777023761242_7194,compare_numbers__Less__3digits,compare_numbers,comparison_skill,number_comparison,1,1,1.0,0.0,False
stu_1777023761242_7194,find_previous_next_number__3digits__normal_range,find_previous_next_number,number_sense,number_sequencing,2,2,1.0,0.0,False
stu_1777023761242_7194,find_previous_next_number__3digits__normal_range,find_previous_next_number,sequential_thinking,number_sequencing,2,2,1.0,0.0,False
stu_1777023761242_7194,find_previous_next_number__3digits__tens_transition,find_previous_next_number,number_sense,number_sequencing,1,1,1.0,0.0,False
stu_1777023761242_7194,find_previous_next_number__3digits__tens_transition,find_previous_next_number,sequential_thinking,number_sequencing,1,1,1.0,0.0,False
stu_1777023761242_7194,identify_place_value__2digits__all_digits_distinct,identify_place_value,number_sense,place_value_identification,4,4,1.0,0.0,False
stu_1777023761242_7194,identify_place_value__6digits__has_repeated_digits,identify_place_value,number_sense,place_value_identification,2,2,1.0,0.0,False
stu_1777023761242_7194,order_numbers__asc__seq3__2digits,order_numbers,number_sense,number_ordering,1,1,1.0,0.0,False
stu_1777023761242_7194,order_numbers__asc__seq3__2digits,order_numbers,sequential_thinking,number_ordering,1,1,1.0,0.0,False
stu_1777023761242_7194,order_numbers__asc__seq7__6digits,order_numbers,number_sense,number_ordering,1,1,1.0,0.0,False
stu_1777023761242_7194,order_numbers__asc__seq7__6digits,order_numbers,sequential_thinking,number_ordering,1,1,1.0,0.0,False
stu_1777023761242_7194,order_numbers__desc__seq2__2digits,order_numbers,number_sense,number_ordering,1,1,1.0,0.0,False
stu_1777023761242_7194,order_numbers__desc__seq2__2digits,order_numbers,sequential_thinking,number_ordering,1,1,1.0,0.0,False
stu_1777023761242_7194,order_numbers__desc__seq4__6digits,order_numbers,number_sense,number_ordering,1,1,1.0,0.0,True
stu_1777023761242_7194,order_numbers__desc__seq4__6digits,order_numbers,sequential_thinking,number_ordering,1,1,1.0,0.0,True
stu_1777023761242_7194,order_numbers__desc__seq7__2digits,order_numbers,number_sense,number_ordering,1,1,1.0,0.0,True
stu_1777023761242_7194,order_numbers__desc__seq7__2digits,order_numbers,sequential_thinking,number_ordering,1,1,1.0,0.0,True
stu_1777023761242_7194,vertical_operations__AdditionWithCarry__4digits,vertical_operations,arithmetic_fluency,procedural_fluency,2,2,1.0,0.0,False
stu_1777023761242_7194,vertical_operations__MultiStepMultiplication__6digits,vertical_operations,arithmetic_fluency,procedural_fluency,1,1,1.0,0.0,False
stu_1777023761242_7194,vertical_operations__SimpleAddition__3digits,vertical_operations,arithmetic_fluency,procedural_fluency,1,1,1.0,0.0,True
stu_1777023761242_7194,vertical_operations__SubtractionWithBorrow__3digits,vertical_operations,arithmetic_fluency,procedural_fluency,1,1,1.0,0.0,False
stu_1777023761468_62,choose_answer__Addition__OneStepProblem__1digits__3options,choose_answer,arithmetic_fluency,operation_identification_from_context,1,1,1.0,1.0,False
stu_1777023761468_62,choose_answer__Addition__OneStepProblem__1digits__3options,choose_answer,number_sense,operation_identification_from_context,1,1,1.0,1.0,False
stu_1777023761468_62,choose_answer__Addition__OneStepProblem__1digits__3options,choose_answer,sequential_thinking,operation_identification_from_context,1,1,1.0,1.0,False
stu_1777023761468_62,choose_answer__Multiplication__OneStepProblem__2digits__3options,choose_answer,arithmetic_fluency,operation_identification_from_context,2,2,1.0,0.5,False
stu_1777023761468_62,choose_answer__Multiplication__OneStepProblem__2digits__3options,choose_answer,number_sense,operation_identification_from_context,2,2,1.0,0.5,False
stu_1777023761468_62,choose_answer__Multiplication__OneStepProblem__2digits__3options,choose_answer,sequential_thinking,operation_identification_from_context,2,2,1.0,0.5,False
stu_1777023761468_62,choose_answer__Subtraction-Multiplication__MultiStepProblem__3digits__3options,choose_answer,arithmetic_fluency,operation_identification_from_context,1,0,0.0,0.0,False
stu_1777023761468_62,choose_answer__Subtraction-Multiplication__MultiStepProblem__3digits__3options,choose_answer,number_sense,operation_identification_from_context,1,0,0.0,0.0,False
stu_1777023761468_62,choose_answer__Subtraction-Multiplication__MultiStepProblem__3digits__3options,choose_answer,sequential_thinking,operation_identification_from_context,1,0,0.0,0.0,False
stu_1777023761468_62,choose_answer__Subtraction__OneStepProblem__3digits__3options,choose_answer,arithmetic_fluency,operation_identification_from_context,1,1,1.0,0.0,False
stu_1777023761468_62,choose_answer__Subtraction__OneStepProblem__3digits__3options,choose_answer,number_sense,operation_identification_from_context,1,1,1.0,0.0,False
stu_1777023761468_62,choose_answer__Subtraction__OneStepProblem__3digits__3options,choose_answer,sequential_thinking,operation_identification_from_context,1,1,1.0,0.0,False
stu_1777023761468_62,compare_numbers__Equal__3digits,compare_numbers,comparison_skill,number_comparison,1,1,1.0,0.0,False
stu_1777023761468_62,compare_numbers__Greater__3digits,compare_numbers,comparison_skill,number_comparison,1,1,1.0,0.0,False
stu_1777023761468_62,compare_numbers__Less__3digits,compare_numbers,comparison_skill,number_comparison,1,1,1.0,0.0,False
stu_1777023761468_62,find_previous_next_number__2digits__normal_range,find_previous_next_number,number_sense,number_sequencing,3,3,1.0,0.0,False
stu_1777023761468_62,find_previous_next_number__2digits__normal_range,find_previous_next_number,sequential_thinking,number_sequencing,3,3,1.0,0.0,False
stu_1777023761468_62,find_previous_next_number__3digits__normal_range,find_previous_next_number,number_sense,number_sequencing,2,1,0.5,0.0,False
stu_1777023761468_62,find_previous_next_number__3digits__normal_range,find_previous_next_number,sequential_thinking,number_sequencing,2,1,0.5,0.0,False
stu_1777023761468_62,find_previous_next_number__3digits__tens_transition,find_previous_next_number,number_sense,number_sequencing,1,1,1.0,0.0,False
stu_1777023761468_62,find_previous_next_number__3digits__tens_transition,find_previous_next_number,sequential_thinking,number_sequencing,1,1,1.0,0.0,False
stu_1777023761468_62,identify_place_value__2digits__all_digits_distinct,identify_place_value,number_sense,place_value_identification,4,4,1.0,0.0,False
stu_1777023761468_62,order_numbers__asc__seq2__2digits,order_numbers,number_sense,number_ordering,1,1,1.0,0.0,False
stu_1777023761468_62,order_numbers__asc__seq2__2digits,order_numbers,sequential_thinking,number_ordering,1,1,1.0,0.0,False
stu_1777023761468_62,order_numbers__asc__seq5__2digits,order_numbers,number_sense,number_ordering,1,1,1.0,0.0,False
stu_1777023761468_62,order_numbers__asc__seq5__2digits,order_numbers,sequential_thinking,number_ordering,1,1,1.0,0.0,False
stu_1777023761468_62,order_numbers__asc__seq7__2digits,order_numbers,number_sense,number_ordering,1,1,1.0,0.0,True
stu_1777023761468_62,order_numbers__asc__seq7__2digits,order_numbers,sequential_thinking,number_ordering,1,1,1.0,0.0,True
stu_1777023761468_62,vertical_operations__AdditionWithCarry__3digits,vertical_operations,arithmetic_fluency,procedural_fluency,1,1,1.0,0.0,False
stu_1777023761468_62,vertical_operations__SubtractionWithBorrow__2digits,vertical_operations,arithmetic_fluency,procedural_fluency,1,1,1.0,0.0,False
stu_1777023761468_62,vertical_operations__SubtractionWithBorrow__3digits,vertical_operations,arithmetic_fluency,procedural_fluency,2,1,0.5,0.0,False
stu_1777023761468_62,vertical_operations__SubtractionWithBorrow__4digits,vertical_operations,arithmetic_fluency,procedural_fluency,2,0,0.0,0.0,False
stu_1777023761689_8905,choose_answer__Division__OneStepProblem__3digits__3options,choose_answer,arithmetic_fluency,operation_identification_from_context,1,1,1.0,0.0,True
stu_1777023761689_8905,choose_answer__Division__OneStepProblem__3digits__3options,choose_answer,number_sense,operation_identification_from_context,1,1,1.0,0.0,True
stu_1777023761689_8905,choose_answer__Division__OneStepProblem__3digits__3options,choose_answer,sequential_thinking,operation_identification_from_context,1,1,1.0,0.0,True
stu_1777023761689_8905,choose_answer__Multiplication__OneStepProblem__1digits__3options,choose_answer,arithmetic_fluency,operation_identification_from_context,1,0,0.0,0.0,False
stu_1777023761689_8905,choose_answer__Multiplication__OneStepProblem__1digits__3options,choose_answer,number_sense,operation_identification_from_context,1,0,0.0,0.0,False
stu_1777023761689_8905,choose_answer__Multiplication__OneStepProblem__1digits__3options,choose_answer,sequential_thinking,operation_identification_from_context,1,0,0.0,0.0,False
stu_1777023761689_8905,choose_answer__Multiplication__OneStepProblem__2digits__3options,choose_answer,arithmetic_fluency,operation_identification_from_context,19,9,0.47368421052631576,0.0,False
stu_1777023761689_8905,choose_answer__Multiplication__OneStepProblem__2digits__3options,choose_answer,number_sense,operation_identification_from_context,19,9,0.47368421052631576,0.0,False
stu_1777023761689_8905,choose_answer__Multiplication__OneStepProblem__2digits__3options,choose_answer,sequential_thinking,operation_identification_from_context,19,9,0.47368421052631576,0.0,False
stu_1777023761689_8905,choose_answer__Subtraction-Multiplication__MultiStepProblem__3digits__3options,choose_answer,arithmetic_fluency,operation_identification_from_context,3,1,0.3333333333333333,0.3333333333333333,False
stu_1777023761689_8905,choose_answer__Subtraction-Multiplication__MultiStepProblem__3digits__3options,choose_answer,number_sense,operation_identification_from_context,3,1,0.3333333333333333,0.3333333333333333,False
stu_1777023761689_8905,choose_answer__Subtraction-Multiplication__MultiStepProblem__3digits__3options,choose_answer,sequential_thinking,operation_identification_from_context,3,1,0.3333333333333333,0.3333333333333333,False
stu_1777023761689_8905,choose_answer__Subtraction__OneStepProblem__2digits__3options,choose_answer,arithmetic_fluency,operation_identification_from_context,1,1,1.0,0.0,False
stu_1777023761689_8905,choose_answer__Subtraction__OneStepProblem__2digits__3options,choose_answer,number_sense,operation_identification_from_context,1,1,1.0,0.0,False
stu_1777023761689_8905,choose_answer__Subtraction__OneStepProblem__2digits__3options,choose_answer,sequential_thinking,operation_identification_from_context,1,1,1.0,0.0,False
stu_1777023761689_8905,choose_answer__Subtraction__OneStepProblem__3digits__3options,choose_answer,arithmetic_fluency,operation_identification_from_context,1,1,1.0,1.0,False
stu_1777023761689_8905,choose_answer__Subtraction__OneStepProblem__3digits__3options,choose_answer,number_sense,operation_identification_from_context,1,1,1.0,1.0,False
stu_1777023761689_8905,choose_answer__Subtraction__OneStepProblem__3digits__3options,choose_answer,sequential_thinking,operation_identification_from_context,1,1,1.0,1.0,False
stu_1777023761689_8905,compare_numbers__Equal__3digits,compare_numbers,comparison_skill,number_comparison,1,1,1.0,0.0,False
stu_1777023761689_8905,compare_numbers__Greater__3digits,compare_numbers,comparison_skill,number_comparison,1,1,1.0,0.0,False
stu_1777023761689_8905,compare_numbers__Less__3digits,compare_numbers,comparison_skill,number_comparison,1,1,1.0,0.0,False
stu_1777023761689_8905,find_previous_next_number__1digits__low_number_edge,find_previous_next_number,number_sense,number_sequencing,1,1,1.0,0.0,True
stu_1777023761689_8905,find_previous_next_number__1digits__low_number_edge,find_previous_next_number,sequential_thinking,number_sequencing,1,1,1.0,0.0,True
stu_1777023761689_8905,find_previous_next_number__2digits__tens_transition,find_previous_next_number,number_sense,number_sequencing,3,0,0.0,0.0,False
stu_1777023761689_8905,find_previous_next_number__2digits__tens_transition,find_previous_next_number,sequential_thinking,number_sequencing,3,0,0.0,0.0,False
stu_1777023761689_8905,find_previous_next_number__3digits__tens_transition,find_previous_next_number,number_sense,number_sequencing,2,0,0.0,0.5,False
stu_1777023761689_8905,find_previous_next_number__3digits__tens_transition,find_previous_next_number,sequential_thinking,number_sequencing,2,0,0.0,0.5,False
stu_1777023761689_8905,identify_place_value__2digits__all_digits_distinct,identify_place_value,number_sense,place_value_identification,10,7,0.7,0.0,False
stu_1777023761689_8905,identify_place_value__2digits__all_digits_same,identify_place_value,number_sense,place_value_identification,2,2,1.0,0.0,False
stu_1777023761689_8905,order_numbers__asc__seq2__2digits,order_numbers,number_sense,number_ordering,13,5,0.38461538461538464,0.0,False
stu_1777023761689_8905,order_numbers__asc__seq2__2digits,order_numbers,sequential_thinking,number_ordering,13,5,0.38461538461538464,0.0,False
stu_1777023761689_8905,order_numbers__asc__seq6__2digits,order_numbers,number_sense,number_ordering,1,1,1.0,0.0,True
stu_1777023761689_8905,order_numbers__asc__seq6__2digits,order_numbers,sequential_thinking,number_ordering,1,1,1.0,0.0,True
stu_1777023761689_8905,order_numbers__desc__seq5__2digits,order_numbers,number_sense,number_ordering,1,1,1.0,0.0,False
stu_1777023761689_8905,order_numbers__desc__seq5__2digits,order_numbers,sequential_thinking,number_ordering,1,1,1.0,0.0,False
stu_1777023761689_8905,order_numbers__desc__seq6__2digits,order_numbers,number_sense,number_ordering,2,1,0.5,0.0,True
stu_1777023761689_8905,order_numbers__desc__seq6__2digits,order_numbers,sequential_thinking,number_ordering,2,1,0.5,0.0,True
stu_1777023761689_8905,order_numbers__desc__seq7__2digits,order_numbers,number_sense,number_ordering,1,0,0.0,0.0,True
stu_1777023761689_8905,order_numbers__desc__seq7__2digits,order_numbers,sequential_thinking,number_ordering,1,0,0.0,0.0,True
stu_1777023761689_8905,vertical_operations__AdditionWithCarry__3digits,vertical_operations,arithmetic_fluency,procedural_fluency,1,0,0.0,0.0,False
stu_1777023761689_8905,vertical_operations__SimpleAddition__2digits,vertical_operations,arithmetic_fluency,procedural_fluency,1,1,1.0,0.0,False
stu_1777023761689_8905,vertical_operations__SimpleAddition__4digits,vertical_operations,arithmetic_fluency,procedural_fluency,1,1,1.0,0.0,True
stu_1777023761689_8905,vertical_operations__SimpleSubtraction__2digits,vertical_operations,arithmetic_fluency,procedural_fluency,1,1,1.0,0.0,False
stu_1777023761689_8905,vertical_operations__SubtractionWithBorrow__3digits,vertical_operations,arithmetic_fluency,procedural_fluency,1,0,0.0,0.0,False
stu_1777023761689_8905,vertical_operations__SubtractionWithBorrow__4digits,vertical_operations,arithmetic_fluency,procedural_fluency,1,0,0.0,0.0,False
stu_1777023761898_3121,choose_answer__Addition__OneStepProblem__1digits__3options,choose_answer,arithmetic_fluency,operation_identification_from_context,1,1,1.0,0.0,False
stu_1777023761898_3121,choose_answer__Addition__OneStepProblem__1digits__3options,choose_answer,number_sense,operation_identification_from_context,1,1,1.0,0.0,False
stu_1777023761898_3121,choose_answer__Addition__OneStepProblem__1digits__3options,choose_answer,sequential_thinking,operation_identification_from_context,1,1,1.0,0.0,False
stu_1777023761898_3121,choose_answer__Addition__OneStepProblem__2digits__3options,choose_answer,arithmetic_fluency,operation_identification_from_context,2,2,1.0,0.5,False
stu_1777023761898_3121,choose_answer__Addition__OneStepProblem__2digits__3options,choose_answer,number_sense,operation_identification_from_context,2,2,1.0,0.5,False
stu_1777023761898_3121,choose_answer__Addition__OneStepProblem__2digits__3options,choose_answer,sequential_thinking,operation_identification_from_context,2,2,1.0,0.5,False
stu_1777023761898_3121,choose_answer__Division__OneStepProblem__5digits__4options,choose_answer,arithmetic_fluency,operation_identification_from_context,1,1,1.0,0.0,False
stu_1777023761898_3121,choose_answer__Division__OneStepProblem__5digits__4options,choose_answer,number_sense,operation_identification_from_context,1,1,1.0,0.0,False
stu_1777023761898_3121,choose_answer__Division__OneStepProblem__5digits__4options,choose_answer,sequential_thinking,operation_identification_from_context,1,1,1.0,0.0,False
stu_1777023761898_3121,choose_answer__Multiplication__OneStepProblem__1digits__3options,choose_answer,arithmetic_fluency,operation_identification_from_context,1,1,1.0,0.0,False
stu_1777023761898_3121,choose_answer__Multiplication__OneStepProblem__1digits__3options,choose_answer,number_sense,operation_identification_from_context,1,1,1.0,0.0,False
stu_1777023761898_3121,choose_answer__Multiplication__OneStepProblem__1digits__3options,choose_answer,sequential_thinking,operation_identification_from_context,1,1,1.0,0.0,False
stu_1777023761898_3121,choose_answer__Multiplication__OneStepProblem__2digits__3options,choose_answer,arithmetic_fluency,operation_identification_from_context,6,5,0.8333333333333334,0.3333333333333333,False
stu_1777023761898_3121,choose_answer__Multiplication__OneStepProblem__2digits__3options,choose_answer,number_sense,operation_identification_from_context,6,5,0.8333333333333334,0.3333333333333333,False
stu_1777023761898_3121,choose_answer__Multiplication__OneStepProblem__2digits__3options,choose_answer,sequential_thinking,operation_identification_from_context,6,5,0.8333333333333334,0.3333333333333333,False
stu_1777023761898_3121,choose_answer__Multiplication__OneStepProblem__2digits__4options,choose_answer,arithmetic_fluency,operation_identification_from_context,2,1,0.5,0.5,False
stu_1777023761898_3121,choose_answer__Multiplication__OneStepProblem__2digits__4options,choose_answer,number_sense,operation_identification_from_context,2,1,0.5,0.5,False
stu_1777023761898_3121,choose_answer__Multiplication__OneStepProblem__2digits__4options,choose_answer,sequential_thinking,operation_identification_from_context,2,1,0.5,0.5,False
stu_1777023761898_3121,choose_answer__Subtraction__OneStepProblem__5digits__4options,choose_answer,arithmetic_fluency,operation_identification_from_context,2,0,0.0,0.0,False
stu_1777023761898_3121,choose_answer__Subtraction__OneStepProblem__5digits__4options,choose_answer,number_sense,operation_identification_from_context,2,0,0.0,0.0,False
stu_1777023761898_3121,choose_answer__Subtraction__OneStepProblem__5digits__4options,choose_answer,sequential_thinking,operation_identification_from_context,2,0,0.0,0.0,False
stu_1777023761898_3121,compare_numbers__Equal__3digits,compare_numbers,comparison_skill,number_comparison,1,1,1.0,0.0,False
stu_1777023761898_3121,compare_numbers__Greater__3digits,compare_numbers,comparison_skill,number_comparison,1,1,1.0,0.0,False
stu_1777023761898_3121,compare_numbers__Less__3digits,compare_numbers,comparison_skill,number_comparison,1,1,1.0,0.0,False
stu_1777023761898_3121,find_previous_next_number__3digits__normal_range,find_previous_next_number,number_sense,number_sequencing,3,3,1.0,0.0,False
stu_1777023761898_3121,find_previous_next_number__3digits__normal_range,find_previous_next_number,sequential_thinking,number_sequencing,3,3,1.0,0.0,False
stu_1777023761898_3121,identify_place_value__2digits__all_digits_distinct,identify_place_value,number_sense,place_value_identification,4,4,1.0,0.0,False
stu_1777023761898_3121,identify_place_value__6digits__has_repeated_digits,identify_place_value,number_sense,place_value_identification,2,2,1.0,0.0,False
stu_1777023761898_3121,order_numbers__asc__seq3__2digits,order_numbers,number_sense,number_ordering,1,1,1.0,0.0,False
stu_1777023761898_3121,order_numbers__asc__seq3__2digits,order_numbers,sequential_thinking,number_ordering,1,1,1.0,0.0,False
stu_1777023761898_3121,order_numbers__asc__seq3__5digits,order_numbers,number_sense,number_ordering,1,1,1.0,0.0,True
stu_1777023761898_3121,order_numbers__asc__seq3__5digits,order_numbers,sequential_thinking,number_ordering,1,1,1.0,0.0,True
stu_1777023761898_3121,order_numbers__asc__seq3__6digits,order_numbers,number_sense,number_ordering,1,1,1.0,0.0,False
stu_1777023761898_3121,order_numbers__asc__seq3__6digits,order_numbers,sequential_thinking,number_ordering,1,1,1.0,0.0,False
stu_1777023761898_3121,order_numbers__asc__seq4__2digits,order_numbers,number_sense,number_ordering,1,1,1.0,0.0,False
stu_1777023761898_3121,order_numbers__asc__seq4__2digits,order_numbers,sequential_thinking,number_ordering,1,1,1.0,0.0,False
stu_1777023761898_3121,order_numbers__asc__seq7__6digits,order_numbers,number_sense,number_ordering,1,0,0.0,0.0,False
stu_1777023761898_3121,order_numbers__asc__seq7__6digits,order_numbers,sequential_thinking,number_ordering,1,0,0.0,0.0,False
stu_1777023761898_3121,order_numbers__desc__seq2__2digits,order_numbers,number_sense,number_ordering,1,1,1.0,0.0,False
stu_1777023761898_3121,order_numbers__desc__seq2__2digits,order_numbers,sequential_thinking,number_ordering,1,1,1.0,0.0,False
stu_1777023761898_3121,order_numbers__desc__seq2__5digits,order_numbers,number_sense,number_ordering,1,1,1.0,0.0,True
stu_1777023761898_3121,order_numbers__desc__seq2__5digits,order_numbers,sequential_thinking,number_ordering,1,1,1.0,0.0,True
stu_1777023761898_3121,vertical_operations__AdditionWithCarry__3digits,vertical_operations,arithmetic_fluency,procedural_fluency,1,1,1.0,0.0,False
stu_1777023761898_3121,vertical_operations__AdditionWithCarry__4digits,vertical_operations,arithmetic_fluency,procedural_fluency,1,0,0.0,0.0,False
stu_1777023761898_3121,vertical_operations__MultiStepMultiplication__4digits,vertical_operations,arithmetic_fluency,procedural_fluency,1,1,1.0,0.0,True
stu_1777023761898_3121,vertical_operations__MultiStepMultiplication__6digits,vertical_operations,arithmetic_fluency,procedural_fluency,1,1,1.0,0.0,False
stu_1777023761898_3121,vertical_operations__SimpleSubtraction__2digits,vertical_operations,arithmetic_fluency,procedural_fluency,1,1,1.0,0.0,False
stu_1777023761898_3121,vertical_operations__SubtractionWithBorrow__3digits,vertical_operations,arithmetic_fluency,procedural_fluency,1,1,1.0,0.0,False
stu_1777023761898_3121,vertical_operations__SubtractionWithBorrow__4digits,vertical_operations,arithmetic_fluency,procedural_fluency,2,2,1.0,0.0,False
stu_1777023762111_459,choose_answer__Addition__OneStepProblem__2digits__3options,choose_answer,arithmetic_fluency,operation_identification_from_context,1,1,1.0,0.0,False
stu_1777023762111_459,choose_answer__Addition__OneStepProblem__2digits__3options,choose_answer,number_sense,operation_identification_from_context,1,1,1.0,0.0,False
stu_1777023762111_459,choose_answer__Addition__OneStepProblem__2digits__3options,choose_answer,sequential_thinking,operation_identification_from_context,1,1,1.0,0.0,False
stu_1777023762111_459,choose_answer__Addition__OneStepProblem__2digits__4options,choose_answer,arithmetic_fluency,operation_identification_from_context,1,1,1.0,0.0,True
stu_1777023762111_459,choose_answer__Addition__OneStepProblem__2digits__4options,choose_answer,number_sense,operation_identification_from_context,1,1,1.0,0.0,True
stu_1777023762111_459,choose_answer__Addition__OneStepProblem__2digits__4options,choose_answer,sequential_thinking,operation_identification_from_context,1,1,1.0,0.0,True
stu_1777023762111_459,choose_answer__Division__OneStepProblem__5digits__4options,choose_answer,arithmetic_fluency,operation_identification_from_context,2,2,1.0,0.0,False
stu_1777023762111_459,choose_answer__Division__OneStepProblem__5digits__4options,choose_answer,number_sense,operation_identification_from_context,2,2,1.0,0.0,False
stu_1777023762111_459,choose_answer__Division__OneStepProblem__5digits__4options,choose_answer,sequential_thinking,operation_identification_from_context,2,2,1.0,0.0,False
stu_1777023762111_459,choose_answer__Multiplication__OneStepProblem__2digits__3options,choose_answer,arithmetic_fluency,operation_identification_from_context,1,1,1.0,1.0,False
stu_1777023762111_459,choose_answer__Multiplication__OneStepProblem__2digits__3options,choose_answer,number_sense,operation_identification_from_context,1,1,1.0,1.0,False
stu_1777023762111_459,choose_answer__Multiplication__OneStepProblem__2digits__3options,choose_answer,sequential_thinking,operation_identification_from_context,1,1,1.0,1.0,False
stu_1777023762111_459,choose_answer__Multiplication__OneStepProblem__2digits__4options,choose_answer,arithmetic_fluency,operation_identification_from_context,1,1,1.0,0.0,False
stu_1777023762111_459,choose_answer__Multiplication__OneStepProblem__2digits__4options,choose_answer,number_sense,operation_identification_from_context,1,1,1.0,0.0,False
stu_1777023762111_459,choose_answer__Multiplication__OneStepProblem__2digits__4options,choose_answer,sequential_thinking,operation_identification_from_context,1,1,1.0,0.0,False
stu_1777023762111_459,choose_answer__Subtraction-Multiplication__MultiStepProblem__3digits__3options,choose_answer,arithmetic_fluency,operation_identification_from_context,1,1,1.0,0.0,False
stu_1777023762111_459,choose_answer__Subtraction-Multiplication__MultiStepProblem__3digits__3options,choose_answer,number_sense,operation_identification_from_context,1,1,1.0,0.0,False
stu_1777023762111_459,choose_answer__Subtraction-Multiplication__MultiStepProblem__3digits__3options,choose_answer,sequential_thinking,operation_identification_from_context,1,1,1.0,0.0,False
stu_1777023762111_459,choose_answer__Subtraction__OneStepProblem__2digits__3options,choose_answer,arithmetic_fluency,operation_identification_from_context,1,0,0.0,0.0,False
stu_1777023762111_459,choose_answer__Subtraction__OneStepProblem__2digits__3options,choose_answer,number_sense,operation_identification_from_context,1,0,0.0,0.0,False
stu_1777023762111_459,choose_answer__Subtraction__OneStepProblem__2digits__3options,choose_answer,sequential_thinking,operation_identification_from_context,1,0,0.0,0.0,False
stu_1777023762111_459,choose_answer__Subtraction__OneStepProblem__3digits__3options,choose_answer,arithmetic_fluency,operation_identification_from_context,1,1,1.0,0.0,False
stu_1777023762111_459,choose_answer__Subtraction__OneStepProblem__3digits__3options,choose_answer,number_sense,operation_identification_from_context,1,1,1.0,0.0,False
stu_1777023762111_459,choose_answer__Subtraction__OneStepProblem__3digits__3options,choose_answer,sequential_thinking,operation_identification_from_context,1,1,1.0,0.0,False
stu_1777023762111_459,choose_answer__Subtraction__OneStepProblem__3digits__4options,choose_answer,arithmetic_fluency,operation_identification_from_context,1,1,1.0,0.0,False
stu_1777023762111_459,choose_answer__Subtraction__OneStepProblem__3digits__4options,choose_answer,number_sense,operation_identification_from_context,1,1,1.0,0.0,False
stu_1777023762111_459,choose_answer__Subtraction__OneStepProblem__3digits__4options,choose_answer,sequential_thinking,operation_identification_from_context,1,1,1.0,0.0,False
stu_1777023762111_459,compare_numbers__Equal__3digits,compare_numbers,comparison_skill,number_comparison,1,1,1.0,0.0,False
stu_1777023762111_459,compare_numbers__Greater__3digits,compare_numbers,comparison_skill,number_comparison,1,1,1.0,0.0,False
stu_1777023762111_459,compare_numbers__Less__3digits,compare_numbers,comparison_skill,number_comparison,1,1,1.0,0.0,False
stu_1777023762111_459,find_previous_next_number__2digits__normal_range,find_previous_next_number,number_sense,number_sequencing,1,1,1.0,0.0,False
stu_1777023762111_459,find_previous_next_number__2digits__normal_range,find_previous_next_number,sequential_thinking,number_sequencing,1,1,1.0,0.0,False
stu_1777023762111_459,find_previous_next_number__3digits__normal_range,find_previous_next_number,number_sense,number_sequencing,2,2,1.0,0.0,False
stu_1777023762111_459,find_previous_next_number__3digits__normal_range,find_previous_next_number,sequential_thinking,number_sequencing,2,2,1.0,0.0,False
stu_1777023762111_459,identify_place_value__2digits__all_digits_distinct,identify_place_value,number_sense,place_value_identification,4,4,1.0,0.0,False
stu_1777023762111_459,identify_place_value__5digits__all_digits_distinct,identify_place_value,number_sense,place_value_identification,1,0,0.0,0.0,True
stu_1777023762111_459,identify_place_value__5digits__has_repeated_digits,identify_place_value,number_sense,place_value_identification,1,0,0.0,0.0,True
stu_1777023762111_459,identify_place_value__6digits__all_digits_distinct,identify_place_value,number_sense,place_value_identification,1,0,0.0,0.0,False
stu_1777023762111_459,identify_place_value__6digits__has_repeated_digits,identify_place_value,number_sense,place_value_identification,1,0,0.0,0.0,False
stu_1777023762111_459,order_numbers__asc__seq3__2digits,order_numbers,number_sense,number_ordering,1,1,1.0,0.0,False
stu_1777023762111_459,order_numbers__asc__seq3__2digits,order_numbers,sequential_thinking,number_ordering,1,1,1.0,0.0,False
stu_1777023762111_459,order_numbers__asc__seq3__5digits,order_numbers,number_sense,number_ordering,1,1,1.0,0.0,True
stu_1777023762111_459,order_numbers__asc__seq3__5digits,order_numbers,sequential_thinking,number_ordering,1,1,1.0,0.0,True
stu_1777023762111_459,order_numbers__asc__seq4__5digits,order_numbers,number_sense,number_ordering,1,1,1.0,0.0,True
stu_1777023762111_459,order_numbers__asc__seq4__5digits,order_numbers,sequential_thinking,number_ordering,1,1,1.0,0.0,True
stu_1777023762111_459,order_numbers__asc__seq4__6digits,order_numbers,number_sense,number_ordering,1,0,0.0,0.0,True
stu_1777023762111_459,order_numbers__asc__seq4__6digits,order_numbers,sequential_thinking,number_ordering,1,0,0.0,0.0,True
stu_1777023762111_459,order_numbers__asc__seq5__6digits,order_numbers,number_sense,number_ordering,1,0,0.0,0.0,False
stu_1777023762111_459,order_numbers__asc__seq5__6digits,order_numbers,sequential_thinking,number_ordering,1,0,0.0,0.0,False
stu_1777023762111_459,order_numbers__asc__seq7__2digits,order_numbers,number_sense,number_ordering,1,1,1.0,0.0,True
stu_1777023762111_459,order_numbers__asc__seq7__2digits,order_numbers,sequential_thinking,number_ordering,1,1,1.0,0.0,True
stu_1777023762111_459,order_numbers__desc__seq2__2digits,order_numbers,number_sense,number_ordering,1,1,1.0,0.0,False
stu_1777023762111_459,order_numbers__desc__seq2__2digits,order_numbers,sequential_thinking,number_ordering,1,1,1.0,0.0,False
stu_1777023762111_459,vertical_operations__AdditionWithCarry__4digits,vertical_operations,arithmetic_fluency,procedural_fluency,1,1,1.0,0.0,False
stu_1777023762111_459,vertical_operations__AdditionWithCarry__5digits,vertical_operations,arithmetic_fluency,procedural_fluency,2,2,1.0,0.0,False
stu_1777023762111_459,vertical_operations__MultiStepMultiplication__2digits,vertical_operations,arithmetic_fluency,procedural_fluency,1,1,1.0,0.0,True
stu_1777023762111_459,vertical_operations__MultiStepMultiplication__6digits,vertical_operations,arithmetic_fluency,procedural_fluency,1,1,1.0,0.0,False
stu_1777023762111_459,vertical_operations__SimpleAddition__1digits,vertical_operations,arithmetic_fluency,procedural_fluency,1,1,1.0,0.0,True
stu_1777023762111_459,vertical_operations__SimpleAddition__2digits,vertical_operations,arithmetic_fluency,procedural_fluency,1,1,1.0,0.0,False
stu_1777023762111_459,vertical_operations__SimpleSubtraction__1digits,vertical_operations,arithmetic_fluency,procedural_fluency,1,1,1.0,0.0,False
stu_1777023762111_459,vertical_operations__SingleStepMultiplication__1digits,vertical_operations,arithmetic_fluency,procedural_fluency,1,1,1.0,0.0,True
stu_1777023762111_459,vertical_operations__SubtractionWithBorrow__2digits,vertical_operations,arithmetic_fluency,procedural_fluency,1,0,0.0,0.0,False
stu_1777023762111_459,vertical_operations__SubtractionWithBorrow__3digits,vertical_operations,arithmetic_fluency,procedural_fluency,1,0,0.0,0.0,False
stu_1777023762305_6832,choose_answer__Addition__OneStepProblem__2digits__3options,choose_answer,arithmetic_fluency,operation_identification_from_context,2,2,1.0,0.0,False
stu_1777023762305_6832,choose_answer__Addition__OneStepProblem__2digits__3options,choose_answer,number_sense,operation_identification_from_context,2,2,1.0,0.0,False
stu_1777023762305_6832,choose_answer__Addition__OneStepProblem__2digits__3options,choose_answer,sequential_thinking,operation_identification_from_context,2,2,1.0,0.0,False
stu_1777023762305_6832,choose_answer__Multiplication__OneStepProblem__2digits__3options,choose_answer,arithmetic_fluency,operation_identification_from_context,2,2,1.0,0.0,False
stu_1777023762305_6832,choose_answer__Multiplication__OneStepProblem__2digits__3options,choose_answer,number_sense,operation_identification_from_context,2,2,1.0,0.0,False
stu_1777023762305_6832,choose_answer__Multiplication__OneStepProblem__2digits__3options,choose_answer,sequential_thinking,operation_identification_from_context,2,2,1.0,0.0,False
stu_1777023762305_6832,choose_answer__Multiplication__OneStepProblem__2digits__4options,choose_answer,arithmetic_fluency,operation_identification_from_context,1,1,1.0,0.0,False
stu_1777023762305_6832,choose_answer__Multiplication__OneStepProblem__2digits__4options,choose_answer,number_sense,operation_identification_from_context,1,1,1.0,0.0,False
stu_1777023762305_6832,choose_answer__Multiplication__OneStepProblem__2digits__4options,choose_answer,sequential_thinking,operation_identification_from_context,1,1,1.0,0.0,False
stu_1777023762305_6832,choose_answer__Subtraction-Multiplication__MultiStepProblem__3digits__3options,choose_answer,arithmetic_fluency,operation_identification_from_context,1,0,0.0,0.0,False
stu_1777023762305_6832,choose_answer__Subtraction-Multiplication__MultiStepProblem__3digits__3options,choose_answer,number_sense,operation_identification_from_context,1,0,0.0,0.0,False
stu_1777023762305_6832,choose_answer__Subtraction-Multiplication__MultiStepProblem__3digits__3options,choose_answer,sequential_thinking,operation_identification_from_context,1,0,0.0,0.0,False
stu_1777023762305_6832,choose_answer__Subtraction-Multiplication__MultiStepProblem__3digits__4options,choose_answer,arithmetic_fluency,operation_identification_from_context,1,0,0.0,0.0,False
stu_1777023762305_6832,choose_answer__Subtraction-Multiplication__MultiStepProblem__3digits__4options,choose_answer,number_sense,operation_identification_from_context,1,0,0.0,0.0,False
stu_1777023762305_6832,choose_answer__Subtraction-Multiplication__MultiStepProblem__3digits__4options,choose_answer,sequential_thinking,operation_identification_from_context,1,0,0.0,0.0,False
stu_1777023762305_6832,choose_answer__Subtraction__OneStepProblem__3digits__3options,choose_answer,arithmetic_fluency,operation_identification_from_context,1,1,1.0,0.0,False
stu_1777023762305_6832,choose_answer__Subtraction__OneStepProblem__3digits__3options,choose_answer,number_sense,operation_identification_from_context,1,1,1.0,0.0,False
stu_1777023762305_6832,choose_answer__Subtraction__OneStepProblem__3digits__3options,choose_answer,sequential_thinking,operation_identification_from_context,1,1,1.0,0.0,False
stu_1777023762305_6832,choose_answer__Subtraction__OneStepProblem__5digits__4options,choose_answer,arithmetic_fluency,operation_identification_from_context,2,2,1.0,0.0,False
stu_1777023762305_6832,choose_answer__Subtraction__OneStepProblem__5digits__4options,choose_answer,number_sense,operation_identification_from_context,2,2,1.0,0.0,False
stu_1777023762305_6832,choose_answer__Subtraction__OneStepProblem__5digits__4options,choose_answer,sequential_thinking,operation_identification_from_context,2,2,1.0,0.0,False
stu_1777023762305_6832,compare_numbers__Equal__3digits,compare_numbers,comparison_skill,number_comparison,1,1,1.0,0.0,False
stu_1777023762305_6832,compare_numbers__Greater__3digits,compare_numbers,comparison_skill,number_comparison,1,1,1.0,0.0,False
stu_1777023762305_6832,compare_numbers__Less__3digits,compare_numbers,comparison_skill,number_comparison,1,1,1.0,0.0,False
stu_1777023762305_6832,find_previous_next_number__3digits__normal_range,find_previous_next_number,number_sense,number_sequencing,3,3,1.0,0.0,False
stu_1777023762305_6832,find_previous_next_number__3digits__normal_range,find_previous_next_number,sequential_thinking,number_sequencing,3,3,1.0,0.0,False
stu_1777023762305_6832,identify_place_value__2digits__all_digits_distinct,identify_place_value,number_sense,place_value_identification,4,4,1.0,0.0,False
stu_1777023762305_6832,identify_place_value__6digits__has_repeated_digits,identify_place_value,number_sense,place_value_identification,2,2,1.0,0.0,False
stu_1777023762305_6832,order_numbers__asc__seq3__1digits,order_numbers,number_sense,number_ordering,1,1,1.0,0.0,True
stu_1777023762305_6832,order_numbers__asc__seq3__1digits,order_numbers,sequential_thinking,number_ordering,1,1,1.0,0.0,True
stu_1777023762305_6832,order_numbers__asc__seq3__2digits,order_numbers,number_sense,number_ordering,1,0,0.0,0.0,False
stu_1777023762305_6832,order_numbers__asc__seq3__2digits,order_numbers,sequential_thinking,number_ordering,1,0,0.0,0.0,False
stu_1777023762305_6832,order_numbers__asc__seq3__6digits,order_numbers,number_sense,number_ordering,2,2,1.0,0.0,False
stu_1777023762305_6832,order_numbers__asc__seq3__6digits,order_numbers,sequential_thinking,number_ordering,2,2,1.0,0.0,False
stu_1777023762305_6832,order_numbers__asc__seq4__1digits,order_numbers,number_sense,number_ordering,1,1,1.0,0.0,True
stu_1777023762305_6832,order_numbers__asc__seq4__1digits,order_numbers,sequential_thinking,number_ordering,1,1,1.0,0.0,True
stu_1777023762305_6832,order_numbers__desc__seq2__2digits,order_numbers,number_sense,number_ordering,2,2,1.0,0.0,False
stu_1777023762305_6832,order_numbers__desc__seq2__2digits,order_numbers,sequential_thinking,number_ordering,2,2,1.0,0.0,False
stu_1777023762305_6832,order_numbers__desc__seq4__1digits,order_numbers,number_sense,number_ordering,1,1,1.0,0.0,True
stu_1777023762305_6832,order_numbers__desc__seq4__1digits,order_numbers,sequential_thinking,number_ordering,1,1,1.0,0.0,True
stu_1777023762305_6832,vertical_operations__AdditionWithCarry__3digits,vertical_operations,arithmetic_fluency,procedural_fluency,1,1,1.0,0.0,False
stu_1777023762305_6832,vertical_operations__AdditionWithCarry__4digits,vertical_operations,arithmetic_fluency,procedural_fluency,2,2,1.0,0.0,False
stu_1777023762305_6832,vertical_operations__MultiStepMultiplication__5digits,vertical_operations,arithmetic_fluency,procedural_fluency,1,1,1.0,0.0,True
stu_1777023762305_6832,vertical_operations__SimpleSubtraction__3digits,vertical_operations,arithmetic_fluency,procedural_fluency,1,1,1.0,0.0,True
stu_1777023762504_1364,choose_answer__Addition__OneStepProblem__2digits__3options,choose_answer,arithmetic_fluency,operation_identification_from_context,1,1,1.0,0.0,False
stu_1777023762504_1364,choose_answer__Addition__OneStepProblem__2digits__3options,choose_answer,number_sense,operation_identification_from_context,1,1,1.0,0.0,False
stu_1777023762504_1364,choose_answer__Addition__OneStepProblem__2digits__3options,choose_answer,sequential_thinking,operation_identification_from_context,1,1,1.0,0.0,False
stu_1777023762504_1364,choose_answer__Addition__OneStepProblem__2digits__4options,choose_answer,arithmetic_fluency,operation_identification_from_context,1,1,1.0,0.0,True
stu_1777023762504_1364,choose_answer__Addition__OneStepProblem__2digits__4options,choose_answer,number_sense,operation_identification_from_context,1,1,1.0,0.0,True
stu_1777023762504_1364,choose_answer__Addition__OneStepProblem__2digits__4options,choose_answer,sequential_thinking,operation_identification_from_context,1,1,1.0,0.0,True
stu_1777023762504_1364,choose_answer__Addition__OneStepProblem__4digits__3options,choose_answer,arithmetic_fluency,operation_identification_from_context,1,1,1.0,0.0,True
stu_1777023762504_1364,choose_answer__Addition__OneStepProblem__4digits__3options,choose_answer,number_sense,operation_identification_from_context,1,1,1.0,0.0,True
stu_1777023762504_1364,choose_answer__Addition__OneStepProblem__4digits__3options,choose_answer,sequential_thinking,operation_identification_from_context,1,1,1.0,0.0,True
stu_1777023762504_1364,choose_answer__Addition__OneStepProblem__5digits__4options,choose_answer,arithmetic_fluency,operation_identification_from_context,1,1,1.0,1.0,True
stu_1777023762504_1364,choose_answer__Addition__OneStepProblem__5digits__4options,choose_answer,number_sense,operation_identification_from_context,1,1,1.0,1.0,True
stu_1777023762504_1364,choose_answer__Addition__OneStepProblem__5digits__4options,choose_answer,sequential_thinking,operation_identification_from_context,1,1,1.0,1.0,True
stu_1777023762504_1364,choose_answer__Division__OneStepProblem__4digits__3options,choose_answer,arithmetic_fluency,operation_identification_from_context,2,2,1.0,0.0,True
stu_1777023762504_1364,choose_answer__Division__OneStepProblem__4digits__3options,choose_answer,number_sense,operation_identification_from_context,2,2,1.0,0.0,True
stu_1777023762504_1364,choose_answer__Division__OneStepProblem__4digits__3options,choose_answer,sequential_thinking,operation_identification_from_context,2,2,1.0,0.0,True
stu_1777023762504_1364,choose_answer__Multiplication__OneStepProblem__2digits__3options,choose_answer,arithmetic_fluency,operation_identification_from_context,2,1,0.5,0.5,False
stu_1777023762504_1364,choose_answer__Multiplication__OneStepProblem__2digits__3options,choose_answer,number_sense,operation_identification_from_context,2,1,0.5,0.5,False
stu_1777023762504_1364,choose_answer__Multiplication__OneStepProblem__2digits__3options,choose_answer,sequential_thinking,operation_identification_from_context,2,1,0.5,0.5,False
stu_1777023762504_1364,choose_answer__Multiplication__OneStepProblem__2digits__4options,choose_answer,arithmetic_fluency,operation_identification_from_context,2,1,0.5,0.0,False
stu_1777023762504_1364,choose_answer__Multiplication__OneStepProblem__2digits__4options,choose_answer,number_sense,operation_identification_from_context,2,1,0.5,0.0,False
stu_1777023762504_1364,choose_answer__Multiplication__OneStepProblem__2digits__4options,choose_answer,sequential_thinking,operation_identification_from_context,2,1,0.5,0.0,False
stu_1777023762504_1364,choose_answer__Multiplication__OneStepProblem__3digits__3options,choose_answer,arithmetic_fluency,operation_identification_from_context,1,1,1.0,0.0,True
stu_1777023762504_1364,choose_answer__Multiplication__OneStepProblem__3digits__3options,choose_answer,number_sense,operation_identification_from_context,1,1,1.0,0.0,True
stu_1777023762504_1364,choose_answer__Multiplication__OneStepProblem__3digits__3options,choose_answer,sequential_thinking,operation_identification_from_context,1,1,1.0,0.0,True
stu_1777023762504_1364,choose_answer__Subtraction-Multiplication__MultiStepProblem__3digits__3options,choose_answer,arithmetic_fluency,operation_identification_from_context,3,3,1.0,0.0,False
stu_1777023762504_1364,choose_answer__Subtraction-Multiplication__MultiStepProblem__3digits__3options,choose_answer,number_sense,operation_identification_from_context,3,3,1.0,0.0,False
stu_1777023762504_1364,choose_answer__Subtraction-Multiplication__MultiStepProblem__3digits__3options,choose_answer,sequential_thinking,operation_identification_from_context,3,3,1.0,0.0,False
stu_1777023762504_1364,choose_answer__Subtraction__OneStepProblem__5digits__4options,choose_answer,arithmetic_fluency,operation_identification_from_context,1,0,0.0,0.0,False
stu_1777023762504_1364,choose_answer__Subtraction__OneStepProblem__5digits__4options,choose_answer,number_sense,operation_identification_from_context,1,0,0.0,0.0,False
stu_1777023762504_1364,choose_answer__Subtraction__OneStepProblem__5digits__4options,choose_answer,sequential_thinking,operation_identification_from_context,1,0,0.0,0.0,False
stu_1777023762504_1364,compare_numbers__Equal__2digits,compare_numbers,comparison_skill,number_comparison,1,1,1.0,0.0,True
stu_1777023762504_1364,compare_numbers__Equal__3digits,compare_numbers,comparison_skill,number_comparison,1,1,1.0,0.0,False
stu_1777023762504_1364,compare_numbers__Greater__2digits,compare_numbers,comparison_skill,number_comparison,1,0,0.0,0.0,False
stu_1777023762504_1364,compare_numbers__Greater__3digits,compare_numbers,comparison_skill,number_comparison,1,0,0.0,0.0,False
stu_1777023762504_1364,compare_numbers__Less__2digits,compare_numbers,comparison_skill,number_comparison,1,1,1.0,0.0,False
stu_1777023762504_1364,compare_numbers__Less__3digits,compare_numbers,comparison_skill,number_comparison,1,1,1.0,0.0,False
stu_1777023762504_1364,find_previous_next_number__1digits__low_number_edge,find_previous_next_number,number_sense,number_sequencing,1,1,1.0,0.0,True
stu_1777023762504_1364,find_previous_next_number__1digits__low_number_edge,find_previous_next_number,sequential_thinking,number_sequencing,1,1,1.0,0.0,True
stu_1777023762504_1364,find_previous_next_number__3digits__normal_range,find_previous_next_number,number_sense,number_sequencing,1,1,1.0,0.0,False
stu_1777023762504_1364,find_previous_next_number__3digits__normal_range,find_previous_next_number,sequential_thinking,number_sequencing,1,1,1.0,0.0,False
stu_1777023762504_1364,find_previous_next_number__3digits__tens_transition,find_previous_next_number,number_sense,number_sequencing,1,1,1.0,0.0,False
stu_1777023762504_1364,find_previous_next_number__3digits__tens_transition,find_previous_next_number,sequential_thinking,number_sequencing,1,1,1.0,0.0,False
stu_1777023762504_1364,identify_place_value__2digits__all_digits_distinct,identify_place_value,number_sense,place_value_identification,4,3,0.75,0.0,False
stu_1777023762504_1364,identify_place_value__6digits__all_digits_distinct,identify_place_value,number_sense,place_value_identification,1,1,1.0,0.0,False
stu_1777023762504_1364,identify_place_value__6digits__has_repeated_digits,identify_place_value,number_sense,place_value_identification,1,1,1.0,0.0,False
stu_1777023762504_1364,order_numbers__asc__seq5__5digits,order_numbers,number_sense,number_ordering,1,0,0.0,0.0,True
stu_1777023762504_1364,order_numbers__asc__seq5__5digits,order_numbers,sequential_thinking,number_ordering,1,0,0.0,0.0,True
stu_1777023762504_1364,order_numbers__asc__seq6__2digits,order_numbers,number_sense,number_ordering,1,1,1.0,0.0,True
stu_1777023762504_1364,order_numbers__asc__seq6__2digits,order_numbers,sequential_thinking,number_ordering,1,1,1.0,0.0,True
stu_1777023762504_1364,order_numbers__asc__seq6__6digits,order_numbers,number_sense,number_ordering,1,0,0.0,0.0,True
stu_1777023762504_1364,order_numbers__asc__seq6__6digits,order_numbers,sequential_thinking,number_ordering,1,0,0.0,0.0,True
stu_1777023762504_1364,order_numbers__asc__seq7__6digits,order_numbers,number_sense,number_ordering,1,0,0.0,0.0,False
stu_1777023762504_1364,order_numbers__asc__seq7__6digits,order_numbers,sequential_thinking,number_ordering,1,0,0.0,0.0,False
stu_1777023762504_1364,order_numbers__desc__seq3__5digits,order_numbers,number_sense,number_ordering,1,0,0.0,0.0,True
stu_1777023762504_1364,order_numbers__desc__seq3__5digits,order_numbers,sequential_thinking,number_ordering,1,0,0.0,0.0,True
stu_1777023762504_1364,order_numbers__desc__seq4__2digits,order_numbers,number_sense,number_ordering,1,1,1.0,0.0,True
stu_1777023762504_1364,order_numbers__desc__seq4__2digits,order_numbers,sequential_thinking,number_ordering,1,1,1.0,0.0,True
stu_1777023762504_1364,order_numbers__desc__seq5__2digits,order_numbers,number_sense,number_ordering,1,1,1.0,0.0,False
stu_1777023762504_1364,order_numbers__desc__seq5__2digits,order_numbers,sequential_thinking,number_ordering,1,1,1.0,0.0,False
stu_1777023762504_1364,vertical_operations__AdditionWithCarry__3digits,vertical_operations,arithmetic_fluency,procedural_fluency,2,2,1.0,0.0,False
stu_1777023762504_1364,vertical_operations__AdditionWithCarry__4digits,vertical_operations,arithmetic_fluency,procedural_fluency,1,1,1.0,0.0,False
stu_1777023762504_1364,vertical_operations__AdditionWithCarry__5digits,vertical_operations,arithmetic_fluency,procedural_fluency,1,1,1.0,0.0,False
stu_1777023762504_1364,vertical_operations__MultiStepMultiplication__4digits,vertical_operations,arithmetic_fluency,procedural_fluency,1,1,1.0,0.0,True
stu_1777023762504_1364,vertical_operations__MultiStepMultiplication__6digits,vertical_operations,arithmetic_fluency,procedural_fluency,1,0,0.0,0.0,False
stu_1777023762504_1364,vertical_operations__SimpleAddition__2digits,vertical_operations,arithmetic_fluency,procedural_fluency,1,1,1.0,0.0,False
stu_1777023762504_1364,vertical_operations__SubtractionWithBorrow__2digits,vertical_operations,arithmetic_fluency,procedural_fluency,1,1,1.0,0.0,False
stu_1777023762504_1364,vertical_operations__SubtractionWithBorrow__3digits,vertical_operations,arithmetic_fluency,procedural_fluency,1,0,0.0,0.0,False
stu_1777023762504_1364,vertical_operations__SubtractionWithBorrow__4digits,vertical_operations,arithmetic_fluency,procedural_fluency,1,0,0.0,0.0,False
stu_1777023762699_4024,choose_answer__Addition__OneStepProblem__2digits__3options,choose_answer,arithmetic_fluency,operation_identification_from_context,1,0,0.0,0.0,False
stu_1777023762699_4024,choose_answer__Addition__OneStepProblem__2digits__3options,choose_answer,number_sense,operation_identification_from_context,1,0,0.0,0.0,False
stu_1777023762699_4024,choose_answer__Addition__OneStepProblem__2digits__3options,choose_answer,sequential_thinking,operation_identification_from_context,1,0,0.0,0.0,False
stu_1777023762699_4024,choose_answer__Addition__OneStepProblem__3digits__3options,choose_answer,arithmetic_fluency,operation_identification_from_context,1,0,0.0,0.0,True
stu_1777023762699_4024,choose_answer__Addition__OneStepProblem__3digits__3options,choose_answer,number_sense,operation_identification_from_context,1,0,0.0,0.0,True
stu_1777023762699_4024,choose_answer__Addition__OneStepProblem__3digits__3options,choose_answer,sequential_thinking,operation_identification_from_context,1,0,0.0,0.0,True
stu_1777023762699_4024,choose_answer__Multiplication__OneStepProblem__1digits__3options,choose_answer,arithmetic_fluency,operation_identification_from_context,3,1,0.3333333333333333,0.0,False
stu_1777023762699_4024,choose_answer__Multiplication__OneStepProblem__1digits__3options,choose_answer,number_sense,operation_identification_from_context,3,1,0.3333333333333333,0.0,False
stu_1777023762699_4024,choose_answer__Multiplication__OneStepProblem__1digits__3options,choose_answer,sequential_thinking,operation_identification_from_context,3,1,0.3333333333333333,0.0,False
stu_1777023762699_4024,choose_answer__Subtraction-Multiplication__MultiStepProblem__3digits__3options,choose_answer,arithmetic_fluency,operation_identification_from_context,1,1,1.0,0.0,False
stu_1777023762699_4024,choose_answer__Subtraction-Multiplication__MultiStepProblem__3digits__3options,choose_answer,number_sense,operation_identification_from_context,1,1,1.0,0.0,False
stu_1777023762699_4024,choose_answer__Subtraction-Multiplication__MultiStepProblem__3digits__3options,choose_answer,sequential_thinking,operation_identification_from_context,1,1,1.0,0.0,False
stu_1777023762699_4024,choose_answer__Subtraction__OneStepProblem__2digits__3options,choose_answer,arithmetic_fluency,operation_identification_from_context,2,0,0.0,0.0,False
stu_1777023762699_4024,choose_answer__Subtraction__OneStepProblem__2digits__3options,choose_answer,number_sense,operation_identification_from_context,2,0,0.0,0.0,False
stu_1777023762699_4024,choose_answer__Subtraction__OneStepProblem__2digits__3options,choose_answer,sequential_thinking,operation_identification_from_context,2,0,0.0,0.0,False
stu_1777023762699_4024,choose_answer__Subtraction__OneStepProblem__3digits__3options,choose_answer,arithmetic_fluency,operation_identification_from_context,2,1,0.5,0.0,False
stu_1777023762699_4024,choose_answer__Subtraction__OneStepProblem__3digits__3options,choose_answer,number_sense,operation_identification_from_context,2,1,0.5,0.0,False
stu_1777023762699_4024,choose_answer__Subtraction__OneStepProblem__3digits__3options,choose_answer,sequential_thinking,operation_identification_from_context,2,1,0.5,0.0,False
stu_1777023762699_4024,compare_numbers__Equal__3digits,compare_numbers,comparison_skill,number_comparison,1,1,1.0,0.0,False
stu_1777023762699_4024,compare_numbers__Greater__3digits,compare_numbers,comparison_skill,number_comparison,1,1,1.0,1.0,False
stu_1777023762699_4024,compare_numbers__Less__3digits,compare_numbers,comparison_skill,number_comparison,1,1,1.0,0.0,False
stu_1777023762699_4024,find_previous_next_number__2digits__tens_transition,find_previous_next_number,number_sense,number_sequencing,1,1,1.0,0.0,False
stu_1777023762699_4024,find_previous_next_number__2digits__tens_transition,find_previous_next_number,sequential_thinking,number_sequencing,1,1,1.0,0.0,False
stu_1777023762699_4024,find_previous_next_number__3digits__normal_range,find_previous_next_number,number_sense,number_sequencing,2,2,1.0,0.0,False
stu_1777023762699_4024,find_previous_next_number__3digits__normal_range,find_previous_next_number,sequential_thinking,number_sequencing,2,2,1.0,0.0,False
stu_1777023762699_4024,identify_place_value__2digits__all_digits_distinct,identify_place_value,number_sense,place_value_identification,27,26,0.9629629629629629,0.0,False
stu_1777023762699_4024,identify_place_value__2digits__all_digits_same,identify_place_value,number_sense,place_value_identification,1,1,1.0,0.0,False
stu_1777023762699_4024,order_numbers__asc__seq3__2digits,order_numbers,number_sense,number_ordering,2,1,0.5,0.0,False
stu_1777023762699_4024,order_numbers__asc__seq3__2digits,order_numbers,sequential_thinking,number_ordering,2,1,0.5,0.0,False
stu_1777023762699_4024,order_numbers__asc__seq4__2digits,order_numbers,number_sense,number_ordering,2,2,1.0,0.0,False
stu_1777023762699_4024,order_numbers__asc__seq4__2digits,order_numbers,sequential_thinking,number_ordering,2,2,1.0,0.0,False
stu_1777023762699_4024,order_numbers__asc__seq5__2digits,order_numbers,number_sense,number_ordering,1,1,1.0,0.0,False
stu_1777023762699_4024,order_numbers__asc__seq5__2digits,order_numbers,sequential_thinking,number_ordering,1,1,1.0,0.0,False
stu_1777023762699_4024,order_numbers__asc__seq6__2digits,order_numbers,number_sense,number_ordering,1,1,1.0,0.0,True
stu_1777023762699_4024,order_numbers__asc__seq6__2digits,order_numbers,sequential_thinking,number_ordering,1,1,1.0,0.0,True
stu_1777023762699_4024,order_numbers__asc__seq7__2digits,order_numbers,number_sense,number_ordering,1,1,1.0,0.0,True
stu_1777023762699_4024,order_numbers__asc__seq7__2digits,order_numbers,sequential_thinking,number_ordering,1,1,1.0,0.0,True
stu_1777023762699_4024,order_numbers__desc__seq3__2digits,order_numbers,number_sense,number_ordering,1,0,0.0,0.0,False
stu_1777023762699_4024,order_numbers__desc__seq3__2digits,order_numbers,sequential_thinking,number_ordering,1,0,0.0,0.0,False
stu_1777023762699_4024,order_numbers__desc__seq5__1digits,order_numbers,number_sense,number_ordering,2,2,1.0,0.0,True
stu_1777023762699_4024,order_numbers__desc__seq5__1digits,order_numbers,sequential_thinking,number_ordering,2,2,1.0,0.0,True
stu_1777023762699_4024,order_numbers__desc__seq6__2digits,order_numbers,number_sense,number_ordering,1,0,0.0,0.0,True
stu_1777023762699_4024,order_numbers__desc__seq6__2digits,order_numbers,sequential_thinking,number_ordering,1,0,0.0,0.0,True
stu_1777023762699_4024,order_numbers__desc__seq7__1digits,order_numbers,number_sense,number_ordering,1,0,0.0,0.0,True
stu_1777023762699_4024,order_numbers__desc__seq7__1digits,order_numbers,sequential_thinking,number_ordering,1,0,0.0,0.0,True
stu_1777023762699_4024,vertical_operations__AdditionWithCarry__5digits,vertical_operations,arithmetic_fluency,procedural_fluency,1,1,1.0,0.0,False
stu_1777023762699_4024,vertical_operations__SubtractionWithBorrow__4digits,vertical_operations,arithmetic_fluency,procedural_fluency,1,1,1.0,0.0,False
stu_1777023762902_7362,choose_answer__Addition__OneStepProblem__1digits__3options,choose_answer,arithmetic_fluency,operation_identification_from_context,1,1,1.0,1.0,False
stu_1777023762902_7362,choose_answer__Addition__OneStepProblem__1digits__3options,choose_answer,number_sense,operation_identification_from_context,1,1,1.0,1.0,False
stu_1777023762902_7362,choose_answer__Addition__OneStepProblem__1digits__3options,choose_answer,sequential_thinking,operation_identification_from_context,1,1,1.0,1.0,False
stu_1777023762902_7362,choose_answer__Addition__OneStepProblem__2digits__3options,choose_answer,arithmetic_fluency,operation_identification_from_context,1,1,1.0,0.0,False
stu_1777023762902_7362,choose_answer__Addition__OneStepProblem__2digits__3options,choose_answer,number_sense,operation_identification_from_context,1,1,1.0,0.0,False
stu_1777023762902_7362,choose_answer__Addition__OneStepProblem__2digits__3options,choose_answer,sequential_thinking,operation_identification_from_context,1,1,1.0,0.0,False
stu_1777023762902_7362,choose_answer__Division__OneStepProblem__5digits__4options,choose_answer,arithmetic_fluency,operation_identification_from_context,1,1,1.0,0.0,False
stu_1777023762902_7362,choose_answer__Division__OneStepProblem__5digits__4options,choose_answer,number_sense,operation_identification_from_context,1,1,1.0,0.0,False
stu_1777023762902_7362,choose_answer__Division__OneStepProblem__5digits__4options,choose_answer,sequential_thinking,operation_identification_from_context,1,1,1.0,0.0,False
stu_1777023762902_7362,choose_answer__Multiplication__OneStepProblem__2digits__3options,choose_answer,arithmetic_fluency,operation_identification_from_context,2,2,1.0,0.5,False
stu_1777023762902_7362,choose_answer__Multiplication__OneStepProblem__2digits__3options,choose_answer,number_sense,operation_identification_from_context,2,2,1.0,0.5,False
stu_1777023762902_7362,choose_answer__Multiplication__OneStepProblem__2digits__3options,choose_answer,sequential_thinking,operation_identification_from_context,2,2,1.0,0.5,False
stu_1777023762902_7362,choose_answer__Multiplication__OneStepProblem__2digits__4options,choose_answer,arithmetic_fluency,operation_identification_from_context,1,1,1.0,1.0,False
stu_1777023762902_7362,choose_answer__Multiplication__OneStepProblem__2digits__4options,choose_answer,number_sense,operation_identification_from_context,1,1,1.0,1.0,False
stu_1777023762902_7362,choose_answer__Multiplication__OneStepProblem__2digits__4options,choose_answer,sequential_thinking,operation_identification_from_context,1,1,1.0,1.0,False
stu_1777023762902_7362,choose_answer__Subtraction-Multiplication__MultiStepProblem__3digits__3options,choose_answer,arithmetic_fluency,operation_identification_from_context,1,1,1.0,1.0,False
stu_1777023762902_7362,choose_answer__Subtraction-Multiplication__MultiStepProblem__3digits__3options,choose_answer,number_sense,operation_identification_from_context,1,1,1.0,1.0,False
stu_1777023762902_7362,choose_answer__Subtraction-Multiplication__MultiStepProblem__3digits__3options,choose_answer,sequential_thinking,operation_identification_from_context,1,1,1.0,1.0,False
stu_1777023762902_7362,choose_answer__Subtraction-Multiplication__MultiStepProblem__3digits__4options,choose_answer,arithmetic_fluency,operation_identification_from_context,1,1,1.0,1.0,False
stu_1777023762902_7362,choose_answer__Subtraction-Multiplication__MultiStepProblem__3digits__4options,choose_answer,number_sense,operation_identification_from_context,1,1,1.0,1.0,False
stu_1777023762902_7362,choose_answer__Subtraction-Multiplication__MultiStepProblem__3digits__4options,choose_answer,sequential_thinking,operation_identification_from_context,1,1,1.0,1.0,False
stu_1777023762902_7362,choose_answer__Subtraction__OneStepProblem__3digits__4options,choose_answer,arithmetic_fluency,operation_identification_from_context,1,1,1.0,1.0,False
stu_1777023762902_7362,choose_answer__Subtraction__OneStepProblem__3digits__4options,choose_answer,number_sense,operation_identification_from_context,1,1,1.0,1.0,False
stu_1777023762902_7362,choose_answer__Subtraction__OneStepProblem__3digits__4options,choose_answer,sequential_thinking,operation_identification_from_context,1,1,1.0,1.0,False
stu_1777023762902_7362,choose_answer__Subtraction__OneStepProblem__5digits__4options,choose_answer,arithmetic_fluency,operation_identification_from_context,1,1,1.0,0.0,False
stu_1777023762902_7362,choose_answer__Subtraction__OneStepProblem__5digits__4options,choose_answer,number_sense,operation_identification_from_context,1,1,1.0,0.0,False
stu_1777023762902_7362,choose_answer__Subtraction__OneStepProblem__5digits__4options,choose_answer,sequential_thinking,operation_identification_from_context,1,1,1.0,0.0,False
stu_1777023762902_7362,compare_numbers__Equal__3digits,compare_numbers,comparison_skill,number_comparison,1,1,1.0,0.0,False
stu_1777023762902_7362,compare_numbers__Greater__3digits,compare_numbers,comparison_skill,number_comparison,1,1,1.0,1.0,False
stu_1777023762902_7362,compare_numbers__Less__3digits,compare_numbers,comparison_skill,number_comparison,1,1,1.0,0.0,False
stu_1777023762902_7362,find_previous_next_number__2digits__normal_range,find_previous_next_number,number_sense,number_sequencing,1,1,1.0,0.0,False
stu_1777023762902_7362,find_previous_next_number__2digits__normal_range,find_previous_next_number,sequential_thinking,number_sequencing,1,1,1.0,0.0,False
stu_1777023762902_7362,find_previous_next_number__3digits__normal_range,find_previous_next_number,number_sense,number_sequencing,2,2,1.0,0.0,False
stu_1777023762902_7362,find_previous_next_number__3digits__normal_range,find_previous_next_number,sequential_thinking,number_sequencing,2,2,1.0,0.0,False
stu_1777023762902_7362,identify_place_value__2digits__all_digits_distinct,identify_place_value,number_sense,place_value_identification,3,3,1.0,0.0,False
stu_1777023762902_7362,identify_place_value__2digits__all_digits_same,identify_place_value,number_sense,place_value_identification,1,1,1.0,0.0,False
stu_1777023762902_7362,identify_place_value__6digits__has_repeated_digits,identify_place_value,number_sense,place_value_identification,2,2,1.0,0.0,False
stu_1777023762902_7362,order_numbers__asc__seq2__2digits,order_numbers,number_sense,number_ordering,1,1,1.0,0.0,False
stu_1777023762902_7362,order_numbers__asc__seq2__2digits,order_numbers,sequential_thinking,number_ordering,1,1,1.0,0.0,False
stu_1777023762902_7362,order_numbers__asc__seq4__2digits,order_numbers,number_sense,number_ordering,1,1,1.0,0.0,False
stu_1777023762902_7362,order_numbers__asc__seq4__2digits,order_numbers,sequential_thinking,number_ordering,1,1,1.0,0.0,False
stu_1777023762902_7362,order_numbers__asc__seq7__2digits,order_numbers,number_sense,number_ordering,1,1,1.0,0.0,True
stu_1777023762902_7362,order_numbers__asc__seq7__2digits,order_numbers,sequential_thinking,number_ordering,1,1,1.0,0.0,True
stu_1777023762902_7362,order_numbers__desc__seq2__6digits,order_numbers,number_sense,number_ordering,1,1,1.0,0.0,True
stu_1777023762902_7362,order_numbers__desc__seq2__6digits,order_numbers,sequential_thinking,number_ordering,1,1,1.0,0.0,True
stu_1777023762902_7362,order_numbers__desc__seq7__6digits,order_numbers,number_sense,number_ordering,1,1,1.0,0.0,False
stu_1777023762902_7362,order_numbers__desc__seq7__6digits,order_numbers,sequential_thinking,number_ordering,1,1,1.0,0.0,False
stu_1777023762902_7362,vertical_operations__AdditionWithCarry__3digits,vertical_operations,arithmetic_fluency,procedural_fluency,2,1,0.5,0.0,False
stu_1777023762902_7362,vertical_operations__AdditionWithCarry__5digits,vertical_operations,arithmetic_fluency,procedural_fluency,1,1,1.0,0.0,False
stu_1777023762902_7362,vertical_operations__MultiStepMultiplication__2digits,vertical_operations,arithmetic_fluency,procedural_fluency,1,1,1.0,0.0,True
stu_1777023762902_7362,vertical_operations__MultiStepMultiplication__5digits,vertical_operations,arithmetic_fluency,procedural_fluency,1,1,1.0,0.0,True
stu_1777023762902_7362,vertical_operations__SimpleSubtraction__2digits,vertical_operations,arithmetic_fluency,procedural_fluency,1,1,1.0,0.0,False
stu_1777023762902_7362,vertical_operations__SimpleSubtraction__3digits,vertical_operations,arithmetic_fluency,procedural_fluency,1,1,1.0,0.0,True
stu_1777023762902_7362,vertical_operations__SubtractionWithBorrow__4digits,vertical_operations,arithmetic_fluency,procedural_fluency,1,1,1.0,0.0,False
stu_1777023763129_6667,choose_answer__Addition__OneStepProblem__2digits__3options,choose_answer,arithmetic_fluency,operation_identification_from_context,4,3,0.75,0.25,False
stu_1777023763129_6667,choose_answer__Addition__OneStepProblem__2digits__3options,choose_answer,number_sense,operation_identification_from_context,4,3,0.75,0.25,False
stu_1777023763129_6667,choose_answer__Addition__OneStepProblem__2digits__3options,choose_answer,sequential_thinking,operation_identification_from_context,4,3,0.75,0.25,False
stu_1777023763129_6667,choose_answer__Division__OneStepProblem__4digits__3options,choose_answer,arithmetic_fluency,operation_identification_from_context,2,2,1.0,0.0,True
stu_1777023763129_6667,choose_answer__Division__OneStepProblem__4digits__3options,choose_answer,number_sense,operation_identification_from_context,2,2,1.0,0.0,True
stu_1777023763129_6667,choose_answer__Division__OneStepProblem__4digits__3options,choose_answer,sequential_thinking,operation_identification_from_context,2,2,1.0,0.0,True
stu_1777023763129_6667,choose_answer__Division__OneStepProblem__5digits__4options,choose_answer,arithmetic_fluency,operation_identification_from_context,1,0,0.0,0.0,False
stu_1777023763129_6667,choose_answer__Division__OneStepProblem__5digits__4options,choose_answer,number_sense,operation_identification_from_context,1,0,0.0,0.0,False
stu_1777023763129_6667,choose_answer__Division__OneStepProblem__5digits__4options,choose_answer,sequential_thinking,operation_identification_from_context,1,0,0.0,0.0,False
stu_1777023763129_6667,choose_answer__Multiplication__OneStepProblem__2digits__3options,choose_answer,arithmetic_fluency,operation_identification_from_context,5,3,0.6,0.8,False
stu_1777023763129_6667,choose_answer__Multiplication__OneStepProblem__2digits__3options,choose_answer,number_sense,operation_identification_from_context,5,3,0.6,0.8,False
stu_1777023763129_6667,choose_answer__Multiplication__OneStepProblem__2digits__3options,choose_answer,sequential_thinking,operation_identification_from_context,5,3,0.6,0.8,False
stu_1777023763129_6667,choose_answer__Multiplication__OneStepProblem__2digits__4options,choose_answer,arithmetic_fluency,operation_identification_from_context,2,2,1.0,1.0,False
stu_1777023763129_6667,choose_answer__Multiplication__OneStepProblem__2digits__4options,choose_answer,number_sense,operation_identification_from_context,2,2,1.0,1.0,False
stu_1777023763129_6667,choose_answer__Multiplication__OneStepProblem__2digits__4options,choose_answer,sequential_thinking,operation_identification_from_context,2,2,1.0,1.0,False
stu_1777023763129_6667,choose_answer__Subtraction-Multiplication__MultiStepProblem__2digits__3options,choose_answer,arithmetic_fluency,operation_identification_from_context,1,1,1.0,0.0,True
stu_1777023763129_6667,choose_answer__Subtraction-Multiplication__MultiStepProblem__2digits__3options,choose_answer,number_sense,operation_identification_from_context,1,1,1.0,0.0,True
stu_1777023763129_6667,choose_answer__Subtraction-Multiplication__MultiStepProblem__2digits__3options,choose_answer,sequential_thinking,operation_identification_from_context,1,1,1.0,0.0,True
stu_1777023763129_6667,choose_answer__Subtraction__OneStepProblem__2digits__3options,choose_answer,arithmetic_fluency,operation_identification_from_context,1,1,1.0,1.0,False
stu_1777023763129_6667,choose_answer__Subtraction__OneStepProblem__2digits__3options,choose_answer,number_sense,operation_identification_from_context,1,1,1.0,1.0,False
stu_1777023763129_6667,choose_answer__Subtraction__OneStepProblem__2digits__3options,choose_answer,sequential_thinking,operation_identification_from_context,1,1,1.0,1.0,False
stu_1777023763129_6667,choose_answer__Subtraction__OneStepProblem__3digits__4options,choose_answer,arithmetic_fluency,operation_identification_from_context,2,1,0.5,0.5,False
stu_1777023763129_6667,choose_answer__Subtraction__OneStepProblem__3digits__4options,choose_answer,number_sense,operation_identification_from_context,2,1,0.5,0.5,False
stu_1777023763129_6667,choose_answer__Subtraction__OneStepProblem__3digits__4options,choose_answer,sequential_thinking,operation_identification_from_context,2,1,0.5,0.5,False
stu_1777023763129_6667,choose_answer__Subtraction__OneStepProblem__4digits__3options,choose_answer,arithmetic_fluency,operation_identification_from_context,2,1,0.5,0.0,True
stu_1777023763129_6667,choose_answer__Subtraction__OneStepProblem__4digits__3options,choose_answer,number_sense,operation_identification_from_context,2,1,0.5,0.0,True
stu_1777023763129_6667,choose_answer__Subtraction__OneStepProblem__4digits__3options,choose_answer,sequential_thinking,operation_identification_from_context,2,1,0.5,0.0,True
stu_1777023763129_6667,compare_numbers__Equal__3digits,compare_numbers,comparison_skill,number_comparison,1,1,1.0,0.0,False
stu_1777023763129_6667,compare_numbers__Greater__3digits,compare_numbers,comparison_skill,number_comparison,1,1,1.0,1.0,False
stu_1777023763129_6667,compare_numbers__Less__3digits,compare_numbers,comparison_skill,number_comparison,1,1,1.0,1.0,False
stu_1777023763129_6667,find_previous_next_number__2digits__normal_range,find_previous_next_number,number_sense,number_sequencing,1,1,1.0,0.0,False
stu_1777023763129_6667,find_previous_next_number__2digits__normal_range,find_previous_next_number,sequential_thinking,number_sequencing,1,1,1.0,0.0,False
stu_1777023763129_6667,find_previous_next_number__3digits__normal_range,find_previous_next_number,number_sense,number_sequencing,2,2,1.0,0.0,False
stu_1777023763129_6667,find_previous_next_number__3digits__normal_range,find_previous_next_number,sequential_thinking,number_sequencing,2,2,1.0,0.0,False
stu_1777023763129_6667,identify_place_value__2digits__all_digits_distinct,identify_place_value,number_sense,place_value_identification,4,4,1.0,0.0,False
stu_1777023763129_6667,identify_place_value__6digits__all_digits_distinct,identify_place_value,number_sense,place_value_identification,1,1,1.0,0.0,False
stu_1777023763129_6667,identify_place_value__6digits__has_repeated_digits,identify_place_value,number_sense,place_value_identification,1,1,1.0,0.0,False
stu_1777023763129_6667,order_numbers__asc__seq4__5digits,order_numbers,number_sense,number_ordering,1,1,1.0,0.0,True
stu_1777023763129_6667,order_numbers__asc__seq4__5digits,order_numbers,sequential_thinking,number_ordering,1,1,1.0,0.0,True
stu_1777023763129_6667,order_numbers__asc__seq5__2digits,order_numbers,number_sense,number_ordering,1,1,1.0,0.0,False
stu_1777023763129_6667,order_numbers__asc__seq5__2digits,order_numbers,sequential_thinking,number_ordering,1,1,1.0,0.0,False
stu_1777023763129_6667,order_numbers__asc__seq6__2digits,order_numbers,number_sense,number_ordering,1,1,1.0,0.0,True
stu_1777023763129_6667,order_numbers__asc__seq6__2digits,order_numbers,sequential_thinking,number_ordering,1,1,1.0,0.0,True
stu_1777023763129_6667,order_numbers__desc__seq2__2digits,order_numbers,number_sense,number_ordering,1,1,1.0,0.0,False
stu_1777023763129_6667,order_numbers__desc__seq2__2digits,order_numbers,sequential_thinking,number_ordering,1,1,1.0,0.0,False
stu_1777023763129_6667,order_numbers__desc__seq2__6digits,order_numbers,number_sense,number_ordering,1,0,0.0,0.0,True
stu_1777023763129_6667,order_numbers__desc__seq2__6digits,order_numbers,sequential_thinking,number_ordering,1,0,0.0,0.0,True
stu_1777023763129_6667,order_numbers__desc__seq4__5digits,order_numbers,number_sense,number_ordering,1,0,0.0,0.0,True
stu_1777023763129_6667,order_numbers__desc__seq4__5digits,order_numbers,sequential_thinking,number_ordering,1,0,0.0,0.0,True
stu_1777023763129_6667,order_numbers__desc__seq6__6digits,order_numbers,number_sense,number_ordering,1,0,0.0,0.0,False
stu_1777023763129_6667,order_numbers__desc__seq6__6digits,order_numbers,sequential_thinking,number_ordering,1,0,0.0,0.0,False
stu_1777023763129_6667,vertical_operations__AdditionWithCarry__2digits,vertical_operations,arithmetic_fluency,procedural_fluency,1,1,1.0,0.0,False
stu_1777023763129_6667,vertical_operations__AdditionWithCarry__4digits,vertical_operations,arithmetic_fluency,procedural_fluency,1,1,1.0,0.0,False
stu_1777023763129_6667,vertical_operations__AdditionWithCarry__5digits,vertical_operations,arithmetic_fluency,procedural_fluency,1,1,1.0,0.0,False
stu_1777023763129_6667,vertical_operations__MultiStepMultiplication__4digits,vertical_operations,arithmetic_fluency,procedural_fluency,1,0,0.0,0.0,True
stu_1777023763129_6667,vertical_operations__MultiStepMultiplication__6digits,vertical_operations,arithmetic_fluency,procedural_fluency,1,0,0.0,0.0,False
stu_1777023763129_6667,vertical_operations__SimpleAddition__2digits,vertical_operations,arithmetic_fluency,procedural_fluency,1,1,1.0,0.0,False
stu_1777023763129_6667,vertical_operations__SimpleSubtraction__1digits,vertical_operations,arithmetic_fluency,procedural_fluency,1,1,1.0,0.0,False
stu_1777023763129_6667,vertical_operations__SimpleSubtraction__2digits,vertical_operations,arithmetic_fluency,procedural_fluency,1,1,1.0,0.0,False
stu_1777023763129_6667,vertical_operations__SingleStepMultiplication__2digits,vertical_operations,arithmetic_fluency,procedural_fluency,1,1,1.0,0.0,True
stu_1777023763129_6667,vertical_operations__SubtractionWithBorrow__3digits,vertical_operations,arithmetic_fluency,procedural_fluency,1,0,0.0,0.0,False
stu_1777023763129_6667,vertical_operations__SubtractionWithBorrow__4digits,vertical_operations,arithmetic_fluency,procedural_fluency,1,1,1.0,0.0,False
stu_1777340051462_9691,choose_answer__Addition__OneStepProblem__2digits__3options,choose_answer,arithmetic_fluency,operation_identification_from_context,1,1,1.0,1.0,False
stu_1777340051462_9691,choose_answer__Addition__OneStepProblem__2digits__3options,choose_answer,number_sense,operation_identification_from_context,1,1,1.0,1.0,False
stu_1777340051462_9691,choose_answer__Addition__OneStepProblem__2digits__3options,choose_answer,sequential_thinking,operation_identification_from_context,1,1,1.0,1.0,False
stu_1777340051462_9691,choose_answer__Multiplication__OneStepProblem__2digits__4options,choose_answer,arithmetic_fluency,operation_identification_from_context,1,1,1.0,1.0,False
stu_1777340051462_9691,choose_answer__Multiplication__OneStepProblem__2digits__4options,choose_answer,number_sense,operation_identification_from_context,1,1,1.0,1.0,False
stu_1777340051462_9691,choose_answer__Multiplication__OneStepProblem__2digits__4options,choose_answer,sequential_thinking,operation_identification_from_context,1,1,1.0,1.0,False
stu_1777340051462_9691,choose_answer__Multiplication__OneStepProblem__3digits__4options,choose_answer,arithmetic_fluency,operation_identification_from_context,1,1,1.0,1.0,True
stu_1777340051462_9691,choose_answer__Multiplication__OneStepProblem__3digits__4options,choose_answer,number_sense,operation_identification_from_context,1,1,1.0,1.0,True
stu_1777340051462_9691,choose_answer__Multiplication__OneStepProblem__3digits__4options,choose_answer,sequential_thinking,operation_identification_from_context,1,1,1.0,1.0,True
stu_1777340051462_9691,choose_answer__Subtraction-Multiplication__MultiStepProblem__3digits__4options,choose_answer,arithmetic_fluency,operation_identification_from_context,2,1,0.5,0.5,False
stu_1777340051462_9691,choose_answer__Subtraction-Multiplication__MultiStepProblem__3digits__4options,choose_answer,number_sense,operation_identification_from_context,2,1,0.5,0.5,False
stu_1777340051462_9691,choose_answer__Subtraction-Multiplication__MultiStepProblem__3digits__4options,choose_answer,sequential_thinking,operation_identification_from_context,2,1,0.5,0.5,False
stu_1777340051462_9691,find_previous_next_number__5digits__normal_range,find_previous_next_number,number_sense,number_sequencing,3,3,1.0,0.0,False
stu_1777340051462_9691,find_previous_next_number__5digits__normal_range,find_previous_next_number,sequential_thinking,number_sequencing,3,3,1.0,0.0,False
stu_1777340051462_9691,identify_place_value__6digits__has_repeated_digits,identify_place_value,number_sense,place_value_identification,4,4,1.0,0.0,False
stu_1777340051462_9691,order_numbers__asc__seq3__6digits,order_numbers,number_sense,number_ordering,1,1,1.0,0.0,False
stu_1777340051462_9691,order_numbers__asc__seq3__6digits,order_numbers,sequential_thinking,number_ordering,1,1,1.0,0.0,False
stu_1777340051462_9691,order_numbers__asc__seq5__6digits,order_numbers,number_sense,number_ordering,1,1,1.0,0.0,False
stu_1777340051462_9691,order_numbers__asc__seq5__6digits,order_numbers,sequential_thinking,number_ordering,1,1,1.0,0.0,False
stu_1777340051462_9691,order_numbers__desc__seq3__6digits,order_numbers,number_sense,number_ordering,1,1,1.0,0.0,True
stu_1777340051462_9691,order_numbers__desc__seq3__6digits,order_numbers,sequential_thinking,number_ordering,1,1,1.0,0.0,True
stu_1777340051462_9691,order_numbers__desc__seq5__6digits,order_numbers,number_sense,number_ordering,1,1,1.0,0.0,True
stu_1777340051462_9691,order_numbers__desc__seq5__6digits,order_numbers,sequential_thinking,number_ordering,1,1,1.0,0.0,True
stu_1777340051462_9691,order_numbers__desc__seq7__6digits,order_numbers,number_sense,number_ordering,1,1,1.0,0.0,False
stu_1777340051462_9691,order_numbers__desc__seq7__6digits,order_numbers,sequential_thinking,number_ordering,1,1,1.0,0.0,False
stu_1777340051462_9691,vertical_operations__AdditionWithCarry__4digits,vertical_operations,arithmetic_fluency,procedural_fluency,1,1,1.0,0.0,False
stu_1777340051462_9691,vertical_operations__MultiStepMultiplication__6digits,vertical_operations,arithmetic_fluency,procedural_fluency,1,1,1.0,0.0,False
stu_1777340051462_9691,vertical_operations__SubtractionWithBorrow__3digits,vertical_operations,arithmetic_fluency,procedural_fluency,2,1,0.5,0.0,False
stu_1777340051462_9691,what_number_do_you_hear__1digits__3options,what_number_do_you_hear,audio_recognition,audio_number_recognition,5,5,1.0,0.0,False
stu_1777340051462_9691,what_number_do_you_hear__2digits__3options,what_number_do_you_hear,audio_recognition,audio_number_recognition,1,1,1.0,0.0,False
stu_1777340052046_4165,choose_answer__Multiplication__OneStepProblem__2digits__3options,choose_answer,arithmetic_fluency,operation_identification_from_context,1,1,1.0,1.0,False
stu_1777340052046_4165,choose_answer__Multiplication__OneStepProblem__2digits__3options,choose_answer,number_sense,operation_identification_from_context,1,1,1.0,1.0,False
stu_1777340052046_4165,choose_answer__Multiplication__OneStepProblem__2digits__3options,choose_answer,sequential_thinking,operation_identification_from_context,1,1,1.0,1.0,False
stu_1777340052046_4165,choose_answer__Subtraction-Multiplication__MultiStepProblem__3digits__4options,choose_answer,arithmetic_fluency,operation_identification_from_context,2,2,1.0,0.5,False
stu_1777340052046_4165,choose_answer__Subtraction-Multiplication__MultiStepProblem__3digits__4options,choose_answer,number_sense,operation_identification_from_context,2,2,1.0,0.5,False
stu_1777340052046_4165,choose_answer__Subtraction-Multiplication__MultiStepProblem__3digits__4options,choose_answer,sequential_thinking,operation_identification_from_context,2,2,1.0,0.5,False
stu_1777340052046_4165,choose_answer__Subtraction__OneStepProblem__2digits__4options,choose_answer,arithmetic_fluency,operation_identification_from_context,1,1,1.0,0.0,True
stu_1777340052046_4165,choose_answer__Subtraction__OneStepProblem__2digits__4options,choose_answer,number_sense,operation_identification_from_context,1,1,1.0,0.0,True
stu_1777340052046_4165,choose_answer__Subtraction__OneStepProblem__2digits__4options,choose_answer,sequential_thinking,operation_identification_from_context,1,1,1.0,0.0,True
stu_1777340052046_4165,choose_answer__Subtraction__OneStepProblem__3digits__4options,choose_answer,arithmetic_fluency,operation_identification_from_context,1,1,1.0,0.0,False
stu_1777340052046_4165,choose_answer__Subtraction__OneStepProblem__3digits__4options,choose_answer,number_sense,operation_identification_from_context,1,1,1.0,0.0,False
stu_1777340052046_4165,choose_answer__Subtraction__OneStepProblem__3digits__4options,choose_answer,sequential_thinking,operation_identification_from_context,1,1,1.0,0.0,False
stu_1777340052046_4165,find_previous_next_number__5digits__normal_range,find_previous_next_number,number_sense,number_sequencing,3,3,1.0,0.3333333333333333,False
stu_1777340052046_4165,find_previous_next_number__5digits__normal_range,find_previous_next_number,sequential_thinking,number_sequencing,3,3,1.0,0.3333333333333333,False
stu_1777340052046_4165,identify_place_value__5digits__has_repeated_digits,identify_place_value,number_sense,place_value_identification,4,4,1.0,0.0,True
stu_1777340052046_4165,identify_place_value__6digits__has_repeated_digits,identify_place_value,number_sense,place_value_identification,4,2,0.5,0.0,False
stu_1777340052046_4165,order_numbers__asc__seq7__6digits,order_numbers,number_sense,number_ordering,1,1,1.0,0.0,False
stu_1777340052046_4165,order_numbers__asc__seq7__6digits,order_numbers,sequential_thinking,number_ordering,1,1,1.0,0.0,False
stu_1777340052046_4165,order_numbers__desc__seq3__6digits,order_numbers,number_sense,number_ordering,2,2,1.0,0.0,True
stu_1777340052046_4165,order_numbers__desc__seq3__6digits,order_numbers,sequential_thinking,number_ordering,2,2,1.0,0.0,True
stu_1777340052046_4165,order_numbers__desc__seq7__6digits,order_numbers,number_sense,number_ordering,2,2,1.0,0.0,False
stu_1777340052046_4165,order_numbers__desc__seq7__6digits,order_numbers,sequential_thinking,number_ordering,2,2,1.0,0.0,False
stu_1777340052046_4165,vertical_operations__AdditionWithCarry__3digits,vertical_operations,arithmetic_fluency,procedural_fluency,1,1,1.0,0.0,False
stu_1777340052046_4165,vertical_operations__MultiStepMultiplication__6digits,vertical_operations,arithmetic_fluency,procedural_fluency,1,1,1.0,0.0,False
stu_1777340052046_4165,vertical_operations__SimpleSubtraction__3digits,vertical_operations,arithmetic_fluency,procedural_fluency,1,1,1.0,0.0,True
stu_1777340052046_4165,vertical_operations__SubtractionWithBorrow__3digits,vertical_operations,arithmetic_fluency,procedural_fluency,1,1,1.0,0.0,False
stu_1777340052046_4165,what_number_do_you_hear__1digits__3options,what_number_do_you_hear,audio_recognition,audio_number_recognition,6,6,1.0,0.0,False
stu_1777340052233_9667,choose_answer__Multiplication__OneStepProblem__2digits__4options,choose_answer,arithmetic_fluency,operation_identification_from_context,1,1,1.0,0.0,False
stu_1777340052233_9667,choose_answer__Multiplication__OneStepProblem__2digits__4options,choose_answer,number_sense,operation_identification_from_context,1,1,1.0,0.0,False
stu_1777340052233_9667,choose_answer__Multiplication__OneStepProblem__2digits__4options,choose_answer,sequential_thinking,operation_identification_from_context,1,1,1.0,0.0,False
stu_1777340052233_9667,choose_answer__Subtraction-Multiplication__MultiStepProblem__2digits__4options,choose_answer,arithmetic_fluency,operation_identification_from_context,1,1,1.0,1.0,True
stu_1777340052233_9667,choose_answer__Subtraction-Multiplication__MultiStepProblem__2digits__4options,choose_answer,number_sense,operation_identification_from_context,1,1,1.0,1.0,True
stu_1777340052233_9667,choose_answer__Subtraction-Multiplication__MultiStepProblem__2digits__4options,choose_answer,sequential_thinking,operation_identification_from_context,1,1,1.0,1.0,True
stu_1777340052233_9667,choose_answer__Subtraction-Multiplication__MultiStepProblem__3digits__4options,choose_answer,arithmetic_fluency,operation_identification_from_context,1,1,1.0,1.0,False
stu_1777340052233_9667,choose_answer__Subtraction-Multiplication__MultiStepProblem__3digits__4options,choose_answer,number_sense,operation_identification_from_context,1,1,1.0,1.0,False
stu_1777340052233_9667,choose_answer__Subtraction-Multiplication__MultiStepProblem__3digits__4options,choose_answer,sequential_thinking,operation_identification_from_context,1,1,1.0,1.0,False
stu_1777340052233_9667,choose_answer__Subtraction__OneStepProblem__3digits__4options,choose_answer,arithmetic_fluency,operation_identification_from_context,2,2,1.0,0.0,False
stu_1777340052233_9667,choose_answer__Subtraction__OneStepProblem__3digits__4options,choose_answer,number_sense,operation_identification_from_context,2,2,1.0,0.0,False
stu_1777340052233_9667,choose_answer__Subtraction__OneStepProblem__3digits__4options,choose_answer,sequential_thinking,operation_identification_from_context,2,2,1.0,0.0,False
stu_1777340052233_9667,find_previous_next_number__4digits__normal_range,find_previous_next_number,number_sense,number_sequencing,1,1,1.0,0.0,True
stu_1777340052233_9667,find_previous_next_number__4digits__normal_range,find_previous_next_number,sequential_thinking,number_sequencing,1,1,1.0,0.0,True
stu_1777340052233_9667,find_previous_next_number__5digits__normal_range,find_previous_next_number,number_sense,number_sequencing,1,1,1.0,0.0,False
stu_1777340052233_9667,find_previous_next_number__5digits__normal_range,find_previous_next_number,sequential_thinking,number_sequencing,1,1,1.0,0.0,False
stu_1777340052233_9667,find_previous_next_number__5digits__tens_transition,find_previous_next_number,number_sense,number_sequencing,1,1,1.0,0.0,True
stu_1777340052233_9667,find_previous_next_number__5digits__tens_transition,find_previous_next_number,sequential_thinking,number_sequencing,1,1,1.0,0.0,True
stu_1777340052233_9667,identify_place_value__6digits__all_digits_distinct,identify_place_value,number_sense,place_value_identification,2,2,1.0,0.0,False
stu_1777340052233_9667,identify_place_value__6digits__has_repeated_digits,identify_place_value,number_sense,place_value_identification,2,2,1.0,0.0,False
stu_1777340052233_9667,order_numbers__asc__seq2__6digits,order_numbers,number_sense,number_ordering,1,1,1.0,0.0,True
stu_1777340052233_9667,order_numbers__asc__seq2__6digits,order_numbers,sequential_thinking,number_ordering,1,1,1.0,0.0,True
stu_1777340052233_9667,order_numbers__asc__seq5__6digits,order_numbers,number_sense,number_ordering,1,1,1.0,0.0,False
stu_1777340052233_9667,order_numbers__asc__seq5__6digits,order_numbers,sequential_thinking,number_ordering,1,1,1.0,0.0,False
stu_1777340052233_9667,order_numbers__asc__seq6__6digits,order_numbers,number_sense,number_ordering,1,1,1.0,0.0,True
stu_1777340052233_9667,order_numbers__asc__seq6__6digits,order_numbers,sequential_thinking,number_ordering,1,1,1.0,0.0,True
stu_1777340052233_9667,order_numbers__desc__seq3__6digits,order_numbers,number_sense,number_ordering,1,1,1.0,0.0,True
stu_1777340052233_9667,order_numbers__desc__seq3__6digits,order_numbers,sequential_thinking,number_ordering,1,1,1.0,0.0,True
stu_1777340052233_9667,order_numbers__desc__seq6__6digits,order_numbers,number_sense,number_ordering,1,1,1.0,0.0,False
stu_1777340052233_9667,order_numbers__desc__seq6__6digits,order_numbers,sequential_thinking,number_ordering,1,1,1.0,0.0,False
stu_1777340052233_9667,vertical_operations__AdditionWithCarry__3digits,vertical_operations,arithmetic_fluency,procedural_fluency,1,1,1.0,0.0,False
stu_1777340052233_9667,vertical_operations__MultiStepMultiplication__4digits,vertical_operations,arithmetic_fluency,procedural_fluency,1,1,1.0,0.0,True
stu_1777340052233_9667,vertical_operations__MultiStepMultiplication__6digits,vertical_operations,arithmetic_fluency,procedural_fluency,1,0,0.0,0.0,False
stu_1777340052233_9667,vertical_operations__SimpleAddition__3digits,vertical_operations,arithmetic_fluency,procedural_fluency,1,1,1.0,0.0,True
stu_1777340052233_9667,what_number_do_you_hear__1digits__3options,what_number_do_you_hear,audio_recognition,audio_number_recognition,5,5,1.0,0.0,False
stu_1777340052233_9667,what_number_do_you_hear__2digits__3options,what_number_do_you_hear,audio_recognition,audio_number_recognition,1,1,1.0,0.0,False
stu_1777340052756_4794,find_previous_next_number__4digits__hundreds_transition,find_previous_next_number,number_sense,number_sequencing,1,0,0.0,0.0,True
stu_1777340052756_4794,find_previous_next_number__4digits__hundreds_transition,find_previous_next_number,sequential_thinking,number_sequencing,1,0,0.0,0.0,True
stu_1777340052756_4794,find_previous_next_number__4digits__normal_range,find_previous_next_number,number_sense,number_sequencing,1,1,1.0,0.0,True
stu_1777340052756_4794,find_previous_next_number__4digits__normal_range,find_previous_next_number,sequential_thinking,number_sequencing,1,1,1.0,0.0,True
stu_1777340052756_4794,find_previous_next_number__4digits__tens_transition,find_previous_next_number,number_sense,number_sequencing,1,0,0.0,0.0,True
stu_1777340052756_4794,find_previous_next_number__4digits__tens_transition,find_previous_next_number,sequential_thinking,number_sequencing,1,0,0.0,0.0,True
stu_1777340052756_4794,find_previous_next_number__5digits__normal_range,find_previous_next_number,number_sense,number_sequencing,3,3,1.0,0.0,False
stu_1777340052756_4794,find_previous_next_number__5digits__normal_range,find_previous_next_number,sequential_thinking,number_sequencing,3,3,1.0,0.0,False
stu_1777340052756_4794,order_numbers__asc__seq3__6digits,order_numbers,number_sense,number_ordering,1,0,0.0,0.0,False
stu_1777340052756_4794,order_numbers__asc__seq3__6digits,order_numbers,sequential_thinking,number_ordering,1,0,0.0,0.0,False
stu_1777340052756_4794,order_numbers__asc__seq5__6digits,order_numbers,number_sense,number_ordering,1,0,0.0,0.0,False
stu_1777340052756_4794,order_numbers__asc__seq5__6digits,order_numbers,sequential_thinking,number_ordering,1,0,0.0,0.0,False
stu_1777340052756_4794,order_numbers__asc__seq6__6digits,order_numbers,number_sense,number_ordering,1,0,0.0,0.0,True
stu_1777340052756_4794,order_numbers__asc__seq6__6digits,order_numbers,sequential_thinking,number_ordering,1,0,0.0,0.0,True
stu_1777340052756_4794,order_numbers__desc__seq7__6digits,order_numbers,number_sense,number_ordering,2,2,1.0,0.0,False
stu_1777340052756_4794,order_numbers__desc__seq7__6digits,order_numbers,sequential_thinking,number_ordering,2,2,1.0,0.0,False
stu_1777340052756_4794,what_number_do_you_hear__1digits__3options,what_number_do_you_hear,audio_recognition,audio_number_recognition,5,5,1.0,0.0,False
stu_1777340052756_4794,what_number_do_you_hear__2digits__3options,what_number_do_you_hear,audio_recognition,audio_number_recognition,1,1,1.0,0.0,False
stu_1777340052928_1612,choose_answer__Addition__OneStepProblem__1digits__4options,choose_answer,arithmetic_fluency,operation_identification_from_context,1,1,1.0,0.0,True
stu_1777340052928_1612,choose_answer__Addition__OneStepProblem__1digits__4options,choose_answer,number_sense,operation_identification_from_context,1,1,1.0,0.0,True
stu_1777340052928_1612,choose_answer__Addition__OneStepProblem__1digits__4options,choose_answer,sequential_thinking,operation_identification_from_context,1,1,1.0,0.0,True
stu_1777340052928_1612,choose_answer__Multiplication__OneStepProblem__1digits__4options,choose_answer,arithmetic_fluency,operation_identification_from_context,1,1,1.0,0.0,True
stu_1777340052928_1612,choose_answer__Multiplication__OneStepProblem__1digits__4options,choose_answer,number_sense,operation_identification_from_context,1,1,1.0,0.0,True
stu_1777340052928_1612,choose_answer__Multiplication__OneStepProblem__1digits__4options,choose_answer,sequential_thinking,operation_identification_from_context,1,1,1.0,0.0,True
stu_1777340052928_1612,choose_answer__Multiplication__OneStepProblem__2digits__4options,choose_answer,arithmetic_fluency,operation_identification_from_context,3,3,1.0,0.3333333333333333,False
stu_1777340052928_1612,choose_answer__Multiplication__OneStepProblem__2digits__4options,choose_answer,number_sense,operation_identification_from_context,3,3,1.0,0.3333333333333333,False
stu_1777340052928_1612,choose_answer__Multiplication__OneStepProblem__2digits__4options,choose_answer,sequential_thinking,operation_identification_from_context,3,3,1.0,0.3333333333333333,False
stu_1777340052928_1612,find_previous_next_number__5digits__normal_range,find_previous_next_number,number_sense,number_sequencing,3,3,1.0,0.0,False
stu_1777340052928_1612,find_previous_next_number__5digits__normal_range,find_previous_next_number,sequential_thinking,number_sequencing,3,3,1.0,0.0,False
stu_1777340052928_1612,identify_place_value__6digits__all_digits_distinct,identify_place_value,number_sense,place_value_identification,1,1,1.0,0.0,False
stu_1777340052928_1612,identify_place_value__6digits__has_repeated_digits,identify_place_value,number_sense,place_value_identification,3,3,1.0,0.0,False
stu_1777340052928_1612,order_numbers__asc__seq7__6digits,order_numbers,number_sense,number_ordering,1,1,1.0,0.0,False
stu_1777340052928_1612,order_numbers__asc__seq7__6digits,order_numbers,sequential_thinking,number_ordering,1,1,1.0,0.0,False
stu_1777340052928_1612,order_numbers__desc__seq4__6digits,order_numbers,number_sense,number_ordering,1,1,1.0,0.0,True
stu_1777340052928_1612,order_numbers__desc__seq4__6digits,order_numbers,sequential_thinking,number_ordering,1,1,1.0,0.0,True
stu_1777340052928_1612,order_numbers__desc__seq6__6digits,order_numbers,number_sense,number_ordering,1,1,1.0,0.0,False
stu_1777340052928_1612,order_numbers__desc__seq6__6digits,order_numbers,sequential_thinking,number_ordering,1,1,1.0,0.0,False
stu_1777340052928_1612,order_numbers__desc__seq7__6digits,order_numbers,number_sense,number_ordering,2,2,1.0,0.0,False
stu_1777340052928_1612,order_numbers__desc__seq7__6digits,order_numbers,sequential_thinking,number_ordering,2,2,1.0,0.0,False
stu_1777340052928_1612,vertical_operations__AdditionWithCarry__3digits,vertical_operations,arithmetic_fluency,procedural_fluency,1,1,1.0,0.0,False
stu_1777340052928_1612,vertical_operations__AdditionWithCarry__4digits,vertical_operations,arithmetic_fluency,procedural_fluency,1,1,1.0,0.0,False
stu_1777340052928_1612,vertical_operations__MultiStepMultiplication__6digits,vertical_operations,arithmetic_fluency,procedural_fluency,1,1,1.0,0.0,False
stu_1777340052928_1612,vertical_operations__SubtractionWithBorrow__3digits,vertical_operations,arithmetic_fluency,procedural_fluency,1,1,1.0,0.0,False
stu_1777340052928_1612,what_number_do_you_hear__1digits__3options,what_number_do_you_hear,audio_recognition,audio_number_recognition,6,6,1.0,0.0,False
stu_1777374905378_409,find_previous_next_number__5digits__normal_range,find_previous_next_number,number_sense,number_sequencing,3,3,1.0,0.0,False
stu_1777374905378_409,find_previous_next_number__5digits__normal_range,find_previous_next_number,sequential_thinking,number_sequencing,3,3,1.0,0.0,False
stu_1777374905378_409,order_numbers__asc__seq3__6digits,order_numbers,number_sense,number_ordering,1,1,1.0,0.0,False
stu_1777374905378_409,order_numbers__asc__seq3__6digits,order_numbers,sequential_thinking,number_ordering,1,1,1.0,0.0,False
stu_1777374905378_409,order_numbers__asc__seq5__6digits,order_numbers,number_sense,number_ordering,1,1,1.0,0.0,False
stu_1777374905378_409,order_numbers__asc__seq5__6digits,order_numbers,sequential_thinking,number_ordering,1,1,1.0,0.0,False
stu_1777374905378_409,order_numbers__asc__seq7__6digits,order_numbers,number_sense,number_ordering,1,0,0.0,0.0,False
stu_1777374905378_409,order_numbers__asc__seq7__6digits,order_numbers,sequential_thinking,number_ordering,1,0,0.0,0.0,False
stu_1777374905378_409,order_numbers__desc__seq6__6digits,order_numbers,number_sense,number_ordering,2,0,0.0,0.0,False
stu_1777374905378_409,order_numbers__desc__seq6__6digits,order_numbers,sequential_thinking,number_ordering,2,0,0.0,0.0,False
stu_1777374905378_409,what_number_do_you_hear__1digits__3options,what_number_do_you_hear,audio_recognition,audio_number_recognition,5,5,1.0,0.0,False
stu_1777374905378_409,what_number_do_you_hear__2digits__3options,what_number_do_you_hear,audio_recognition,audio_number_recognition,1,1,1.0,0.0,False
stu_1780967494580_4312,choose_answer__Addition__OneStepProblem__1digits__2options,choose_answer,arithmetic_fluency,operation_identification_from_context,3,3,1.0,0.0,False
stu_1780967494580_4312,choose_answer__Addition__OneStepProblem__1digits__2options,choose_answer,number_sense,operation_identification_from_context,3,3,1.0,0.0,False
stu_1780967494580_4312,choose_answer__Addition__OneStepProblem__1digits__2options,choose_answer,sequential_thinking,operation_identification_from_context,3,3,1.0,0.0,False
stu_1780967494580_4312,choose_answer__Addition__OneStepProblem__2digits__3options,choose_answer,arithmetic_fluency,operation_identification_from_context,3,3,1.0,0.0,False
stu_1780967494580_4312,choose_answer__Addition__OneStepProblem__2digits__3options,choose_answer,number_sense,operation_identification_from_context,3,3,1.0,0.0,False
stu_1780967494580_4312,choose_answer__Addition__OneStepProblem__2digits__3options,choose_answer,sequential_thinking,operation_identification_from_context,3,3,1.0,0.0,False
stu_1780967494580_4312,choose_answer__Subtraction__OneStepProblem__2digits__3options,choose_answer,arithmetic_fluency,operation_identification_from_context,3,0,0.0,0.0,False
stu_1780967494580_4312,choose_answer__Subtraction__OneStepProblem__2digits__3options,choose_answer,number_sense,operation_identification_from_context,3,0,0.0,0.0,False
stu_1780967494580_4312,choose_answer__Subtraction__OneStepProblem__2digits__3options,choose_answer,sequential_thinking,operation_identification_from_context,3,0,0.0,0.0,False
stu_1780967494580_4312,compare_numbers__Equal__3digits,compare_numbers,comparison_skill,number_comparison,1,1,1.0,0.0,False
stu_1780967494580_4312,compare_numbers__Greater__3digits,compare_numbers,comparison_skill,number_comparison,3,3,1.0,0.0,False
stu_1780967494580_4312,compare_numbers__Less__3digits,compare_numbers,comparison_skill,number_comparison,3,3,1.0,0.0,False
stu_1780967494580_4312,decompose_number__2digits__2parts__zeroFalse,decompose_number,number_sense,place_value_decomposition,2,0,0.0,0.0,False
stu_1780967494580_4312,decompose_number__2digits__2parts__zeroFalse,decompose_number,visual_matching,place_value_decomposition,2,0,0.0,0.0,False
stu_1780967494580_4312,decompose_number__3digits__3parts__zeroFalse,decompose_number,number_sense,place_value_decomposition,2,0,0.0,0.0,False
stu_1780967494580_4312,decompose_number__3digits__3parts__zeroFalse,decompose_number,visual_matching,place_value_decomposition,2,0,0.0,0.0,False
stu_1780967494580_4312,find_previous_next_number__2digits__normal_range,find_previous_next_number,number_sense,number_sequencing,4,4,1.0,0.0,False
stu_1780967494580_4312,find_previous_next_number__2digits__normal_range,find_previous_next_number,sequential_thinking,number_sequencing,4,4,1.0,0.0,False
stu_1780967494580_4312,find_previous_next_number__3digits__normal_range,find_previous_next_number,number_sense,number_sequencing,7,7,1.0,0.5714285714285714,False
stu_1780967494580_4312,find_previous_next_number__3digits__normal_range,find_previous_next_number,sequential_thinking,number_sequencing,7,7,1.0,0.5714285714285714,False
stu_1780967494580_4312,find_previous_next_number__3digits__tens_transition,find_previous_next_number,number_sense,number_sequencing,2,0,0.0,0.0,False
stu_1780967494580_4312,find_previous_next_number__3digits__tens_transition,find_previous_next_number,sequential_thinking,number_sequencing,2,0,0.0,0.0,False
stu_1780967494580_4312,identify_place_value__2digits__all_digits_distinct,identify_place_value,number_sense,place_value_identification,2,2,1.0,0.0,False
stu_1780967494580_4312,identify_place_value__2digits__all_digits_same,identify_place_value,number_sense,place_value_identification,1,1,1.0,0.0,False
stu_1780967494580_4312,identify_place_value__3digits__all_digits_distinct,identify_place_value,number_sense,place_value_identification,5,4,0.8,0.0,False
stu_1780967494580_4312,identify_place_value__3digits__has_repeated_digits,identify_place_value,number_sense,place_value_identification,1,1,1.0,0.0,False
stu_1780967494580_4312,order_numbers__asc__seq4__3digits,order_numbers,number_sense,number_ordering,1,1,1.0,0.0,False
stu_1780967494580_4312,order_numbers__asc__seq4__3digits,order_numbers,sequential_thinking,number_ordering,1,1,1.0,0.0,False
stu_1780967494580_4312,order_numbers__asc__seq5__3digits,order_numbers,number_sense,number_ordering,2,2,1.0,0.0,False
stu_1780967494580_4312,order_numbers__asc__seq5__3digits,order_numbers,sequential_thinking,number_ordering,2,2,1.0,0.0,False
stu_1780967494580_4312,order_numbers__desc__seq2__3digits,order_numbers,number_sense,number_ordering,3,3,1.0,0.0,False
stu_1780967494580_4312,order_numbers__desc__seq2__3digits,order_numbers,sequential_thinking,number_ordering,3,3,1.0,0.0,False
stu_1780967494580_4312,order_numbers__desc__seq3__3digits,order_numbers,number_sense,number_ordering,1,1,1.0,0.0,False
stu_1780967494580_4312,order_numbers__desc__seq3__3digits,order_numbers,sequential_thinking,number_ordering,1,1,1.0,0.0,False
stu_1780967494580_4312,order_numbers__desc__seq4__3digits,order_numbers,number_sense,number_ordering,1,1,1.0,0.0,False
stu_1780967494580_4312,order_numbers__desc__seq4__3digits,order_numbers,sequential_thinking,number_ordering,1,1,1.0,0.0,False
stu_1780967494580_4312,read_number_aloud__3digits__display25s,read_number_aloud,audio_recognition,number_reading_aloud,5,1,0.2,0.4,False
stu_1780967494580_4312,read_number_aloud__3digits__display25s,read_number_aloud,number_sense,number_reading_aloud,5,1,0.2,0.4,False
stu_1780967494580_4312,tap_matching_pairs__1digits__6pairs,tap_matching_pairs,visual_matching,visual_matching,7,6,0.8571428571428571,0.0,False
stu_1780967494580_4312,tap_matching_pairs__2digits__6pairs,tap_matching_pairs,visual_matching,visual_matching,7,7,1.0,0.14285714285714285,False
stu_1780967494580_4312,tap_matching_pairs__3digits__6pairs,tap_matching_pairs,visual_matching,visual_matching,4,4,1.0,0.25,False
stu_1780967494580_4312,vertical_operations__AdditionWithCarry__2digits,vertical_operations,arithmetic_fluency,procedural_fluency,5,3,0.6,0.0,False
stu_1780967494580_4312,vertical_operations__AdditionWithCarry__3digits,vertical_operations,arithmetic_fluency,procedural_fluency,1,0,0.0,0.0,False
stu_1780967494580_4312,vertical_operations__SimpleSubtraction__1digits,vertical_operations,arithmetic_fluency,procedural_fluency,3,1,0.3333333333333333,0.0,False
stu_1780967494580_4312,vertical_operations__SubtractionWithBorrow__2digits,vertical_operations,arithmetic_fluency,procedural_fluency,3,0,0.0,0.0,False
stu_1780967494580_4312,what_number_do_you_hear__1digits__3options,what_number_do_you_hear,audio_recognition,audio_number_recognition,10,8,0.8,0.0,False
stu_1780967494580_4312,what_number_do_you_hear__2digits__3options,what_number_do_you_hear,audio_recognition,audio_number_recognition,2,1,0.5,0.0,False
stu_1780967494580_4312,write_number_in_letters__3digits__langar,write_number_in_letters,number_sense,number_writing,8,7,0.875,0.0,False
stu_1780967494580_4312,write_number_in_letters__3digits__langar,write_number_in_letters,sequential_thinking,number_writing,8,7,0.875,0.0,False
stu_1780967494776_5259,choose_answer__Addition__OneStepProblem__1digits__2options,choose_answer,arithmetic_fluency,operation_identification_from_context,3,3,1.0,0.0,False
stu_1780967494776_5259,choose_answer__Addition__OneStepProblem__1digits__2options,choose_answer,number_sense,operation_identification_from_context,3,3,1.0,0.0,False
stu_1780967494776_5259,choose_answer__Addition__OneStepProblem__1digits__2options,choose_answer,sequential_thinking,operation_identification_from_context,3,3,1.0,0.0,False
stu_1780967494776_5259,choose_answer__Addition__OneStepProblem__1digits__3options,choose_answer,arithmetic_fluency,operation_identification_from_context,1,1,1.0,1.0,False
stu_1780967494776_5259,choose_answer__Addition__OneStepProblem__1digits__3options,choose_answer,number_sense,operation_identification_from_context,1,1,1.0,1.0,False
stu_1780967494776_5259,choose_answer__Addition__OneStepProblem__1digits__3options,choose_answer,sequential_thinking,operation_identification_from_context,1,1,1.0,1.0,False
stu_1780967494776_5259,choose_answer__Addition__OneStepProblem__2digits__3options,choose_answer,arithmetic_fluency,operation_identification_from_context,3,3,1.0,0.0,False
stu_1780967494776_5259,choose_answer__Addition__OneStepProblem__2digits__3options,choose_answer,number_sense,operation_identification_from_context,3,3,1.0,0.0,False
stu_1780967494776_5259,choose_answer__Addition__OneStepProblem__2digits__3options,choose_answer,sequential_thinking,operation_identification_from_context,3,3,1.0,0.0,False
stu_1780967494776_5259,choose_answer__Subtraction__OneStepProblem__2digits__3options,choose_answer,arithmetic_fluency,operation_identification_from_context,8,7,0.875,0.125,False
stu_1780967494776_5259,choose_answer__Subtraction__OneStepProblem__2digits__3options,choose_answer,number_sense,operation_identification_from_context,8,7,0.875,0.125,False
stu_1780967494776_5259,choose_answer__Subtraction__OneStepProblem__2digits__3options,choose_answer,sequential_thinking,operation_identification_from_context,8,7,0.875,0.125,False
stu_1780967494776_5259,compare_numbers__Equal__3digits,compare_numbers,comparison_skill,number_comparison,3,3,1.0,0.0,False
stu_1780967494776_5259,compare_numbers__Greater__3digits,compare_numbers,comparison_skill,number_comparison,5,5,1.0,0.0,False
stu_1780967494776_5259,compare_numbers__Less__3digits,compare_numbers,comparison_skill,number_comparison,5,5,1.0,0.0,False
stu_1780967494776_5259,decompose_number__2digits__2parts__zeroFalse,decompose_number,number_sense,place_value_decomposition,2,2,1.0,0.0,False
stu_1780967494776_5259,decompose_number__2digits__2parts__zeroFalse,decompose_number,visual_matching,place_value_decomposition,2,2,1.0,0.0,False
stu_1780967494776_5259,decompose_number__3digits__2parts__zeroFalse,decompose_number,number_sense,place_value_decomposition,2,2,1.0,0.0,False
stu_1780967494776_5259,decompose_number__3digits__2parts__zeroFalse,decompose_number,visual_matching,place_value_decomposition,2,2,1.0,0.0,False
stu_1780967494776_5259,decompose_number__3digits__3parts__zeroFalse,decompose_number,number_sense,place_value_decomposition,4,4,1.0,0.0,False
stu_1780967494776_5259,decompose_number__3digits__3parts__zeroFalse,decompose_number,visual_matching,place_value_decomposition,4,4,1.0,0.0,False
stu_1780967494776_5259,find_previous_next_number__2digits__normal_range,find_previous_next_number,number_sense,number_sequencing,1,1,1.0,0.0,False
stu_1780967494776_5259,find_previous_next_number__2digits__normal_range,find_previous_next_number,sequential_thinking,number_sequencing,1,1,1.0,0.0,False
stu_1780967494776_5259,find_previous_next_number__3digits__hundreds_transition,find_previous_next_number,number_sense,number_sequencing,14,14,1.0,0.0,False
stu_1780967494776_5259,find_previous_next_number__3digits__hundreds_transition,find_previous_next_number,sequential_thinking,number_sequencing,14,14,1.0,0.0,False
stu_1780967494776_5259,find_previous_next_number__3digits__normal_range,find_previous_next_number,number_sense,number_sequencing,7,6,0.8571428571428571,0.0,False
stu_1780967494776_5259,find_previous_next_number__3digits__normal_range,find_previous_next_number,sequential_thinking,number_sequencing,7,6,0.8571428571428571,0.0,False
stu_1780967494776_5259,find_previous_next_number__3digits__tens_transition,find_previous_next_number,number_sense,number_sequencing,1,1,1.0,0.0,False
stu_1780967494776_5259,find_previous_next_number__3digits__tens_transition,find_previous_next_number,sequential_thinking,number_sequencing,1,1,1.0,0.0,False
stu_1780967494776_5259,identify_place_value__3digits__all_digits_distinct,identify_place_value,number_sense,place_value_identification,10,10,1.0,0.0,False
stu_1780967494776_5259,identify_place_value__3digits__has_repeated_digits,identify_place_value,number_sense,place_value_identification,2,2,1.0,0.0,False
stu_1780967494776_5259,order_numbers__asc__seq2__2digits,order_numbers,number_sense,number_ordering,1,1,1.0,0.0,False
stu_1780967494776_5259,order_numbers__asc__seq2__2digits,order_numbers,sequential_thinking,number_ordering,1,1,1.0,0.0,False
stu_1780967494776_5259,order_numbers__asc__seq2__3digits,order_numbers,number_sense,number_ordering,1,1,1.0,0.0,True
stu_1780967494776_5259,order_numbers__asc__seq2__3digits,order_numbers,sequential_thinking,number_ordering,1,1,1.0,0.0,True
stu_1780967494776_5259,order_numbers__asc__seq3__3digits,order_numbers,number_sense,number_ordering,2,0,0.0,0.0,False
stu_1780967494776_5259,order_numbers__asc__seq3__3digits,order_numbers,sequential_thinking,number_ordering,2,0,0.0,0.0,False
stu_1780967494776_5259,order_numbers__asc__seq4__3digits,order_numbers,number_sense,number_ordering,2,0,0.0,0.0,False
stu_1780967494776_5259,order_numbers__asc__seq4__3digits,order_numbers,sequential_thinking,number_ordering,2,0,0.0,0.0,False
stu_1780967494776_5259,order_numbers__asc__seq5__3digits,order_numbers,number_sense,number_ordering,2,1,0.5,0.0,False
stu_1780967494776_5259,order_numbers__asc__seq5__3digits,order_numbers,sequential_thinking,number_ordering,2,1,0.5,0.0,False
stu_1780967494776_5259,order_numbers__desc__seq2__2digits,order_numbers,number_sense,number_ordering,1,1,1.0,0.0,False
stu_1780967494776_5259,order_numbers__desc__seq2__2digits,order_numbers,sequential_thinking,number_ordering,1,1,1.0,0.0,False
stu_1780967494776_5259,order_numbers__desc__seq2__3digits,order_numbers,number_sense,number_ordering,1,1,1.0,0.0,False
stu_1780967494776_5259,order_numbers__desc__seq2__3digits,order_numbers,sequential_thinking,number_ordering,1,1,1.0,0.0,False
stu_1780967494776_5259,order_numbers__desc__seq3__2digits,order_numbers,number_sense,number_ordering,1,1,1.0,0.0,False
stu_1780967494776_5259,order_numbers__desc__seq3__2digits,order_numbers,sequential_thinking,number_ordering,1,1,1.0,0.0,False
stu_1780967494776_5259,order_numbers__desc__seq3__3digits,order_numbers,number_sense,number_ordering,5,2,0.4,0.0,False
stu_1780967494776_5259,order_numbers__desc__seq3__3digits,order_numbers,sequential_thinking,number_ordering,5,2,0.4,0.0,False
stu_1780967494776_5259,order_numbers__desc__seq4__3digits,order_numbers,number_sense,number_ordering,1,1,1.0,0.0,False
stu_1780967494776_5259,order_numbers__desc__seq4__3digits,order_numbers,sequential_thinking,number_ordering,1,1,1.0,0.0,False
stu_1780967494776_5259,order_numbers__desc__seq5__3digits,order_numbers,number_sense,number_ordering,2,2,1.0,0.0,False
stu_1780967494776_5259,order_numbers__desc__seq5__3digits,order_numbers,sequential_thinking,number_ordering,2,2,1.0,0.0,False
stu_1780967494776_5259,read_number_aloud__2digits__display25s,read_number_aloud,audio_recognition,number_reading_aloud,7,4,0.5714285714285714,0.2857142857142857,True
stu_1780967494776_5259,read_number_aloud__2digits__display25s,read_number_aloud,number_sense,number_reading_aloud,7,4,0.5714285714285714,0.2857142857142857,True
stu_1780967494776_5259,read_number_aloud__3digits__display25s,read_number_aloud,audio_recognition,number_reading_aloud,2,1,0.5,0.0,False
stu_1780967494776_5259,read_number_aloud__3digits__display25s,read_number_aloud,number_sense,number_reading_aloud,2,1,0.5,0.0,False
stu_1780967494776_5259,read_number_aloud__4digits__display25s,read_number_aloud,audio_recognition,number_reading_aloud,1,0,0.0,0.0,True
stu_1780967494776_5259,read_number_aloud__4digits__display25s,read_number_aloud,number_sense,number_reading_aloud,1,0,0.0,0.0,True
stu_1780967494776_5259,tap_matching_pairs__1digits__6pairs,tap_matching_pairs,visual_matching,visual_matching,1,1,1.0,0.0,False
stu_1780967494776_5259,tap_matching_pairs__1digits__8pairs,tap_matching_pairs,visual_matching,visual_matching,5,5,1.0,0.0,False
stu_1780967494776_5259,tap_matching_pairs__2digits__6pairs,tap_matching_pairs,visual_matching,visual_matching,4,4,1.0,0.0,False
stu_1780967494776_5259,tap_matching_pairs__2digits__8pairs,tap_matching_pairs,visual_matching,visual_matching,6,6,1.0,0.16666666666666666,False
stu_1780967494776_5259,tap_matching_pairs__3digits__6pairs,tap_matching_pairs,visual_matching,visual_matching,7,7,1.0,0.0,False
stu_1780967494776_5259,tap_matching_pairs__3digits__8pairs,tap_matching_pairs,visual_matching,visual_matching,5,5,1.0,0.2,False
stu_1780967494776_5259,tap_matching_pairs__unknowndigits__8pairs,tap_matching_pairs,visual_matching,visual_matching,1,0,0.0,0.0,False
stu_1780967494776_5259,vertical_operations__AdditionWithCarry__2digits,vertical_operations,arithmetic_fluency,procedural_fluency,3,0,0.0,0.0,False
stu_1780967494776_5259,vertical_operations__AdditionWithCarry__3digits,vertical_operations,arithmetic_fluency,procedural_fluency,1,0,0.0,0.0,False
stu_1780967494776_5259,vertical_operations__SimpleAddition__2digits,vertical_operations,arithmetic_fluency,procedural_fluency,1,0,0.0,0.0,False
stu_1780967494776_5259,vertical_operations__SimpleSubtraction__2digits,vertical_operations,arithmetic_fluency,procedural_fluency,5,5,1.0,0.0,False
stu_1780967494776_5259,what_number_do_you_hear__1digits__3options,what_number_do_you_hear,audio_recognition,audio_number_recognition,3,3,1.0,0.0,False
stu_1780967494776_5259,what_number_do_you_hear__2digits__3options,what_number_do_you_hear,audio_recognition,audio_number_recognition,3,3,1.0,0.0,False
stu_1780967494776_5259,write_number_in_letters__3digits__langar,write_number_in_letters,number_sense,number_writing,17,17,1.0,0.0,False
stu_1780967494776_5259,write_number_in_letters__3digits__langar,write_number_in_letters,sequential_thinking,number_writing,17,17,1.0,0.0,False
stu_1780967494964_3113,choose_answer__Addition__OneStepProblem__1digits__3options,choose_answer,arithmetic_fluency,operation_identification_from_context,1,1,1.0,0.0,False
stu_1780967494964_3113,choose_answer__Addition__OneStepProblem__1digits__3options,choose_answer,number_sense,operation_identification_from_context,1,1,1.0,0.0,False
stu_1780967494964_3113,choose_answer__Addition__OneStepProblem__1digits__3options,choose_answer,sequential_thinking,operation_identification_from_context,1,1,1.0,0.0,False
stu_1780967494964_3113,choose_answer__Addition__OneStepProblem__2digits__3options,choose_answer,arithmetic_fluency,operation_identification_from_context,6,6,1.0,0.0,False
stu_1780967494964_3113,choose_answer__Addition__OneStepProblem__2digits__3options,choose_answer,number_sense,operation_identification_from_context,6,6,1.0,0.0,False
stu_1780967494964_3113,choose_answer__Addition__OneStepProblem__2digits__3options,choose_answer,sequential_thinking,operation_identification_from_context,6,6,1.0,0.0,False
stu_1780967494964_3113,choose_answer__Subtraction-Multiplication__MultiStepProblem__2digits__3options,choose_answer,arithmetic_fluency,operation_identification_from_context,1,1,1.0,1.0,True
stu_1780967494964_3113,choose_answer__Subtraction-Multiplication__MultiStepProblem__2digits__3options,choose_answer,number_sense,operation_identification_from_context,1,1,1.0,1.0,True
stu_1780967494964_3113,choose_answer__Subtraction-Multiplication__MultiStepProblem__2digits__3options,choose_answer,sequential_thinking,operation_identification_from_context,1,1,1.0,1.0,True
stu_1780967494964_3113,choose_answer__Subtraction__OneStepProblem__2digits__3options,choose_answer,arithmetic_fluency,operation_identification_from_context,7,7,1.0,0.2857142857142857,False
stu_1780967494964_3113,choose_answer__Subtraction__OneStepProblem__2digits__3options,choose_answer,number_sense,operation_identification_from_context,7,7,1.0,0.2857142857142857,False
stu_1780967494964_3113,choose_answer__Subtraction__OneStepProblem__2digits__3options,choose_answer,sequential_thinking,operation_identification_from_context,7,7,1.0,0.2857142857142857,False
stu_1780967494964_3113,compare_numbers__Equal__3digits,compare_numbers,comparison_skill,number_comparison,4,4,1.0,0.0,False
stu_1780967494964_3113,compare_numbers__Greater__3digits,compare_numbers,comparison_skill,number_comparison,5,5,1.0,0.0,False
stu_1780967494964_3113,compare_numbers__Less__3digits,compare_numbers,comparison_skill,number_comparison,5,5,1.0,0.0,False
stu_1780967494964_3113,decompose_number__3digits__2parts__zeroFalse,decompose_number,number_sense,place_value_decomposition,2,2,1.0,0.0,False
stu_1780967494964_3113,decompose_number__3digits__2parts__zeroFalse,decompose_number,visual_matching,place_value_decomposition,2,2,1.0,0.0,False
stu_1780967494964_3113,decompose_number__3digits__3parts__zeroFalse,decompose_number,number_sense,place_value_decomposition,4,3,0.75,0.0,False
stu_1780967494964_3113,decompose_number__3digits__3parts__zeroFalse,decompose_number,visual_matching,place_value_decomposition,4,3,0.75,0.0,False
stu_1780967494964_3113,find_previous_next_number__3digits__normal_range,find_previous_next_number,number_sense,number_sequencing,10,10,1.0,0.0,False
stu_1780967494964_3113,find_previous_next_number__3digits__normal_range,find_previous_next_number,sequential_thinking,number_sequencing,10,10,1.0,0.0,False
stu_1780967494964_3113,find_previous_next_number__3digits__tens_transition,find_previous_next_number,number_sense,number_sequencing,2,2,1.0,0.0,False
stu_1780967494964_3113,find_previous_next_number__3digits__tens_transition,find_previous_next_number,sequential_thinking,number_sequencing,2,2,1.0,0.0,False
stu_1780967494964_3113,identify_place_value__2digits__all_digits_distinct,identify_place_value,number_sense,place_value_identification,5,5,1.0,0.0,False
stu_1780967494964_3113,identify_place_value__2digits__all_digits_same,identify_place_value,number_sense,place_value_identification,1,1,1.0,0.0,False
stu_1780967494964_3113,identify_place_value__3digits__all_digits_distinct,identify_place_value,number_sense,place_value_identification,11,10,0.9090909090909091,0.0,False
stu_1780967494964_3113,identify_place_value__3digits__has_repeated_digits,identify_place_value,number_sense,place_value_identification,4,3,0.75,0.0,False
stu_1780967494964_3113,order_numbers__asc__seq2__3digits,order_numbers,number_sense,number_ordering,1,1,1.0,0.0,True
stu_1780967494964_3113,order_numbers__asc__seq2__3digits,order_numbers,sequential_thinking,number_ordering,1,1,1.0,0.0,True
stu_1780967494964_3113,order_numbers__asc__seq3__3digits,order_numbers,number_sense,number_ordering,2,2,1.0,0.0,False
stu_1780967494964_3113,order_numbers__asc__seq3__3digits,order_numbers,sequential_thinking,number_ordering,2,2,1.0,0.0,False
stu_1780967494964_3113,order_numbers__asc__seq4__3digits,order_numbers,number_sense,number_ordering,1,1,1.0,0.0,False
stu_1780967494964_3113,order_numbers__asc__seq4__3digits,order_numbers,sequential_thinking,number_ordering,1,1,1.0,0.0,False
stu_1780967494964_3113,order_numbers__asc__seq5__3digits,order_numbers,number_sense,number_ordering,1,1,1.0,0.0,False
stu_1780967494964_3113,order_numbers__asc__seq5__3digits,order_numbers,sequential_thinking,number_ordering,1,1,1.0,0.0,False
stu_1780967494964_3113,order_numbers__desc__seq2__3digits,order_numbers,number_sense,number_ordering,3,3,1.0,0.0,False
stu_1780967494964_3113,order_numbers__desc__seq2__3digits,order_numbers,sequential_thinking,number_ordering,3,3,1.0,0.0,False
stu_1780967494964_3113,order_numbers__desc__seq3__3digits,order_numbers,number_sense,number_ordering,2,2,1.0,0.0,False
stu_1780967494964_3113,order_numbers__desc__seq3__3digits,order_numbers,sequential_thinking,number_ordering,2,2,1.0,0.0,False
stu_1780967494964_3113,order_numbers__desc__seq4__3digits,order_numbers,number_sense,number_ordering,3,3,1.0,0.0,False
stu_1780967494964_3113,order_numbers__desc__seq4__3digits,order_numbers,sequential_thinking,number_ordering,3,3,1.0,0.0,False
stu_1780967494964_3113,order_numbers__desc__seq5__3digits,order_numbers,number_sense,number_ordering,4,4,1.0,0.0,False
stu_1780967494964_3113,order_numbers__desc__seq5__3digits,order_numbers,sequential_thinking,number_ordering,4,4,1.0,0.0,False
stu_1780967494964_3113,read_number_aloud__3digits__display25s,read_number_aloud,audio_recognition,number_reading_aloud,5,2,0.4,0.4,False
stu_1780967494964_3113,read_number_aloud__3digits__display25s,read_number_aloud,number_sense,number_reading_aloud,5,2,0.4,0.4,False
stu_1780967494964_3113,tap_matching_pairs__1digits__6pairs,tap_matching_pairs,visual_matching,visual_matching,4,4,1.0,0.0,False
stu_1780967494964_3113,tap_matching_pairs__1digits__8pairs,tap_matching_pairs,visual_matching,visual_matching,4,4,1.0,0.25,False
stu_1780967494964_3113,tap_matching_pairs__2digits__6pairs,tap_matching_pairs,visual_matching,visual_matching,4,4,1.0,0.0,False
stu_1780967494964_3113,tap_matching_pairs__2digits__8pairs,tap_matching_pairs,visual_matching,visual_matching,9,9,1.0,0.1111111111111111,False
stu_1780967494964_3113,tap_matching_pairs__3digits__6pairs,tap_matching_pairs,visual_matching,visual_matching,4,4,1.0,0.0,False
stu_1780967494964_3113,tap_matching_pairs__3digits__8pairs,tap_matching_pairs,visual_matching,visual_matching,11,11,1.0,0.45454545454545453,False
stu_1780967494964_3113,vertical_operations__AdditionWithCarry__2digits,vertical_operations,arithmetic_fluency,procedural_fluency,1,1,1.0,0.0,False
stu_1780967494964_3113,vertical_operations__SimpleAddition__2digits,vertical_operations,arithmetic_fluency,procedural_fluency,6,6,1.0,0.0,False
stu_1780967494964_3113,vertical_operations__SimpleSubtraction__2digits,vertical_operations,arithmetic_fluency,procedural_fluency,5,5,1.0,0.0,False
stu_1780967494964_3113,vertical_operations__SubtractionWithBorrow__2digits,vertical_operations,arithmetic_fluency,procedural_fluency,2,2,1.0,0.0,False
stu_1780967494964_3113,what_number_do_you_hear__1digits__3options,what_number_do_you_hear,audio_recognition,audio_number_recognition,4,3,0.75,0.0,False
stu_1780967494964_3113,what_number_do_you_hear__2digits__3options,what_number_do_you_hear,audio_recognition,audio_number_recognition,2,2,1.0,0.0,False
stu_1780967494964_3113,write_number_in_letters__3digits__langar,write_number_in_letters,number_sense,number_writing,17,17,1.0,0.0,False
stu_1780967494964_3113,write_number_in_letters__3digits__langar,write_number_in_letters,sequential_thinking,number_writing,17,17,1.0,0.0,False
stu_1780967760765_5855,choose_answer__Addition__OneStepProblem__2digits__3options,choose_answer,arithmetic_fluency,operation_identification_from_context,1,1,1.0,0.0,False
stu_1780967760765_5855,choose_answer__Addition__OneStepProblem__2digits__3options,choose_answer,number_sense,operation_identification_from_context,1,1,1.0,0.0,False
stu_1780967760765_5855,choose_answer__Addition__OneStepProblem__2digits__3options,choose_answer,sequential_thinking,operation_identification_from_context,1,1,1.0,0.0,False
stu_1780967760765_5855,choose_answer__Subtraction__OneStepProblem__2digits__3options,choose_answer,arithmetic_fluency,operation_identification_from_context,2,1,0.5,0.0,False
stu_1780967760765_5855,choose_answer__Subtraction__OneStepProblem__2digits__3options,choose_answer,number_sense,operation_identification_from_context,2,1,0.5,0.0,False
stu_1780967760765_5855,choose_answer__Subtraction__OneStepProblem__2digits__3options,choose_answer,sequential_thinking,operation_identification_from_context,2,1,0.5,0.0,False
stu_1780967760765_5855,compare_numbers__Equal__3digits,compare_numbers,comparison_skill,number_comparison,1,1,1.0,0.0,False
stu_1780967760765_5855,compare_numbers__Greater__3digits,compare_numbers,comparison_skill,number_comparison,1,1,1.0,0.0,False
stu_1780967760765_5855,compare_numbers__Less__3digits,compare_numbers,comparison_skill,number_comparison,1,1,1.0,0.0,False
stu_1780967760765_5855,find_previous_next_number__3digits__normal_range,find_previous_next_number,number_sense,number_sequencing,1,1,1.0,0.0,False
stu_1780967760765_5855,find_previous_next_number__3digits__normal_range,find_previous_next_number,sequential_thinking,number_sequencing,1,1,1.0,0.0,False
stu_1780967760765_5855,find_previous_next_number__3digits__tens_transition,find_previous_next_number,number_sense,number_sequencing,10,6,0.6,0.0,False
stu_1780967760765_5855,find_previous_next_number__3digits__tens_transition,find_previous_next_number,sequential_thinking,number_sequencing,10,6,0.6,0.0,False
stu_1780967760765_5855,identify_place_value__3digits__all_digits_distinct,identify_place_value,number_sense,place_value_identification,3,3,1.0,0.0,False
stu_1780967760765_5855,order_numbers__asc__seq3__3digits,order_numbers,number_sense,number_ordering,1,1,1.0,0.0,False
stu_1780967760765_5855,order_numbers__asc__seq3__3digits,order_numbers,sequential_thinking,number_ordering,1,1,1.0,0.0,False
stu_1780967760765_5855,order_numbers__asc__seq5__3digits,order_numbers,number_sense,number_ordering,1,1,1.0,0.0,False
stu_1780967760765_5855,order_numbers__asc__seq5__3digits,order_numbers,sequential_thinking,number_ordering,1,1,1.0,0.0,False
stu_1780967760765_5855,order_numbers__desc__seq2__3digits,order_numbers,number_sense,number_ordering,1,1,1.0,0.0,False
stu_1780967760765_5855,order_numbers__desc__seq2__3digits,order_numbers,sequential_thinking,number_ordering,1,1,1.0,0.0,False
stu_1780967760765_5855,order_numbers__desc__seq4__3digits,order_numbers,number_sense,number_ordering,1,1,1.0,0.0,False
stu_1780967760765_5855,order_numbers__desc__seq4__3digits,order_numbers,sequential_thinking,number_ordering,1,1,1.0,0.0,False
stu_1780967760765_5855,tap_matching_pairs__2digits__6pairs,tap_matching_pairs,visual_matching,visual_matching,5,5,1.0,0.0,False
stu_1780967760765_5855,tap_matching_pairs__3digits__6pairs,tap_matching_pairs,visual_matching,visual_matching,1,1,1.0,0.0,False
stu_1780967760765_5855,vertical_operations__AdditionWithCarry__2digits,vertical_operations,arithmetic_fluency,procedural_fluency,2,1,0.5,0.0,False
stu_1780967760765_5855,vertical_operations__SimpleSubtraction__1digits,vertical_operations,arithmetic_fluency,procedural_fluency,1,1,1.0,0.0,False
stu_1780967760765_5855,vertical_operations__SubtractionWithBorrow__2digits,vertical_operations,arithmetic_fluency,procedural_fluency,1,0,0.0,0.0,False
stu_1780967760765_5855,write_number_in_letters__3digits__langar,write_number_in_letters,number_sense,number_writing,6,3,0.5,0.0,False
stu_1780967760765_5855,write_number_in_letters__3digits__langar,write_number_in_letters,sequential_thinking,number_writing,6,3,0.5,0.0,False
stu_1780967760954_1871,choose_answer__Addition__OneStepProblem__2digits__3options,choose_answer,arithmetic_fluency,operation_identification_from_context,23,23,1.0,0.043478260869565216,False
stu_1780967760954_1871,choose_answer__Addition__OneStepProblem__2digits__3options,choose_answer,number_sense,operation_identification_from_context,23,23,1.0,0.043478260869565216,False
stu_1780967760954_1871,choose_answer__Addition__OneStepProblem__2digits__3options,choose_answer,sequential_thinking,operation_identification_from_context,23,23,1.0,0.043478260869565216,False
stu_1780967760954_1871,choose_answer__Multiplication__OneStepProblem__2digits__3options,choose_answer,arithmetic_fluency,operation_identification_from_context,1,1,1.0,0.0,False
stu_1780967760954_1871,choose_answer__Multiplication__OneStepProblem__2digits__3options,choose_answer,number_sense,operation_identification_from_context,1,1,1.0,0.0,False
stu_1780967760954_1871,choose_answer__Multiplication__OneStepProblem__2digits__3options,choose_answer,sequential_thinking,operation_identification_from_context,1,1,1.0,0.0,False
stu_1780967760954_1871,choose_answer__Subtraction__OneStepProblem__2digits__3options,choose_answer,arithmetic_fluency,operation_identification_from_context,4,4,1.0,0.25,False
stu_1780967760954_1871,choose_answer__Subtraction__OneStepProblem__2digits__3options,choose_answer,number_sense,operation_identification_from_context,4,4,1.0,0.25,False
stu_1780967760954_1871,choose_answer__Subtraction__OneStepProblem__2digits__3options,choose_answer,sequential_thinking,operation_identification_from_context,4,4,1.0,0.25,False
stu_1780967760954_1871,compare_numbers__Equal__3digits,compare_numbers,comparison_skill,number_comparison,2,2,1.0,0.0,False
stu_1780967760954_1871,compare_numbers__Greater__3digits,compare_numbers,comparison_skill,number_comparison,2,2,1.0,0.5,False
stu_1780967760954_1871,compare_numbers__Less__3digits,compare_numbers,comparison_skill,number_comparison,2,2,1.0,0.0,False
stu_1780967760954_1871,decompose_number__3digits__3parts__zeroFalse,decompose_number,number_sense,place_value_decomposition,4,4,1.0,0.0,False
stu_1780967760954_1871,decompose_number__3digits__3parts__zeroFalse,decompose_number,visual_matching,place_value_decomposition,4,4,1.0,0.0,False
stu_1780967760954_1871,find_previous_next_number__2digits__normal_range,find_previous_next_number,number_sense,number_sequencing,2,2,1.0,0.0,False
stu_1780967760954_1871,find_previous_next_number__2digits__normal_range,find_previous_next_number,sequential_thinking,number_sequencing,2,2,1.0,0.0,False
stu_1780967760954_1871,find_previous_next_number__2digits__tens_transition,find_previous_next_number,number_sense,number_sequencing,2,2,1.0,0.0,False
stu_1780967760954_1871,find_previous_next_number__2digits__tens_transition,find_previous_next_number,sequential_thinking,number_sequencing,2,2,1.0,0.0,False
stu_1780967760954_1871,find_previous_next_number__3digits__normal_range,find_previous_next_number,number_sense,number_sequencing,6,4,0.6666666666666666,0.0,False
stu_1780967760954_1871,find_previous_next_number__3digits__normal_range,find_previous_next_number,sequential_thinking,number_sequencing,6,4,0.6666666666666666,0.0,False
stu_1780967760954_1871,identify_place_value__2digits__all_digits_distinct,identify_place_value,number_sense,place_value_identification,8,8,1.0,0.0,False
stu_1780967760954_1871,identify_place_value__3digits__all_digits_distinct,identify_place_value,number_sense,place_value_identification,6,4,0.6666666666666666,0.0,False
stu_1780967760954_1871,identify_place_value__3digits__has_repeated_digits,identify_place_value,number_sense,place_value_identification,3,2,0.6666666666666666,0.0,False
stu_1780967760954_1871,order_numbers__asc__seq2__3digits,order_numbers,number_sense,number_ordering,2,2,1.0,0.0,True
stu_1780967760954_1871,order_numbers__asc__seq2__3digits,order_numbers,sequential_thinking,number_ordering,2,2,1.0,0.0,True
stu_1780967760954_1871,order_numbers__asc__seq3__3digits,order_numbers,number_sense,number_ordering,1,1,1.0,0.0,False
stu_1780967760954_1871,order_numbers__asc__seq3__3digits,order_numbers,sequential_thinking,number_ordering,1,1,1.0,0.0,False
stu_1780967760954_1871,order_numbers__asc__seq4__3digits,order_numbers,number_sense,number_ordering,2,2,1.0,0.0,False
stu_1780967760954_1871,order_numbers__asc__seq4__3digits,order_numbers,sequential_thinking,number_ordering,2,2,1.0,0.0,False
stu_1780967760954_1871,order_numbers__desc__seq2__3digits,order_numbers,number_sense,number_ordering,1,1,1.0,0.0,False
stu_1780967760954_1871,order_numbers__desc__seq2__3digits,order_numbers,sequential_thinking,number_ordering,1,1,1.0,0.0,False
stu_1780967760954_1871,order_numbers__desc__seq3__3digits,order_numbers,number_sense,number_ordering,1,1,1.0,0.0,False
stu_1780967760954_1871,order_numbers__desc__seq3__3digits,order_numbers,sequential_thinking,number_ordering,1,1,1.0,0.0,False
stu_1780967760954_1871,order_numbers__desc__seq4__3digits,order_numbers,number_sense,number_ordering,1,1,1.0,0.0,False
stu_1780967760954_1871,order_numbers__desc__seq4__3digits,order_numbers,sequential_thinking,number_ordering,1,1,1.0,0.0,False
stu_1780967760954_1871,order_numbers__desc__seq5__3digits,order_numbers,number_sense,number_ordering,2,2,1.0,0.0,False
stu_1780967760954_1871,order_numbers__desc__seq5__3digits,order_numbers,sequential_thinking,number_ordering,2,2,1.0,0.0,False
stu_1780967760954_1871,read_number_aloud__3digits__display25s,read_number_aloud,audio_recognition,number_reading_aloud,5,0,0.0,0.8,False
stu_1780967760954_1871,read_number_aloud__3digits__display25s,read_number_aloud,number_sense,number_reading_aloud,5,0,0.0,0.8,False
stu_1780967760954_1871,tap_matching_pairs__1digits__6pairs,tap_matching_pairs,visual_matching,visual_matching,9,8,0.8888888888888888,0.0,False
stu_1780967760954_1871,tap_matching_pairs__1digits__8pairs,tap_matching_pairs,visual_matching,visual_matching,11,11,1.0,0.18181818181818182,False
stu_1780967760954_1871,tap_matching_pairs__2digits__6pairs,tap_matching_pairs,visual_matching,visual_matching,4,4,1.0,0.25,False
stu_1780967760954_1871,tap_matching_pairs__2digits__8pairs,tap_matching_pairs,visual_matching,visual_matching,10,9,0.9,0.3,False
stu_1780967760954_1871,tap_matching_pairs__3digits__6pairs,tap_matching_pairs,visual_matching,visual_matching,3,3,1.0,0.0,False
stu_1780967760954_1871,tap_matching_pairs__3digits__8pairs,tap_matching_pairs,visual_matching,visual_matching,3,3,1.0,0.6666666666666666,False
stu_1780967760954_1871,tap_matching_pairs__unknowndigits__6pairs,tap_matching_pairs,visual_matching,visual_matching,1,0,0.0,0.0,True
stu_1780967760954_1871,tap_matching_pairs__unknowndigits__8pairs,tap_matching_pairs,visual_matching,visual_matching,1,0,0.0,0.0,False
stu_1780967760954_1871,vertical_operations__AdditionWithCarry__2digits,vertical_operations,arithmetic_fluency,procedural_fluency,1,1,1.0,0.0,False
stu_1780967760954_1871,vertical_operations__AdditionWithCarry__3digits,vertical_operations,arithmetic_fluency,procedural_fluency,3,3,1.0,0.0,False
stu_1780967760954_1871,vertical_operations__SimpleSubtraction__2digits,vertical_operations,arithmetic_fluency,procedural_fluency,4,1,0.25,0.0,False
stu_1780967760954_1871,write_number_in_letters__3digits__langar,write_number_in_letters,number_sense,number_writing,8,5,0.625,0.0,False
stu_1780967760954_1871,write_number_in_letters__3digits__langar,write_number_in_letters,sequential_thinking,number_writing,8,5,0.625,0.0,False
stu_1780967761139_4648,choose_answer__Addition__OneStepProblem__1digits__2options,choose_answer,arithmetic_fluency,operation_identification_from_context,3,2,0.6666666666666666,0.0,False
stu_1780967761139_4648,choose_answer__Addition__OneStepProblem__1digits__2options,choose_answer,number_sense,operation_identification_from_context,3,2,0.6666666666666666,0.0,False
stu_1780967761139_4648,choose_answer__Addition__OneStepProblem__1digits__2options,choose_answer,sequential_thinking,operation_identification_from_context,3,2,0.6666666666666666,0.0,False
stu_1780967761139_4648,choose_answer__Addition__OneStepProblem__1digits__3options,choose_answer,arithmetic_fluency,operation_identification_from_context,1,1,1.0,0.0,False
stu_1780967761139_4648,choose_answer__Addition__OneStepProblem__1digits__3options,choose_answer,number_sense,operation_identification_from_context,1,1,1.0,0.0,False
stu_1780967761139_4648,choose_answer__Addition__OneStepProblem__1digits__3options,choose_answer,sequential_thinking,operation_identification_from_context,1,1,1.0,0.0,False
stu_1780967761139_4648,choose_answer__Addition__OneStepProblem__2digits__3options,choose_answer,arithmetic_fluency,operation_identification_from_context,2,1,0.5,1.0,False
stu_1780967761139_4648,choose_answer__Addition__OneStepProblem__2digits__3options,choose_answer,number_sense,operation_identification_from_context,2,1,0.5,1.0,False
stu_1780967761139_4648,choose_answer__Addition__OneStepProblem__2digits__3options,choose_answer,sequential_thinking,operation_identification_from_context,2,1,0.5,1.0,False
stu_1780967761139_4648,choose_answer__Subtraction__OneStepProblem__2digits__3options,choose_answer,arithmetic_fluency,operation_identification_from_context,3,1,0.3333333333333333,0.3333333333333333,False
stu_1780967761139_4648,choose_answer__Subtraction__OneStepProblem__2digits__3options,choose_answer,number_sense,operation_identification_from_context,3,1,0.3333333333333333,0.3333333333333333,False
stu_1780967761139_4648,choose_answer__Subtraction__OneStepProblem__2digits__3options,choose_answer,sequential_thinking,operation_identification_from_context,3,1,0.3333333333333333,0.3333333333333333,False
stu_1780967761139_4648,compare_numbers__Equal__3digits,compare_numbers,comparison_skill,number_comparison,1,1,1.0,0.0,False
stu_1780967761139_4648,compare_numbers__Greater__3digits,compare_numbers,comparison_skill,number_comparison,3,3,1.0,0.0,False
stu_1780967761139_4648,compare_numbers__Less__3digits,compare_numbers,comparison_skill,number_comparison,3,3,1.0,0.0,False
stu_1780967761139_4648,decompose_number__3digits__2parts__zeroFalse,decompose_number,number_sense,place_value_decomposition,1,1,1.0,0.0,False
stu_1780967761139_4648,decompose_number__3digits__2parts__zeroFalse,decompose_number,visual_matching,place_value_decomposition,1,1,1.0,0.0,False
stu_1780967761139_4648,decompose_number__3digits__3parts__zeroFalse,decompose_number,number_sense,place_value_decomposition,1,1,1.0,0.0,False
stu_1780967761139_4648,decompose_number__3digits__3parts__zeroFalse,decompose_number,visual_matching,place_value_decomposition,1,1,1.0,0.0,False
stu_1780967761139_4648,find_previous_next_number__2digits__normal_range,find_previous_next_number,number_sense,number_sequencing,1,1,1.0,0.0,False
stu_1780967761139_4648,find_previous_next_number__2digits__normal_range,find_previous_next_number,sequential_thinking,number_sequencing,1,1,1.0,0.0,False
stu_1780967761139_4648,find_previous_next_number__3digits__normal_range,find_previous_next_number,number_sense,number_sequencing,4,4,1.0,0.0,False
stu_1780967761139_4648,find_previous_next_number__3digits__normal_range,find_previous_next_number,sequential_thinking,number_sequencing,4,4,1.0,0.0,False
stu_1780967761139_4648,find_previous_next_number__3digits__tens_transition,find_previous_next_number,number_sense,number_sequencing,1,1,1.0,0.0,False
stu_1780967761139_4648,find_previous_next_number__3digits__tens_transition,find_previous_next_number,sequential_thinking,number_sequencing,1,1,1.0,0.0,False
stu_1780967761139_4648,identify_place_value__2digits__all_digits_distinct,identify_place_value,number_sense,place_value_identification,2,2,1.0,0.0,False
stu_1780967761139_4648,identify_place_value__2digits__all_digits_same,identify_place_value,number_sense,place_value_identification,1,1,1.0,0.0,False
stu_1780967761139_4648,identify_place_value__3digits__all_digits_distinct,identify_place_value,number_sense,place_value_identification,3,2,0.6666666666666666,0.0,False
stu_1780967761139_4648,identify_place_value__3digits__has_repeated_digits,identify_place_value,number_sense,place_value_identification,3,3,1.0,0.0,False
stu_1780967761139_4648,order_numbers__asc__seq5__3digits,order_numbers,number_sense,number_ordering,2,2,1.0,0.0,False
stu_1780967761139_4648,order_numbers__asc__seq5__3digits,order_numbers,sequential_thinking,number_ordering,2,2,1.0,0.0,False
stu_1780967761139_4648,order_numbers__desc__seq2__3digits,order_numbers,number_sense,number_ordering,3,0,0.0,0.0,False
stu_1780967761139_4648,order_numbers__desc__seq2__3digits,order_numbers,sequential_thinking,number_ordering,3,0,0.0,0.0,False
stu_1780967761139_4648,order_numbers__desc__seq3__3digits,order_numbers,number_sense,number_ordering,16,0,0.0,0.0,False
stu_1780967761139_4648,order_numbers__desc__seq3__3digits,order_numbers,sequential_thinking,number_ordering,16,0,0.0,0.0,False
stu_1780967761139_4648,read_number_aloud__2digits__display25s,read_number_aloud,audio_recognition,number_reading_aloud,5,3,0.6,0.2,True
stu_1780967761139_4648,read_number_aloud__2digits__display25s,read_number_aloud,number_sense,number_reading_aloud,5,3,0.6,0.2,True
stu_1780967761139_4648,read_number_aloud__3digits__display25s,read_number_aloud,audio_recognition,number_reading_aloud,5,3,0.6,0.2,False
stu_1780967761139_4648,read_number_aloud__3digits__display25s,read_number_aloud,number_sense,number_reading_aloud,5,3,0.6,0.2,False
stu_1780967761139_4648,tap_matching_pairs__1digits__6pairs,tap_matching_pairs,visual_matching,visual_matching,7,6,0.8571428571428571,0.0,False
stu_1780967761139_4648,tap_matching_pairs__2digits__6pairs,tap_matching_pairs,visual_matching,visual_matching,5,5,1.0,0.0,False
stu_1780967761139_4648,tap_matching_pairs__3digits__6pairs,tap_matching_pairs,visual_matching,visual_matching,6,6,1.0,0.3333333333333333,False
stu_1780967761139_4648,vertical_operations__AdditionWithCarry__2digits,vertical_operations,arithmetic_fluency,procedural_fluency,1,1,1.0,0.0,False
stu_1780967761139_4648,vertical_operations__AdditionWithCarry__3digits,vertical_operations,arithmetic_fluency,procedural_fluency,2,2,1.0,0.0,False
stu_1780967761139_4648,vertical_operations__SimpleSubtraction__2digits,vertical_operations,arithmetic_fluency,procedural_fluency,2,2,1.0,0.0,False
stu_1780967761139_4648,vertical_operations__SubtractionWithBorrow__2digits,vertical_operations,arithmetic_fluency,procedural_fluency,1,1,1.0,0.0,False
stu_1780967761139_4648,what_number_do_you_hear__1digits__3options,what_number_do_you_hear,audio_recognition,audio_number_recognition,3,3,1.0,0.0,False
stu_1780967761139_4648,what_number_do_you_hear__2digits__3options,what_number_do_you_hear,audio_recognition,audio_number_recognition,3,3,1.0,0.0,False
stu_1780967761139_4648,write_number_in_letters__3digits__langar,write_number_in_letters,number_sense,number_writing,8,8,1.0,0.0,False
stu_1780967761139_4648,write_number_in_letters__3digits__langar,write_number_in_letters,sequential_thinking,number_writing,8,8,1.0,0.0,False
stu_1780967877464_7804,choose_answer__Addition__OneStepProblem__2digits__3options,choose_answer,arithmetic_fluency,operation_identification_from_context,4,4,1.0,0.0,False
stu_1780967877464_7804,choose_answer__Addition__OneStepProblem__2digits__3options,choose_answer,number_sense,operation_identification_from_context,4,4,1.0,0.0,False
stu_1780967877464_7804,choose_answer__Addition__OneStepProblem__2digits__3options,choose_answer,sequential_thinking,operation_identification_from_context,4,4,1.0,0.0,False
stu_1780967877464_7804,choose_answer__Subtraction__OneStepProblem__2digits__3options,choose_answer,arithmetic_fluency,operation_identification_from_context,2,2,1.0,0.0,False
stu_1780967877464_7804,choose_answer__Subtraction__OneStepProblem__2digits__3options,choose_answer,number_sense,operation_identification_from_context,2,2,1.0,0.0,False
stu_1780967877464_7804,choose_answer__Subtraction__OneStepProblem__2digits__3options,choose_answer,sequential_thinking,operation_identification_from_context,2,2,1.0,0.0,False
stu_1780967877464_7804,compare_numbers__Equal__2digits,compare_numbers,comparison_skill,number_comparison,1,1,1.0,0.0,True
stu_1780967877464_7804,compare_numbers__Equal__3digits,compare_numbers,comparison_skill,number_comparison,2,2,1.0,0.5,False
stu_1780967877464_7804,compare_numbers__Greater__2digits,compare_numbers,comparison_skill,number_comparison,1,1,1.0,0.0,False
stu_1780967877464_7804,compare_numbers__Greater__3digits,compare_numbers,comparison_skill,number_comparison,2,1,0.5,0.0,False
stu_1780967877464_7804,compare_numbers__Less__2digits,compare_numbers,comparison_skill,number_comparison,1,1,1.0,0.0,False
stu_1780967877464_7804,compare_numbers__Less__3digits,compare_numbers,comparison_skill,number_comparison,2,2,1.0,0.0,False
stu_1780967877464_7804,find_previous_next_number__1digits__low_number_edge,find_previous_next_number,number_sense,number_sequencing,1,1,1.0,0.0,True
stu_1780967877464_7804,find_previous_next_number__1digits__low_number_edge,find_previous_next_number,sequential_thinking,number_sequencing,1,1,1.0,0.0,True
stu_1780967877464_7804,find_previous_next_number__3digits__hundreds_transition,find_previous_next_number,number_sense,number_sequencing,1,1,1.0,0.0,False
stu_1780967877464_7804,find_previous_next_number__3digits__hundreds_transition,find_previous_next_number,sequential_thinking,number_sequencing,1,1,1.0,0.0,False
stu_1780967877464_7804,find_previous_next_number__3digits__normal_range,find_previous_next_number,number_sense,number_sequencing,2,2,1.0,0.5,False
stu_1780967877464_7804,find_previous_next_number__3digits__normal_range,find_previous_next_number,sequential_thinking,number_sequencing,2,2,1.0,0.5,False
stu_1780967877464_7804,identify_place_value__3digits__all_digits_distinct,identify_place_value,number_sense,place_value_identification,4,4,1.0,0.0,False
stu_1780967877464_7804,identify_place_value__3digits__all_digits_same,identify_place_value,number_sense,place_value_identification,1,1,1.0,0.0,True
stu_1780967877464_7804,identify_place_value__3digits__has_repeated_digits,identify_place_value,number_sense,place_value_identification,1,1,1.0,0.0,False
stu_1780967877464_7804,order_numbers__asc__seq3__3digits,order_numbers,number_sense,number_ordering,1,1,1.0,0.0,False
stu_1780967877464_7804,order_numbers__asc__seq3__3digits,order_numbers,sequential_thinking,number_ordering,1,1,1.0,0.0,False
stu_1780967877464_7804,order_numbers__asc__seq5__3digits,order_numbers,number_sense,number_ordering,2,2,1.0,0.0,False
stu_1780967877464_7804,order_numbers__asc__seq5__3digits,order_numbers,sequential_thinking,number_ordering,2,2,1.0,0.0,False
stu_1780967877464_7804,order_numbers__desc__seq3__3digits,order_numbers,number_sense,number_ordering,1,1,1.0,0.0,False
stu_1780967877464_7804,order_numbers__desc__seq3__3digits,order_numbers,sequential_thinking,number_ordering,1,1,1.0,0.0,False
stu_1780967877464_7804,tap_matching_pairs__1digits__6pairs,tap_matching_pairs,visual_matching,visual_matching,3,3,1.0,0.0,False
stu_1780967877464_7804,tap_matching_pairs__1digits__8pairs,tap_matching_pairs,visual_matching,visual_matching,3,3,1.0,0.6666666666666666,False
stu_1780967877464_7804,tap_matching_pairs__2digits__6pairs,tap_matching_pairs,visual_matching,visual_matching,2,2,1.0,0.0,False
stu_1780967877464_7804,tap_matching_pairs__2digits__8pairs,tap_matching_pairs,visual_matching,visual_matching,1,1,1.0,1.0,False
stu_1780967877464_7804,tap_matching_pairs__3digits__6pairs,tap_matching_pairs,visual_matching,visual_matching,1,1,1.0,0.0,False
stu_1780967877464_7804,tap_matching_pairs__3digits__8pairs,tap_matching_pairs,visual_matching,visual_matching,5,4,0.8,0.4,False
stu_1780967877464_7804,vertical_operations__AdditionWithCarry__3digits,vertical_operations,arithmetic_fluency,procedural_fluency,1,1,1.0,0.0,False
stu_1780967877464_7804,vertical_operations__SimpleSubtraction__2digits,vertical_operations,arithmetic_fluency,procedural_fluency,1,1,1.0,0.0,False
stu_1780967877464_7804,write_number_in_letters__2digits__langar,write_number_in_letters,number_sense,number_writing,4,4,1.0,0.0,True
stu_1780967877464_7804,write_number_in_letters__2digits__langar,write_number_in_letters,sequential_thinking,number_writing,4,4,1.0,0.0,True
stu_1780967877464_7804,write_number_in_letters__3digits__langar,write_number_in_letters,number_sense,number_writing,4,2,0.5,0.0,False
stu_1780967877464_7804,write_number_in_letters__3digits__langar,write_number_in_letters,sequential_thinking,number_writing,4,2,0.5,0.0,False
stu_1781260589177_3730,choose_answer__Division__OneStepProblem__4digits__4options,choose_answer,arithmetic_fluency,operation_identification_from_context,1,1,1.0,0.0,True
stu_1781260589177_3730,choose_answer__Division__OneStepProblem__4digits__4options,choose_answer,number_sense,operation_identification_from_context,1,1,1.0,0.0,True
stu_1781260589177_3730,choose_answer__Division__OneStepProblem__4digits__4options,choose_answer,sequential_thinking,operation_identification_from_context,1,1,1.0,0.0,True
stu_1781260589177_3730,choose_answer__Multiplication__OneStepProblem__2digits__4options,choose_answer,arithmetic_fluency,operation_identification_from_context,1,1,1.0,1.0,False
stu_1781260589177_3730,choose_answer__Multiplication__OneStepProblem__2digits__4options,choose_answer,number_sense,operation_identification_from_context,1,1,1.0,1.0,False
stu_1781260589177_3730,choose_answer__Multiplication__OneStepProblem__2digits__4options,choose_answer,sequential_thinking,operation_identification_from_context,1,1,1.0,1.0,False
stu_1781260589177_3730,choose_answer__Subtraction-Multiplication__MultiStepProblem__2digits__4options,choose_answer,arithmetic_fluency,operation_identification_from_context,3,3,1.0,0.0,True
stu_1781260589177_3730,choose_answer__Subtraction-Multiplication__MultiStepProblem__2digits__4options,choose_answer,number_sense,operation_identification_from_context,3,3,1.0,0.0,True
stu_1781260589177_3730,choose_answer__Subtraction-Multiplication__MultiStepProblem__2digits__4options,choose_answer,sequential_thinking,operation_identification_from_context,3,3,1.0,0.0,True
stu_1781260589177_3730,choose_answer__Subtraction-Multiplication__MultiStepProblem__3digits__4options,choose_answer,arithmetic_fluency,operation_identification_from_context,1,1,1.0,0.0,False
stu_1781260589177_3730,choose_answer__Subtraction-Multiplication__MultiStepProblem__3digits__4options,choose_answer,number_sense,operation_identification_from_context,1,1,1.0,0.0,False
stu_1781260589177_3730,choose_answer__Subtraction-Multiplication__MultiStepProblem__3digits__4options,choose_answer,sequential_thinking,operation_identification_from_context,1,1,1.0,0.0,False
stu_1781260589177_3730,choose_answer__Subtraction__OneStepProblem__3digits__4options,choose_answer,arithmetic_fluency,operation_identification_from_context,1,1,1.0,0.0,False
stu_1781260589177_3730,choose_answer__Subtraction__OneStepProblem__3digits__4options,choose_answer,number_sense,operation_identification_from_context,1,1,1.0,0.0,False
stu_1781260589177_3730,choose_answer__Subtraction__OneStepProblem__3digits__4options,choose_answer,sequential_thinking,operation_identification_from_context,1,1,1.0,0.0,False
stu_1781260589177_3730,choose_answer__Subtraction__OneStepProblem__4digits__4options,choose_answer,arithmetic_fluency,operation_identification_from_context,1,1,1.0,0.0,True
stu_1781260589177_3730,choose_answer__Subtraction__OneStepProblem__4digits__4options,choose_answer,number_sense,operation_identification_from_context,1,1,1.0,0.0,True
stu_1781260589177_3730,choose_answer__Subtraction__OneStepProblem__4digits__4options,choose_answer,sequential_thinking,operation_identification_from_context,1,1,1.0,0.0,True
stu_1781260589177_3730,identify_place_value__6digits__has_repeated_digits,identify_place_value,number_sense,place_value_identification,2,2,1.0,0.0,False
stu_1781260589177_3730,order_numbers__asc__seq2__4digits,order_numbers,number_sense,number_ordering,1,1,1.0,0.0,True
stu_1781260589177_3730,order_numbers__asc__seq2__4digits,order_numbers,sequential_thinking,number_ordering,1,1,1.0,0.0,True
stu_1781260589177_3730,order_numbers__asc__seq5__4digits,order_numbers,number_sense,number_ordering,1,1,1.0,0.0,True
stu_1781260589177_3730,order_numbers__asc__seq5__4digits,order_numbers,sequential_thinking,number_ordering,1,1,1.0,0.0,True
stu_1781260589177_3730,order_numbers__asc__seq5__5digits,order_numbers,number_sense,number_ordering,1,0,0.0,0.0,True
stu_1781260589177_3730,order_numbers__asc__seq5__5digits,order_numbers,sequential_thinking,number_ordering,1,0,0.0,0.0,True
stu_1781260589177_3730,order_numbers__desc__seq5__5digits,order_numbers,number_sense,number_ordering,1,0,0.0,0.0,True
stu_1781260589177_3730,order_numbers__desc__seq5__5digits,order_numbers,sequential_thinking,number_ordering,1,0,0.0,0.0,True
stu_1781260589177_3730,vertical_operations__AdditionWithCarry__5digits,vertical_operations,arithmetic_fluency,procedural_fluency,1,1,1.0,0.0,False
stu_1781260589177_3730,vertical_operations__MultiStepMultiplication__8digits,vertical_operations,arithmetic_fluency,procedural_fluency,1,1,1.0,1.0,True
stu_1781260589177_3730,vertical_operations__SimpleSubtraction__4digits,vertical_operations,arithmetic_fluency,procedural_fluency,1,1,1.0,0.0,True
stu_1782067247832_121,what_number_do_you_hear__9digits__3options,what_number_do_you_hear,audio_recognition,audio_number_recognition,30,30,1.0,0.03333333333333333,False
stu_1782067248063_7415,what_number_do_you_hear__9digits__3options,what_number_do_you_hear,audio_recognition,audio_number_recognition,24,22,0.9166666666666666,0.041666666666666664,False
stu_1782067248293_6732,what_number_do_you_hear__9digits__3options,what_number_do_you_hear,audio_recognition,audio_number_recognition,24,23,0.9583333333333334,0.0,False
stu_1782067248687_2872,what_number_do_you_hear__9digits__3options,what_number_do_you_hear,audio_recognition,audio_number_recognition,6,6,1.0,0.3333333333333333,False
stu_1782067248886_4097,what_number_do_you_hear__8digits__3options,what_number_do_you_hear,audio_recognition,audio_number_recognition,6,6,1.0,0.0,True
stu_1782067248886_4097,what_number_do_you_hear__9digits__3options,what_number_do_you_hear,audio_recognition,audio_number_recognition,24,21,0.875,0.08333333333333333,False
stu_1782067249659_5882,what_number_do_you_hear__8digits__3options,what_number_do_you_hear,audio_recognition,audio_number_recognition,6,5,0.8333333333333334,0.3333333333333333,True
stu_1782067249659_5882,what_number_do_you_hear__9digits__3options,what_number_do_you_hear,audio_recognition,audio_number_recognition,24,16,0.6666666666666666,0.041666666666666664,False
stu_1782067249847_9336,what_number_do_you_hear__9digits__3options,what_number_do_you_hear,audio_recognition,audio_number_recognition,6,1,0.16666666666666666,0.16666666666666666,False
stu_1782067250684_8058,what_number_do_you_hear__9digits__3options,what_number_do_you_hear,audio_recognition,audio_number_recognition,24,24,1.0,0.0,False
stu_1782067251080_1761,what_number_do_you_hear__9digits__3options,what_number_do_you_hear,audio_recognition,audio_number_recognition,24,24,1.0,0.08333333333333333,False
stu_1782067251278_5433,what_number_do_you_hear__9digits__3options,what_number_do_you_hear,audio_recognition,audio_number_recognition,24,24,1.0,0.041666666666666664,False
stu_1782088169355_1432,choose_answer__Subtraction__OneStepProblem__3digits__3options,choose_answer,arithmetic_fluency,operation_identification_from_context,3,3,1.0,0.6666666666666666,False
stu_1782088169355_1432,choose_answer__Subtraction__OneStepProblem__3digits__3options,choose_answer,number_sense,operation_identification_from_context,3,3,1.0,0.6666666666666666,False
stu_1782088169355_1432,choose_answer__Subtraction__OneStepProblem__3digits__3options,choose_answer,sequential_thinking,operation_identification_from_context,3,3,1.0,0.6666666666666666,False
stu_1782088169355_1432,compare_numbers__Greater__3digits,compare_numbers,comparison_skill,number_comparison,3,3,1.0,0.0,False
stu_1782088169355_1432,compare_numbers__Less__3digits,compare_numbers,comparison_skill,number_comparison,3,3,1.0,0.3333333333333333,False
stu_1782088169355_1432,decompose_number__3digits__3parts__zeroFalse,decompose_number,number_sense,place_value_decomposition,2,2,1.0,0.0,False
stu_1782088169355_1432,decompose_number__3digits__3parts__zeroFalse,decompose_number,visual_matching,place_value_decomposition,2,2,1.0,0.0,False
stu_1782088169355_1432,find_previous_next_number__3digits__hundreds_transition,find_previous_next_number,number_sense,number_sequencing,1,1,1.0,0.0,False
stu_1782088169355_1432,find_previous_next_number__3digits__hundreds_transition,find_previous_next_number,sequential_thinking,number_sequencing,1,1,1.0,0.0,False
stu_1782088169355_1432,find_previous_next_number__3digits__normal_range,find_previous_next_number,number_sense,number_sequencing,1,1,1.0,0.0,False
stu_1782088169355_1432,find_previous_next_number__3digits__normal_range,find_previous_next_number,sequential_thinking,number_sequencing,1,1,1.0,0.0,False
stu_1782088169355_1432,identify_place_value__2digits__all_digits_distinct,identify_place_value,number_sense,place_value_identification,3,2,0.6666666666666666,0.0,False
stu_1782088169355_1432,identify_place_value__3digits__all_digits_distinct,identify_place_value,number_sense,place_value_identification,3,0,0.0,0.0,False
stu_1782088169355_1432,order_numbers__asc__seq5__2digits,order_numbers,number_sense,number_ordering,1,1,1.0,0.0,False
stu_1782088169355_1432,order_numbers__asc__seq5__2digits,order_numbers,sequential_thinking,number_ordering,1,1,1.0,0.0,False
stu_1782088169355_1432,order_numbers__asc__seq5__3digits,order_numbers,number_sense,number_ordering,2,1,0.5,0.0,False
stu_1782088169355_1432,order_numbers__asc__seq5__3digits,order_numbers,sequential_thinking,number_ordering,2,1,0.5,0.0,False
stu_1782088169355_1432,order_numbers__desc__seq5__2digits,order_numbers,number_sense,number_ordering,1,1,1.0,0.0,False
stu_1782088169355_1432,order_numbers__desc__seq5__2digits,order_numbers,sequential_thinking,number_ordering,1,1,1.0,0.0,False
stu_1782088169355_1432,tap_matching_pairs__3digits__8pairs,tap_matching_pairs,visual_matching,visual_matching,8,8,1.0,0.0,False
stu_1782088169355_1432,vertical_operations__AdditionWithCarry__3digits,vertical_operations,arithmetic_fluency,procedural_fluency,1,0,0.0,0.0,False
stu_1782088169355_1432,vertical_operations__SubtractionWithBorrow__3digits,vertical_operations,arithmetic_fluency,procedural_fluency,1,1,1.0,0.0,False
stu_1782088169355_1432,write_number_in_letters__3digits__langfr,write_number_in_letters,number_sense,number_writing,4,4,1.0,0.0,False
stu_1782088169355_1432,write_number_in_letters__3digits__langfr,write_number_in_letters,sequential_thinking,number_writing,4,4,1.0,0.0,False
stu_1782088169955_2275,compare_numbers__Greater__2digits,compare_numbers,comparison_skill,number_comparison,9,8,0.8888888888888888,0.1111111111111111,False
stu_1782088169955_2275,compare_numbers__Greater__3digits,compare_numbers,comparison_skill,number_comparison,3,2,0.6666666666666666,0.3333333333333333,False
stu_1782088169955_2275,compare_numbers__Less__2digits,compare_numbers,comparison_skill,number_comparison,9,8,0.8888888888888888,0.0,False
stu_1782088169955_2275,compare_numbers__Less__3digits,compare_numbers,comparison_skill,number_comparison,3,2,0.6666666666666666,0.0,False
stu_1782088169955_2275,decompose_number__2digits__2parts__zeroFalse,decompose_number,number_sense,place_value_decomposition,2,1,0.5,0.0,False
stu_1782088169955_2275,decompose_number__2digits__2parts__zeroFalse,decompose_number,visual_matching,place_value_decomposition,2,1,0.5,0.0,False
stu_1782088169955_2275,decompose_number__3digits__3parts__zeroFalse,decompose_number,number_sense,place_value_decomposition,2,1,0.5,0.0,False
stu_1782088169955_2275,decompose_number__3digits__3parts__zeroFalse,decompose_number,visual_matching,place_value_decomposition,2,1,0.5,0.0,False
stu_1782088169955_2275,find_previous_next_number__3digits__normal_range,find_previous_next_number,number_sense,number_sequencing,2,2,1.0,0.5,False
stu_1782088169955_2275,find_previous_next_number__3digits__normal_range,find_previous_next_number,sequential_thinking,number_sequencing,2,2,1.0,0.5,False
stu_1782088169955_2275,order_numbers__desc__seq5__3digits,order_numbers,number_sense,number_ordering,2,2,1.0,0.0,False
stu_1782088169955_2275,order_numbers__desc__seq5__3digits,order_numbers,sequential_thinking,number_ordering,2,2,1.0,0.0,False
stu_1782088169955_2275,tap_matching_pairs__3digits__8pairs,tap_matching_pairs,visual_matching,visual_matching,69,40,0.5797101449275363,0.014492753623188406,False
stu_1782088169955_2275,tap_matching_pairs__unknowndigits__8pairs,tap_matching_pairs,visual_matching,visual_matching,3,0,0.0,0.0,False
stu_1782088170145_830,choose_answer__Multiplication__OneStepProblem__2digits__3options,choose_answer,arithmetic_fluency,operation_identification_from_context,2,2,1.0,1.0,False
stu_1782088170145_830,choose_answer__Multiplication__OneStepProblem__2digits__3options,choose_answer,number_sense,operation_identification_from_context,2,2,1.0,1.0,False
stu_1782088170145_830,choose_answer__Multiplication__OneStepProblem__2digits__3options,choose_answer,sequential_thinking,operation_identification_from_context,2,2,1.0,1.0,False
stu_1782088170145_830,choose_answer__Subtraction__OneStepProblem__3digits__3options,choose_answer,arithmetic_fluency,operation_identification_from_context,1,1,1.0,1.0,False
stu_1782088170145_830,choose_answer__Subtraction__OneStepProblem__3digits__3options,choose_answer,number_sense,operation_identification_from_context,1,1,1.0,1.0,False
stu_1782088170145_830,choose_answer__Subtraction__OneStepProblem__3digits__3options,choose_answer,sequential_thinking,operation_identification_from_context,1,1,1.0,1.0,False
stu_1782088170145_830,compare_numbers__Greater__2digits,compare_numbers,comparison_skill,number_comparison,6,5,0.8333333333333334,0.0,False
stu_1782088170145_830,compare_numbers__Greater__3digits,compare_numbers,comparison_skill,number_comparison,3,3,1.0,0.3333333333333333,False
stu_1782088170145_830,compare_numbers__Less__2digits,compare_numbers,comparison_skill,number_comparison,6,5,0.8333333333333334,0.0,False
stu_1782088170145_830,compare_numbers__Less__3digits,compare_numbers,comparison_skill,number_comparison,3,2,0.6666666666666666,0.0,False
stu_1782088170145_830,decompose_number__3digits__3parts__zeroFalse,decompose_number,number_sense,place_value_decomposition,2,2,1.0,0.0,False
stu_1782088170145_830,decompose_number__3digits__3parts__zeroFalse,decompose_number,visual_matching,place_value_decomposition,2,2,1.0,0.0,False
stu_1782088170145_830,find_previous_next_number__3digits__normal_range,find_previous_next_number,number_sense,number_sequencing,1,1,1.0,0.0,False
stu_1782088170145_830,find_previous_next_number__3digits__normal_range,find_previous_next_number,sequential_thinking,number_sequencing,1,1,1.0,0.0,False
stu_1782088170145_830,find_previous_next_number__3digits__tens_transition,find_previous_next_number,number_sense,number_sequencing,1,1,1.0,0.0,False
stu_1782088170145_830,find_previous_next_number__3digits__tens_transition,find_previous_next_number,sequential_thinking,number_sequencing,1,1,1.0,0.0,False
stu_1782088170145_830,identify_place_value__3digits__all_digits_distinct,identify_place_value,number_sense,place_value_identification,3,2,0.6666666666666666,0.0,False
stu_1782088170145_830,order_numbers__asc__seq5__2digits,order_numbers,number_sense,number_ordering,2,2,1.0,0.0,False
stu_1782088170145_830,order_numbers__asc__seq5__2digits,order_numbers,sequential_thinking,number_ordering,2,2,1.0,0.0,False
stu_1782088170145_830,order_numbers__desc__seq5__3digits,order_numbers,number_sense,number_ordering,2,1,0.5,0.0,False
stu_1782088170145_830,order_numbers__desc__seq5__3digits,order_numbers,sequential_thinking,number_ordering,2,1,0.5,0.0,False
stu_1782088170145_830,tap_matching_pairs__3digits__8pairs,tap_matching_pairs,visual_matching,visual_matching,8,8,1.0,0.0,False
stu_1782088170145_830,vertical_operations__AdditionWithCarry__2digits,vertical_operations,arithmetic_fluency,procedural_fluency,1,1,1.0,0.0,False
stu_1782088170145_830,vertical_operations__AdditionWithCarry__4digits,vertical_operations,arithmetic_fluency,procedural_fluency,1,0,0.0,0.0,False
stu_1782088170145_830,vertical_operations__SimpleAddition__2digits,vertical_operations,arithmetic_fluency,procedural_fluency,1,0,0.0,0.0,False
stu_1782088170145_830,vertical_operations__SimpleSubtraction__1digits,vertical_operations,arithmetic_fluency,procedural_fluency,1,1,1.0,0.0,False
stu_1782088170145_830,vertical_operations__SubtractionWithBorrow__2digits,vertical_operations,arithmetic_fluency,procedural_fluency,1,0,0.0,0.0,False
stu_1782088170145_830,vertical_operations__SubtractionWithBorrow__3digits,vertical_operations,arithmetic_fluency,procedural_fluency,1,0,0.0,0.0,False
stu_1782088170145_830,write_number_in_letters__3digits__langfr,write_number_in_letters,number_sense,number_writing,4,4,1.0,0.0,False
stu_1782088170145_830,write_number_in_letters__3digits__langfr,write_number_in_letters,sequential_thinking,number_writing,4,4,1.0,0.0,False
stu_1782088170719_9970,choose_answer__Subtraction__OneStepProblem__2digits__3options,choose_answer,arithmetic_fluency,operation_identification_from_context,3,2,0.6666666666666666,0.3333333333333333,False
stu_1782088170719_9970,choose_answer__Subtraction__OneStepProblem__2digits__3options,choose_answer,number_sense,operation_identification_from_context,3,2,0.6666666666666666,0.3333333333333333,False
stu_1782088170719_9970,choose_answer__Subtraction__OneStepProblem__2digits__3options,choose_answer,sequential_thinking,operation_identification_from_context,3,2,0.6666666666666666,0.3333333333333333,False
stu_1782088170719_9970,choose_answer__Subtraction__OneStepProblem__3digits__3options,choose_answer,arithmetic_fluency,operation_identification_from_context,3,1,0.3333333333333333,0.0,False
stu_1782088170719_9970,choose_answer__Subtraction__OneStepProblem__3digits__3options,choose_answer,number_sense,operation_identification_from_context,3,1,0.3333333333333333,0.0,False
stu_1782088170719_9970,choose_answer__Subtraction__OneStepProblem__3digits__3options,choose_answer,sequential_thinking,operation_identification_from_context,3,1,0.3333333333333333,0.0,False
stu_1782088170719_9970,compare_numbers__Greater__3digits,compare_numbers,comparison_skill,number_comparison,3,3,1.0,0.0,False
stu_1782088170719_9970,compare_numbers__Less__3digits,compare_numbers,comparison_skill,number_comparison,3,3,1.0,0.0,False
stu_1782088170719_9970,decompose_number__3digits__3parts__zeroFalse,decompose_number,number_sense,place_value_decomposition,2,2,1.0,0.0,False
stu_1782088170719_9970,decompose_number__3digits__3parts__zeroFalse,decompose_number,visual_matching,place_value_decomposition,2,2,1.0,0.0,False
stu_1782088170719_9970,find_previous_next_number__3digits__normal_range,find_previous_next_number,number_sense,number_sequencing,2,2,1.0,0.0,False
stu_1782088170719_9970,find_previous_next_number__3digits__normal_range,find_previous_next_number,sequential_thinking,number_sequencing,2,2,1.0,0.0,False
stu_1782088170719_9970,identify_place_value__3digits__all_digits_distinct,identify_place_value,number_sense,place_value_identification,3,3,1.0,0.0,False
stu_1782088170719_9970,order_numbers__desc__seq5__3digits,order_numbers,number_sense,number_ordering,2,2,1.0,0.0,False
stu_1782088170719_9970,order_numbers__desc__seq5__3digits,order_numbers,sequential_thinking,number_ordering,2,2,1.0,0.0,False
stu_1782088170719_9970,tap_matching_pairs__3digits__8pairs,tap_matching_pairs,visual_matching,visual_matching,8,8,1.0,0.0,False
stu_1782088170719_9970,vertical_operations__AdditionWithCarry__4digits,vertical_operations,arithmetic_fluency,procedural_fluency,1,1,1.0,0.0,False
stu_1782088170719_9970,vertical_operations__SimpleSubtraction__3digits,vertical_operations,arithmetic_fluency,procedural_fluency,1,1,1.0,0.0,True
stu_1782088170719_9970,write_number_in_letters__3digits__langfr,write_number_in_letters,number_sense,number_writing,4,4,1.0,0.0,False
stu_1782088170719_9970,write_number_in_letters__3digits__langfr,write_number_in_letters,sequential_thinking,number_writing,4,4,1.0,0.0,False
stu_1782088171098_5588,choose_answer__Subtraction-Multiplication__MultiStepProblem__3digits__3options,choose_answer,arithmetic_fluency,operation_identification_from_context,1,1,1.0,0.0,False
stu_1782088171098_5588,choose_answer__Subtraction-Multiplication__MultiStepProblem__3digits__3options,choose_answer,number_sense,operation_identification_from_context,1,1,1.0,0.0,False
stu_1782088171098_5588,choose_answer__Subtraction-Multiplication__MultiStepProblem__3digits__3options,choose_answer,sequential_thinking,operation_identification_from_context,1,1,1.0,0.0,False
stu_1782088171098_5588,choose_answer__Subtraction__OneStepProblem__3digits__3options,choose_answer,arithmetic_fluency,operation_identification_from_context,5,5,1.0,0.4,False
stu_1782088171098_5588,choose_answer__Subtraction__OneStepProblem__3digits__3options,choose_answer,number_sense,operation_identification_from_context,5,5,1.0,0.4,False
stu_1782088171098_5588,choose_answer__Subtraction__OneStepProblem__3digits__3options,choose_answer,sequential_thinking,operation_identification_from_context,5,5,1.0,0.4,False
stu_1782088171098_5588,compare_numbers__Greater__3digits,compare_numbers,comparison_skill,number_comparison,6,6,1.0,0.16666666666666666,False
stu_1782088171098_5588,compare_numbers__Less__3digits,compare_numbers,comparison_skill,number_comparison,6,6,1.0,0.0,False
stu_1782088171098_5588,decompose_number__3digits__1parts__zeroFalse,decompose_number,number_sense,place_value_decomposition,1,1,1.0,0.0,True
stu_1782088171098_5588,decompose_number__3digits__1parts__zeroFalse,decompose_number,visual_matching,place_value_decomposition,1,1,1.0,0.0,True
stu_1782088171098_5588,decompose_number__3digits__2parts__zeroFalse,decompose_number,number_sense,place_value_decomposition,1,1,1.0,0.0,False
stu_1782088171098_5588,decompose_number__3digits__2parts__zeroFalse,decompose_number,visual_matching,place_value_decomposition,1,1,1.0,0.0,False
stu_1782088171098_5588,decompose_number__3digits__3parts__zeroFalse,decompose_number,number_sense,place_value_decomposition,2,2,1.0,0.0,False
stu_1782088171098_5588,decompose_number__3digits__3parts__zeroFalse,decompose_number,visual_matching,place_value_decomposition,2,2,1.0,0.0,False
stu_1782088171098_5588,find_previous_next_number__2digits__normal_range,find_previous_next_number,number_sense,number_sequencing,2,2,1.0,0.0,False
stu_1782088171098_5588,find_previous_next_number__2digits__normal_range,find_previous_next_number,sequential_thinking,number_sequencing,2,2,1.0,0.0,False
stu_1782088171098_5588,find_previous_next_number__3digits__normal_range,find_previous_next_number,number_sense,number_sequencing,3,3,1.0,0.0,False
stu_1782088171098_5588,find_previous_next_number__3digits__normal_range,find_previous_next_number,sequential_thinking,number_sequencing,3,3,1.0,0.0,False
stu_1782088171098_5588,find_previous_next_number__3digits__tens_transition,find_previous_next_number,number_sense,number_sequencing,1,0,0.0,0.0,False
stu_1782088171098_5588,find_previous_next_number__3digits__tens_transition,find_previous_next_number,sequential_thinking,number_sequencing,1,0,0.0,0.0,False
stu_1782088171098_5588,identify_place_value__3digits__all_digits_distinct,identify_place_value,number_sense,place_value_identification,4,4,1.0,0.0,False
stu_1782088171098_5588,identify_place_value__3digits__has_repeated_digits,identify_place_value,number_sense,place_value_identification,2,2,1.0,0.0,False
stu_1782088171098_5588,order_numbers__asc__seq5__3digits,order_numbers,number_sense,number_ordering,3,3,1.0,0.0,False
stu_1782088171098_5588,order_numbers__asc__seq5__3digits,order_numbers,sequential_thinking,number_ordering,3,3,1.0,0.0,False
stu_1782088171098_5588,order_numbers__desc__seq5__3digits,order_numbers,number_sense,number_ordering,1,1,1.0,0.0,False
stu_1782088171098_5588,order_numbers__desc__seq5__3digits,order_numbers,sequential_thinking,number_ordering,1,1,1.0,0.0,False
stu_1782088171098_5588,tap_matching_pairs__3digits__8pairs,tap_matching_pairs,visual_matching,visual_matching,16,16,1.0,0.0,False
stu_1782088171098_5588,vertical_operations__AdditionWithCarry__3digits,vertical_operations,arithmetic_fluency,procedural_fluency,2,2,1.0,0.0,False
stu_1782088171098_5588,vertical_operations__AdditionWithCarry__4digits,vertical_operations,arithmetic_fluency,procedural_fluency,1,0,0.0,0.0,False
stu_1782088171098_5588,vertical_operations__SimpleSubtraction__2digits,vertical_operations,arithmetic_fluency,procedural_fluency,1,1,1.0,0.0,False
stu_1782088171098_5588,vertical_operations__SubtractionWithBorrow__3digits,vertical_operations,arithmetic_fluency,procedural_fluency,2,1,0.5,0.0,False
stu_1782088171098_5588,write_number_in_letters__3digits__langfr,write_number_in_letters,number_sense,number_writing,8,8,1.0,0.0,False
stu_1782088171098_5588,write_number_in_letters__3digits__langfr,write_number_in_letters,sequential_thinking,number_writing,8,8,1.0,0.0,False
stu_1782088171289_4103,choose_answer__Addition__OneStepProblem__3digits__3options,choose_answer,arithmetic_fluency,operation_identification_from_context,1,1,1.0,0.0,True
stu_1782088171289_4103,choose_answer__Addition__OneStepProblem__3digits__3options,choose_answer,number_sense,operation_identification_from_context,1,1,1.0,0.0,True
stu_1782088171289_4103,choose_answer__Addition__OneStepProblem__3digits__3options,choose_answer,sequential_thinking,operation_identification_from_context,1,1,1.0,0.0,True
stu_1782088171289_4103,choose_answer__Multiplication__OneStepProblem__2digits__3options,choose_answer,arithmetic_fluency,operation_identification_from_context,2,2,1.0,0.0,False
stu_1782088171289_4103,choose_answer__Multiplication__OneStepProblem__2digits__3options,choose_answer,number_sense,operation_identification_from_context,2,2,1.0,0.0,False
stu_1782088171289_4103,choose_answer__Multiplication__OneStepProblem__2digits__3options,choose_answer,sequential_thinking,operation_identification_from_context,2,2,1.0,0.0,False
stu_1782088171289_4103,compare_numbers__Greater__3digits,compare_numbers,comparison_skill,number_comparison,6,6,1.0,0.0,False
stu_1782088171289_4103,compare_numbers__Less__3digits,compare_numbers,comparison_skill,number_comparison,6,6,1.0,0.0,False
stu_1782088171289_4103,decompose_number__3digits__3parts__zeroFalse,decompose_number,number_sense,place_value_decomposition,2,2,1.0,0.0,False
stu_1782088171289_4103,decompose_number__3digits__3parts__zeroFalse,decompose_number,visual_matching,place_value_decomposition,2,2,1.0,0.0,False
stu_1782088171289_4103,find_previous_next_number__3digits__normal_range,find_previous_next_number,number_sense,number_sequencing,4,4,1.0,0.0,False
stu_1782088171289_4103,find_previous_next_number__3digits__normal_range,find_previous_next_number,sequential_thinking,number_sequencing,4,4,1.0,0.0,False
stu_1782088171289_4103,identify_place_value__3digits__all_digits_distinct,identify_place_value,number_sense,place_value_identification,3,3,1.0,0.0,False
stu_1782088171289_4103,order_numbers__asc__seq5__2digits,order_numbers,number_sense,number_ordering,2,2,1.0,0.0,False
stu_1782088171289_4103,order_numbers__asc__seq5__2digits,order_numbers,sequential_thinking,number_ordering,2,2,1.0,0.0,False
stu_1782088171289_4103,order_numbers__desc__seq5__3digits,order_numbers,number_sense,number_ordering,2,1,0.5,0.0,False
stu_1782088171289_4103,order_numbers__desc__seq5__3digits,order_numbers,sequential_thinking,number_ordering,2,1,0.5,0.0,False
stu_1782088171289_4103,tap_matching_pairs__3digits__8pairs,tap_matching_pairs,visual_matching,visual_matching,16,16,1.0,0.0,False
stu_1782088171289_4103,vertical_operations__AdditionWithCarry__4digits,vertical_operations,arithmetic_fluency,procedural_fluency,1,0,0.0,0.0,False
stu_1782088171289_4103,vertical_operations__SubtractionWithBorrow__3digits,vertical_operations,arithmetic_fluency,procedural_fluency,1,1,1.0,0.0,False
stu_1782088171289_4103,write_number_in_letters__3digits__langfr,write_number_in_letters,number_sense,number_writing,4,4,1.0,0.0,False
stu_1782088171289_4103,write_number_in_letters__3digits__langfr,write_number_in_letters,sequential_thinking,number_writing,4,4,1.0,0.0,False
stu_1782132156102_5677,choose_answer__Addition__OneStepProblem__3digits__3options,choose_answer,arithmetic_fluency,operation_identification_from_context,1,0,0.0,0.0,True
stu_1782132156102_5677,choose_answer__Addition__OneStepProblem__3digits__3options,choose_answer,number_sense,operation_identification_from_context,1,0,0.0,0.0,True
stu_1782132156102_5677,choose_answer__Addition__OneStepProblem__3digits__3options,choose_answer,sequential_thinking,operation_identification_from_context,1,0,0.0,0.0,True
stu_1782132156102_5677,choose_answer__Multiplication__OneStepProblem__2digits__3options,choose_answer,arithmetic_fluency,operation_identification_from_context,1,1,1.0,0.0,False
stu_1782132156102_5677,choose_answer__Multiplication__OneStepProblem__2digits__3options,choose_answer,number_sense,operation_identification_from_context,1,1,1.0,0.0,False
stu_1782132156102_5677,choose_answer__Multiplication__OneStepProblem__2digits__3options,choose_answer,sequential_thinking,operation_identification_from_context,1,1,1.0,0.0,False
stu_1782132156102_5677,choose_answer__Subtraction__OneStepProblem__3digits__3options,choose_answer,arithmetic_fluency,operation_identification_from_context,4,4,1.0,0.0,False
stu_1782132156102_5677,choose_answer__Subtraction__OneStepProblem__3digits__3options,choose_answer,number_sense,operation_identification_from_context,4,4,1.0,0.0,False
stu_1782132156102_5677,choose_answer__Subtraction__OneStepProblem__3digits__3options,choose_answer,sequential_thinking,operation_identification_from_context,4,4,1.0,0.0,False
stu_1782132156102_5677,compare_numbers__Greater__3digits,compare_numbers,comparison_skill,number_comparison,6,6,1.0,0.16666666666666666,False
stu_1782132156102_5677,compare_numbers__Less__3digits,compare_numbers,comparison_skill,number_comparison,6,6,1.0,0.16666666666666666,False
stu_1782132156102_5677,decompose_number__3digits__2parts__zeroFalse,decompose_number,number_sense,place_value_decomposition,2,2,1.0,0.0,False
stu_1782132156102_5677,decompose_number__3digits__2parts__zeroFalse,decompose_number,visual_matching,place_value_decomposition,2,2,1.0,0.0,False
stu_1782132156102_5677,decompose_number__3digits__3parts__zeroFalse,decompose_number,number_sense,place_value_decomposition,3,3,1.0,0.0,False
stu_1782132156102_5677,decompose_number__3digits__3parts__zeroFalse,decompose_number,visual_matching,place_value_decomposition,3,3,1.0,0.0,False
stu_1782132156102_5677,find_previous_next_number__3digits__hundreds_transition,find_previous_next_number,number_sense,number_sequencing,1,1,1.0,0.0,False
stu_1782132156102_5677,find_previous_next_number__3digits__hundreds_transition,find_previous_next_number,sequential_thinking,number_sequencing,1,1,1.0,0.0,False
stu_1782132156102_5677,find_previous_next_number__3digits__normal_range,find_previous_next_number,number_sense,number_sequencing,3,3,1.0,0.3333333333333333,False
stu_1782132156102_5677,find_previous_next_number__3digits__normal_range,find_previous_next_number,sequential_thinking,number_sequencing,3,3,1.0,0.3333333333333333,False
stu_1782132156102_5677,identify_place_value__2digits__all_digits_distinct,identify_place_value,number_sense,place_value_identification,2,2,1.0,0.0,False
stu_1782132156102_5677,identify_place_value__2digits__all_digits_same,identify_place_value,number_sense,place_value_identification,1,1,1.0,0.0,False
stu_1782132156102_5677,identify_place_value__3digits__all_digits_distinct,identify_place_value,number_sense,place_value_identification,5,4,0.8,0.0,False
stu_1782132156102_5677,identify_place_value__3digits__has_repeated_digits,identify_place_value,number_sense,place_value_identification,1,0,0.0,0.0,False
stu_1782132156102_5677,order_numbers__asc__seq5__3digits,order_numbers,number_sense,number_ordering,2,1,0.5,0.0,False
stu_1782132156102_5677,order_numbers__asc__seq5__3digits,order_numbers,sequential_thinking,number_ordering,2,1,0.5,0.0,False
stu_1782132156102_5677,order_numbers__desc__seq5__2digits,order_numbers,number_sense,number_ordering,2,2,1.0,0.0,False
stu_1782132156102_5677,order_numbers__desc__seq5__2digits,order_numbers,sequential_thinking,number_ordering,2,2,1.0,0.0,False
stu_1782132156102_5677,order_numbers__desc__seq5__3digits,order_numbers,number_sense,number_ordering,2,2,1.0,0.0,False
stu_1782132156102_5677,order_numbers__desc__seq5__3digits,order_numbers,sequential_thinking,number_ordering,2,2,1.0,0.0,False
stu_1782132156102_5677,tap_matching_pairs__3digits__8pairs,tap_matching_pairs,visual_matching,visual_matching,17,16,0.9411764705882353,0.058823529411764705,False
stu_1782132156102_5677,vertical_operations__AdditionWithCarry__4digits,vertical_operations,arithmetic_fluency,procedural_fluency,1,1,1.0,0.0,False
stu_1782132156102_5677,vertical_operations__SimpleAddition__3digits,vertical_operations,arithmetic_fluency,procedural_fluency,1,1,1.0,0.0,True
stu_1782132156102_5677,vertical_operations__SubtractionWithBorrow__3digits,vertical_operations,arithmetic_fluency,procedural_fluency,2,1,0.5,0.0,False
stu_1782132156102_5677,write_number_in_letters__3digits__langfr,write_number_in_letters,number_sense,number_writing,8,8,1.0,0.0,False
stu_1782132156102_5677,write_number_in_letters__3digits__langfr,write_number_in_letters,sequential_thinking,number_writing,8,8,1.0,0.0,False
