student_id,test_id,game_type,attempt_idx,log_idx,axis,axis_weight,fine_skill,item_template_id,template_label,config_context_id,operation,operations_expected,operations_used,skill_subtype,question_type,format,num_digits,complexity_level,boundary_type,difficulty_zone,sequence_length,comparison_type,order_direction,decomposition_parts,has_zero_place,place_value_pattern,num_options,num_steps,num_pairs,display_time,max_number_range,min_num_compositions,correct,time_spent_ms,answer_time_category,is_slow,mistake_type,started_at,finished_at,definition_order,config_found,config_source,sparse_template,template_attempts,template_students,runtime_question,runtime_selected,runtime_answered,runtime_correct_answer,runtime_expected,runtime_given,runtime_options,runtime_numbers,runtime_left,runtime_right,runtime_number,config_json
stu_1776848582102_8186,test_1776848340577_ghi7b5y,compare_numbers,0,0,comparison_skill,1.0,number_comparison,compare_numbers__Greater__3digits,compare numbers | Greater | Comparison | Greater | 3 digits,compare_numbers__cfg_range3,,,,Greater,Comparison,Horizontal,3,medium,,,,Greater,,,,,,,,,3,,1,43866,slow,1,,2026-04-22T09:19:40.315Z,2026-04-22T09:21:07.125Z,3,1,test_definition,False,13,13,,,,,,,,,513,156,,"{""maxNumberRange"": 3, ""numQuestions"": 3, ""requiredCorrectAnswersMinimumPercent"": 85}"
stu_1776848582102_8186,test_1776848340577_ghi7b5y,compare_numbers,0,1,comparison_skill,1.0,number_comparison,compare_numbers__Less__3digits,compare numbers | Less | Comparison | Less | 3 digits,compare_numbers__cfg_range3,,,,Less,Comparison,Horizontal,3,medium,,,,Less,,,,,,,,,3,,1,31058,slow,1,,2026-04-22T09:19:40.315Z,2026-04-22T09:21:07.125Z,3,1,test_definition,False,13,13,,,,,,,,,440,762,,"{""maxNumberRange"": 3, ""numQuestions"": 3, ""requiredCorrectAnswersMinimumPercent"": 85}"
stu_1776848582102_8186,test_1776848340577_ghi7b5y,compare_numbers,0,2,comparison_skill,1.0,number_comparison,compare_numbers__Equal__3digits,compare numbers | Equal | Comparison | Equal | 3 digits,compare_numbers__cfg_range3,,,,Equal,Comparison,Horizontal,3,medium,,,,Equal,,,,,,,,,3,,1,11885,medium,0,,2026-04-22T09:19:40.315Z,2026-04-22T09:21:07.125Z,3,1,test_definition,False,13,13,,,,,,,,,198,198,,"{""maxNumberRange"": 3, ""numQuestions"": 3, ""requiredCorrectAnswersMinimumPercent"": 85}"
stu_1776848582102_8186,test_1776848340577_ghi7b5y,decompose_number,0,0,number_sense,1.0,number_decomposition,decompose_number__3digits__2parts__zeroFalse,decompose number | Decomposition | Decomposition | 3 digits,decompose_number__cfg_range3,,,,Decomposition,Decomposition,Visual,3,medium,,,,,,2.0,False,,,,,,3,,1,47863,fast,0,,2026-04-22T09:26:18.064Z,2026-04-22T09:27:18.073Z,5,1,test_definition,True,3,2,,,,,"[200, 3]","[200, 3]",,,,,203,"{""maxNumberRange"": 3, ""numQuestions"": 4, ""requiredCorrectAnswersMinimumPercent"": 75}"
stu_1776848582102_8186,test_1776848340577_ghi7b5y,decompose_number,0,1,number_sense,1.0,number_decomposition,decompose_number__3digits__3parts__zeroFalse,decompose number | Decomposition | Decomposition | 3 digits,decompose_number__cfg_range3,,,,Decomposition,Decomposition,Visual,3,medium,,,,,,3.0,False,,,,,,3,,1,41898,fast,0,,2026-04-22T09:26:18.064Z,2026-04-22T09:27:18.073Z,5,1,test_definition,True,5,2,,,,,"[600, 20, 2]","[600, 20, 2]",,,,,622,"{""maxNumberRange"": 3, ""numQuestions"": 4, ""requiredCorrectAnswersMinimumPercent"": 75}"
stu_1776848582102_8186,test_1776848340577_ghi7b5y,decompose_number,0,2,number_sense,1.0,number_decomposition,decompose_number__3digits__2parts__zeroFalse,decompose number | Decomposition | Decomposition | 3 digits,decompose_number__cfg_range3,,,,Decomposition,Decomposition,Visual,3,medium,,,,,,2.0,False,,,,,,3,,1,79288,fast,0,,2026-04-22T09:26:18.064Z,2026-04-22T09:27:18.073Z,5,1,test_definition,True,3,2,,,,,"[800, 80]","[800, 80]",,,,,880,"{""maxNumberRange"": 3, ""numQuestions"": 4, ""requiredCorrectAnswersMinimumPercent"": 75}"
stu_1776848582102_8186,test_1776848340577_ghi7b5y,decompose_number,0,3,number_sense,1.0,number_decomposition,decompose_number__3digits__3parts__zeroFalse,decompose number | Decomposition | Decomposition | 3 digits,decompose_number__cfg_range3,,,,Decomposition,Decomposition,Visual,3,medium,,,,,,3.0,False,,,,,,3,,1,60009,fast,0,,2026-04-22T09:26:18.064Z,2026-04-22T09:27:18.073Z,5,1,test_definition,True,5,2,,,,,"[300, 50, 7]","[300, 50, 7]",,,,,357,"{""maxNumberRange"": 3, ""numQuestions"": 4, ""requiredCorrectAnswersMinimumPercent"": 75}"
stu_1776848582102_8186,test_1776848340577_ghi7b5y,find_previous_next_number,0,0,sequential_thinking,1.0,previous_next_number,find_previous_next_number__3digits__normal_range,find previous next number | PreviousAndNext | Sequence | normal_range | 3 digits,find_previous_next_number__cfg_range3,,,,PreviousAndNext,Sequence,Horizontal,3,medium,normal_range,100-109,,,,,,,,,,,3,,1,110760,medium,0,,2026-04-22T09:16:22.083Z,2026-04-22T09:17:48.529Z,2,1,test_definition,False,24,12,105,,,,"[104, 106]","[104, 106]",,,,,,"{""maxNumberRange"": 3, ""numQuestions"": 2, ""requiredCorrectAnswersMinimumPercent"": 75}"
stu_1776848582102_8186,test_1776848340577_ghi7b5y,find_previous_next_number,0,1,sequential_thinking,1.0,previous_next_number,find_previous_next_number__3digits__normal_range,find previous next number | PreviousAndNext | Sequence | normal_range | 3 digits,find_previous_next_number__cfg_range3,,,,PreviousAndNext,Sequence,Horizontal,3,medium,normal_range,460-469,,,,,,,,,,,3,,0,86446,medium,0,RangeUncertainty,2026-04-22T09:16:22.083Z,2026-04-22T09:17:48.529Z,2,1,test_definition,False,24,12,463,,,,"[462, 464]","[464, 465]",,,,,,"{""maxNumberRange"": 3, ""numQuestions"": 2, ""requiredCorrectAnswersMinimumPercent"": 75}"
stu_1776848582102_8186,test_1776848340577_ghi7b5y,find_previous_next_number,1,0,sequential_thinking,1.0,previous_next_number,find_previous_next_number__1digits__low_number_edge,find previous next number | PreviousAndNext | Sequence | low_number_edge | 1 digits,find_previous_next_number__cfg_range3,,,,PreviousAndNext,Sequence,Horizontal,1,very-easy,low_number_edge,0-9,,,,,,,,,,,3,,1,67579,medium,0,,2026-04-22T09:18:56.249Z,2026-04-22T09:19:40.185Z,2,1,test_definition,True,2,2,8,,,,"[7, 9]","[7, 9]",,,,,,"{""maxNumberRange"": 3, ""numQuestions"": 2, ""requiredCorrectAnswersMinimumPercent"": 75}"
stu_1776848582102_8186,test_1776848340577_ghi7b5y,find_previous_next_number,1,1,sequential_thinking,1.0,previous_next_number,find_previous_next_number__2digits__normal_range,find previous next number | PreviousAndNext | Sequence | normal_range | 2 digits,find_previous_next_number__cfg_range3,,,,PreviousAndNext,Sequence,Horizontal,2,easy,normal_range,40-49,,,,,,,,,,,3,,1,43936,fast,0,,2026-04-22T09:18:56.249Z,2026-04-22T09:19:40.185Z,2,1,test_definition,False,10,7,42,,,,"[41, 43]","[41, 43]",,,,,,"{""maxNumberRange"": 3, ""numQuestions"": 2, ""requiredCorrectAnswersMinimumPercent"": 75}"
stu_1776848582102_8186,test_1776848340577_ghi7b5y,identify_place_value,0,0,number_sense,1.0,place_value_identification,identify_place_value__3digits__all_digits_same,identify place value | PlaceValue | PlaceValue | 3 digits,identify_place_value__cfg_range3,,,,PlaceValue,PlaceValue,Visual,3,medium,,,,,,,,all_digits_same,,,,,3,,1,32206,fast,0,,2026-04-22T09:28:33.615Z,2026-04-22T09:29:08.592Z,6,1,test_definition,True,1,1,,,,,"{""pos_0"": 5, ""pos_1"": 5, ""pos_2"": 5}","{""pos_0"": 5, ""pos_1"": 5, ""pos_2"": 5}",,,,,555,"{""maxNumberRange"": 3, ""numQuestions"": 3, ""requiredCorrectAnswersMinimumPercent"": 76}"
stu_1776848582102_8186,test_1776848340577_ghi7b5y,identify_place_value,0,1,number_sense,1.0,place_value_identification,identify_place_value__3digits__has_repeated_digits,identify place value | PlaceValue | PlaceValue | 3 digits,identify_place_value__cfg_range3,,,,PlaceValue,PlaceValue,Visual,3,medium,,,,,,,,has_repeated_digits,,,,,3,,0,43218,fast,0,PlaceValueMisidentification,2026-04-22T09:28:33.615Z,2026-04-22T09:29:08.592Z,6,1,test_definition,True,3,2,,,,,"{""pos_0"": 4, ""pos_1"": 8, ""pos_2"": 8}","{""pos_0"": 8, ""pos_1"": 8, ""pos_2"": 4}",,,,,488,"{""maxNumberRange"": 3, ""numQuestions"": 3, ""requiredCorrectAnswersMinimumPercent"": 76}"
stu_1776848582102_8186,test_1776848340577_ghi7b5y,identify_place_value,0,2,number_sense,1.0,place_value_identification,identify_place_value__3digits__has_repeated_digits,identify place value | PlaceValue | PlaceValue | 3 digits,identify_place_value__cfg_range3,,,,PlaceValue,PlaceValue,Visual,3,medium,,,,,,,,has_repeated_digits,,,,,3,,0,34976,fast,0,PlaceValueMisidentification,2026-04-22T09:28:33.615Z,2026-04-22T09:29:08.592Z,6,1,test_definition,True,3,2,,,,,"{""pos_0"": 2, ""pos_1"": 9, ""pos_2"": 9}","{""pos_0"": 9, ""pos_1"": 9, ""pos_2"": 2}",,,,,299,"{""maxNumberRange"": 3, ""numQuestions"": 3, ""requiredCorrectAnswersMinimumPercent"": 76}"
stu_1776848582102_8186,test_1776848340577_ghi7b5y,identify_place_value,1,0,number_sense,1.0,place_value_identification,identify_place_value__2digits__all_digits_distinct,identify place value | PlaceValue | PlaceValue | 2 digits,identify_place_value__cfg_range3,,,,PlaceValue,PlaceValue,Visual,2,easy,,,,,,,,all_digits_distinct,,,,,3,,0,28146,fast,0,PlaceValueMisidentification,2026-04-22T09:29:57.469Z,2026-04-22T09:30:15.385Z,6,1,test_definition,False,42,11,,,,,"{""pos_0"": 9, ""pos_1"": 2}","{""pos_0"": 2, ""pos_1"": 9}",,,,,92,"{""maxNumberRange"": 3, ""numQuestions"": 3, ""requiredCorrectAnswersMinimumPercent"": 76}"
stu_1776848582102_8186,test_1776848340577_ghi7b5y,identify_place_value,1,1,number_sense,1.0,place_value_identification,identify_place_value__2digits__all_digits_same,identify place value | PlaceValue | PlaceValue | 2 digits,identify_place_value__cfg_range3,,,,PlaceValue,PlaceValue,Visual,2,easy,,,,,,,,all_digits_same,,,,,3,,1,20613,fast,0,,2026-04-22T09:29:57.469Z,2026-04-22T09:30:15.385Z,6,1,test_definition,True,4,3,,,,,"{""pos_0"": 4, ""pos_1"": 4}","{""pos_0"": 4, ""pos_1"": 4}",,,,,44,"{""maxNumberRange"": 3, ""numQuestions"": 3, ""requiredCorrectAnswersMinimumPercent"": 76}"
stu_1776848582102_8186,test_1776848340577_ghi7b5y,identify_place_value,1,2,number_sense,1.0,place_value_identification,identify_place_value__2digits__all_digits_same,identify place value | PlaceValue | PlaceValue | 2 digits,identify_place_value__cfg_range3,,,,PlaceValue,PlaceValue,Visual,2,easy,,,,,,,,all_digits_same,,,,,3,,1,17916,fast,0,,2026-04-22T09:29:57.469Z,2026-04-22T09:30:15.385Z,6,1,test_definition,True,4,3,,,,,"{""pos_0"": 1, ""pos_1"": 1}","{""pos_0"": 1, ""pos_1"": 1}",,,,,11,"{""maxNumberRange"": 3, ""numQuestions"": 3, ""requiredCorrectAnswersMinimumPercent"": 76}"
stu_1776848582102_8186,test_1776848340577_ghi7b5y,identify_place_value,2,0,number_sense,1.0,place_value_identification,identify_place_value__2digits__all_digits_distinct,identify place value | PlaceValue | PlaceValue | 2 digits,identify_place_value__cfg_range3,,,,PlaceValue,PlaceValue,Visual,2,easy,,,,,,,,all_digits_distinct,,,,,3,,0,57529,fast,0,PlaceValueMisidentification,2026-04-22T09:31:26.692Z,2026-04-22T09:31:59.449Z,6,1,test_definition,False,42,11,,,,,"{""pos_0"": 6, ""pos_1"": 9}","{""pos_0"": 6, ""pos_1"": 6}",,,,,69,"{""maxNumberRange"": 3, ""numQuestions"": 3, ""requiredCorrectAnswersMinimumPercent"": 76}"
stu_1776848582102_8186,test_1776848340577_ghi7b5y,identify_place_value,2,1,number_sense,1.0,place_value_identification,identify_place_value__2digits__all_digits_distinct,identify place value | PlaceValue | PlaceValue | 2 digits,identify_place_value__cfg_range3,,,,PlaceValue,PlaceValue,Visual,2,easy,,,,,,,,all_digits_distinct,,,,,3,,0,13631,fast,0,PlaceValueMisidentification,2026-04-22T09:31:26.692Z,2026-04-22T09:31:59.449Z,6,1,test_definition,False,42,11,,,,,"{""pos_0"": 5, ""pos_1"": 7}","{""pos_0"": 7, ""pos_1"": 5}",,,,,57,"{""maxNumberRange"": 3, ""numQuestions"": 3, ""requiredCorrectAnswersMinimumPercent"": 76}"
stu_1776848582102_8186,test_1776848340577_ghi7b5y,identify_place_value,2,2,number_sense,1.0,place_value_identification,identify_place_value__2digits__all_digits_distinct,identify place value | PlaceValue | PlaceValue | 2 digits,identify_place_value__cfg_range3,,,,PlaceValue,PlaceValue,Visual,2,easy,,,,,,,,all_digits_distinct,,,,,3,,0,32757,fast,0,PlaceValueMisidentification,2026-04-22T09:31:26.692Z,2026-04-22T09:31:59.449Z,6,1,test_definition,False,42,11,,,,,"{""pos_0"": 4, ""pos_1"": 2}","{""pos_0"": 2, ""pos_1"": 4}",,,,,42,"{""maxNumberRange"": 3, ""numQuestions"": 3, ""requiredCorrectAnswersMinimumPercent"": 76}"
stu_1776848582102_8186,test_1776848340577_ghi7b5y,order_numbers,0,0,sequential_thinking,1.0,number_ordering,order_numbers__asc__seq5__3digits,order numbers | Ordering_asc | Ordering | asc | 3 digits | sequence 5,order_numbers__cfg_range3__maxseq5,,,,Ordering_asc,Ordering,Visual,3,medium,,,5.0,,asc,,,,,,,,3,,1,74834,fast,0,,2026-04-22T09:21:07.236Z,2026-04-22T09:23:28.881Z,4,1,test_definition,True,3,3,,,,,,,,"[414, 572, 255, 247, 868]",,,,"{""maxNumberRange"": 3, ""maxNumbersInSequence"": 5, ""numQuestions"": 3, ""requiredCorrectAnswersMinimumPercent"": 75}"
stu_1776848582102_8186,test_1776848340577_ghi7b5y,order_numbers,0,1,sequential_thinking,1.0,number_ordering,order_numbers__desc__seq3__3digits,order numbers | Ordering_desc | Ordering | desc | 3 digits | sequence 3,order_numbers__cfg_range3__maxseq5,,,,Ordering_desc,Ordering,Visual,3,medium,,,3.0,,desc,,,,,,,,3,,1,40331,fast,0,,2026-04-22T09:21:07.236Z,2026-04-22T09:23:28.881Z,4,1,test_definition,True,1,1,,,,,,,,"[175, 355, 656]",,,,"{""maxNumberRange"": 3, ""maxNumbersInSequence"": 5, ""numQuestions"": 3, ""requiredCorrectAnswersMinimumPercent"": 75}"
stu_1776848582102_8186,test_1776848340577_ghi7b5y,order_numbers,0,2,sequential_thinking,1.0,number_ordering,order_numbers__desc__seq2__3digits,order numbers | Ordering_desc | Ordering | desc | 3 digits | sequence 2,order_numbers__cfg_range3__maxseq5,,,,Ordering_desc,Ordering,Visual,3,medium,,,2.0,,desc,,,,,,,,3,,1,26477,fast,0,,2026-04-22T09:21:07.236Z,2026-04-22T09:23:28.881Z,4,1,test_definition,True,2,2,,,,,,,,"[495, 113]",,,,"{""maxNumberRange"": 3, ""maxNumbersInSequence"": 5, ""numQuestions"": 3, ""requiredCorrectAnswersMinimumPercent"": 75}"
stu_1776848747452_2240,test_1776848340577_ghi7b5y,compare_numbers,0,0,comparison_skill,1.0,number_comparison,compare_numbers__Greater__3digits,compare numbers | Greater | Comparison | Greater | 3 digits,compare_numbers__cfg_range3,,,,Greater,Comparison,Horizontal,3,medium,,,,Greater,,,,,,,,,3,,0,8893,fast,0,ReversedSign,2026-04-22T09:54:51.613Z,2026-04-22T09:55:19.233Z,3,1,test_definition,False,13,13,,,,,,,,,846,326,,"{""maxNumberRange"": 3, ""numQuestions"": 3, ""requiredCorrectAnswersMinimumPercent"": 85}"
stu_1776848747452_2240,test_1776848340577_ghi7b5y,compare_numbers,0,1,comparison_skill,1.0,number_comparison,compare_numbers__Less__3digits,compare numbers | Less | Comparison | Less | 3 digits,compare_numbers__cfg_range3,,,,Less,Comparison,Horizontal,3,medium,,,,Less,,,,,,,,,3,,1,12973,medium,0,,2026-04-22T09:54:51.613Z,2026-04-22T09:55:19.233Z,3,1,test_definition,False,13,13,,,,,,,,,258,827,,"{""maxNumberRange"": 3, ""numQuestions"": 3, ""requiredCorrectAnswersMinimumPercent"": 85}"
stu_1776848747452_2240,test_1776848340577_ghi7b5y,compare_numbers,0,2,comparison_skill,1.0,number_comparison,compare_numbers__Equal__3digits,compare numbers | Equal | Comparison | Equal | 3 digits,compare_numbers__cfg_range3,,,,Equal,Comparison,Horizontal,3,medium,,,,Equal,,,,,,,,,3,,1,5754,fast,0,,2026-04-22T09:54:51.613Z,2026-04-22T09:55:19.233Z,3,1,test_definition,False,13,13,,,,,,,,,498,498,,"{""maxNumberRange"": 3, ""numQuestions"": 3, ""requiredCorrectAnswersMinimumPercent"": 85}"
stu_1776848747452_2240,test_1776848340577_ghi7b5y,compare_numbers,1,0,comparison_skill,1.0,number_comparison,compare_numbers__Greater__2digits,compare numbers | Greater | Comparison | Greater | 2 digits,compare_numbers__cfg_range3,,,,Greater,Comparison,Horizontal,2,easy,,,,Greater,,,,,,,,,3,,0,26141,slow,1,ReversedSign,2026-04-22T09:55:19.370Z,2026-04-22T09:55:59.080Z,3,1,test_definition,True,2,2,,,,,,,,,64,51,,"{""maxNumberRange"": 3, ""numQuestions"": 3, ""requiredCorrectAnswersMinimumPercent"": 85}"
stu_1776848747452_2240,test_1776848340577_ghi7b5y,compare_numbers,1,1,comparison_skill,1.0,number_comparison,compare_numbers__Less__2digits,compare numbers | Less | Comparison | Less | 2 digits,compare_numbers__cfg_range3,,,,Less,Comparison,Horizontal,2,easy,,,,Less,,,,,,,,,3,,0,7725,fast,0,ReversedSign,2026-04-22T09:55:19.370Z,2026-04-22T09:55:59.080Z,3,1,test_definition,True,2,2,,,,,,,,,44,47,,"{""maxNumberRange"": 3, ""numQuestions"": 3, ""requiredCorrectAnswersMinimumPercent"": 85}"
stu_1776848747452_2240,test_1776848340577_ghi7b5y,compare_numbers,1,2,comparison_skill,1.0,number_comparison,compare_numbers__Equal__2digits,compare numbers | Equal | Comparison | Equal | 2 digits,compare_numbers__cfg_range3,,,,Equal,Comparison,Horizontal,2,easy,,,,Equal,,,,,,,,,3,,1,5843,fast,0,,2026-04-22T09:55:19.370Z,2026-04-22T09:55:59.080Z,3,1,test_definition,True,2,2,,,,,,,,,61,61,,"{""maxNumberRange"": 3, ""numQuestions"": 3, ""requiredCorrectAnswersMinimumPercent"": 85}"
stu_1776848747452_2240,test_1776848340577_ghi7b5y,find_previous_next_number,0,0,sequential_thinking,1.0,previous_next_number,find_previous_next_number__3digits__normal_range,find previous next number | PreviousAndNext | Sequence | normal_range | 3 digits,find_previous_next_number__cfg_range3,,,,PreviousAndNext,Sequence,Horizontal,3,medium,normal_range,880-889,,,,,,,,,,,3,,1,55806,fast,0,,2026-04-22T09:54:19.652Z,2026-04-22T09:54:51.475Z,2,1,test_definition,False,24,12,882,,,,"[881, 883]","[881, 883]",,,,,,"{""maxNumberRange"": 3, ""numQuestions"": 2, ""requiredCorrectAnswersMinimumPercent"": 75}"
stu_1776848747452_2240,test_1776848340577_ghi7b5y,find_previous_next_number,0,1,sequential_thinking,1.0,previous_next_number,find_previous_next_number__2digits__normal_range,find previous next number | PreviousAndNext | Sequence | normal_range | 2 digits,find_previous_next_number__cfg_range3,,,,PreviousAndNext,Sequence,Horizontal,2,easy,normal_range,80-89,,,,,,,,,,,3,,1,31822,fast,0,,2026-04-22T09:54:19.652Z,2026-04-22T09:54:51.475Z,2,1,test_definition,False,10,7,82,,,,"[81, 83]","[81, 83]",,,,,,"{""maxNumberRange"": 3, ""numQuestions"": 2, ""requiredCorrectAnswersMinimumPercent"": 75}"
stu_1776848747452_2240,test_1776848340577_ghi7b5y,order_numbers,0,0,sequential_thinking,1.0,number_ordering,order_numbers__asc__seq3__3digits,order numbers | Ordering_asc | Ordering | asc | 3 digits | sequence 3,order_numbers__cfg_range3__maxseq5,,,,Ordering_asc,Ordering,Visual,3,medium,,,3.0,,asc,,,,,,,,3,,0,36238,fast,0,ReversedDescending,2026-04-22T09:46:48.063Z,2026-04-22T09:47:56.187Z,4,1,test_definition,True,2,1,,,,,,,,"[169, 132, 241]",,,,"{""maxNumberRange"": 3, ""maxNumbersInSequence"": 5, ""numQuestions"": 3, ""requiredCorrectAnswersMinimumPercent"": 75}"
stu_1776848747452_2240,test_1776848340577_ghi7b5y,order_numbers,0,1,sequential_thinking,1.0,number_ordering,order_numbers__desc__seq2__3digits,order numbers | Ordering_desc | Ordering | desc | 3 digits | sequence 2,order_numbers__cfg_range3__maxseq5,,,,Ordering_desc,Ordering,Visual,3,medium,,,2.0,,desc,,,,,,,,3,,0,14374,fast,0,ReversedAscending,2026-04-22T09:46:48.063Z,2026-04-22T09:47:56.187Z,4,1,test_definition,True,2,2,,,,,,,,"[892, 160]",,,,"{""maxNumberRange"": 3, ""maxNumbersInSequence"": 5, ""numQuestions"": 3, ""requiredCorrectAnswersMinimumPercent"": 75}"
stu_1776848747452_2240,test_1776848340577_ghi7b5y,order_numbers,0,2,sequential_thinking,1.0,number_ordering,order_numbers__asc__seq3__3digits,order numbers | Ordering_asc | Ordering | asc | 3 digits | sequence 3,order_numbers__cfg_range3__maxseq5,,,,Ordering_asc,Ordering,Visual,3,medium,,,3.0,,asc,,,,,,,,3,,1,17511,fast,0,,2026-04-22T09:46:48.063Z,2026-04-22T09:47:56.187Z,4,1,test_definition,True,2,1,,,,,,,,"[589, 366, 512]",,,,"{""maxNumberRange"": 3, ""maxNumbersInSequence"": 5, ""numQuestions"": 3, ""requiredCorrectAnswersMinimumPercent"": 75}"
stu_1776848747452_2240,test_1776848340577_ghi7b5y,order_numbers,1,0,sequential_thinking,1.0,number_ordering,order_numbers__desc__seq3__2digits,order numbers | Ordering_desc | Ordering | desc | 2 digits | sequence 3,order_numbers__cfg_range3__maxseq5,,,,Ordering_desc,Ordering,Visual,2,easy,,,3.0,,desc,,,,,,,,3,,1,17755,fast,0,,2026-04-22T09:47:56.337Z,2026-04-22T09:49:07.715Z,4,1,test_definition,True,2,2,,,,,,,,"[37, 39, 27]",,,,"{""maxNumberRange"": 3, ""maxNumbersInSequence"": 5, ""numQuestions"": 3, ""requiredCorrectAnswersMinimumPercent"": 75}"
stu_1776848747452_2240,test_1776848340577_ghi7b5y,order_numbers,1,1,sequential_thinking,1.0,number_ordering,order_numbers__asc__seq3__2digits,order numbers | Ordering_asc | Ordering | asc | 2 digits | sequence 3,order_numbers__cfg_range3__maxseq5,,,,Ordering_asc,Ordering,Visual,2,easy,,,3.0,,asc,,,,,,,,3,,0,22673,fast,0,ReversedDescending,2026-04-22T09:47:56.337Z,2026-04-22T09:49:07.715Z,4,1,test_definition,False,6,6,,,,,,,,"[40, 44, 67]",,,,"{""maxNumberRange"": 3, ""maxNumbersInSequence"": 5, ""numQuestions"": 3, ""requiredCorrectAnswersMinimumPercent"": 75}"
stu_1776848747452_2240,test_1776848340577_ghi7b5y,order_numbers,1,2,sequential_thinking,1.0,number_ordering,order_numbers__desc__seq5__2digits,order numbers | Ordering_desc | Ordering | desc | 2 digits | sequence 5,order_numbers__cfg_range3__maxseq5,,,,Ordering_desc,Ordering,Visual,2,easy,,,5.0,,desc,,,,,,,,3,,0,30949,fast,0,MultipleMisplacements,2026-04-22T09:47:56.337Z,2026-04-22T09:49:07.715Z,4,1,test_definition,False,5,4,,,,,,,,"[15, 40, 23, 99, 73]",,,,"{""maxNumberRange"": 3, ""maxNumbersInSequence"": 5, ""numQuestions"": 3, ""requiredCorrectAnswersMinimumPercent"": 75}"
stu_1776848878846_8648,test_1776848340577_ghi7b5y,choose_answer,0,0,arithmetic_fluency,0.6,operation_identification_from_context,choose_answer__Addition__OneStepProblem__2digits__3options,choose answer | OneStepProblem | Addition | OneStepProblem | 2 digits,choose_answer__cfg_range2__ops_Addition-Subtraction-Multiplication__options3,Addition,Addition,Addition,OneStepProblem,OneStepProblem,Horizontal,2,easy,,,,,,,,,3.0,,,,2,,1,12759,medium,0,,2026-04-22T09:38:10.871Z,2026-04-22T09:38:38.168Z,8,1,test_definition,False,14,8,في حديقة هناك 45 شجرة، زرعوا 12 شجرة أخرى. كم عدد الأشجار في الحديقة الآن؟,45 + 12,,,,,"[{""correct"": false, ""text"": ""45 - 12""}, {""correct"": false, ""text"": ""12 × 45""}, {""correct"": true, ""text"": ""45 + 12""}]",,,,,"{""maxNumberRange"": 2, ""numOptions"": 3, ""numQuestions"": 3, ""operationsAllowed"": [""Addition"", ""Subtraction"", ""Multiplication""], ""requiredCorrectAnswersMinimumPercent"": 60}"
stu_1776848878846_8648,test_1776848340577_ghi7b5y,choose_answer,0,0,number_sense,0.2,operation_identification_from_context,choose_answer__Addition__OneStepProblem__2digits__3options,choose answer | OneStepProblem | Addition | OneStepProblem | 2 digits,choose_answer__cfg_range2__ops_Addition-Subtraction-Multiplication__options3,Addition,Addition,Addition,OneStepProblem,OneStepProblem,Horizontal,2,easy,,,,,,,,,3.0,,,,2,,1,12759,medium,0,,2026-04-22T09:38:10.871Z,2026-04-22T09:38:38.168Z,8,1,test_definition,False,14,8,في حديقة هناك 45 شجرة، زرعوا 12 شجرة أخرى. كم عدد الأشجار في الحديقة الآن؟,45 + 12,,,,,"[{""correct"": false, ""text"": ""45 - 12""}, {""correct"": false, ""text"": ""12 × 45""}, {""correct"": true, ""text"": ""45 + 12""}]",,,,,"{""maxNumberRange"": 2, ""numOptions"": 3, ""numQuestions"": 3, ""operationsAllowed"": [""Addition"", ""Subtraction"", ""Multiplication""], ""requiredCorrectAnswersMinimumPercent"": 60}"
stu_1776848878846_8648,test_1776848340577_ghi7b5y,choose_answer,0,0,sequential_thinking,0.2,operation_identification_from_context,choose_answer__Addition__OneStepProblem__2digits__3options,choose answer | OneStepProblem | Addition | OneStepProblem | 2 digits,choose_answer__cfg_range2__ops_Addition-Subtraction-Multiplication__options3,Addition,Addition,Addition,OneStepProblem,OneStepProblem,Horizontal,2,easy,,,,,,,,,3.0,,,,2,,1,12759,medium,0,,2026-04-22T09:38:10.871Z,2026-04-22T09:38:38.168Z,8,1,test_definition,False,14,8,في حديقة هناك 45 شجرة، زرعوا 12 شجرة أخرى. كم عدد الأشجار في الحديقة الآن؟,45 + 12,,,,,"[{""correct"": false, ""text"": ""45 - 12""}, {""correct"": false, ""text"": ""12 × 45""}, {""correct"": true, ""text"": ""45 + 12""}]",,,,,"{""maxNumberRange"": 2, ""numOptions"": 3, ""numQuestions"": 3, ""operationsAllowed"": [""Addition"", ""Subtraction"", ""Multiplication""], ""requiredCorrectAnswersMinimumPercent"": 60}"
stu_1776848878846_8648,test_1776848340577_ghi7b5y,choose_answer,0,1,arithmetic_fluency,0.6,operation_identification_from_context,choose_answer__Addition__OneStepProblem__2digits__3options,choose answer | OneStepProblem | Addition | OneStepProblem | 2 digits,choose_answer__cfg_range2__ops_Addition-Subtraction-Multiplication__options3,Addition,Addition,Addition,OneStepProblem,OneStepProblem,Horizontal,2,easy,,,,,,,,,3.0,,,,2,,1,7219,fast,0,,2026-04-22T09:38:10.871Z,2026-04-22T09:38:38.168Z,8,1,test_definition,False,14,8,في مزرعة هناك 20 دجاجة. إذا وضعت 5 دجاجات أخرى. كم دجاجة في المجموع؟,20 + 5,,,,,"[{""correct"": false, ""text"": ""5 × 20""}, {""correct"": false, ""text"": ""20 - 5""}, {""correct"": true, ""text"": ""20 + 5""}]",,,,,"{""maxNumberRange"": 2, ""numOptions"": 3, ""numQuestions"": 3, ""operationsAllowed"": [""Addition"", ""Subtraction"", ""Multiplication""], ""requiredCorrectAnswersMinimumPercent"": 60}"
stu_1776848878846_8648,test_1776848340577_ghi7b5y,choose_answer,0,1,number_sense,0.2,operation_identification_from_context,choose_answer__Addition__OneStepProblem__2digits__3options,choose answer | OneStepProblem | Addition | OneStepProblem | 2 digits,choose_answer__cfg_range2__ops_Addition-Subtraction-Multiplication__options3,Addition,Addition,Addition,OneStepProblem,OneStepProblem,Horizontal,2,easy,,,,,,,,,3.0,,,,2,,1,7219,fast,0,,2026-04-22T09:38:10.871Z,2026-04-22T09:38:38.168Z,8,1,test_definition,False,14,8,في مزرعة هناك 20 دجاجة. إذا وضعت 5 دجاجات أخرى. كم دجاجة في المجموع؟,20 + 5,,,,,"[{""correct"": false, ""text"": ""5 × 20""}, {""correct"": false, ""text"": ""20 - 5""}, {""correct"": true, ""text"": ""20 + 5""}]",,,,,"{""maxNumberRange"": 2, ""numOptions"": 3, ""numQuestions"": 3, ""operationsAllowed"": [""Addition"", ""Subtraction"", ""Multiplication""], ""requiredCorrectAnswersMinimumPercent"": 60}"
stu_1776848878846_8648,test_1776848340577_ghi7b5y,choose_answer,0,1,sequential_thinking,0.2,operation_identification_from_context,choose_answer__Addition__OneStepProblem__2digits__3options,choose answer | OneStepProblem | Addition | OneStepProblem | 2 digits,choose_answer__cfg_range2__ops_Addition-Subtraction-Multiplication__options3,Addition,Addition,Addition,OneStepProblem,OneStepProblem,Horizontal,2,easy,,,,,,,,,3.0,,,,2,,1,7219,fast,0,,2026-04-22T09:38:10.871Z,2026-04-22T09:38:38.168Z,8,1,test_definition,False,14,8,في مزرعة هناك 20 دجاجة. إذا وضعت 5 دجاجات أخرى. كم دجاجة في المجموع؟,20 + 5,,,,,"[{""correct"": false, ""text"": ""5 × 20""}, {""correct"": false, ""text"": ""20 - 5""}, {""correct"": true, ""text"": ""20 + 5""}]",,,,,"{""maxNumberRange"": 2, ""numOptions"": 3, ""numQuestions"": 3, ""operationsAllowed"": [""Addition"", ""Subtraction"", ""Multiplication""], ""requiredCorrectAnswersMinimumPercent"": 60}"
stu_1776848878846_8648,test_1776848340577_ghi7b5y,choose_answer,0,2,arithmetic_fluency,0.6,operation_identification_from_context,choose_answer__Multiplication__OneStepProblem__2digits__3options,choose answer | OneStepProblem | Multiplication | OneStepProblem | 2 digits,choose_answer__cfg_range2__ops_Addition-Subtraction-Multiplication__options3,Multiplication,Multiplication,Multiplication,OneStepProblem,OneStepProblem,Horizontal,2,easy,,,,,,,,,3.0,,,,2,,1,7319,fast,0,,2026-04-22T09:38:10.871Z,2026-04-22T09:38:38.168Z,8,1,test_definition,False,36,12,في إحدى المزارع هناك 8 حقول. في كل حقل 10 أشجار. كم عدد الأشجار في جميع الحقول؟,8 × 10,,,,,"[{""correct"": false, ""text"": ""80 ÷ 10""}, {""correct"": true, ""text"": ""8 × 10""}, {""correct"": false, ""text"": ""10 - 8""}]",,,,,"{""maxNumberRange"": 2, ""numOptions"": 3, ""numQuestions"": 3, ""operationsAllowed"": [""Addition"", ""Subtraction"", ""Multiplication""], ""requiredCorrectAnswersMinimumPercent"": 60}"
stu_1776848878846_8648,test_1776848340577_ghi7b5y,choose_answer,0,2,number_sense,0.2,operation_identification_from_context,choose_answer__Multiplication__OneStepProblem__2digits__3options,choose answer | OneStepProblem | Multiplication | OneStepProblem | 2 digits,choose_answer__cfg_range2__ops_Addition-Subtraction-Multiplication__options3,Multiplication,Multiplication,Multiplication,OneStepProblem,OneStepProblem,Horizontal,2,easy,,,,,,,,,3.0,,,,2,,1,7319,fast,0,,2026-04-22T09:38:10.871Z,2026-04-22T09:38:38.168Z,8,1,test_definition,False,36,12,في إحدى المزارع هناك 8 حقول. في كل حقل 10 أشجار. كم عدد الأشجار في جميع الحقول؟,8 × 10,,,,,"[{""correct"": false, ""text"": ""80 ÷ 10""}, {""correct"": true, ""text"": ""8 × 10""}, {""correct"": false, ""text"": ""10 - 8""}]",,,,,"{""maxNumberRange"": 2, ""numOptions"": 3, ""numQuestions"": 3, ""operationsAllowed"": [""Addition"", ""Subtraction"", ""Multiplication""], ""requiredCorrectAnswersMinimumPercent"": 60}"
stu_1776848878846_8648,test_1776848340577_ghi7b5y,choose_answer,0,2,sequential_thinking,0.2,operation_identification_from_context,choose_answer__Multiplication__OneStepProblem__2digits__3options,choose answer | OneStepProblem | Multiplication | OneStepProblem | 2 digits,choose_answer__cfg_range2__ops_Addition-Subtraction-Multiplication__options3,Multiplication,Multiplication,Multiplication,OneStepProblem,OneStepProblem,Horizontal,2,easy,,,,,,,,,3.0,,,,2,,1,7319,fast,0,,2026-04-22T09:38:10.871Z,2026-04-22T09:38:38.168Z,8,1,test_definition,False,36,12,في إحدى المزارع هناك 8 حقول. في كل حقل 10 أشجار. كم عدد الأشجار في جميع الحقول؟,8 × 10,,,,,"[{""correct"": false, ""text"": ""80 ÷ 10""}, {""correct"": true, ""text"": ""8 × 10""}, {""correct"": false, ""text"": ""10 - 8""}]",,,,,"{""maxNumberRange"": 2, ""numOptions"": 3, ""numQuestions"": 3, ""operationsAllowed"": [""Addition"", ""Subtraction"", ""Multiplication""], ""requiredCorrectAnswersMinimumPercent"": 60}"
stu_1776848878846_8648,test_1776848340577_ghi7b5y,compare_numbers,0,0,comparison_skill,1.0,number_comparison,compare_numbers__Greater__3digits,compare numbers | Greater | Comparison | Greater | 3 digits,compare_numbers__cfg_range3,,,,Greater,Comparison,Horizontal,3,medium,,,,Greater,,,,,,,,,3,,1,15392,medium,0,,2026-04-22T09:27:57.579Z,2026-04-22T09:28:33.332Z,3,1,test_definition,False,13,13,,,,,,,,,751,508,,"{""maxNumberRange"": 3, ""numQuestions"": 3, ""requiredCorrectAnswersMinimumPercent"": 85}"
stu_1776848878846_8648,test_1776848340577_ghi7b5y,compare_numbers,0,1,comparison_skill,1.0,number_comparison,compare_numbers__Less__3digits,compare numbers | Less | Comparison | Less | 3 digits,compare_numbers__cfg_range3,,,,Less,Comparison,Horizontal,3,medium,,,,Less,,,,,,,,,3,,1,12923,medium,0,,2026-04-22T09:27:57.579Z,2026-04-22T09:28:33.332Z,3,1,test_definition,False,13,13,,,,,,,,,440,902,,"{""maxNumberRange"": 3, ""numQuestions"": 3, ""requiredCorrectAnswersMinimumPercent"": 85}"
stu_1776848878846_8648,test_1776848340577_ghi7b5y,compare_numbers,0,2,comparison_skill,1.0,number_comparison,compare_numbers__Equal__3digits,compare numbers | Equal | Comparison | Equal | 3 digits,compare_numbers__cfg_range3,,,,Equal,Comparison,Horizontal,3,medium,,,,Equal,,,,,,,,,3,,1,7438,fast,0,,2026-04-22T09:27:57.579Z,2026-04-22T09:28:33.332Z,3,1,test_definition,False,13,13,,,,,,,,,266,266,,"{""maxNumberRange"": 3, ""numQuestions"": 3, ""requiredCorrectAnswersMinimumPercent"": 85}"
stu_1776848878846_8648,test_1776848340577_ghi7b5y,decompose_number,0,0,number_sense,1.0,number_decomposition,decompose_number__3digits__2parts__zeroFalse,decompose number | Decomposition | Decomposition | 3 digits,decompose_number__cfg_range3,,,,Decomposition,Decomposition,Visual,3,medium,,,,,,2.0,False,,,,,,3,,1,22306,fast,0,,2026-04-22T09:33:45.740Z,2026-04-22T09:34:18.582Z,5,1,test_definition,True,3,2,,,,,"[600, 20]","[600, 20]",,,,,620,"{""maxNumberRange"": 3, ""numQuestions"": 4, ""requiredCorrectAnswersMinimumPercent"": 75}"
stu_1776848878846_8648,test_1776848340577_ghi7b5y,decompose_number,0,1,number_sense,1.0,number_decomposition,decompose_number__3digits__3parts__zeroFalse,decompose number | Decomposition | Decomposition | 3 digits,decompose_number__cfg_range3,,,,Decomposition,Decomposition,Visual,3,medium,,,,,,3.0,False,,,,,,3,,1,80263,fast,0,,2026-04-22T09:33:45.740Z,2026-04-22T09:34:18.582Z,5,1,test_definition,True,5,2,,,,,"[200, 40, 9]","[200, 40, 9]",,,,,249,"{""maxNumberRange"": 3, ""numQuestions"": 4, ""requiredCorrectAnswersMinimumPercent"": 75}"
stu_1776848878846_8648,test_1776848340577_ghi7b5y,decompose_number,0,2,number_sense,1.0,number_decomposition,decompose_number__3digits__3parts__zeroFalse,decompose number | Decomposition | Decomposition | 3 digits,decompose_number__cfg_range3,,,,Decomposition,Decomposition,Visual,3,medium,,,,,,3.0,False,,,,,,3,,1,41233,fast,0,,2026-04-22T09:33:45.740Z,2026-04-22T09:34:18.582Z,5,1,test_definition,True,5,2,,,,,"[200, 10, 7]","[200, 10, 7]",,,,,217,"{""maxNumberRange"": 3, ""numQuestions"": 4, ""requiredCorrectAnswersMinimumPercent"": 75}"
stu_1776848878846_8648,test_1776848340577_ghi7b5y,decompose_number,0,3,number_sense,1.0,number_decomposition,decompose_number__3digits__3parts__zeroFalse,decompose number | Decomposition | Decomposition | 3 digits,decompose_number__cfg_range3,,,,Decomposition,Decomposition,Visual,3,medium,,,,,,3.0,False,,,,,,3,,1,32835,fast,0,,2026-04-22T09:33:45.740Z,2026-04-22T09:34:18.582Z,5,1,test_definition,True,5,2,,,,,"[900, 90, 7]","[900, 90, 7]",,,,,997,"{""maxNumberRange"": 3, ""numQuestions"": 4, ""requiredCorrectAnswersMinimumPercent"": 75}"
stu_1776848878846_8648,test_1776848340577_ghi7b5y,find_previous_next_number,0,0,sequential_thinking,1.0,previous_next_number,find_previous_next_number__3digits__normal_range,find previous next number | PreviousAndNext | Sequence | normal_range | 3 digits,find_previous_next_number__cfg_range3,,,,PreviousAndNext,Sequence,Horizontal,3,medium,normal_range,290-299,,,,,,,,,,,3,,1,105336,medium,0,,2026-04-22T09:26:16.189Z,2026-04-22T09:27:57.437Z,2,1,test_definition,False,24,12,293,,,,"[292, 294]","[292, 294]",,,,,,"{""maxNumberRange"": 3, ""numQuestions"": 2, ""requiredCorrectAnswersMinimumPercent"": 75}"
stu_1776848878846_8648,test_1776848340577_ghi7b5y,find_previous_next_number,0,1,sequential_thinking,1.0,previous_next_number,find_previous_next_number__3digits__normal_range,find previous next number | PreviousAndNext | Sequence | normal_range | 3 digits,find_previous_next_number__cfg_range3,,,,PreviousAndNext,Sequence,Horizontal,3,medium,normal_range,820-829,,,,,,,,,,,3,,1,101247,medium,0,,2026-04-22T09:26:16.189Z,2026-04-22T09:27:57.437Z,2,1,test_definition,False,24,12,827,,,,"[826, 828]","[826, 828]",,,,,,"{""maxNumberRange"": 3, ""numQuestions"": 2, ""requiredCorrectAnswersMinimumPercent"": 75}"
stu_1776848878846_8648,test_1776848340577_ghi7b5y,identify_place_value,0,0,number_sense,1.0,place_value_identification,identify_place_value__3digits__all_digits_distinct,identify place value | PlaceValue | PlaceValue | 3 digits,identify_place_value__cfg_range3,,,,PlaceValue,PlaceValue,Visual,3,medium,,,,,,,,all_digits_distinct,,,,,3,,1,29521,fast,0,,2026-04-22T09:35:34.194Z,2026-04-22T09:36:12.304Z,6,1,test_definition,True,2,1,,,,,"{""pos_0"": 1, ""pos_1"": 6, ""pos_2"": 2}","{""pos_0"": 1, ""pos_1"": 6, ""pos_2"": 2}",,,,,162,"{""maxNumberRange"": 3, ""numQuestions"": 3, ""requiredCorrectAnswersMinimumPercent"": 76}"
stu_1776848878846_8648,test_1776848340577_ghi7b5y,identify_place_value,0,1,number_sense,1.0,place_value_identification,identify_place_value__3digits__all_digits_distinct,identify place value | PlaceValue | PlaceValue | 3 digits,identify_place_value__cfg_range3,,,,PlaceValue,PlaceValue,Visual,3,medium,,,,,,,,all_digits_distinct,,,,,3,,1,45894,fast,0,,2026-04-22T09:35:34.194Z,2026-04-22T09:36:12.304Z,6,1,test_definition,True,2,1,,,,,"{""pos_0"": 4, ""pos_1"": 2, ""pos_2"": 6}","{""pos_0"": 4, ""pos_1"": 2, ""pos_2"": 6}",,,,,426,"{""maxNumberRange"": 3, ""numQuestions"": 3, ""requiredCorrectAnswersMinimumPercent"": 76}"
stu_1776848878846_8648,test_1776848340577_ghi7b5y,identify_place_value,0,2,number_sense,1.0,place_value_identification,identify_place_value__3digits__has_repeated_digits,identify place value | PlaceValue | PlaceValue | 3 digits,identify_place_value__cfg_range3,,,,PlaceValue,PlaceValue,Visual,3,medium,,,,,,,,has_repeated_digits,,,,,3,,1,38110,fast,0,,2026-04-22T09:35:34.194Z,2026-04-22T09:36:12.304Z,6,1,test_definition,True,3,2,,,,,"{""pos_0"": 5, ""pos_1"": 5, ""pos_2"": 3}","{""pos_0"": 5, ""pos_1"": 5, ""pos_2"": 3}",,,,,553,"{""maxNumberRange"": 3, ""numQuestions"": 3, ""requiredCorrectAnswersMinimumPercent"": 76}"
stu_1776848878846_8648,test_1776848340577_ghi7b5y,order_numbers,0,0,sequential_thinking,1.0,number_ordering,order_numbers__asc__seq4__3digits,order numbers | Ordering_asc | Ordering | asc | 3 digits | sequence 4,order_numbers__cfg_range3__maxseq5,,,,Ordering_asc,Ordering,Visual,3,medium,,,4.0,,asc,,,,,,,,3,,1,37308,fast,0,,2026-04-22T09:28:33.447Z,2026-04-22T09:31:21.794Z,4,1,test_definition,True,2,2,,,,,,,,"[164, 518, 274, 617]",,,,"{""maxNumberRange"": 3, ""maxNumbersInSequence"": 5, ""numQuestions"": 3, ""requiredCorrectAnswersMinimumPercent"": 75}"
stu_1776848878846_8648,test_1776848340577_ghi7b5y,order_numbers,0,1,sequential_thinking,1.0,number_ordering,order_numbers__asc__seq5__3digits,order numbers | Ordering_asc | Ordering | asc | 3 digits | sequence 5,order_numbers__cfg_range3__maxseq5,,,,Ordering_asc,Ordering,Visual,3,medium,,,5.0,,asc,,,,,,,,3,,1,44248,fast,0,,2026-04-22T09:28:33.447Z,2026-04-22T09:31:21.794Z,4,1,test_definition,True,3,3,,,,,,,,"[886, 765, 714, 303, 601]",,,,"{""maxNumberRange"": 3, ""maxNumbersInSequence"": 5, ""numQuestions"": 3, ""requiredCorrectAnswersMinimumPercent"": 75}"
stu_1776848878846_8648,test_1776848340577_ghi7b5y,order_numbers,0,2,sequential_thinking,1.0,number_ordering,order_numbers__desc__seq5__3digits,order numbers | Ordering_desc | Ordering | desc | 3 digits | sequence 5,order_numbers__cfg_range3__maxseq5,,,,Ordering_desc,Ordering,Visual,3,medium,,,5.0,,desc,,,,,,,,3,,1,86790,fast,0,,2026-04-22T09:28:33.447Z,2026-04-22T09:31:21.794Z,4,1,test_definition,True,1,1,,,,,,,,"[586, 371, 379, 335, 665]",,,,"{""maxNumberRange"": 3, ""maxNumbersInSequence"": 5, ""numQuestions"": 3, ""requiredCorrectAnswersMinimumPercent"": 75}"
stu_1776848878846_8648,test_1776848340577_ghi7b5y,order_numbers,1,0,sequential_thinking,1.0,number_ordering,order_numbers__desc__seq5__2digits,order numbers | Ordering_desc | Ordering | desc | 2 digits | sequence 5,order_numbers__cfg_range3__maxseq5,,,,Ordering_desc,Ordering,Visual,2,easy,,,5.0,,desc,,,,,,,,3,,1,13793,fast,0,,2026-04-22T09:20:24.572Z,2026-04-22T09:21:27.484Z,4,1,test_definition,False,5,4,,,,,,,,"[91, 83, 24, 34, 14]",,,,"{""maxNumberRange"": 3, ""maxNumbersInSequence"": 5, ""numQuestions"": 3, ""requiredCorrectAnswersMinimumPercent"": 75}"
stu_1776848878846_8648,test_1776848340577_ghi7b5y,order_numbers,1,1,sequential_thinking,1.0,number_ordering,order_numbers__asc__seq3__2digits,order numbers | Ordering_asc | Ordering | asc | 2 digits | sequence 3,order_numbers__cfg_range3__maxseq5,,,,Ordering_asc,Ordering,Visual,2,easy,,,3.0,,asc,,,,,,,,3,,0,7013,fast,0,MultipleMisplacements,2026-04-22T09:20:24.572Z,2026-04-22T09:21:27.484Z,4,1,test_definition,False,6,6,,,,,,,,"[45, 68, 18]",,,,"{""maxNumberRange"": 3, ""maxNumbersInSequence"": 5, ""numQuestions"": 3, ""requiredCorrectAnswersMinimumPercent"": 75}"
stu_1776848878846_8648,test_1776848340577_ghi7b5y,order_numbers,1,2,sequential_thinking,1.0,number_ordering,order_numbers__desc__seq5__2digits,order numbers | Ordering_desc | Ordering | desc | 2 digits | sequence 5,order_numbers__cfg_range3__maxseq5,,,,Ordering_desc,Ordering,Visual,2,easy,,,5.0,,desc,,,,,,,,3,,1,42088,fast,0,,2026-04-22T09:20:24.572Z,2026-04-22T09:21:27.484Z,4,1,test_definition,False,5,4,,,,,,,,"[30, 82, 62, 73, 64]",,,,"{""maxNumberRange"": 3, ""maxNumbersInSequence"": 5, ""numQuestions"": 3, ""requiredCorrectAnswersMinimumPercent"": 75}"
stu_1776848878846_8648,test_1776848340577_ghi7b5y,vertical_operations,0,0,arithmetic_fluency,1.0,vertical_operation_fluency,vertical_operations__SimpleSubtraction__2digits,vertical operations | SimpleSubtraction | Subtraction | VerticalOperation | 2 digits,vertical_operations__cfg_range2__ops_Addition-Subtraction__carryFalse__borrowFalse__mulstepFalse__divstepFalse,Subtraction,,,SimpleSubtraction,VerticalOperation,Vertical,2,easy,,,,,,,,,,,,,2,,1,94673,fast,0,,2026-04-22T09:38:38.319Z,2026-04-22T09:41:01.046Z,9,1,test_definition,True,1,1,96 Subtraction 52,,44,44,,,,,,,,"{""allowBorrow"": false, ""allowCarry"": false, ""allowMultiStepDiv"": false, ""allowMultiStepMul"": false, ""maxNumberRange"": 2, ""numOperations"": 2, ""operationsAllowed"": [""Addition"", ""Subtraction""], ""requiredCorrectAnswersMinimumPercent"": 50}"
stu_1776848878846_8648,test_1776848340577_ghi7b5y,vertical_operations,0,1,arithmetic_fluency,1.0,vertical_operation_fluency,vertical_operations__SimpleAddition__2digits,vertical operations | SimpleAddition | Addition | VerticalOperation | 2 digits,vertical_operations__cfg_range2__ops_Addition-Subtraction__carryFalse__borrowFalse__mulstepFalse__divstepFalse,Addition,,,SimpleAddition,VerticalOperation,Vertical,2,easy,,,,,,,,,,,,,2,,0,48054,fast,0,ComputationError,2026-04-22T09:38:38.319Z,2026-04-22T09:41:01.046Z,9,1,test_definition,True,1,1,50 Addition 9,,41,59,,,,,,,,"{""allowBorrow"": false, ""allowCarry"": false, ""allowMultiStepDiv"": false, ""allowMultiStepMul"": false, ""maxNumberRange"": 2, ""numOperations"": 2, ""operationsAllowed"": [""Addition"", ""Subtraction""], ""requiredCorrectAnswersMinimumPercent"": 50}"
stu_1776848878846_8648,test_1776848340577_ghi7b5y,what_number_do_you_hear,0,0,audio_recognition,1.0,auditory_number_recognition,what_number_do_you_hear__1digits__3options,what number do you hear | HeardNumberChoice | AudioRecognition | 1 digits,what_number_do_you_hear__cfg_range2,,,,HeardNumberChoice,AudioRecognition,Audio,1,very-easy,,,,,,,,,3.0,,,,2,,1,56675,slow,1,,2026-04-22T09:41:01.050Z,2026-04-22T09:42:29.839Z,10,1,test_definition,False,36,7,6,6,,,,,"[6, 7, 0]",,,,,"{""maxNumberRange"": 2, ""numQuestions"": 6, ""requiredCorrectAnswersMinimumPercent"": 75}"
stu_1776848878846_8648,test_1776848340577_ghi7b5y,what_number_do_you_hear,0,1,audio_recognition,1.0,auditory_number_recognition,what_number_do_you_hear__2digits__3options,what number do you hear | HeardNumberChoice | AudioRecognition | 2 digits,what_number_do_you_hear__cfg_range2,,,,HeardNumberChoice,AudioRecognition,Audio,2,easy,,,,,,,,,3.0,,,,2,,0,6425,fast,0,AudioNumberRecognitionError,2026-04-22T09:41:01.050Z,2026-04-22T09:42:29.839Z,10,1,test_definition,False,6,5,0,10,,,,,"[0, 10, 2]",,,,,"{""maxNumberRange"": 2, ""numQuestions"": 6, ""requiredCorrectAnswersMinimumPercent"": 75}"
stu_1776848878846_8648,test_1776848340577_ghi7b5y,what_number_do_you_hear,0,2,audio_recognition,1.0,auditory_number_recognition,what_number_do_you_hear__2digits__3options,what number do you hear | HeardNumberChoice | AudioRecognition | 2 digits,what_number_do_you_hear__cfg_range2,,,,HeardNumberChoice,AudioRecognition,Audio,2,easy,,,,,,,,,3.0,,,,2,,1,8135,fast,0,,2026-04-22T09:41:01.050Z,2026-04-22T09:42:29.839Z,10,1,test_definition,False,6,5,10,10,,,,,"[0, 6, 10]",,,,,"{""maxNumberRange"": 2, ""numQuestions"": 6, ""requiredCorrectAnswersMinimumPercent"": 75}"
stu_1776848878846_8648,test_1776848340577_ghi7b5y,what_number_do_you_hear,0,3,audio_recognition,1.0,auditory_number_recognition,what_number_do_you_hear__1digits__3options,what number do you hear | HeardNumberChoice | AudioRecognition | 1 digits,what_number_do_you_hear__cfg_range2,,,,HeardNumberChoice,AudioRecognition,Audio,1,very-easy,,,,,,,,,3.0,,,,2,,1,10112,medium,0,,2026-04-22T09:41:01.050Z,2026-04-22T09:42:29.839Z,10,1,test_definition,False,36,7,1,1,,,,,"[9, 6, 1]",,,,,"{""maxNumberRange"": 2, ""numQuestions"": 6, ""requiredCorrectAnswersMinimumPercent"": 75}"
stu_1776848878846_8648,test_1776848340577_ghi7b5y,what_number_do_you_hear,0,4,audio_recognition,1.0,auditory_number_recognition,what_number_do_you_hear__1digits__3options,what number do you hear | HeardNumberChoice | AudioRecognition | 1 digits,what_number_do_you_hear__cfg_range2,,,,HeardNumberChoice,AudioRecognition,Audio,1,very-easy,,,,,,,,,3.0,,,,2,,1,4738,fast,0,,2026-04-22T09:41:01.050Z,2026-04-22T09:42:29.839Z,10,1,test_definition,False,36,7,2,2,,,,,"[2, 7, 10]",,,,,"{""maxNumberRange"": 2, ""numQuestions"": 6, ""requiredCorrectAnswersMinimumPercent"": 75}"
stu_1776848878846_8648,test_1776848340577_ghi7b5y,what_number_do_you_hear,0,5,audio_recognition,1.0,auditory_number_recognition,what_number_do_you_hear__1digits__3options,what number do you hear | HeardNumberChoice | AudioRecognition | 1 digits,what_number_do_you_hear__cfg_range2,,,,HeardNumberChoice,AudioRecognition,Audio,1,very-easy,,,,,,,,,3.0,,,,2,,1,2704,fast,0,,2026-04-22T09:41:01.050Z,2026-04-22T09:42:29.839Z,10,1,test_definition,False,36,7,5,5,,,,,"[6, 4, 5]",,,,,"{""maxNumberRange"": 2, ""numQuestions"": 6, ""requiredCorrectAnswersMinimumPercent"": 75}"
stu_1776848878846_8648,test_1776848340577_ghi7b5y,write_number_in_letters,0,0,number_sense,1.0,number_writing,write_number_in_letters__3digits__langar,write number in letters | WrittenNumberProduction | NumberWriting | 3 digits,write_number_in_letters__cfg_range3,,,,WrittenNumberProduction,NumberWriting,Mixed,3,medium,,,,,,,,,,,,,3,,1,102687,fast,0,,2026-04-22T09:37:55.112Z,2026-04-22T09:38:10.735Z,7,1,test_definition,True,2,1,,,,,"[""ست"", ""مئة"", ""و"", ""ثمانية"", ""و"", ""ثمانون""]","[""ست"", ""مئة"", ""و"", ""ثمانية"", ""و"", ""ثمانون""]",,,,,688,"{""maxNumberRange"": 3, ""numQuestions"": 2, ""requiredCorrectAnswersMinimumPercent"": 50}"
stu_1776848878846_8648,test_1776848340577_ghi7b5y,write_number_in_letters,0,1,number_sense,1.0,number_writing,write_number_in_letters__3digits__langar,write number in letters | WrittenNumberProduction | NumberWriting | 3 digits,write_number_in_letters__cfg_range3,,,,WrittenNumberProduction,NumberWriting,Mixed,3,medium,,,,,,,,,,,,,3,,1,15622,fast,0,,2026-04-22T09:37:55.112Z,2026-04-22T09:38:10.735Z,7,1,test_definition,True,2,1,,,,,"[""خمسمئة"", ""و"", ""سبعة""]","[""خمسمئة"", ""و"", ""سبعة""]",,,,,507,"{""maxNumberRange"": 3, ""numQuestions"": 2, ""requiredCorrectAnswersMinimumPercent"": 50}"
stu_1776848879378_2063,test_1776848340577_ghi7b5y,compare_numbers,0,0,comparison_skill,1.0,number_comparison,compare_numbers__Greater__3digits,compare numbers | Greater | Comparison | Greater | 3 digits,compare_numbers__cfg_range3,,,,Greater,Comparison,Horizontal,3,medium,,,,Greater,,,,,,,,,3,,1,11670,medium,0,,2026-04-22T09:52:46.266Z,2026-04-22T09:53:15.373Z,3,1,test_definition,False,13,13,,,,,,,,,979,557,,"{""maxNumberRange"": 3, ""numQuestions"": 3, ""requiredCorrectAnswersMinimumPercent"": 85}"
stu_1776848879378_2063,test_1776848340577_ghi7b5y,compare_numbers,0,1,comparison_skill,1.0,number_comparison,compare_numbers__Less__3digits,compare numbers | Less | Comparison | Less | 3 digits,compare_numbers__cfg_range3,,,,Less,Comparison,Horizontal,3,medium,,,,Less,,,,,,,,,3,,1,10454,medium,0,,2026-04-22T09:52:46.266Z,2026-04-22T09:53:15.373Z,3,1,test_definition,False,13,13,,,,,,,,,179,480,,"{""maxNumberRange"": 3, ""numQuestions"": 3, ""requiredCorrectAnswersMinimumPercent"": 85}"
stu_1776848879378_2063,test_1776848340577_ghi7b5y,compare_numbers,0,2,comparison_skill,1.0,number_comparison,compare_numbers__Equal__3digits,compare numbers | Equal | Comparison | Equal | 3 digits,compare_numbers__cfg_range3,,,,Equal,Comparison,Horizontal,3,medium,,,,Equal,,,,,,,,,3,,1,6983,fast,0,,2026-04-22T09:52:46.266Z,2026-04-22T09:53:15.373Z,3,1,test_definition,False,13,13,,,,,,,,,611,611,,"{""maxNumberRange"": 3, ""numQuestions"": 3, ""requiredCorrectAnswersMinimumPercent"": 85}"
stu_1776848879378_2063,test_1776848340577_ghi7b5y,find_previous_next_number,0,0,sequential_thinking,1.0,previous_next_number,find_previous_next_number__2digits__normal_range,find previous next number | PreviousAndNext | Sequence | normal_range | 2 digits,find_previous_next_number__cfg_range3,,,,PreviousAndNext,Sequence,Horizontal,2,easy,normal_range,70-79,,,,,,,,,,,3,,1,80517,medium,0,,2026-04-22T09:49:30.978Z,2026-04-22T09:51:16.033Z,2,1,test_definition,False,10,7,74,,,,"[73, 75]","[73, 75]",,,,,,"{""maxNumberRange"": 3, ""numQuestions"": 2, ""requiredCorrectAnswersMinimumPercent"": 75}"
stu_1776848879378_2063,test_1776848340577_ghi7b5y,find_previous_next_number,0,1,sequential_thinking,1.0,previous_next_number,find_previous_next_number__3digits__tens_transition,find previous next number | PreviousAndNext | Sequence | tens_transition | 3 digits,find_previous_next_number__cfg_range3,,,,PreviousAndNext,Sequence,Horizontal,3,medium,tens_transition,990-999,,,,,,,,,,,3,,0,105055,medium,0,TensTransitionMistake,2026-04-22T09:49:30.978Z,2026-04-22T09:51:16.033Z,2,1,test_definition,False,5,5,990,,,,"[989, 991]","[990, 991]",,,,,,"{""maxNumberRange"": 3, ""numQuestions"": 2, ""requiredCorrectAnswersMinimumPercent"": 75}"
stu_1776848879378_2063,test_1776848340577_ghi7b5y,find_previous_next_number,1,0,sequential_thinking,1.0,previous_next_number,find_previous_next_number__2digits__normal_range,find previous next number | PreviousAndNext | Sequence | normal_range | 2 digits,find_previous_next_number__cfg_range3,,,,PreviousAndNext,Sequence,Horizontal,2,easy,normal_range,40-49,,,,,,,,,,,3,,1,39000,fast,0,,2026-04-22T09:51:55.137Z,2026-04-22T09:52:46.148Z,2,1,test_definition,False,10,7,41,,,,"[40, 42]","[40, 42]",,,,,,"{""maxNumberRange"": 3, ""numQuestions"": 2, ""requiredCorrectAnswersMinimumPercent"": 75}"
stu_1776848879378_2063,test_1776848340577_ghi7b5y,find_previous_next_number,1,1,sequential_thinking,1.0,previous_next_number,find_previous_next_number__2digits__tens_transition,find previous next number | PreviousAndNext | Sequence | tens_transition | 2 digits,find_previous_next_number__cfg_range3,,,,PreviousAndNext,Sequence,Horizontal,2,easy,tens_transition,10-19,,,,,,,,,,,3,,1,51011,fast,0,,2026-04-22T09:51:55.137Z,2026-04-22T09:52:46.148Z,2,1,test_definition,True,1,1,19,,,,"[18, 20]","[18, 20]",,,,,,"{""maxNumberRange"": 3, ""numQuestions"": 2, ""requiredCorrectAnswersMinimumPercent"": 75}"
stu_1776848879378_2063,test_1776848340577_ghi7b5y,order_numbers,0,0,sequential_thinking,1.0,number_ordering,order_numbers__asc__seq5__3digits,order numbers | Ordering_asc | Ordering | asc | 3 digits | sequence 5,order_numbers__cfg_range3__maxseq5,,,,Ordering_asc,Ordering,Visual,3,medium,,,5.0,,asc,,,,,,,,3,,0,61197,fast,0,MultipleMisplacements,2026-04-22T09:53:15.463Z,2026-04-22T09:55:24.047Z,4,1,test_definition,True,3,3,,,,,,,,"[928, 865, 715, 106, 164]",,,,"{""maxNumberRange"": 3, ""maxNumbersInSequence"": 5, ""numQuestions"": 3, ""requiredCorrectAnswersMinimumPercent"": 75}"
stu_1776848879378_2063,test_1776848340577_ghi7b5y,order_numbers,0,1,sequential_thinking,1.0,number_ordering,order_numbers__desc__seq4__3digits,order numbers | Ordering_desc | Ordering | desc | 3 digits | sequence 4,order_numbers__cfg_range3__maxseq5,,,,Ordering_desc,Ordering,Visual,3,medium,,,4.0,,desc,,,,,,,,3,,1,29092,fast,0,,2026-04-22T09:53:15.463Z,2026-04-22T09:55:24.047Z,4,1,test_definition,True,1,1,,,,,,,,"[812, 458, 441, 218]",,,,"{""maxNumberRange"": 3, ""maxNumbersInSequence"": 5, ""numQuestions"": 3, ""requiredCorrectAnswersMinimumPercent"": 75}"
stu_1776848879378_2063,test_1776848340577_ghi7b5y,order_numbers,0,2,sequential_thinking,1.0,number_ordering,order_numbers__asc__seq4__3digits,order numbers | Ordering_asc | Ordering | asc | 3 digits | sequence 4,order_numbers__cfg_range3__maxseq5,,,,Ordering_asc,Ordering,Visual,3,medium,,,4.0,,asc,,,,,,,,3,,1,38295,fast,0,,2026-04-22T09:53:15.463Z,2026-04-22T09:55:24.047Z,4,1,test_definition,True,2,2,,,,,,,,"[795, 790, 577, 607]",,,,"{""maxNumberRange"": 3, ""maxNumbersInSequence"": 5, ""numQuestions"": 3, ""requiredCorrectAnswersMinimumPercent"": 75}"
stu_1776848879378_2063,test_1776848340577_ghi7b5y,order_numbers,1,0,sequential_thinking,1.0,number_ordering,order_numbers__desc__seq2__2digits,order numbers | Ordering_desc | Ordering | desc | 2 digits | sequence 2,order_numbers__cfg_range3__maxseq5,,,,Ordering_desc,Ordering,Visual,2,easy,,,2.0,,desc,,,,,,,,3,,1,15707,fast,0,,2026-04-22T09:55:24.206Z,2026-04-22T09:57:14.495Z,4,1,test_definition,False,7,6,,,,,,,,"[74, 51]",,,,"{""maxNumberRange"": 3, ""maxNumbersInSequence"": 5, ""numQuestions"": 3, ""requiredCorrectAnswersMinimumPercent"": 75}"
stu_1776848879378_2063,test_1776848340577_ghi7b5y,order_numbers,1,1,sequential_thinking,1.0,number_ordering,order_numbers__asc__seq4__2digits,order numbers | Ordering_asc | Ordering | asc | 2 digits | sequence 4,order_numbers__cfg_range3__maxseq5,,,,Ordering_asc,Ordering,Visual,2,easy,,,4.0,,asc,,,,,,,,3,,1,34782,fast,0,,2026-04-22T09:55:24.206Z,2026-04-22T09:57:14.495Z,4,1,test_definition,True,3,3,,,,,,,,"[45, 16, 71, 62]",,,,"{""maxNumberRange"": 3, ""maxNumbersInSequence"": 5, ""numQuestions"": 3, ""requiredCorrectAnswersMinimumPercent"": 75}"
stu_1776848879378_2063,test_1776848340577_ghi7b5y,order_numbers,1,2,sequential_thinking,1.0,number_ordering,order_numbers__asc__seq5__2digits,order numbers | Ordering_asc | Ordering | asc | 2 digits | sequence 5,order_numbers__cfg_range3__maxseq5,,,,Ordering_asc,Ordering,Visual,2,easy,,,5.0,,asc,,,,,,,,3,,1,59800,fast,0,,2026-04-22T09:55:24.206Z,2026-04-22T09:57:14.495Z,4,1,test_definition,False,5,4,,,,,,,,"[32, 54, 72, 89, 83]",,,,"{""maxNumberRange"": 3, ""maxNumbersInSequence"": 5, ""numQuestions"": 3, ""requiredCorrectAnswersMinimumPercent"": 75}"
stu_1777023080044_2956,test_1777023978840_kask7x7,choose_answer,0,0,arithmetic_fluency,0.6,operation_identification_from_context,choose_answer__Multiplication__OneStepProblem__2digits__3options,choose answer | OneStepProblem | Multiplication | OneStepProblem | 2 digits,choose_answer__cfg_range3__ops_Addition-Subtraction-Multiplication-Division__options3,Multiplication,Multiplication,Multiplication,OneStepProblem,OneStepProblem,Horizontal,2,easy,,,,,,,,,3.0,,,,3,,1,10530,medium,0,,2026-04-24T11:21:17.335Z,2026-04-24T11:23:02.831Z,2,1,test_definition,False,36,12,في مستودع هناك 15 صندوقًا، وكل صندوق يحتوي على 35 قطعة. كم عدد القطع في المستودع؟,15 × 35,,,,,"[{""correct"": true, ""text"": ""15 × 35""}, {""correct"": false, ""text"": ""35 - 15""}, {""correct"": false, ""text"": ""15 + 35""}]",,,,,"{""maxNumberRange"": 3, ""numOptions"": 3, ""numQuestions"": 5, ""operationsAllowed"": [""Addition"", ""Subtraction"", ""Multiplication"", ""Division""], ""requiredCorrectAnswersMinimumPercent"": 75}"
stu_1777023080044_2956,test_1777023978840_kask7x7,choose_answer,0,0,number_sense,0.2,operation_identification_from_context,choose_answer__Multiplication__OneStepProblem__2digits__3options,choose answer | OneStepProblem | Multiplication | OneStepProblem | 2 digits,choose_answer__cfg_range3__ops_Addition-Subtraction-Multiplication-Division__options3,Multiplication,Multiplication,Multiplication,OneStepProblem,OneStepProblem,Horizontal,2,easy,,,,,,,,,3.0,,,,3,,1,10530,medium,0,,2026-04-24T11:21:17.335Z,2026-04-24T11:23:02.831Z,2,1,test_definition,False,36,12,في مستودع هناك 15 صندوقًا، وكل صندوق يحتوي على 35 قطعة. كم عدد القطع في المستودع؟,15 × 35,,,,,"[{""correct"": true, ""text"": ""15 × 35""}, {""correct"": false, ""text"": ""35 - 15""}, {""correct"": false, ""text"": ""15 + 35""}]",,,,,"{""maxNumberRange"": 3, ""numOptions"": 3, ""numQuestions"": 5, ""operationsAllowed"": [""Addition"", ""Subtraction"", ""Multiplication"", ""Division""], ""requiredCorrectAnswersMinimumPercent"": 75}"
stu_1777023080044_2956,test_1777023978840_kask7x7,choose_answer,0,0,sequential_thinking,0.2,operation_identification_from_context,choose_answer__Multiplication__OneStepProblem__2digits__3options,choose answer | OneStepProblem | Multiplication | OneStepProblem | 2 digits,choose_answer__cfg_range3__ops_Addition-Subtraction-Multiplication-Division__options3,Multiplication,Multiplication,Multiplication,OneStepProblem,OneStepProblem,Horizontal,2,easy,,,,,,,,,3.0,,,,3,,1,10530,medium,0,,2026-04-24T11:21:17.335Z,2026-04-24T11:23:02.831Z,2,1,test_definition,False,36,12,في مستودع هناك 15 صندوقًا، وكل صندوق يحتوي على 35 قطعة. كم عدد القطع في المستودع؟,15 × 35,,,,,"[{""correct"": true, ""text"": ""15 × 35""}, {""correct"": false, ""text"": ""35 - 15""}, {""correct"": false, ""text"": ""15 + 35""}]",,,,,"{""maxNumberRange"": 3, ""numOptions"": 3, ""numQuestions"": 5, ""operationsAllowed"": [""Addition"", ""Subtraction"", ""Multiplication"", ""Division""], ""requiredCorrectAnswersMinimumPercent"": 75}"
stu_1777023080044_2956,test_1777023978840_kask7x7,choose_answer,0,1,arithmetic_fluency,0.6,operation_identification_from_context,choose_answer__Subtraction__OneStepProblem__2digits__3options,choose answer | OneStepProblem | Subtraction | OneStepProblem | 2 digits,choose_answer__cfg_range3__ops_Addition-Subtraction-Multiplication-Division__options3,Subtraction,Subtraction,Subtraction,OneStepProblem,OneStepProblem,Horizontal,2,easy,,,,,,,,,3.0,,,,3,,1,4847,fast,0,,2026-04-24T11:21:17.335Z,2026-04-24T11:23:02.831Z,2,1,test_definition,True,4,4,كانت عندك 10 تفاحات، أكلت 3. كم بقي؟,10 - 3,,,,,"[{""correct"": false, ""text"": ""10 + 3""}, {""correct"": true, ""text"": ""10 - 3""}, {""correct"": false, ""text"": ""3 - 10""}]",,,,,"{""maxNumberRange"": 3, ""numOptions"": 3, ""numQuestions"": 5, ""operationsAllowed"": [""Addition"", ""Subtraction"", ""Multiplication"", ""Division""], ""requiredCorrectAnswersMinimumPercent"": 75}"
stu_1777023080044_2956,test_1777023978840_kask7x7,choose_answer,0,1,number_sense,0.2,operation_identification_from_context,choose_answer__Subtraction__OneStepProblem__2digits__3options,choose answer | OneStepProblem | Subtraction | OneStepProblem | 2 digits,choose_answer__cfg_range3__ops_Addition-Subtraction-Multiplication-Division__options3,Subtraction,Subtraction,Subtraction,OneStepProblem,OneStepProblem,Horizontal,2,easy,,,,,,,,,3.0,,,,3,,1,4847,fast,0,,2026-04-24T11:21:17.335Z,2026-04-24T11:23:02.831Z,2,1,test_definition,True,4,4,كانت عندك 10 تفاحات، أكلت 3. كم بقي؟,10 - 3,,,,,"[{""correct"": false, ""text"": ""10 + 3""}, {""correct"": true, ""text"": ""10 - 3""}, {""correct"": false, ""text"": ""3 - 10""}]",,,,,"{""maxNumberRange"": 3, ""numOptions"": 3, ""numQuestions"": 5, ""operationsAllowed"": [""Addition"", ""Subtraction"", ""Multiplication"", ""Division""], ""requiredCorrectAnswersMinimumPercent"": 75}"
stu_1777023080044_2956,test_1777023978840_kask7x7,choose_answer,0,1,sequential_thinking,0.2,operation_identification_from_context,choose_answer__Subtraction__OneStepProblem__2digits__3options,choose answer | OneStepProblem | Subtraction | OneStepProblem | 2 digits,choose_answer__cfg_range3__ops_Addition-Subtraction-Multiplication-Division__options3,Subtraction,Subtraction,Subtraction,OneStepProblem,OneStepProblem,Horizontal,2,easy,,,,,,,,,3.0,,,,3,,1,4847,fast,0,,2026-04-24T11:21:17.335Z,2026-04-24T11:23:02.831Z,2,1,test_definition,True,4,4,كانت عندك 10 تفاحات، أكلت 3. كم بقي؟,10 - 3,,,,,"[{""correct"": false, ""text"": ""10 + 3""}, {""correct"": true, ""text"": ""10 - 3""}, {""correct"": false, ""text"": ""3 - 10""}]",,,,,"{""maxNumberRange"": 3, ""numOptions"": 3, ""numQuestions"": 5, ""operationsAllowed"": [""Addition"", ""Subtraction"", ""Multiplication"", ""Division""], ""requiredCorrectAnswersMinimumPercent"": 75}"
stu_1777023080044_2956,test_1777023978840_kask7x7,choose_answer,0,2,arithmetic_fluency,0.6,operation_identification_from_context,choose_answer__Multiplication__OneStepProblem__1digits__3options,choose answer | OneStepProblem | Multiplication | OneStepProblem | 1 digits,choose_answer__cfg_range3__ops_Addition-Subtraction-Multiplication-Division__options3,Multiplication,Multiplication,Multiplication,OneStepProblem,OneStepProblem,Horizontal,1,very-easy,,,,,,,,,3.0,,,,3,,1,34553,slow,1,,2026-04-24T11:21:17.335Z,2026-04-24T11:23:02.831Z,2,1,test_definition,True,2,2,أبنى 6 منازل في حي جديد، وفي كل منزل 8 نوافذ. كم عدد النوافذ في الحي؟,6 × 8,,,,,"[{""correct"": true, ""text"": ""6 × 8""}, {""correct"": false, ""text"": ""6 + 8""}, {""correct"": false, ""text"": ""8 - 6""}]",,,,,"{""maxNumberRange"": 3, ""numOptions"": 3, ""numQuestions"": 5, ""operationsAllowed"": [""Addition"", ""Subtraction"", ""Multiplication"", ""Division""], ""requiredCorrectAnswersMinimumPercent"": 75}"
stu_1777023080044_2956,test_1777023978840_kask7x7,choose_answer,0,2,number_sense,0.2,operation_identification_from_context,choose_answer__Multiplication__OneStepProblem__1digits__3options,choose answer | OneStepProblem | Multiplication | OneStepProblem | 1 digits,choose_answer__cfg_range3__ops_Addition-Subtraction-Multiplication-Division__options3,Multiplication,Multiplication,Multiplication,OneStepProblem,OneStepProblem,Horizontal,1,very-easy,,,,,,,,,3.0,,,,3,,1,34553,slow,1,,2026-04-24T11:21:17.335Z,2026-04-24T11:23:02.831Z,2,1,test_definition,True,2,2,أبنى 6 منازل في حي جديد، وفي كل منزل 8 نوافذ. كم عدد النوافذ في الحي؟,6 × 8,,,,,"[{""correct"": true, ""text"": ""6 × 8""}, {""correct"": false, ""text"": ""6 + 8""}, {""correct"": false, ""text"": ""8 - 6""}]",,,,,"{""maxNumberRange"": 3, ""numOptions"": 3, ""numQuestions"": 5, ""operationsAllowed"": [""Addition"", ""Subtraction"", ""Multiplication"", ""Division""], ""requiredCorrectAnswersMinimumPercent"": 75}"
stu_1777023080044_2956,test_1777023978840_kask7x7,choose_answer,0,2,sequential_thinking,0.2,operation_identification_from_context,choose_answer__Multiplication__OneStepProblem__1digits__3options,choose answer | OneStepProblem | Multiplication | OneStepProblem | 1 digits,choose_answer__cfg_range3__ops_Addition-Subtraction-Multiplication-Division__options3,Multiplication,Multiplication,Multiplication,OneStepProblem,OneStepProblem,Horizontal,1,very-easy,,,,,,,,,3.0,,,,3,,1,34553,slow,1,,2026-04-24T11:21:17.335Z,2026-04-24T11:23:02.831Z,2,1,test_definition,True,2,2,أبنى 6 منازل في حي جديد، وفي كل منزل 8 نوافذ. كم عدد النوافذ في الحي؟,6 × 8,,,,,"[{""correct"": true, ""text"": ""6 × 8""}, {""correct"": false, ""text"": ""6 + 8""}, {""correct"": false, ""text"": ""8 - 6""}]",,,,,"{""maxNumberRange"": 3, ""numOptions"": 3, ""numQuestions"": 5, ""operationsAllowed"": [""Addition"", ""Subtraction"", ""Multiplication"", ""Division""], ""requiredCorrectAnswersMinimumPercent"": 75}"
stu_1777023080044_2956,test_1777023978840_kask7x7,choose_answer,0,3,arithmetic_fluency,0.6,operation_identification_from_context,choose_answer__Multiplication__OneStepProblem__3digits__3options,choose answer | OneStepProblem | Multiplication | OneStepProblem | 3 digits,choose_answer__cfg_range3__ops_Addition-Subtraction-Multiplication-Division__options3,Multiplication,Multiplication,Multiplication,OneStepProblem,OneStepProblem,Horizontal,3,medium,,,,,,,,,3.0,,,,3,,0,20909,slow,1,ComputationError,2026-04-24T11:21:17.335Z,2026-04-24T11:23:02.831Z,2,1,test_definition,True,2,2,كان لديك 250 درهما وأنت بحاجة إلى شراء 5 كتب، كل كتاب يكلف 60 درهما. هل لديك ما يكفي من المال؟,60 × 5 = 250,,,,,"[{""correct"": false, ""text"": ""60 × 5 = 250""}, {""correct"": false, ""text"": ""250 - (5 × 60)""}, {""correct"": true, ""text"": ""5 × 60 = 300 > 250""}]",,,,,"{""maxNumberRange"": 3, ""numOptions"": 3, ""numQuestions"": 5, ""operationsAllowed"": [""Addition"", ""Subtraction"", ""Multiplication"", ""Division""], ""requiredCorrectAnswersMinimumPercent"": 75}"
stu_1777023080044_2956,test_1777023978840_kask7x7,choose_answer,0,3,number_sense,0.2,operation_identification_from_context,choose_answer__Multiplication__OneStepProblem__3digits__3options,choose answer | OneStepProblem | Multiplication | OneStepProblem | 3 digits,choose_answer__cfg_range3__ops_Addition-Subtraction-Multiplication-Division__options3,Multiplication,Multiplication,Multiplication,OneStepProblem,OneStepProblem,Horizontal,3,medium,,,,,,,,,3.0,,,,3,,0,20909,slow,1,ComputationError,2026-04-24T11:21:17.335Z,2026-04-24T11:23:02.831Z,2,1,test_definition,True,2,2,كان لديك 250 درهما وأنت بحاجة إلى شراء 5 كتب، كل كتاب يكلف 60 درهما. هل لديك ما يكفي من المال؟,60 × 5 = 250,,,,,"[{""correct"": false, ""text"": ""60 × 5 = 250""}, {""correct"": false, ""text"": ""250 - (5 × 60)""}, {""correct"": true, ""text"": ""5 × 60 = 300 > 250""}]",,,,,"{""maxNumberRange"": 3, ""numOptions"": 3, ""numQuestions"": 5, ""operationsAllowed"": [""Addition"", ""Subtraction"", ""Multiplication"", ""Division""], ""requiredCorrectAnswersMinimumPercent"": 75}"
stu_1777023080044_2956,test_1777023978840_kask7x7,choose_answer,0,3,sequential_thinking,0.2,operation_identification_from_context,choose_answer__Multiplication__OneStepProblem__3digits__3options,choose answer | OneStepProblem | Multiplication | OneStepProblem | 3 digits,choose_answer__cfg_range3__ops_Addition-Subtraction-Multiplication-Division__options3,Multiplication,Multiplication,Multiplication,OneStepProblem,OneStepProblem,Horizontal,3,medium,,,,,,,,,3.0,,,,3,,0,20909,slow,1,ComputationError,2026-04-24T11:21:17.335Z,2026-04-24T11:23:02.831Z,2,1,test_definition,True,2,2,كان لديك 250 درهما وأنت بحاجة إلى شراء 5 كتب، كل كتاب يكلف 60 درهما. هل لديك ما يكفي من المال؟,60 × 5 = 250,,,,,"[{""correct"": false, ""text"": ""60 × 5 = 250""}, {""correct"": false, ""text"": ""250 - (5 × 60)""}, {""correct"": true, ""text"": ""5 × 60 = 300 > 250""}]",,,,,"{""maxNumberRange"": 3, ""numOptions"": 3, ""numQuestions"": 5, ""operationsAllowed"": [""Addition"", ""Subtraction"", ""Multiplication"", ""Division""], ""requiredCorrectAnswersMinimumPercent"": 75}"
stu_1777023080044_2956,test_1777023978840_kask7x7,choose_answer,0,4,arithmetic_fluency,0.6,operation_identification_from_context,choose_answer__Subtraction-Multiplication__MultiStepProblem__3digits__3options,choose answer | MultiStepProblem | Subtraction-Multiplication | MultiStepProblem | 3 digits,choose_answer__cfg_range3__ops_Addition-Subtraction-Multiplication-Division__options3,Subtraction-Multiplication,Subtraction-Multiplication,Subtraction-Multiplication,MultiStepProblem,MultiStepProblem,Horizontal,3,medium,,,,,,,,,3.0,,,,3,,1,34649,slow,1,,2026-04-24T11:21:17.335Z,2026-04-24T11:23:02.831Z,2,1,test_definition,False,11,8,إذا كان لديك 250 درهمًا واشتريت 3 كتب، كل كتاب يكلف 50 درهمًا. كم يتبقى لديك؟,250 - (3 × 50),,,,,"[{""correct"": true, ""text"": ""250 - (3 × 50)""}, {""correct"": false, ""text"": ""3 × 50""}, {""correct"": false, ""text"": ""250 + 50""}]",,,,,"{""maxNumberRange"": 3, ""numOptions"": 3, ""numQuestions"": 5, ""operationsAllowed"": [""Addition"", ""Subtraction"", ""Multiplication"", ""Division""], ""requiredCorrectAnswersMinimumPercent"": 75}"
stu_1777023080044_2956,test_1777023978840_kask7x7,choose_answer,0,4,number_sense,0.2,operation_identification_from_context,choose_answer__Subtraction-Multiplication__MultiStepProblem__3digits__3options,choose answer | MultiStepProblem | Subtraction-Multiplication | MultiStepProblem | 3 digits,choose_answer__cfg_range3__ops_Addition-Subtraction-Multiplication-Division__options3,Subtraction-Multiplication,Subtraction-Multiplication,Subtraction-Multiplication,MultiStepProblem,MultiStepProblem,Horizontal,3,medium,,,,,,,,,3.0,,,,3,,1,34649,slow,1,,2026-04-24T11:21:17.335Z,2026-04-24T11:23:02.831Z,2,1,test_definition,False,11,8,إذا كان لديك 250 درهمًا واشتريت 3 كتب، كل كتاب يكلف 50 درهمًا. كم يتبقى لديك؟,250 - (3 × 50),,,,,"[{""correct"": true, ""text"": ""250 - (3 × 50)""}, {""correct"": false, ""text"": ""3 × 50""}, {""correct"": false, ""text"": ""250 + 50""}]",,,,,"{""maxNumberRange"": 3, ""numOptions"": 3, ""numQuestions"": 5, ""operationsAllowed"": [""Addition"", ""Subtraction"", ""Multiplication"", ""Division""], ""requiredCorrectAnswersMinimumPercent"": 75}"
stu_1777023080044_2956,test_1777023978840_kask7x7,choose_answer,0,4,sequential_thinking,0.2,operation_identification_from_context,choose_answer__Subtraction-Multiplication__MultiStepProblem__3digits__3options,choose answer | MultiStepProblem | Subtraction-Multiplication | MultiStepProblem | 3 digits,choose_answer__cfg_range3__ops_Addition-Subtraction-Multiplication-Division__options3,Subtraction-Multiplication,Subtraction-Multiplication,Subtraction-Multiplication,MultiStepProblem,MultiStepProblem,Horizontal,3,medium,,,,,,,,,3.0,,,,3,,1,34649,slow,1,,2026-04-24T11:21:17.335Z,2026-04-24T11:23:02.831Z,2,1,test_definition,False,11,8,إذا كان لديك 250 درهمًا واشتريت 3 كتب، كل كتاب يكلف 50 درهمًا. كم يتبقى لديك؟,250 - (3 × 50),,,,,"[{""correct"": true, ""text"": ""250 - (3 × 50)""}, {""correct"": false, ""text"": ""3 × 50""}, {""correct"": false, ""text"": ""250 + 50""}]",,,,,"{""maxNumberRange"": 3, ""numOptions"": 3, ""numQuestions"": 5, ""operationsAllowed"": [""Addition"", ""Subtraction"", ""Multiplication"", ""Division""], ""requiredCorrectAnswersMinimumPercent"": 75}"
stu_1777023080044_2956,test_1777023978840_kask7x7,compare_numbers,0,0,comparison_skill,1.0,number_comparison,compare_numbers__Greater__3digits,compare numbers | Greater | Comparison | Greater | 3 digits,compare_numbers__cfg_range3,,,,Greater,Comparison,Horizontal,3,medium,,,,Greater,,,,,,,,,3,,1,17725,medium,0,,2026-04-24T11:08:08.492Z,2026-04-24T11:08:35.155Z,6,1,test_definition,False,13,13,,,,,,,,,659,381,,"{""maxNumberRange"": 3, ""numQuestions"": 3, ""requiredCorrectAnswersMinimumPercent"": 75}"
stu_1777023080044_2956,test_1777023978840_kask7x7,compare_numbers,0,1,comparison_skill,1.0,number_comparison,compare_numbers__Less__3digits,compare numbers | Less | Comparison | Less | 3 digits,compare_numbers__cfg_range3,,,,Less,Comparison,Horizontal,3,medium,,,,Less,,,,,,,,,3,,1,5147,fast,0,,2026-04-24T11:08:08.492Z,2026-04-24T11:08:35.155Z,6,1,test_definition,False,13,13,,,,,,,,,298,591,,"{""maxNumberRange"": 3, ""numQuestions"": 3, ""requiredCorrectAnswersMinimumPercent"": 75}"
stu_1777023080044_2956,test_1777023978840_kask7x7,compare_numbers,0,2,comparison_skill,1.0,number_comparison,compare_numbers__Equal__3digits,compare numbers | Equal | Comparison | Equal | 3 digits,compare_numbers__cfg_range3,,,,Equal,Comparison,Horizontal,3,medium,,,,Equal,,,,,,,,,3,,1,3773,fast,0,,2026-04-24T11:08:08.492Z,2026-04-24T11:08:35.155Z,6,1,test_definition,False,13,13,,,,,,,,,533,533,,"{""maxNumberRange"": 3, ""numQuestions"": 3, ""requiredCorrectAnswersMinimumPercent"": 75}"
stu_1777023080044_2956,test_1777023978840_kask7x7,find_previous_next_number,0,0,sequential_thinking,1.0,previous_next_number,find_previous_next_number__3digits__normal_range,find previous next number | PreviousAndNext | Sequence | normal_range | 3 digits,find_previous_next_number__cfg_range3,,,,PreviousAndNext,Sequence,Horizontal,3,medium,normal_range,910-919,,,,,,,,,,,3,,1,38775,fast,0,,2026-04-24T11:07:45.276Z,2026-04-24T11:08:08.235Z,5,1,test_definition,False,24,12,917,,,,"[916, 918]","[916, 918]",,,,,,"{""maxNumberRange"": 3, ""numQuestions"": 3, ""requiredCorrectAnswersMinimumPercent"": 75}"
stu_1777023080044_2956,test_1777023978840_kask7x7,find_previous_next_number,0,1,sequential_thinking,1.0,previous_next_number,find_previous_next_number__3digits__normal_range,find previous next number | PreviousAndNext | Sequence | normal_range | 3 digits,find_previous_next_number__cfg_range3,,,,PreviousAndNext,Sequence,Horizontal,3,medium,normal_range,400-409,,,,,,,,,,,3,,1,27251,fast,0,,2026-04-24T11:07:45.276Z,2026-04-24T11:08:08.235Z,5,1,test_definition,False,24,12,405,,,,"[404, 406]","[404, 406]",,,,,,"{""maxNumberRange"": 3, ""numQuestions"": 3, ""requiredCorrectAnswersMinimumPercent"": 75}"
stu_1777023080044_2956,test_1777023978840_kask7x7,find_previous_next_number,0,2,sequential_thinking,1.0,previous_next_number,find_previous_next_number__3digits__tens_transition,find previous next number | PreviousAndNext | Sequence | tens_transition | 3 digits,find_previous_next_number__cfg_range3,,,,PreviousAndNext,Sequence,Horizontal,3,medium,tens_transition,750-759,,,,,,,,,,,3,,1,22952,fast,0,,2026-04-24T11:07:45.276Z,2026-04-24T11:08:08.235Z,5,1,test_definition,False,5,5,759,,,,"[758, 760]","[758, 760]",,,,,,"{""maxNumberRange"": 3, ""numQuestions"": 3, ""requiredCorrectAnswersMinimumPercent"": 75}"
stu_1777023080044_2956,test_1777023978840_kask7x7,identify_place_value,0,0,number_sense,1.0,place_value_identification,identify_place_value__2digits__all_digits_distinct,identify place value | PlaceValue | PlaceValue | 2 digits,identify_place_value__cfg_range2,,,,PlaceValue,PlaceValue,Visual,2,easy,,,,,,,,all_digits_distinct,,,,,2,,1,8988,fast,0,,2026-04-24T11:21:09.638Z,2026-04-24T11:21:16.004Z,1,1,test_definition,False,42,11,,,,,"{""pos_0"": 9, ""pos_1"": 8}","{""pos_0"": 9, ""pos_1"": 8}",,,,,98,"{""maxNumberRange"": 2, ""numQuestions"": 4, ""requiredCorrectAnswersMinimumPercent"": 75}"
stu_1777023080044_2956,test_1777023978840_kask7x7,identify_place_value,0,1,number_sense,1.0,place_value_identification,identify_place_value__2digits__all_digits_distinct,identify place value | PlaceValue | PlaceValue | 2 digits,identify_place_value__cfg_range2,,,,PlaceValue,PlaceValue,Visual,2,easy,,,,,,,,all_digits_distinct,,,,,2,,1,5694,fast,0,,2026-04-24T11:21:09.638Z,2026-04-24T11:21:16.004Z,1,1,test_definition,False,42,11,,,,,"{""pos_0"": 2, ""pos_1"": 8}","{""pos_0"": 2, ""pos_1"": 8}",,,,,28,"{""maxNumberRange"": 2, ""numQuestions"": 4, ""requiredCorrectAnswersMinimumPercent"": 75}"
stu_1777023080044_2956,test_1777023978840_kask7x7,identify_place_value,0,2,number_sense,1.0,place_value_identification,identify_place_value__2digits__all_digits_distinct,identify place value | PlaceValue | PlaceValue | 2 digits,identify_place_value__cfg_range2,,,,PlaceValue,PlaceValue,Visual,2,easy,,,,,,,,all_digits_distinct,,,,,2,,1,7058,fast,0,,2026-04-24T11:21:09.638Z,2026-04-24T11:21:16.004Z,1,1,test_definition,False,42,11,,,,,"{""pos_0"": 2, ""pos_1"": 0}","{""pos_0"": 2, ""pos_1"": 0}",,,,,20,"{""maxNumberRange"": 2, ""numQuestions"": 4, ""requiredCorrectAnswersMinimumPercent"": 75}"
stu_1777023080044_2956,test_1777023978840_kask7x7,identify_place_value,0,3,number_sense,1.0,place_value_identification,identify_place_value__2digits__all_digits_distinct,identify place value | PlaceValue | PlaceValue | 2 digits,identify_place_value__cfg_range2,,,,PlaceValue,PlaceValue,Visual,2,easy,,,,,,,,all_digits_distinct,,,,,2,,1,6360,fast,0,,2026-04-24T11:21:09.638Z,2026-04-24T11:21:16.004Z,1,1,test_definition,False,42,11,,,,,"{""pos_0"": 1, ""pos_1"": 9}","{""pos_0"": 1, ""pos_1"": 9}",,,,,19,"{""maxNumberRange"": 2, ""numQuestions"": 4, ""requiredCorrectAnswersMinimumPercent"": 75}"
stu_1777023080044_2956,test_1777023978840_kask7x7,identify_place_value,1,0,number_sense,1.0,place_value_identification,identify_place_value__1digits__all_digits_same,identify place value | PlaceValue | PlaceValue | 1 digits,identify_place_value__cfg_range2,,,,PlaceValue,PlaceValue,Visual,1,very-easy,,,,,,,,all_digits_same,,,,,2,,1,5135,fast,0,,2026-04-24T11:04:07.252Z,2026-04-24T11:04:14.634Z,1,1,test_definition,True,4,1,,,,,"{""pos_0"": 9}","{""pos_0"": 9}",,,,,9,"{""maxNumberRange"": 2, ""numQuestions"": 4, ""requiredCorrectAnswersMinimumPercent"": 75}"
stu_1777023080044_2956,test_1777023978840_kask7x7,identify_place_value,1,1,number_sense,1.0,place_value_identification,identify_place_value__1digits__all_digits_same,identify place value | PlaceValue | PlaceValue | 1 digits,identify_place_value__cfg_range2,,,,PlaceValue,PlaceValue,Visual,1,very-easy,,,,,,,,all_digits_same,,,,,2,,1,6514,fast,0,,2026-04-24T11:04:07.252Z,2026-04-24T11:04:14.634Z,1,1,test_definition,True,4,1,,,,,"{""pos_0"": 7}","{""pos_0"": 7}",,,,,7,"{""maxNumberRange"": 2, ""numQuestions"": 4, ""requiredCorrectAnswersMinimumPercent"": 75}"
stu_1777023080044_2956,test_1777023978840_kask7x7,identify_place_value,1,2,number_sense,1.0,place_value_identification,identify_place_value__1digits__all_digits_same,identify place value | PlaceValue | PlaceValue | 1 digits,identify_place_value__cfg_range2,,,,PlaceValue,PlaceValue,Visual,1,very-easy,,,,,,,,all_digits_same,,,,,2,,1,4475,fast,0,,2026-04-24T11:04:07.252Z,2026-04-24T11:04:14.634Z,1,1,test_definition,True,4,1,,,,,"{""pos_0"": 1}","{""pos_0"": 1}",,,,,1,"{""maxNumberRange"": 2, ""numQuestions"": 4, ""requiredCorrectAnswersMinimumPercent"": 75}"
stu_1777023080044_2956,test_1777023978840_kask7x7,identify_place_value,1,3,number_sense,1.0,place_value_identification,identify_place_value__1digits__all_digits_same,identify place value | PlaceValue | PlaceValue | 1 digits,identify_place_value__cfg_range2,,,,PlaceValue,PlaceValue,Visual,1,very-easy,,,,,,,,all_digits_same,,,,,2,,1,7377,fast,0,,2026-04-24T11:04:07.252Z,2026-04-24T11:04:14.634Z,1,1,test_definition,True,4,1,,,,,"{""pos_0"": 6}","{""pos_0"": 6}",,,,,6,"{""maxNumberRange"": 2, ""numQuestions"": 4, ""requiredCorrectAnswersMinimumPercent"": 75}"
stu_1777023080044_2956,test_1777023978840_kask7x7,order_numbers,0,0,sequential_thinking,1.0,number_ordering,order_numbers__desc__seq3__2digits,order numbers | Ordering_desc | Ordering | desc | 2 digits | sequence 3,order_numbers__cfg_range2__maxseq7,,,,Ordering_desc,Ordering,Visual,2,easy,,,3.0,,desc,,,,,,,,2,,1,14488,fast,0,,2026-04-24T11:19:46.437Z,2026-04-24T11:20:47.762Z,0,1,test_definition,True,2,2,,,,,,,,"[85, 97, 82]",,,,"{""maxNumberRange"": 2, ""maxNumbersInSequence"": 7, ""numQuestions"": 3, ""requiredCorrectAnswersMinimumPercent"": 75}"
stu_1777023080044_2956,test_1777023978840_kask7x7,order_numbers,0,1,sequential_thinking,1.0,number_ordering,order_numbers__asc__seq5__2digits,order numbers | Ordering_asc | Ordering | asc | 2 digits | sequence 5,order_numbers__cfg_range2__maxseq7,,,,Ordering_asc,Ordering,Visual,2,easy,,,5.0,,asc,,,,,,,,2,,1,21858,fast,0,,2026-04-24T11:19:46.437Z,2026-04-24T11:20:47.762Z,0,1,test_definition,False,5,4,,,,,,,,"[44, 45, 75, 40, 48]",,,,"{""maxNumberRange"": 2, ""maxNumbersInSequence"": 7, ""numQuestions"": 3, ""requiredCorrectAnswersMinimumPercent"": 75}"
stu_1777023080044_2956,test_1777023978840_kask7x7,order_numbers,0,2,sequential_thinking,1.0,number_ordering,order_numbers__asc__seq5__2digits,order numbers | Ordering_asc | Ordering | asc | 2 digits | sequence 5,order_numbers__cfg_range2__maxseq7,,,,Ordering_asc,Ordering,Visual,2,easy,,,5.0,,asc,,,,,,,,2,,1,24966,fast,0,,2026-04-24T11:19:46.437Z,2026-04-24T11:20:47.762Z,0,1,test_definition,False,5,4,,,,,,,,"[37, 28, 72, 53, 51]",,,,"{""maxNumberRange"": 2, ""maxNumbersInSequence"": 7, ""numQuestions"": 3, ""requiredCorrectAnswersMinimumPercent"": 75}"
stu_1777023080044_2956,test_1777023978840_kask7x7,vertical_operations,0,0,arithmetic_fluency,1.0,vertical_operation_fluency,vertical_operations__AdditionWithCarry__5digits,vertical operations | AdditionWithCarry | Addition | VerticalOperation | 5 digits,vertical_operations__cfg_range4__ops_Addition-Subtraction__carryTrue__borrowTrue__mulstepFalse__divstepFalse,Addition,,,AdditionWithCarry,VerticalOperation,Vertical,5,hard,,,,,,,,,,,,,4,,1,49332,fast,0,,2026-04-24T11:05:23.598Z,2026-04-24T11:06:39.215Z,3,1,test_definition,False,6,5,6399 Addition 6089,,12488,12488,,,,,,,,"{""allowBorrow"": true, ""allowCarry"": true, ""allowMultiStepDiv"": false, ""allowMultiStepMul"": false, ""maxNumberRange"": 4, ""numOperations"": 2, ""operationsAllowed"": [""Addition"", ""Subtraction""], ""requiredCorrectAnswersMinimumPercent"": 75}"
stu_1777023080044_2956,test_1777023978840_kask7x7,vertical_operations,0,1,arithmetic_fluency,1.0,vertical_operation_fluency,vertical_operations__AdditionWithCarry__4digits,vertical operations | AdditionWithCarry | Addition | VerticalOperation | 4 digits,vertical_operations__cfg_range4__ops_Addition-Subtraction__carryTrue__borrowTrue__mulstepFalse__divstepFalse,Addition,,,AdditionWithCarry,VerticalOperation,Vertical,4,hard,,,,,,,,,,,,,4,,1,26285,fast,0,,2026-04-24T11:05:23.598Z,2026-04-24T11:06:39.215Z,3,1,test_definition,False,8,6,4800 Addition 4813,,9613,9613,,,,,,,,"{""allowBorrow"": true, ""allowCarry"": true, ""allowMultiStepDiv"": false, ""allowMultiStepMul"": false, ""maxNumberRange"": 4, ""numOperations"": 2, ""operationsAllowed"": [""Addition"", ""Subtraction""], ""requiredCorrectAnswersMinimumPercent"": 75}"
stu_1777023761242_7194,test_1777023978840_kask7x7,choose_answer,0,0,arithmetic_fluency,0.6,operation_identification_from_context,choose_answer__Multiplication__OneStepProblem__3digits__3options,choose answer | OneStepProblem | Multiplication | OneStepProblem | 3 digits,choose_answer__cfg_range3__ops_Addition-Subtraction-Multiplication-Division__options3,Multiplication,Multiplication,Multiplication,OneStepProblem,OneStepProblem,Horizontal,3,medium,,,,,,,,,3.0,,,,3,,1,32607,slow,1,,2026-04-24T11:09:36.207Z,2026-04-24T11:11:18.307Z,2,1,test_definition,True,2,2,كان لديك 250 درهما وأنت بحاجة إلى شراء 5 كتب، كل كتاب يكلف 60 درهما. هل لديك ما يكفي من المال؟,5 × 60 = 300 > 250,,,,,"[{""correct"": false, ""text"": ""250 + 60""}, {""correct"": true, ""text"": ""5 × 60 = 300 > 250""}, {""correct"": false, ""text"": ""250 - (5 × 60)""}]",,,,,"{""maxNumberRange"": 3, ""numOptions"": 3, ""numQuestions"": 5, ""operationsAllowed"": [""Addition"", ""Subtraction"", ""Multiplication"", ""Division""], ""requiredCorrectAnswersMinimumPercent"": 75}"
stu_1777023761242_7194,test_1777023978840_kask7x7,choose_answer,0,0,number_sense,0.2,operation_identification_from_context,choose_answer__Multiplication__OneStepProblem__3digits__3options,choose answer | OneStepProblem | Multiplication | OneStepProblem | 3 digits,choose_answer__cfg_range3__ops_Addition-Subtraction-Multiplication-Division__options3,Multiplication,Multiplication,Multiplication,OneStepProblem,OneStepProblem,Horizontal,3,medium,,,,,,,,,3.0,,,,3,,1,32607,slow,1,,2026-04-24T11:09:36.207Z,2026-04-24T11:11:18.307Z,2,1,test_definition,True,2,2,كان لديك 250 درهما وأنت بحاجة إلى شراء 5 كتب، كل كتاب يكلف 60 درهما. هل لديك ما يكفي من المال؟,5 × 60 = 300 > 250,,,,,"[{""correct"": false, ""text"": ""250 + 60""}, {""correct"": true, ""text"": ""5 × 60 = 300 > 250""}, {""correct"": false, ""text"": ""250 - (5 × 60)""}]",,,,,"{""maxNumberRange"": 3, ""numOptions"": 3, ""numQuestions"": 5, ""operationsAllowed"": [""Addition"", ""Subtraction"", ""Multiplication"", ""Division""], ""requiredCorrectAnswersMinimumPercent"": 75}"
stu_1777023761242_7194,test_1777023978840_kask7x7,choose_answer,0,0,sequential_thinking,0.2,operation_identification_from_context,choose_answer__Multiplication__OneStepProblem__3digits__3options,choose answer | OneStepProblem | Multiplication | OneStepProblem | 3 digits,choose_answer__cfg_range3__ops_Addition-Subtraction-Multiplication-Division__options3,Multiplication,Multiplication,Multiplication,OneStepProblem,OneStepProblem,Horizontal,3,medium,,,,,,,,,3.0,,,,3,,1,32607,slow,1,,2026-04-24T11:09:36.207Z,2026-04-24T11:11:18.307Z,2,1,test_definition,True,2,2,كان لديك 250 درهما وأنت بحاجة إلى شراء 5 كتب، كل كتاب يكلف 60 درهما. هل لديك ما يكفي من المال؟,5 × 60 = 300 > 250,,,,,"[{""correct"": false, ""text"": ""250 + 60""}, {""correct"": true, ""text"": ""5 × 60 = 300 > 250""}, {""correct"": false, ""text"": ""250 - (5 × 60)""}]",,,,,"{""maxNumberRange"": 3, ""numOptions"": 3, ""numQuestions"": 5, ""operationsAllowed"": [""Addition"", ""Subtraction"", ""Multiplication"", ""Division""], ""requiredCorrectAnswersMinimumPercent"": 75}"
stu_1777023761242_7194,test_1777023978840_kask7x7,choose_answer,0,1,arithmetic_fluency,0.6,operation_identification_from_context,choose_answer__Subtraction__OneStepProblem__2digits__3options,choose answer | OneStepProblem | Subtraction | OneStepProblem | 2 digits,choose_answer__cfg_range3__ops_Addition-Subtraction-Multiplication-Division__options3,Subtraction,Subtraction,Subtraction,OneStepProblem,OneStepProblem,Horizontal,2,easy,,,,,,,,,3.0,,,,3,,1,8110,fast,0,,2026-04-24T11:09:36.207Z,2026-04-24T11:11:18.307Z,2,1,test_definition,True,4,4,كانت عندك 10 تفاحات، أكلت 3. كم بقي؟,10 - 3,,,,,"[{""correct"": false, ""text"": ""10 + 3""}, {""correct"": false, ""text"": ""3 - 10""}, {""correct"": true, ""text"": ""10 - 3""}]",,,,,"{""maxNumberRange"": 3, ""numOptions"": 3, ""numQuestions"": 5, ""operationsAllowed"": [""Addition"", ""Subtraction"", ""Multiplication"", ""Division""], ""requiredCorrectAnswersMinimumPercent"": 75}"
stu_1777023761242_7194,test_1777023978840_kask7x7,choose_answer,0,1,number_sense,0.2,operation_identification_from_context,choose_answer__Subtraction__OneStepProblem__2digits__3options,choose answer | OneStepProblem | Subtraction | OneStepProblem | 2 digits,choose_answer__cfg_range3__ops_Addition-Subtraction-Multiplication-Division__options3,Subtraction,Subtraction,Subtraction,OneStepProblem,OneStepProblem,Horizontal,2,easy,,,,,,,,,3.0,,,,3,,1,8110,fast,0,,2026-04-24T11:09:36.207Z,2026-04-24T11:11:18.307Z,2,1,test_definition,True,4,4,كانت عندك 10 تفاحات، أكلت 3. كم بقي؟,10 - 3,,,,,"[{""correct"": false, ""text"": ""10 + 3""}, {""correct"": false, ""text"": ""3 - 10""}, {""correct"": true, ""text"": ""10 - 3""}]",,,,,"{""maxNumberRange"": 3, ""numOptions"": 3, ""numQuestions"": 5, ""operationsAllowed"": [""Addition"", ""Subtraction"", ""Multiplication"", ""Division""], ""requiredCorrectAnswersMinimumPercent"": 75}"
stu_1777023761242_7194,test_1777023978840_kask7x7,choose_answer,0,1,sequential_thinking,0.2,operation_identification_from_context,choose_answer__Subtraction__OneStepProblem__2digits__3options,choose answer | OneStepProblem | Subtraction | OneStepProblem | 2 digits,choose_answer__cfg_range3__ops_Addition-Subtraction-Multiplication-Division__options3,Subtraction,Subtraction,Subtraction,OneStepProblem,OneStepProblem,Horizontal,2,easy,,,,,,,,,3.0,,,,3,,1,8110,fast,0,,2026-04-24T11:09:36.207Z,2026-04-24T11:11:18.307Z,2,1,test_definition,True,4,4,كانت عندك 10 تفاحات، أكلت 3. كم بقي؟,10 - 3,,,,,"[{""correct"": false, ""text"": ""10 + 3""}, {""correct"": false, ""text"": ""3 - 10""}, {""correct"": true, ""text"": ""10 - 3""}]",,,,,"{""maxNumberRange"": 3, ""numOptions"": 3, ""numQuestions"": 5, ""operationsAllowed"": [""Addition"", ""Subtraction"", ""Multiplication"", ""Division""], ""requiredCorrectAnswersMinimumPercent"": 75}"
stu_1777023761242_7194,test_1777023978840_kask7x7,choose_answer,0,2,arithmetic_fluency,0.6,operation_identification_from_context,choose_answer__Subtraction-Multiplication__MultiStepProblem__3digits__3options,choose answer | MultiStepProblem | Subtraction-Multiplication | MultiStepProblem | 3 digits,choose_answer__cfg_range3__ops_Addition-Subtraction-Multiplication-Division__options3,Subtraction-Multiplication,Subtraction-Multiplication,Subtraction-Multiplication,MultiStepProblem,MultiStepProblem,Horizontal,3,medium,,,,,,,,,3.0,,,,3,,1,31974,slow,1,,2026-04-24T11:09:36.207Z,2026-04-24T11:11:18.307Z,2,1,test_definition,False,11,8,أحمد لديه 150 درهمًا. اشترى 3 كتب، كل كتاب يكلف 40 درهمًا. كم تبقى معه؟,150 - (3 × 40),,,,,"[{""correct"": true, ""text"": ""150 - (3 × 40)""}, {""correct"": false, ""text"": ""150 - 40""}, {""correct"": false, ""text"": ""120 + 30""}]",,,,,"{""maxNumberRange"": 3, ""numOptions"": 3, ""numQuestions"": 5, ""operationsAllowed"": [""Addition"", ""Subtraction"", ""Multiplication"", ""Division""], ""requiredCorrectAnswersMinimumPercent"": 75}"
stu_1777023761242_7194,test_1777023978840_kask7x7,choose_answer,0,2,number_sense,0.2,operation_identification_from_context,choose_answer__Subtraction-Multiplication__MultiStepProblem__3digits__3options,choose answer | MultiStepProblem | Subtraction-Multiplication | MultiStepProblem | 3 digits,choose_answer__cfg_range3__ops_Addition-Subtraction-Multiplication-Division__options3,Subtraction-Multiplication,Subtraction-Multiplication,Subtraction-Multiplication,MultiStepProblem,MultiStepProblem,Horizontal,3,medium,,,,,,,,,3.0,,,,3,,1,31974,slow,1,,2026-04-24T11:09:36.207Z,2026-04-24T11:11:18.307Z,2,1,test_definition,False,11,8,أحمد لديه 150 درهمًا. اشترى 3 كتب، كل كتاب يكلف 40 درهمًا. كم تبقى معه؟,150 - (3 × 40),,,,,"[{""correct"": true, ""text"": ""150 - (3 × 40)""}, {""correct"": false, ""text"": ""150 - 40""}, {""correct"": false, ""text"": ""120 + 30""}]",,,,,"{""maxNumberRange"": 3, ""numOptions"": 3, ""numQuestions"": 5, ""operationsAllowed"": [""Addition"", ""Subtraction"", ""Multiplication"", ""Division""], ""requiredCorrectAnswersMinimumPercent"": 75}"
stu_1777023761242_7194,test_1777023978840_kask7x7,choose_answer,0,2,sequential_thinking,0.2,operation_identification_from_context,choose_answer__Subtraction-Multiplication__MultiStepProblem__3digits__3options,choose answer | MultiStepProblem | Subtraction-Multiplication | MultiStepProblem | 3 digits,choose_answer__cfg_range3__ops_Addition-Subtraction-Multiplication-Division__options3,Subtraction-Multiplication,Subtraction-Multiplication,Subtraction-Multiplication,MultiStepProblem,MultiStepProblem,Horizontal,3,medium,,,,,,,,,3.0,,,,3,,1,31974,slow,1,,2026-04-24T11:09:36.207Z,2026-04-24T11:11:18.307Z,2,1,test_definition,False,11,8,أحمد لديه 150 درهمًا. اشترى 3 كتب، كل كتاب يكلف 40 درهمًا. كم تبقى معه؟,150 - (3 × 40),,,,,"[{""correct"": true, ""text"": ""150 - (3 × 40)""}, {""correct"": false, ""text"": ""150 - 40""}, {""correct"": false, ""text"": ""120 + 30""}]",,,,,"{""maxNumberRange"": 3, ""numOptions"": 3, ""numQuestions"": 5, ""operationsAllowed"": [""Addition"", ""Subtraction"", ""Multiplication"", ""Division""], ""requiredCorrectAnswersMinimumPercent"": 75}"
stu_1777023761242_7194,test_1777023978840_kask7x7,choose_answer,0,3,arithmetic_fluency,0.6,operation_identification_from_context,choose_answer__Multiplication__OneStepProblem__2digits__3options,choose answer | OneStepProblem | Multiplication | OneStepProblem | 2 digits,choose_answer__cfg_range3__ops_Addition-Subtraction-Multiplication-Division__options3,Multiplication,Multiplication,Multiplication,OneStepProblem,OneStepProblem,Horizontal,2,easy,,,,,,,,,3.0,,,,3,,1,6909,fast,0,,2026-04-24T11:09:36.207Z,2026-04-24T11:11:18.307Z,2,1,test_definition,False,36,12,أشترى علي 5 كتب، كل كتاب يكلف 70 درهمًا. كم دفع علي في المجمل؟,5 × 70,,,,,"[{""correct"": true, ""text"": ""5 × 70""}, {""correct"": false, ""text"": ""350 ÷ 5""}, {""correct"": false, ""text"": ""70 + 5""}]",,,,,"{""maxNumberRange"": 3, ""numOptions"": 3, ""numQuestions"": 5, ""operationsAllowed"": [""Addition"", ""Subtraction"", ""Multiplication"", ""Division""], ""requiredCorrectAnswersMinimumPercent"": 75}"
stu_1777023761242_7194,test_1777023978840_kask7x7,choose_answer,0,3,number_sense,0.2,operation_identification_from_context,choose_answer__Multiplication__OneStepProblem__2digits__3options,choose answer | OneStepProblem | Multiplication | OneStepProblem | 2 digits,choose_answer__cfg_range3__ops_Addition-Subtraction-Multiplication-Division__options3,Multiplication,Multiplication,Multiplication,OneStepProblem,OneStepProblem,Horizontal,2,easy,,,,,,,,,3.0,,,,3,,1,6909,fast,0,,2026-04-24T11:09:36.207Z,2026-04-24T11:11:18.307Z,2,1,test_definition,False,36,12,أشترى علي 5 كتب، كل كتاب يكلف 70 درهمًا. كم دفع علي في المجمل؟,5 × 70,,,,,"[{""correct"": true, ""text"": ""5 × 70""}, {""correct"": false, ""text"": ""350 ÷ 5""}, {""correct"": false, ""text"": ""70 + 5""}]",,,,,"{""maxNumberRange"": 3, ""numOptions"": 3, ""numQuestions"": 5, ""operationsAllowed"": [""Addition"", ""Subtraction"", ""Multiplication"", ""Division""], ""requiredCorrectAnswersMinimumPercent"": 75}"
stu_1777023761242_7194,test_1777023978840_kask7x7,choose_answer,0,3,sequential_thinking,0.2,operation_identification_from_context,choose_answer__Multiplication__OneStepProblem__2digits__3options,choose answer | OneStepProblem | Multiplication | OneStepProblem | 2 digits,choose_answer__cfg_range3__ops_Addition-Subtraction-Multiplication-Division__options3,Multiplication,Multiplication,Multiplication,OneStepProblem,OneStepProblem,Horizontal,2,easy,,,,,,,,,3.0,,,,3,,1,6909,fast,0,,2026-04-24T11:09:36.207Z,2026-04-24T11:11:18.307Z,2,1,test_definition,False,36,12,أشترى علي 5 كتب، كل كتاب يكلف 70 درهمًا. كم دفع علي في المجمل؟,5 × 70,,,,,"[{""correct"": true, ""text"": ""5 × 70""}, {""correct"": false, ""text"": ""350 ÷ 5""}, {""correct"": false, ""text"": ""70 + 5""}]",,,,,"{""maxNumberRange"": 3, ""numOptions"": 3, ""numQuestions"": 5, ""operationsAllowed"": [""Addition"", ""Subtraction"", ""Multiplication"", ""Division""], ""requiredCorrectAnswersMinimumPercent"": 75}"
stu_1777023761242_7194,test_1777023978840_kask7x7,choose_answer,0,4,arithmetic_fluency,0.6,operation_identification_from_context,choose_answer__Multiplication__OneStepProblem__2digits__3options,choose answer | OneStepProblem | Multiplication | OneStepProblem | 2 digits,choose_answer__cfg_range3__ops_Addition-Subtraction-Multiplication-Division__options3,Multiplication,Multiplication,Multiplication,OneStepProblem,OneStepProblem,Horizontal,2,easy,,,,,,,,,3.0,,,,3,,1,22500,slow,1,,2026-04-24T11:09:36.207Z,2026-04-24T11:11:18.307Z,2,1,test_definition,False,36,12,في أحد المخابز يوجد 15 صندوقًا من الخبز. في كل صندوق 20 رغيفًا. كم رغيفًا في المجموع؟,15 × 20,,,,,"[{""correct"": true, ""text"": ""15 × 20""}, {""correct"": false, ""text"": ""300 ÷ 15""}, {""correct"": false, ""text"": ""20 + 15""}]",,,,,"{""maxNumberRange"": 3, ""numOptions"": 3, ""numQuestions"": 5, ""operationsAllowed"": [""Addition"", ""Subtraction"", ""Multiplication"", ""Division""], ""requiredCorrectAnswersMinimumPercent"": 75}"
stu_1777023761242_7194,test_1777023978840_kask7x7,choose_answer,0,4,number_sense,0.2,operation_identification_from_context,choose_answer__Multiplication__OneStepProblem__2digits__3options,choose answer | OneStepProblem | Multiplication | OneStepProblem | 2 digits,choose_answer__cfg_range3__ops_Addition-Subtraction-Multiplication-Division__options3,Multiplication,Multiplication,Multiplication,OneStepProblem,OneStepProblem,Horizontal,2,easy,,,,,,,,,3.0,,,,3,,1,22500,slow,1,,2026-04-24T11:09:36.207Z,2026-04-24T11:11:18.307Z,2,1,test_definition,False,36,12,في أحد المخابز يوجد 15 صندوقًا من الخبز. في كل صندوق 20 رغيفًا. كم رغيفًا في المجموع؟,15 × 20,,,,,"[{""correct"": true, ""text"": ""15 × 20""}, {""correct"": false, ""text"": ""300 ÷ 15""}, {""correct"": false, ""text"": ""20 + 15""}]",,,,,"{""maxNumberRange"": 3, ""numOptions"": 3, ""numQuestions"": 5, ""operationsAllowed"": [""Addition"", ""Subtraction"", ""Multiplication"", ""Division""], ""requiredCorrectAnswersMinimumPercent"": 75}"
stu_1777023761242_7194,test_1777023978840_kask7x7,choose_answer,0,4,sequential_thinking,0.2,operation_identification_from_context,choose_answer__Multiplication__OneStepProblem__2digits__3options,choose answer | OneStepProblem | Multiplication | OneStepProblem | 2 digits,choose_answer__cfg_range3__ops_Addition-Subtraction-Multiplication-Division__options3,Multiplication,Multiplication,Multiplication,OneStepProblem,OneStepProblem,Horizontal,2,easy,,,,,,,,,3.0,,,,3,,1,22500,slow,1,,2026-04-24T11:09:36.207Z,2026-04-24T11:11:18.307Z,2,1,test_definition,False,36,12,في أحد المخابز يوجد 15 صندوقًا من الخبز. في كل صندوق 20 رغيفًا. كم رغيفًا في المجموع؟,15 × 20,,,,,"[{""correct"": true, ""text"": ""15 × 20""}, {""correct"": false, ""text"": ""300 ÷ 15""}, {""correct"": false, ""text"": ""20 + 15""}]",,,,,"{""maxNumberRange"": 3, ""numOptions"": 3, ""numQuestions"": 5, ""operationsAllowed"": [""Addition"", ""Subtraction"", ""Multiplication"", ""Division""], ""requiredCorrectAnswersMinimumPercent"": 75}"
stu_1777023761242_7194,test_1777023978840_kask7x7,compare_numbers,0,0,comparison_skill,1.0,number_comparison,compare_numbers__Greater__3digits,compare numbers | Greater | Comparison | Greater | 3 digits,compare_numbers__cfg_range3,,,,Greater,Comparison,Horizontal,3,medium,,,,Greater,,,,,,,,,3,,1,12747,medium,0,,2026-04-24T11:16:44.959Z,2026-04-24T11:17:16.666Z,6,1,test_definition,False,13,13,,,,,,,,,697,194,,"{""maxNumberRange"": 3, ""numQuestions"": 3, ""requiredCorrectAnswersMinimumPercent"": 75}"
stu_1777023761242_7194,test_1777023978840_kask7x7,compare_numbers,0,1,comparison_skill,1.0,number_comparison,compare_numbers__Less__3digits,compare numbers | Less | Comparison | Less | 3 digits,compare_numbers__cfg_range3,,,,Less,Comparison,Horizontal,3,medium,,,,Less,,,,,,,,,3,,1,12435,medium,0,,2026-04-24T11:16:44.959Z,2026-04-24T11:17:16.666Z,6,1,test_definition,False,13,13,,,,,,,,,292,598,,"{""maxNumberRange"": 3, ""numQuestions"": 3, ""requiredCorrectAnswersMinimumPercent"": 75}"
stu_1777023761242_7194,test_1777023978840_kask7x7,compare_numbers,0,2,comparison_skill,1.0,number_comparison,compare_numbers__Equal__3digits,compare numbers | Equal | Comparison | Equal | 3 digits,compare_numbers__cfg_range3,,,,Equal,Comparison,Horizontal,3,medium,,,,Equal,,,,,,,,,3,,1,6523,fast,0,,2026-04-24T11:16:44.959Z,2026-04-24T11:17:16.666Z,6,1,test_definition,False,13,13,,,,,,,,,133,133,,"{""maxNumberRange"": 3, ""numQuestions"": 3, ""requiredCorrectAnswersMinimumPercent"": 75}"
stu_1777023761242_7194,test_1777023978840_kask7x7,find_previous_next_number,0,0,sequential_thinking,1.0,previous_next_number,find_previous_next_number__3digits__tens_transition,find previous next number | PreviousAndNext | Sequence | tens_transition | 3 digits,find_previous_next_number__cfg_range3,,,,PreviousAndNext,Sequence,Horizontal,3,medium,tens_transition,520-529,,,,,,,,,,,3,,1,66182,medium,0,,2026-04-24T11:16:00.401Z,2026-04-24T11:16:44.734Z,5,1,test_definition,False,5,5,529,,,,"[528, 530]","[528, 530]",,,,,,"{""maxNumberRange"": 3, ""numQuestions"": 3, ""requiredCorrectAnswersMinimumPercent"": 75}"
stu_1777023761242_7194,test_1777023978840_kask7x7,find_previous_next_number,0,1,sequential_thinking,1.0,previous_next_number,find_previous_next_number__3digits__normal_range,find previous next number | PreviousAndNext | Sequence | normal_range | 3 digits,find_previous_next_number__cfg_range3,,,,PreviousAndNext,Sequence,Horizontal,3,medium,normal_range,680-689,,,,,,,,,,,3,,1,48231,fast,0,,2026-04-24T11:16:00.401Z,2026-04-24T11:16:44.734Z,5,1,test_definition,False,24,12,684,,,,"[683, 685]","[683, 685]",,,,,,"{""maxNumberRange"": 3, ""numQuestions"": 3, ""requiredCorrectAnswersMinimumPercent"": 75}"
stu_1777023761242_7194,test_1777023978840_kask7x7,find_previous_next_number,0,2,sequential_thinking,1.0,previous_next_number,find_previous_next_number__3digits__normal_range,find previous next number | PreviousAndNext | Sequence | normal_range | 3 digits,find_previous_next_number__cfg_range3,,,,PreviousAndNext,Sequence,Horizontal,3,medium,normal_range,870-879,,,,,,,,,,,3,,1,44333,fast,0,,2026-04-24T11:16:00.401Z,2026-04-24T11:16:44.734Z,5,1,test_definition,False,24,12,878,,,,"[877, 879]","[877, 879]",,,,,,"{""maxNumberRange"": 3, ""numQuestions"": 3, ""requiredCorrectAnswersMinimumPercent"": 75}"
stu_1777023761242_7194,test_1777023978840_kask7x7,identify_place_value,0,0,number_sense,1.0,place_value_identification,identify_place_value__2digits__all_digits_distinct,identify place value | PlaceValue | PlaceValue | 2 digits,identify_place_value__cfg_range2,,,,PlaceValue,PlaceValue,Visual,2,easy,,,,,,,,all_digits_distinct,,,,,2,,1,20121,fast,0,,2026-04-24T11:09:19.000Z,2026-04-24T11:09:36.047Z,1,1,test_definition,False,42,11,,,,,"{""pos_0"": 5, ""pos_1"": 6}","{""pos_0"": 5, ""pos_1"": 6}",,,,,56,"{""maxNumberRange"": 2, ""numQuestions"": 4, ""requiredCorrectAnswersMinimumPercent"": 75}"
stu_1777023761242_7194,test_1777023978840_kask7x7,identify_place_value,0,1,number_sense,1.0,place_value_identification,identify_place_value__2digits__all_digits_distinct,identify place value | PlaceValue | PlaceValue | 2 digits,identify_place_value__cfg_range2,,,,PlaceValue,PlaceValue,Visual,2,easy,,,,,,,,all_digits_distinct,,,,,2,,1,22571,fast,0,,2026-04-24T11:09:19.000Z,2026-04-24T11:09:36.047Z,1,1,test_definition,False,42,11,,,,,"{""pos_0"": 3, ""pos_1"": 6}","{""pos_0"": ""3"", ""pos_1"": 6}",,,,,36,"{""maxNumberRange"": 2, ""numQuestions"": 4, ""requiredCorrectAnswersMinimumPercent"": 75}"
stu_1777023761242_7194,test_1777023978840_kask7x7,identify_place_value,0,2,number_sense,1.0,place_value_identification,identify_place_value__2digits__all_digits_distinct,identify place value | PlaceValue | PlaceValue | 2 digits,identify_place_value__cfg_range2,,,,PlaceValue,PlaceValue,Visual,2,easy,,,,,,,,all_digits_distinct,,,,,2,,1,20269,fast,0,,2026-04-24T11:09:19.000Z,2026-04-24T11:09:36.047Z,1,1,test_definition,False,42,11,,,,,"{""pos_0"": 3, ""pos_1"": 2}","{""pos_0"": 3, ""pos_1"": 2}",,,,,32,"{""maxNumberRange"": 2, ""numQuestions"": 4, ""requiredCorrectAnswersMinimumPercent"": 75}"
stu_1777023761242_7194,test_1777023978840_kask7x7,identify_place_value,0,3,number_sense,1.0,place_value_identification,identify_place_value__2digits__all_digits_distinct,identify place value | PlaceValue | PlaceValue | 2 digits,identify_place_value__cfg_range2,,,,PlaceValue,PlaceValue,Visual,2,easy,,,,,,,,all_digits_distinct,,,,,2,,1,17047,fast,0,,2026-04-24T11:09:19.000Z,2026-04-24T11:09:36.047Z,1,1,test_definition,False,42,11,,,,,"{""pos_0"": 4, ""pos_1"": 3}","{""pos_0"": 4, ""pos_1"": 3}",,,,,43,"{""maxNumberRange"": 2, ""numQuestions"": 4, ""requiredCorrectAnswersMinimumPercent"": 75}"
stu_1777023761242_7194,test_1777023978840_kask7x7,order_numbers,0,0,sequential_thinking,1.0,number_ordering,order_numbers__desc__seq7__2digits,order numbers | Ordering_desc | Ordering | desc | 2 digits | sequence 7,order_numbers__cfg_range2__maxseq7,,,,Ordering_desc,Ordering,Visual,2,easy,,,7.0,,desc,,,,,,,,2,,1,70415,fast,0,,2026-04-24T11:06:23.217Z,2026-04-24T11:08:15.787Z,0,1,test_definition,True,1,1,,,,,,,,"[22, 44, 73, 59, 83, 89, 53]",,,,"{""maxNumberRange"": 2, ""maxNumbersInSequence"": 7, ""numQuestions"": 3, ""requiredCorrectAnswersMinimumPercent"": 75}"
stu_1777023761242_7194,test_1777023978840_kask7x7,order_numbers,0,1,sequential_thinking,1.0,number_ordering,order_numbers__asc__seq3__2digits,order numbers | Ordering_asc | Ordering | asc | 2 digits | sequence 3,order_numbers__cfg_range2__maxseq7,,,,Ordering_asc,Ordering,Visual,2,easy,,,3.0,,asc,,,,,,,,2,,1,27501,fast,0,,2026-04-24T11:06:23.217Z,2026-04-24T11:08:15.787Z,0,1,test_definition,False,6,6,,,,,,,,"[24, 42, 52]",,,,"{""maxNumberRange"": 2, ""maxNumbersInSequence"": 7, ""numQuestions"": 3, ""requiredCorrectAnswersMinimumPercent"": 75}"
stu_1777023761242_7194,test_1777023978840_kask7x7,order_numbers,0,2,sequential_thinking,1.0,number_ordering,order_numbers__desc__seq2__2digits,order numbers | Ordering_desc | Ordering | desc | 2 digits | sequence 2,order_numbers__cfg_range2__maxseq7,,,,Ordering_desc,Ordering,Visual,2,easy,,,2.0,,desc,,,,,,,,2,,1,14653,fast,0,,2026-04-24T11:06:23.217Z,2026-04-24T11:08:15.787Z,0,1,test_definition,False,7,6,,,,,,,,"[23, 16]",,,,"{""maxNumberRange"": 2, ""maxNumbersInSequence"": 7, ""numQuestions"": 3, ""requiredCorrectAnswersMinimumPercent"": 75}"
stu_1777023761242_7194,test_1777023978840_kask7x7,vertical_operations,0,0,arithmetic_fluency,1.0,vertical_operation_fluency,vertical_operations__AdditionWithCarry__4digits,vertical operations | AdditionWithCarry | Addition | VerticalOperation | 4 digits,vertical_operations__cfg_range4__ops_Addition-Subtraction__carryTrue__borrowTrue__mulstepFalse__divstepFalse,Addition,,,AdditionWithCarry,VerticalOperation,Vertical,4,hard,,,,,,,,,,,,,4,,1,86715,fast,0,,2026-04-24T11:11:18.561Z,2026-04-24T11:14:05.957Z,3,1,test_definition,False,8,6,6145 Addition 525,,6670,6670,,,,,,,,"{""allowBorrow"": true, ""allowCarry"": true, ""allowMultiStepDiv"": false, ""allowMultiStepMul"": false, ""maxNumberRange"": 4, ""numOperations"": 2, ""operationsAllowed"": [""Addition"", ""Subtraction""], ""requiredCorrectAnswersMinimumPercent"": 75}"
stu_1777023761242_7194,test_1777023978840_kask7x7,vertical_operations,0,1,arithmetic_fluency,1.0,vertical_operation_fluency,vertical_operations__AdditionWithCarry__4digits,vertical operations | AdditionWithCarry | Addition | VerticalOperation | 4 digits,vertical_operations__cfg_range4__ops_Addition-Subtraction__carryTrue__borrowTrue__mulstepFalse__divstepFalse,Addition,,,AdditionWithCarry,VerticalOperation,Vertical,4,hard,,,,,,,,,,,,,4,,1,80681,fast,0,,2026-04-24T11:11:18.561Z,2026-04-24T11:14:05.957Z,3,1,test_definition,False,8,6,3741 Addition 1621,,5362,5362,,,,,,,,"{""allowBorrow"": true, ""allowCarry"": true, ""allowMultiStepDiv"": false, ""allowMultiStepMul"": false, ""maxNumberRange"": 4, ""numOperations"": 2, ""operationsAllowed"": [""Addition"", ""Subtraction""], ""requiredCorrectAnswersMinimumPercent"": 75}"
stu_1777023761468_62,test_1777023978840_kask7x7,choose_answer,0,0,arithmetic_fluency,0.6,operation_identification_from_context,choose_answer__Multiplication__OneStepProblem__2digits__3options,choose answer | OneStepProblem | Multiplication | OneStepProblem | 2 digits,choose_answer__cfg_range3__ops_Addition-Subtraction-Multiplication-Division__options3,Multiplication,Multiplication,Multiplication,OneStepProblem,OneStepProblem,Horizontal,2,easy,,,,,,,,,3.0,,,,3,,1,16941,medium,0,,2026-04-28T12:50:16.785Z,2026-04-28T12:51:48.587Z,2,1,test_definition,False,36,12,أشترت مريم 3 كتب، كل كتاب يكلف 40 درهما. كم دفعت مريم في المجمل؟,3 × 40,,,,,"[{""correct"": false, ""text"": ""120 - 40""}, {""correct"": true, ""text"": ""3 × 40""}, {""correct"": false, ""text"": ""3 + 40""}]",,,,,"{""maxNumberRange"": 3, ""numOptions"": 3, ""numQuestions"": 5, ""operationsAllowed"": [""Addition"", ""Subtraction"", ""Multiplication"", ""Division""], ""requiredCorrectAnswersMinimumPercent"": 75}"
stu_1777023761468_62,test_1777023978840_kask7x7,choose_answer,0,0,number_sense,0.2,operation_identification_from_context,choose_answer__Multiplication__OneStepProblem__2digits__3options,choose answer | OneStepProblem | Multiplication | OneStepProblem | 2 digits,choose_answer__cfg_range3__ops_Addition-Subtraction-Multiplication-Division__options3,Multiplication,Multiplication,Multiplication,OneStepProblem,OneStepProblem,Horizontal,2,easy,,,,,,,,,3.0,,,,3,,1,16941,medium,0,,2026-04-28T12:50:16.785Z,2026-04-28T12:51:48.587Z,2,1,test_definition,False,36,12,أشترت مريم 3 كتب، كل كتاب يكلف 40 درهما. كم دفعت مريم في المجمل؟,3 × 40,,,,,"[{""correct"": false, ""text"": ""120 - 40""}, {""correct"": true, ""text"": ""3 × 40""}, {""correct"": false, ""text"": ""3 + 40""}]",,,,,"{""maxNumberRange"": 3, ""numOptions"": 3, ""numQuestions"": 5, ""operationsAllowed"": [""Addition"", ""Subtraction"", ""Multiplication"", ""Division""], ""requiredCorrectAnswersMinimumPercent"": 75}"
stu_1777023761468_62,test_1777023978840_kask7x7,choose_answer,0,0,sequential_thinking,0.2,operation_identification_from_context,choose_answer__Multiplication__OneStepProblem__2digits__3options,choose answer | OneStepProblem | Multiplication | OneStepProblem | 2 digits,choose_answer__cfg_range3__ops_Addition-Subtraction-Multiplication-Division__options3,Multiplication,Multiplication,Multiplication,OneStepProblem,OneStepProblem,Horizontal,2,easy,,,,,,,,,3.0,,,,3,,1,16941,medium,0,,2026-04-28T12:50:16.785Z,2026-04-28T12:51:48.587Z,2,1,test_definition,False,36,12,أشترت مريم 3 كتب، كل كتاب يكلف 40 درهما. كم دفعت مريم في المجمل؟,3 × 40,,,,,"[{""correct"": false, ""text"": ""120 - 40""}, {""correct"": true, ""text"": ""3 × 40""}, {""correct"": false, ""text"": ""3 + 40""}]",,,,,"{""maxNumberRange"": 3, ""numOptions"": 3, ""numQuestions"": 5, ""operationsAllowed"": [""Addition"", ""Subtraction"", ""Multiplication"", ""Division""], ""requiredCorrectAnswersMinimumPercent"": 75}"
stu_1777023761468_62,test_1777023978840_kask7x7,choose_answer,0,1,arithmetic_fluency,0.6,operation_identification_from_context,choose_answer__Subtraction__OneStepProblem__3digits__3options,choose answer | OneStepProblem | Subtraction | OneStepProblem | 3 digits,choose_answer__cfg_range3__ops_Addition-Subtraction-Multiplication-Division__options3,Subtraction,Subtraction,Subtraction,OneStepProblem,OneStepProblem,Horizontal,3,medium,,,,,,,,,3.0,,,,3,,1,8263,fast,0,,2026-04-28T12:50:16.785Z,2026-04-28T12:51:48.587Z,2,1,test_definition,True,4,4,إذا كانت لديك 500 درهمًا وأعطيت 200 درهمًا لصديقك، كم يتبقى لديك؟,500 - 200,,,,,"[{""correct"": false, ""text"": ""500 × 200""}, {""correct"": false, ""text"": ""500 - 300""}, {""correct"": true, ""text"": ""500 - 200""}]",,,,,"{""maxNumberRange"": 3, ""numOptions"": 3, ""numQuestions"": 5, ""operationsAllowed"": [""Addition"", ""Subtraction"", ""Multiplication"", ""Division""], ""requiredCorrectAnswersMinimumPercent"": 75}"
stu_1777023761468_62,test_1777023978840_kask7x7,choose_answer,0,1,number_sense,0.2,operation_identification_from_context,choose_answer__Subtraction__OneStepProblem__3digits__3options,choose answer | OneStepProblem | Subtraction | OneStepProblem | 3 digits,choose_answer__cfg_range3__ops_Addition-Subtraction-Multiplication-Division__options3,Subtraction,Subtraction,Subtraction,OneStepProblem,OneStepProblem,Horizontal,3,medium,,,,,,,,,3.0,,,,3,,1,8263,fast,0,,2026-04-28T12:50:16.785Z,2026-04-28T12:51:48.587Z,2,1,test_definition,True,4,4,إذا كانت لديك 500 درهمًا وأعطيت 200 درهمًا لصديقك، كم يتبقى لديك؟,500 - 200,,,,,"[{""correct"": false, ""text"": ""500 × 200""}, {""correct"": false, ""text"": ""500 - 300""}, {""correct"": true, ""text"": ""500 - 200""}]",,,,,"{""maxNumberRange"": 3, ""numOptions"": 3, ""numQuestions"": 5, ""operationsAllowed"": [""Addition"", ""Subtraction"", ""Multiplication"", ""Division""], ""requiredCorrectAnswersMinimumPercent"": 75}"
stu_1777023761468_62,test_1777023978840_kask7x7,choose_answer,0,1,sequential_thinking,0.2,operation_identification_from_context,choose_answer__Subtraction__OneStepProblem__3digits__3options,choose answer | OneStepProblem | Subtraction | OneStepProblem | 3 digits,choose_answer__cfg_range3__ops_Addition-Subtraction-Multiplication-Division__options3,Subtraction,Subtraction,Subtraction,OneStepProblem,OneStepProblem,Horizontal,3,medium,,,,,,,,,3.0,,,,3,,1,8263,fast,0,,2026-04-28T12:50:16.785Z,2026-04-28T12:51:48.587Z,2,1,test_definition,True,4,4,إذا كانت لديك 500 درهمًا وأعطيت 200 درهمًا لصديقك، كم يتبقى لديك؟,500 - 200,,,,,"[{""correct"": false, ""text"": ""500 × 200""}, {""correct"": false, ""text"": ""500 - 300""}, {""correct"": true, ""text"": ""500 - 200""}]",,,,,"{""maxNumberRange"": 3, ""numOptions"": 3, ""numQuestions"": 5, ""operationsAllowed"": [""Addition"", ""Subtraction"", ""Multiplication"", ""Division""], ""requiredCorrectAnswersMinimumPercent"": 75}"
stu_1777023761468_62,test_1777023978840_kask7x7,choose_answer,0,2,arithmetic_fluency,0.6,operation_identification_from_context,choose_answer__Subtraction-Multiplication__MultiStepProblem__3digits__3options,choose answer | MultiStepProblem | Subtraction-Multiplication | MultiStepProblem | 3 digits,choose_answer__cfg_range3__ops_Addition-Subtraction-Multiplication-Division__options3,Subtraction-Multiplication,Subtraction-Multiplication,Subtraction,MultiStepProblem,MultiStepProblem,Horizontal,3,medium,,,,,,,,,3.0,,,,3,,0,19026,medium,0,MisidentifiedOperation,2026-04-28T12:50:16.785Z,2026-04-28T12:51:48.587Z,2,1,test_definition,False,11,8,كانت لديك 500 درهمًا، اشتريت 3 هدايا بتكلفة 120 درهمًا لكل هدية. كم تبقى لديك؟,500 - 120,,,,,"[{""correct"": false, ""text"": ""3 × 120""}, {""correct"": false, ""text"": ""500 - 120""}, {""correct"": true, ""text"": ""500 - (3 × 120)""}]",,,,,"{""maxNumberRange"": 3, ""numOptions"": 3, ""numQuestions"": 5, ""operationsAllowed"": [""Addition"", ""Subtraction"", ""Multiplication"", ""Division""], ""requiredCorrectAnswersMinimumPercent"": 75}"
stu_1777023761468_62,test_1777023978840_kask7x7,choose_answer,0,2,number_sense,0.2,operation_identification_from_context,choose_answer__Subtraction-Multiplication__MultiStepProblem__3digits__3options,choose answer | MultiStepProblem | Subtraction-Multiplication | MultiStepProblem | 3 digits,choose_answer__cfg_range3__ops_Addition-Subtraction-Multiplication-Division__options3,Subtraction-Multiplication,Subtraction-Multiplication,Subtraction,MultiStepProblem,MultiStepProblem,Horizontal,3,medium,,,,,,,,,3.0,,,,3,,0,19026,medium,0,MisidentifiedOperation,2026-04-28T12:50:16.785Z,2026-04-28T12:51:48.587Z,2,1,test_definition,False,11,8,كانت لديك 500 درهمًا، اشتريت 3 هدايا بتكلفة 120 درهمًا لكل هدية. كم تبقى لديك؟,500 - 120,,,,,"[{""correct"": false, ""text"": ""3 × 120""}, {""correct"": false, ""text"": ""500 - 120""}, {""correct"": true, ""text"": ""500 - (3 × 120)""}]",,,,,"{""maxNumberRange"": 3, ""numOptions"": 3, ""numQuestions"": 5, ""operationsAllowed"": [""Addition"", ""Subtraction"", ""Multiplication"", ""Division""], ""requiredCorrectAnswersMinimumPercent"": 75}"
stu_1777023761468_62,test_1777023978840_kask7x7,choose_answer,0,2,sequential_thinking,0.2,operation_identification_from_context,choose_answer__Subtraction-Multiplication__MultiStepProblem__3digits__3options,choose answer | MultiStepProblem | Subtraction-Multiplication | MultiStepProblem | 3 digits,choose_answer__cfg_range3__ops_Addition-Subtraction-Multiplication-Division__options3,Subtraction-Multiplication,Subtraction-Multiplication,Subtraction,MultiStepProblem,MultiStepProblem,Horizontal,3,medium,,,,,,,,,3.0,,,,3,,0,19026,medium,0,MisidentifiedOperation,2026-04-28T12:50:16.785Z,2026-04-28T12:51:48.587Z,2,1,test_definition,False,11,8,كانت لديك 500 درهمًا، اشتريت 3 هدايا بتكلفة 120 درهمًا لكل هدية. كم تبقى لديك؟,500 - 120,,,,,"[{""correct"": false, ""text"": ""3 × 120""}, {""correct"": false, ""text"": ""500 - 120""}, {""correct"": true, ""text"": ""500 - (3 × 120)""}]",,,,,"{""maxNumberRange"": 3, ""numOptions"": 3, ""numQuestions"": 5, ""operationsAllowed"": [""Addition"", ""Subtraction"", ""Multiplication"", ""Division""], ""requiredCorrectAnswersMinimumPercent"": 75}"
stu_1777023761468_62,test_1777023978840_kask7x7,choose_answer,0,3,arithmetic_fluency,0.6,operation_identification_from_context,choose_answer__Addition__OneStepProblem__1digits__3options,choose answer | OneStepProblem | Addition | OneStepProblem | 1 digits,choose_answer__cfg_range3__ops_Addition-Subtraction-Multiplication-Division__options3,Addition,Addition,Addition,OneStepProblem,OneStepProblem,Horizontal,1,very-easy,,,,,,,,,3.0,,,,3,,1,23026,slow,1,,2026-04-28T12:50:16.785Z,2026-04-28T12:51:48.587Z,2,1,test_definition,True,3,3,اشترت فاطمة 3 تفاحات و4 برتقالات. كم فاكهة اشترت فاطمة؟,3 + 4,,,,,"[{""correct"": false, ""text"": ""3 × 4""}, {""correct"": false, ""text"": ""7 - 3""}, {""correct"": true, ""text"": ""3 + 4""}]",,,,,"{""maxNumberRange"": 3, ""numOptions"": 3, ""numQuestions"": 5, ""operationsAllowed"": [""Addition"", ""Subtraction"", ""Multiplication"", ""Division""], ""requiredCorrectAnswersMinimumPercent"": 75}"
stu_1777023761468_62,test_1777023978840_kask7x7,choose_answer,0,3,number_sense,0.2,operation_identification_from_context,choose_answer__Addition__OneStepProblem__1digits__3options,choose answer | OneStepProblem | Addition | OneStepProblem | 1 digits,choose_answer__cfg_range3__ops_Addition-Subtraction-Multiplication-Division__options3,Addition,Addition,Addition,OneStepProblem,OneStepProblem,Horizontal,1,very-easy,,,,,,,,,3.0,,,,3,,1,23026,slow,1,,2026-04-28T12:50:16.785Z,2026-04-28T12:51:48.587Z,2,1,test_definition,True,3,3,اشترت فاطمة 3 تفاحات و4 برتقالات. كم فاكهة اشترت فاطمة؟,3 + 4,,,,,"[{""correct"": false, ""text"": ""3 × 4""}, {""correct"": false, ""text"": ""7 - 3""}, {""correct"": true, ""text"": ""3 + 4""}]",,,,,"{""maxNumberRange"": 3, ""numOptions"": 3, ""numQuestions"": 5, ""operationsAllowed"": [""Addition"", ""Subtraction"", ""Multiplication"", ""Division""], ""requiredCorrectAnswersMinimumPercent"": 75}"
stu_1777023761468_62,test_1777023978840_kask7x7,choose_answer,0,3,sequential_thinking,0.2,operation_identification_from_context,choose_answer__Addition__OneStepProblem__1digits__3options,choose answer | OneStepProblem | Addition | OneStepProblem | 1 digits,choose_answer__cfg_range3__ops_Addition-Subtraction-Multiplication-Division__options3,Addition,Addition,Addition,OneStepProblem,OneStepProblem,Horizontal,1,very-easy,,,,,,,,,3.0,,,,3,,1,23026,slow,1,,2026-04-28T12:50:16.785Z,2026-04-28T12:51:48.587Z,2,1,test_definition,True,3,3,اشترت فاطمة 3 تفاحات و4 برتقالات. كم فاكهة اشترت فاطمة؟,3 + 4,,,,,"[{""correct"": false, ""text"": ""3 × 4""}, {""correct"": false, ""text"": ""7 - 3""}, {""correct"": true, ""text"": ""3 + 4""}]",,,,,"{""maxNumberRange"": 3, ""numOptions"": 3, ""numQuestions"": 5, ""operationsAllowed"": [""Addition"", ""Subtraction"", ""Multiplication"", ""Division""], ""requiredCorrectAnswersMinimumPercent"": 75}"
stu_1777023761468_62,test_1777023978840_kask7x7,choose_answer,0,4,arithmetic_fluency,0.6,operation_identification_from_context,choose_answer__Multiplication__OneStepProblem__2digits__3options,choose answer | OneStepProblem | Multiplication | OneStepProblem | 2 digits,choose_answer__cfg_range3__ops_Addition-Subtraction-Multiplication-Division__options3,Multiplication,Multiplication,Multiplication,OneStepProblem,OneStepProblem,Horizontal,2,easy,,,,,,,,,3.0,,,,3,,1,24541,slow,1,,2026-04-28T12:50:16.785Z,2026-04-28T12:51:48.587Z,2,1,test_definition,False,36,12,في أحد المخابز يوجد 15 صندوقًا من الخبز. في كل صندوق 20 رغيفًا. كم رغيفًا في المجموع؟,15 × 20,,,,,"[{""correct"": false, ""text"": ""20 - 15""}, {""correct"": true, ""text"": ""15 × 20""}, {""correct"": false, ""text"": ""20 + 15""}]",,,,,"{""maxNumberRange"": 3, ""numOptions"": 3, ""numQuestions"": 5, ""operationsAllowed"": [""Addition"", ""Subtraction"", ""Multiplication"", ""Division""], ""requiredCorrectAnswersMinimumPercent"": 75}"
stu_1777023761468_62,test_1777023978840_kask7x7,choose_answer,0,4,number_sense,0.2,operation_identification_from_context,choose_answer__Multiplication__OneStepProblem__2digits__3options,choose answer | OneStepProblem | Multiplication | OneStepProblem | 2 digits,choose_answer__cfg_range3__ops_Addition-Subtraction-Multiplication-Division__options3,Multiplication,Multiplication,Multiplication,OneStepProblem,OneStepProblem,Horizontal,2,easy,,,,,,,,,3.0,,,,3,,1,24541,slow,1,,2026-04-28T12:50:16.785Z,2026-04-28T12:51:48.587Z,2,1,test_definition,False,36,12,في أحد المخابز يوجد 15 صندوقًا من الخبز. في كل صندوق 20 رغيفًا. كم رغيفًا في المجموع؟,15 × 20,,,,,"[{""correct"": false, ""text"": ""20 - 15""}, {""correct"": true, ""text"": ""15 × 20""}, {""correct"": false, ""text"": ""20 + 15""}]",,,,,"{""maxNumberRange"": 3, ""numOptions"": 3, ""numQuestions"": 5, ""operationsAllowed"": [""Addition"", ""Subtraction"", ""Multiplication"", ""Division""], ""requiredCorrectAnswersMinimumPercent"": 75}"
stu_1777023761468_62,test_1777023978840_kask7x7,choose_answer,0,4,sequential_thinking,0.2,operation_identification_from_context,choose_answer__Multiplication__OneStepProblem__2digits__3options,choose answer | OneStepProblem | Multiplication | OneStepProblem | 2 digits,choose_answer__cfg_range3__ops_Addition-Subtraction-Multiplication-Division__options3,Multiplication,Multiplication,Multiplication,OneStepProblem,OneStepProblem,Horizontal,2,easy,,,,,,,,,3.0,,,,3,,1,24541,slow,1,,2026-04-28T12:50:16.785Z,2026-04-28T12:51:48.587Z,2,1,test_definition,False,36,12,في أحد المخابز يوجد 15 صندوقًا من الخبز. في كل صندوق 20 رغيفًا. كم رغيفًا في المجموع؟,15 × 20,,,,,"[{""correct"": false, ""text"": ""20 - 15""}, {""correct"": true, ""text"": ""15 × 20""}, {""correct"": false, ""text"": ""20 + 15""}]",,,,,"{""maxNumberRange"": 3, ""numOptions"": 3, ""numQuestions"": 5, ""operationsAllowed"": [""Addition"", ""Subtraction"", ""Multiplication"", ""Division""], ""requiredCorrectAnswersMinimumPercent"": 75}"
stu_1777023761468_62,test_1777023978840_kask7x7,compare_numbers,0,0,comparison_skill,1.0,number_comparison,compare_numbers__Greater__3digits,compare numbers | Greater | Comparison | Greater | 3 digits,compare_numbers__cfg_range3,,,,Greater,Comparison,Horizontal,3,medium,,,,Greater,,,,,,,,,3,,1,14676,medium,0,,2026-04-28T13:00:52.108Z,2026-04-28T13:01:20.347Z,6,1,test_definition,False,13,13,,,,,,,,,252,250,,"{""maxNumberRange"": 3, ""numQuestions"": 3, ""requiredCorrectAnswersMinimumPercent"": 75}"
stu_1777023761468_62,test_1777023978840_kask7x7,compare_numbers,0,1,comparison_skill,1.0,number_comparison,compare_numbers__Less__3digits,compare numbers | Less | Comparison | Less | 3 digits,compare_numbers__cfg_range3,,,,Less,Comparison,Horizontal,3,medium,,,,Less,,,,,,,,,3,,1,7908,fast,0,,2026-04-28T13:00:52.108Z,2026-04-28T13:01:20.347Z,6,1,test_definition,False,13,13,,,,,,,,,235,748,,"{""maxNumberRange"": 3, ""numQuestions"": 3, ""requiredCorrectAnswersMinimumPercent"": 75}"
stu_1777023761468_62,test_1777023978840_kask7x7,compare_numbers,0,2,comparison_skill,1.0,number_comparison,compare_numbers__Equal__3digits,compare numbers | Equal | Comparison | Equal | 3 digits,compare_numbers__cfg_range3,,,,Equal,Comparison,Horizontal,3,medium,,,,Equal,,,,,,,,,3,,1,5641,fast,0,,2026-04-28T13:00:52.108Z,2026-04-28T13:01:20.347Z,6,1,test_definition,False,13,13,,,,,,,,,528,528,,"{""maxNumberRange"": 3, ""numQuestions"": 3, ""requiredCorrectAnswersMinimumPercent"": 75}"
stu_1777023761468_62,test_1777023978840_kask7x7,find_previous_next_number,0,0,sequential_thinking,1.0,previous_next_number,find_previous_next_number__3digits__normal_range,find previous next number | PreviousAndNext | Sequence | normal_range | 3 digits,find_previous_next_number__cfg_range3,,,,PreviousAndNext,Sequence,Horizontal,3,medium,normal_range,420-429,,,,,,,,,,,3,,0,34294,fast,0,RangeUncertainty,2026-04-28T12:59:28.490Z,2026-04-28T12:59:58.297Z,5,1,test_definition,False,24,12,428,,,,"[427, 429]","[429, 427]",,,,,,"{""maxNumberRange"": 3, ""numQuestions"": 3, ""requiredCorrectAnswersMinimumPercent"": 75}"
stu_1777023761468_62,test_1777023978840_kask7x7,find_previous_next_number,0,1,sequential_thinking,1.0,previous_next_number,find_previous_next_number__3digits__normal_range,find previous next number | PreviousAndNext | Sequence | normal_range | 3 digits,find_previous_next_number__cfg_range3,,,,PreviousAndNext,Sequence,Horizontal,3,medium,normal_range,680-689,,,,,,,,,,,3,,1,25302,fast,0,,2026-04-28T12:59:28.490Z,2026-04-28T12:59:58.297Z,5,1,test_definition,False,24,12,685,,,,"[684, 686]","[684, 686]",,,,,,"{""maxNumberRange"": 3, ""numQuestions"": 3, ""requiredCorrectAnswersMinimumPercent"": 75}"
stu_1777023761468_62,test_1777023978840_kask7x7,find_previous_next_number,0,2,sequential_thinking,1.0,previous_next_number,find_previous_next_number__3digits__tens_transition,find previous next number | PreviousAndNext | Sequence | tens_transition | 3 digits,find_previous_next_number__cfg_range3,,,,PreviousAndNext,Sequence,Horizontal,3,medium,tens_transition,840-849,,,,,,,,,,,3,,1,29800,fast,0,,2026-04-28T12:59:28.490Z,2026-04-28T12:59:58.297Z,5,1,test_definition,False,5,5,840,,,,"[839, 841]","[839, 841]",,,,,,"{""maxNumberRange"": 3, ""numQuestions"": 3, ""requiredCorrectAnswersMinimumPercent"": 75}"
stu_1777023761468_62,test_1777023978840_kask7x7,find_previous_next_number,1,0,sequential_thinking,1.0,previous_next_number,find_previous_next_number__2digits__normal_range,find previous next number | PreviousAndNext | Sequence | normal_range | 2 digits,find_previous_next_number__cfg_range3,,,,PreviousAndNext,Sequence,Horizontal,2,easy,normal_range,10-19,,,,,,,,,,,3,,1,17810,fast,0,,2026-04-28T13:00:31.017Z,2026-04-28T13:00:52.010Z,5,1,test_definition,False,10,7,17,,,,"[16, 18]","[16, 18]",,,,,,"{""maxNumberRange"": 3, ""numQuestions"": 3, ""requiredCorrectAnswersMinimumPercent"": 75}"
stu_1777023761468_62,test_1777023978840_kask7x7,find_previous_next_number,1,1,sequential_thinking,1.0,previous_next_number,find_previous_next_number__2digits__normal_range,find previous next number | PreviousAndNext | Sequence | normal_range | 2 digits,find_previous_next_number__cfg_range3,,,,PreviousAndNext,Sequence,Horizontal,2,easy,normal_range,30-39,,,,,,,,,,,3,,1,14790,fast,0,,2026-04-28T13:00:31.017Z,2026-04-28T13:00:52.010Z,5,1,test_definition,False,10,7,35,,,,"[34, 36]","[34, 36]",,,,,,"{""maxNumberRange"": 3, ""numQuestions"": 3, ""requiredCorrectAnswersMinimumPercent"": 75}"
stu_1777023761468_62,test_1777023978840_kask7x7,find_previous_next_number,1,2,sequential_thinking,1.0,previous_next_number,find_previous_next_number__2digits__normal_range,find previous next number | PreviousAndNext | Sequence | normal_range | 2 digits,find_previous_next_number__cfg_range3,,,,PreviousAndNext,Sequence,Horizontal,2,easy,normal_range,90-99,,,,,,,,,,,3,,1,20988,fast,0,,2026-04-28T13:00:31.017Z,2026-04-28T13:00:52.010Z,5,1,test_definition,False,10,7,94,,,,"[93, 95]","[93, 95]",,,,,,"{""maxNumberRange"": 3, ""numQuestions"": 3, ""requiredCorrectAnswersMinimumPercent"": 75}"
stu_1777023761468_62,test_1777023978840_kask7x7,identify_place_value,0,0,number_sense,1.0,place_value_identification,identify_place_value__2digits__all_digits_distinct,identify place value | PlaceValue | PlaceValue | 2 digits,identify_place_value__cfg_range2,,,,PlaceValue,PlaceValue,Visual,2,easy,,,,,,,,all_digits_distinct,,,,,2,,1,13848,fast,0,,2026-04-28T12:50:10.788Z,2026-04-28T12:50:16.669Z,1,1,test_definition,False,42,11,,,,,"{""pos_0"": 1, ""pos_1"": 4}","{""pos_0"": 1, ""pos_1"": 4}",,,,,14,"{""maxNumberRange"": 2, ""numQuestions"": 4, ""requiredCorrectAnswersMinimumPercent"": 75}"
stu_1777023761468_62,test_1777023978840_kask7x7,identify_place_value,0,1,number_sense,1.0,place_value_identification,identify_place_value__2digits__all_digits_distinct,identify place value | PlaceValue | PlaceValue | 2 digits,identify_place_value__cfg_range2,,,,PlaceValue,PlaceValue,Visual,2,easy,,,,,,,,all_digits_distinct,,,,,2,,1,8408,fast,0,,2026-04-28T12:50:10.788Z,2026-04-28T12:50:16.669Z,1,1,test_definition,False,42,11,,,,,"{""pos_0"": 2, ""pos_1"": 7}","{""pos_0"": 2, ""pos_1"": 7}",,,,,27,"{""maxNumberRange"": 2, ""numQuestions"": 4, ""requiredCorrectAnswersMinimumPercent"": 75}"
stu_1777023761468_62,test_1777023978840_kask7x7,identify_place_value,0,2,number_sense,1.0,place_value_identification,identify_place_value__2digits__all_digits_distinct,identify place value | PlaceValue | PlaceValue | 2 digits,identify_place_value__cfg_range2,,,,PlaceValue,PlaceValue,Visual,2,easy,,,,,,,,all_digits_distinct,,,,,2,,1,8708,fast,0,,2026-04-28T12:50:10.788Z,2026-04-28T12:50:16.669Z,1,1,test_definition,False,42,11,,,,,"{""pos_0"": 1, ""pos_1"": 5}","{""pos_0"": 1, ""pos_1"": 5}",,,,,15,"{""maxNumberRange"": 2, ""numQuestions"": 4, ""requiredCorrectAnswersMinimumPercent"": 75}"
stu_1777023761468_62,test_1777023978840_kask7x7,identify_place_value,0,3,number_sense,1.0,place_value_identification,identify_place_value__2digits__all_digits_distinct,identify place value | PlaceValue | PlaceValue | 2 digits,identify_place_value__cfg_range2,,,,PlaceValue,PlaceValue,Visual,2,easy,,,,,,,,all_digits_distinct,,,,,2,,1,5874,fast,0,,2026-04-28T12:50:10.788Z,2026-04-28T12:50:16.669Z,1,1,test_definition,False,42,11,,,,,"{""pos_0"": 1, ""pos_1"": 2}","{""pos_0"": 1, ""pos_1"": 2}",,,,,12,"{""maxNumberRange"": 2, ""numQuestions"": 4, ""requiredCorrectAnswersMinimumPercent"": 75}"
stu_1777023761468_62,test_1777023978840_kask7x7,order_numbers,0,0,sequential_thinking,1.0,number_ordering,order_numbers__asc__seq7__2digits,order numbers | Ordering_asc | Ordering | asc | 2 digits | sequence 7,order_numbers__cfg_range2__maxseq7,,,,Ordering_asc,Ordering,Visual,2,easy,,,7.0,,asc,,,,,,,,2,,1,80539,fast,0,,2026-04-28T12:47:37.038Z,2026-04-28T12:49:39.698Z,0,1,test_definition,True,4,4,,,,,,,,"[41, 92, 86, 51, 58, 52, 57]",,,,"{""maxNumberRange"": 2, ""maxNumbersInSequence"": 7, ""numQuestions"": 3, ""requiredCorrectAnswersMinimumPercent"": 75}"
stu_1777023761468_62,test_1777023978840_kask7x7,order_numbers,0,1,sequential_thinking,1.0,number_ordering,order_numbers__asc__seq5__2digits,order numbers | Ordering_asc | Ordering | asc | 2 digits | sequence 5,order_numbers__cfg_range2__maxseq7,,,,Ordering_asc,Ordering,Visual,2,easy,,,5.0,,asc,,,,,,,,2,,1,36263,fast,0,,2026-04-28T12:47:37.038Z,2026-04-28T12:49:39.698Z,0,1,test_definition,False,5,4,,,,,,,,"[59, 44, 33, 13, 62]",,,,"{""maxNumberRange"": 2, ""maxNumbersInSequence"": 7, ""numQuestions"": 3, ""requiredCorrectAnswersMinimumPercent"": 75}"
stu_1777023761468_62,test_1777023978840_kask7x7,order_numbers,0,2,sequential_thinking,1.0,number_ordering,order_numbers__asc__seq2__2digits,order numbers | Ordering_asc | Ordering | asc | 2 digits | sequence 2,order_numbers__cfg_range2__maxseq7,,,,Ordering_asc,Ordering,Visual,2,easy,,,2.0,,asc,,,,,,,,2,,1,5842,fast,0,,2026-04-28T12:47:37.038Z,2026-04-28T12:49:39.698Z,0,1,test_definition,True,2,2,,,,,,,,"[99, 33]",,,,"{""maxNumberRange"": 2, ""maxNumbersInSequence"": 7, ""numQuestions"": 3, ""requiredCorrectAnswersMinimumPercent"": 75}"
stu_1777023761468_62,test_1777023978840_kask7x7,vertical_operations,0,0,arithmetic_fluency,1.0,vertical_operation_fluency,vertical_operations__SubtractionWithBorrow__4digits,vertical operations | SubtractionWithBorrow | Subtraction | VerticalOperation | 4 digits,vertical_operations__cfg_range4__ops_Addition-Subtraction__carryTrue__borrowTrue__mulstepFalse__divstepFalse,Subtraction,,,SubtractionWithBorrow,VerticalOperation,Vertical,4,hard,,,,,,,,,,,,,4,,0,153030,fast,0,ComputationError,2026-04-28T12:51:48.703Z,2026-04-28T12:56:09.742Z,3,1,test_definition,False,7,5,5954 Subtraction 5356,,618,598,,,,,,,,"{""allowBorrow"": true, ""allowCarry"": true, ""allowMultiStepDiv"": false, ""allowMultiStepMul"": false, ""maxNumberRange"": 4, ""numOperations"": 2, ""operationsAllowed"": [""Addition"", ""Subtraction""], ""requiredCorrectAnswersMinimumPercent"": 75}"
stu_1777023761468_62,test_1777023978840_kask7x7,vertical_operations,0,1,arithmetic_fluency,1.0,vertical_operation_fluency,vertical_operations__SubtractionWithBorrow__4digits,vertical operations | SubtractionWithBorrow | Subtraction | VerticalOperation | 4 digits,vertical_operations__cfg_range4__ops_Addition-Subtraction__carryTrue__borrowTrue__mulstepFalse__divstepFalse,Subtraction,,,SubtractionWithBorrow,VerticalOperation,Vertical,4,hard,,,,,,,,,,,,,4,,0,108009,fast,0,ComputationError,2026-04-28T12:51:48.703Z,2026-04-28T12:56:09.742Z,3,1,test_definition,False,7,5,8573 Subtraction 285,,0398,8288,,,,,,,,"{""allowBorrow"": true, ""allowCarry"": true, ""allowMultiStepDiv"": false, ""allowMultiStepMul"": false, ""maxNumberRange"": 4, ""numOperations"": 2, ""operationsAllowed"": [""Addition"", ""Subtraction""], ""requiredCorrectAnswersMinimumPercent"": 75}"
stu_1777023761468_62,test_1777023978840_kask7x7,vertical_operations,1,0,arithmetic_fluency,1.0,vertical_operation_fluency,vertical_operations__SubtractionWithBorrow__3digits,vertical operations | SubtractionWithBorrow | Subtraction | VerticalOperation | 3 digits,vertical_operations__cfg_range4__ops_Addition-Subtraction__carryTrue__borrowTrue__mulstepFalse__divstepFalse,Subtraction,,,SubtractionWithBorrow,VerticalOperation,Vertical,3,medium,,,,,,,,,,,,,4,,1,45731,fast,0,,2026-04-28T12:56:09.746Z,2026-04-28T12:57:22.588Z,3,1,test_definition,False,6,4,980 Subtraction 24,,956,956,,,,,,,,"{""allowBorrow"": true, ""allowCarry"": true, ""allowMultiStepDiv"": false, ""allowMultiStepMul"": false, ""maxNumberRange"": 4, ""numOperations"": 2, ""operationsAllowed"": [""Addition"", ""Subtraction""], ""requiredCorrectAnswersMinimumPercent"": 75}"
stu_1777023761468_62,test_1777023978840_kask7x7,vertical_operations,1,1,arithmetic_fluency,1.0,vertical_operation_fluency,vertical_operations__SubtractionWithBorrow__3digits,vertical operations | SubtractionWithBorrow | Subtraction | VerticalOperation | 3 digits,vertical_operations__cfg_range4__ops_Addition-Subtraction__carryTrue__borrowTrue__mulstepFalse__divstepFalse,Subtraction,,,SubtractionWithBorrow,VerticalOperation,Vertical,3,medium,,,,,,,,,,,,,4,,0,27111,fast,0,ComputationError,2026-04-28T12:56:09.746Z,2026-04-28T12:57:22.588Z,3,1,test_definition,False,6,4,724 Subtraction 230,,484,494,,,,,,,,"{""allowBorrow"": true, ""allowCarry"": true, ""allowMultiStepDiv"": false, ""allowMultiStepMul"": false, ""maxNumberRange"": 4, ""numOperations"": 2, ""operationsAllowed"": [""Addition"", ""Subtraction""], ""requiredCorrectAnswersMinimumPercent"": 75}"
stu_1777023761468_62,test_1777023978840_kask7x7,vertical_operations,2,0,arithmetic_fluency,1.0,vertical_operation_fluency,vertical_operations__SubtractionWithBorrow__2digits,vertical operations | SubtractionWithBorrow | Subtraction | VerticalOperation | 2 digits,vertical_operations__cfg_range4__ops_Addition-Subtraction__carryTrue__borrowTrue__mulstepFalse__divstepFalse,Subtraction,,,SubtractionWithBorrow,VerticalOperation,Vertical,2,easy,,,,,,,,,,,,,4,,1,36114,fast,0,,2026-04-28T12:57:22.593Z,2026-04-28T12:58:28.850Z,3,1,test_definition,True,1,1,37 Subtraction 28,,9,9,,,,,,,,"{""allowBorrow"": true, ""allowCarry"": true, ""allowMultiStepDiv"": false, ""allowMultiStepMul"": false, ""maxNumberRange"": 4, ""numOperations"": 2, ""operationsAllowed"": [""Addition"", ""Subtraction""], ""requiredCorrectAnswersMinimumPercent"": 75}"
stu_1777023761468_62,test_1777023978840_kask7x7,vertical_operations,2,1,arithmetic_fluency,1.0,vertical_operation_fluency,vertical_operations__AdditionWithCarry__3digits,vertical operations | AdditionWithCarry | Addition | VerticalOperation | 3 digits,vertical_operations__cfg_range4__ops_Addition-Subtraction__carryTrue__borrowTrue__mulstepFalse__divstepFalse,Addition,,,AdditionWithCarry,VerticalOperation,Vertical,3,medium,,,,,,,,,,,,,4,,1,30143,fast,0,,2026-04-28T12:57:22.593Z,2026-04-28T12:58:28.850Z,3,1,test_definition,False,5,5,77 Addition 81,,158,158,,,,,,,,"{""allowBorrow"": true, ""allowCarry"": true, ""allowMultiStepDiv"": false, ""allowMultiStepMul"": false, ""maxNumberRange"": 4, ""numOperations"": 2, ""operationsAllowed"": [""Addition"", ""Subtraction""], ""requiredCorrectAnswersMinimumPercent"": 75}"
stu_1777023761689_8905,test_1777023978840_kask7x7,choose_answer,0,0,arithmetic_fluency,0.6,operation_identification_from_context,choose_answer__Subtraction-Multiplication__MultiStepProblem__3digits__3options,choose answer | MultiStepProblem | Subtraction-Multiplication | MultiStepProblem | 3 digits,choose_answer__cfg_range3__ops_Addition-Subtraction-Multiplication-Division__options3,Subtraction-Multiplication,Subtraction-Multiplication,Addition,MultiStepProblem,MultiStepProblem,Horizontal,3,medium,,,,,,,,,3.0,,,,3,,0,5229,fast,0,MisidentifiedOperation,2026-04-24T10:49:23.232Z,2026-04-24T10:51:36.184Z,2,1,test_definition,False,11,8,إذا كنت قد وفرت 300 درهمًا، واشتريت 2 أحذية ب 80 درهمًا لكل منهما. كم تبقى معك من المال؟,160 + 80,,,,,"[{""correct"": false, ""text"": ""160 + 80""}, {""correct"": false, ""text"": ""300 - 80""}, {""correct"": true, ""text"": ""300 - (2 × 80)""}]",,,,,"{""maxNumberRange"": 3, ""numOptions"": 3, ""numQuestions"": 5, ""operationsAllowed"": [""Addition"", ""Subtraction"", ""Multiplication"", ""Division""], ""requiredCorrectAnswersMinimumPercent"": 75}"
stu_1777023761689_8905,test_1777023978840_kask7x7,choose_answer,0,0,number_sense,0.2,operation_identification_from_context,choose_answer__Subtraction-Multiplication__MultiStepProblem__3digits__3options,choose answer | MultiStepProblem | Subtraction-Multiplication | MultiStepProblem | 3 digits,choose_answer__cfg_range3__ops_Addition-Subtraction-Multiplication-Division__options3,Subtraction-Multiplication,Subtraction-Multiplication,Addition,MultiStepProblem,MultiStepProblem,Horizontal,3,medium,,,,,,,,,3.0,,,,3,,0,5229,fast,0,MisidentifiedOperation,2026-04-24T10:49:23.232Z,2026-04-24T10:51:36.184Z,2,1,test_definition,False,11,8,إذا كنت قد وفرت 300 درهمًا، واشتريت 2 أحذية ب 80 درهمًا لكل منهما. كم تبقى معك من المال؟,160 + 80,,,,,"[{""correct"": false, ""text"": ""160 + 80""}, {""correct"": false, ""text"": ""300 - 80""}, {""correct"": true, ""text"": ""300 - (2 × 80)""}]",,,,,"{""maxNumberRange"": 3, ""numOptions"": 3, ""numQuestions"": 5, ""operationsAllowed"": [""Addition"", ""Subtraction"", ""Multiplication"", ""Division""], ""requiredCorrectAnswersMinimumPercent"": 75}"
stu_1777023761689_8905,test_1777023978840_kask7x7,choose_answer,0,0,sequential_thinking,0.2,operation_identification_from_context,choose_answer__Subtraction-Multiplication__MultiStepProblem__3digits__3options,choose answer | MultiStepProblem | Subtraction-Multiplication | MultiStepProblem | 3 digits,choose_answer__cfg_range3__ops_Addition-Subtraction-Multiplication-Division__options3,Subtraction-Multiplication,Subtraction-Multiplication,Addition,MultiStepProblem,MultiStepProblem,Horizontal,3,medium,,,,,,,,,3.0,,,,3,,0,5229,fast,0,MisidentifiedOperation,2026-04-24T10:49:23.232Z,2026-04-24T10:51:36.184Z,2,1,test_definition,False,11,8,إذا كنت قد وفرت 300 درهمًا، واشتريت 2 أحذية ب 80 درهمًا لكل منهما. كم تبقى معك من المال؟,160 + 80,,,,,"[{""correct"": false, ""text"": ""160 + 80""}, {""correct"": false, ""text"": ""300 - 80""}, {""correct"": true, ""text"": ""300 - (2 × 80)""}]",,,,,"{""maxNumberRange"": 3, ""numOptions"": 3, ""numQuestions"": 5, ""operationsAllowed"": [""Addition"", ""Subtraction"", ""Multiplication"", ""Division""], ""requiredCorrectAnswersMinimumPercent"": 75}"
stu_1777023761689_8905,test_1777023978840_kask7x7,choose_answer,0,1,arithmetic_fluency,0.6,operation_identification_from_context,choose_answer__Subtraction-Multiplication__MultiStepProblem__3digits__3options,choose answer | MultiStepProblem | Subtraction-Multiplication | MultiStepProblem | 3 digits,choose_answer__cfg_range3__ops_Addition-Subtraction-Multiplication-Division__options3,Subtraction-Multiplication,Subtraction-Multiplication,Subtraction-Multiplication,MultiStepProblem,MultiStepProblem,Horizontal,3,medium,,,,,,,,,3.0,,,,3,,1,51793,slow,1,,2026-04-24T10:49:23.232Z,2026-04-24T10:51:36.184Z,2,1,test_definition,False,11,8,أحمد لديه 150 درهمًا. اشترى 3 كتب، كل كتاب يكلف 40 درهمًا. كم تبقى معه؟,150 - (3 × 40),,,,,"[{""correct"": false, ""text"": ""3 × 40""}, {""correct"": true, ""text"": ""150 - (3 × 40)""}, {""correct"": false, ""text"": ""150 - 40""}]",,,,,"{""maxNumberRange"": 3, ""numOptions"": 3, ""numQuestions"": 5, ""operationsAllowed"": [""Addition"", ""Subtraction"", ""Multiplication"", ""Division""], ""requiredCorrectAnswersMinimumPercent"": 75}"
stu_1777023761689_8905,test_1777023978840_kask7x7,choose_answer,0,1,number_sense,0.2,operation_identification_from_context,choose_answer__Subtraction-Multiplication__MultiStepProblem__3digits__3options,choose answer | MultiStepProblem | Subtraction-Multiplication | MultiStepProblem | 3 digits,choose_answer__cfg_range3__ops_Addition-Subtraction-Multiplication-Division__options3,Subtraction-Multiplication,Subtraction-Multiplication,Subtraction-Multiplication,MultiStepProblem,MultiStepProblem,Horizontal,3,medium,,,,,,,,,3.0,,,,3,,1,51793,slow,1,,2026-04-24T10:49:23.232Z,2026-04-24T10:51:36.184Z,2,1,test_definition,False,11,8,أحمد لديه 150 درهمًا. اشترى 3 كتب، كل كتاب يكلف 40 درهمًا. كم تبقى معه؟,150 - (3 × 40),,,,,"[{""correct"": false, ""text"": ""3 × 40""}, {""correct"": true, ""text"": ""150 - (3 × 40)""}, {""correct"": false, ""text"": ""150 - 40""}]",,,,,"{""maxNumberRange"": 3, ""numOptions"": 3, ""numQuestions"": 5, ""operationsAllowed"": [""Addition"", ""Subtraction"", ""Multiplication"", ""Division""], ""requiredCorrectAnswersMinimumPercent"": 75}"
stu_1777023761689_8905,test_1777023978840_kask7x7,choose_answer,0,1,sequential_thinking,0.2,operation_identification_from_context,choose_answer__Subtraction-Multiplication__MultiStepProblem__3digits__3options,choose answer | MultiStepProblem | Subtraction-Multiplication | MultiStepProblem | 3 digits,choose_answer__cfg_range3__ops_Addition-Subtraction-Multiplication-Division__options3,Subtraction-Multiplication,Subtraction-Multiplication,Subtraction-Multiplication,MultiStepProblem,MultiStepProblem,Horizontal,3,medium,,,,,,,,,3.0,,,,3,,1,51793,slow,1,,2026-04-24T10:49:23.232Z,2026-04-24T10:51:36.184Z,2,1,test_definition,False,11,8,أحمد لديه 150 درهمًا. اشترى 3 كتب، كل كتاب يكلف 40 درهمًا. كم تبقى معه؟,150 - (3 × 40),,,,,"[{""correct"": false, ""text"": ""3 × 40""}, {""correct"": true, ""text"": ""150 - (3 × 40)""}, {""correct"": false, ""text"": ""150 - 40""}]",,,,,"{""maxNumberRange"": 3, ""numOptions"": 3, ""numQuestions"": 5, ""operationsAllowed"": [""Addition"", ""Subtraction"", ""Multiplication"", ""Division""], ""requiredCorrectAnswersMinimumPercent"": 75}"
stu_1777023761689_8905,test_1777023978840_kask7x7,choose_answer,0,2,arithmetic_fluency,0.6,operation_identification_from_context,choose_answer__Subtraction__OneStepProblem__3digits__3options,choose answer | OneStepProblem | Subtraction | OneStepProblem | 3 digits,choose_answer__cfg_range3__ops_Addition-Subtraction-Multiplication-Division__options3,Subtraction,Subtraction,Subtraction,OneStepProblem,OneStepProblem,Horizontal,3,medium,,,,,,,,,3.0,,,,3,,1,21461,slow,1,,2026-04-24T10:49:23.232Z,2026-04-24T10:51:36.184Z,2,1,test_definition,True,4,4,إذا كان لديك 100 درهم وأعطيت صديقك 25 درهما، كم تبقى لديك؟,100 - 25,,,,,"[{""correct"": false, ""text"": ""75 + 25""}, {""correct"": false, ""text"": ""25 × 4""}, {""correct"": true, ""text"": ""100 - 25""}]",,,,,"{""maxNumberRange"": 3, ""numOptions"": 3, ""numQuestions"": 5, ""operationsAllowed"": [""Addition"", ""Subtraction"", ""Multiplication"", ""Division""], ""requiredCorrectAnswersMinimumPercent"": 75}"
stu_1777023761689_8905,test_1777023978840_kask7x7,choose_answer,0,2,number_sense,0.2,operation_identification_from_context,choose_answer__Subtraction__OneStepProblem__3digits__3options,choose answer | OneStepProblem | Subtraction | OneStepProblem | 3 digits,choose_answer__cfg_range3__ops_Addition-Subtraction-Multiplication-Division__options3,Subtraction,Subtraction,Subtraction,OneStepProblem,OneStepProblem,Horizontal,3,medium,,,,,,,,,3.0,,,,3,,1,21461,slow,1,,2026-04-24T10:49:23.232Z,2026-04-24T10:51:36.184Z,2,1,test_definition,True,4,4,إذا كان لديك 100 درهم وأعطيت صديقك 25 درهما، كم تبقى لديك؟,100 - 25,,,,,"[{""correct"": false, ""text"": ""75 + 25""}, {""correct"": false, ""text"": ""25 × 4""}, {""correct"": true, ""text"": ""100 - 25""}]",,,,,"{""maxNumberRange"": 3, ""numOptions"": 3, ""numQuestions"": 5, ""operationsAllowed"": [""Addition"", ""Subtraction"", ""Multiplication"", ""Division""], ""requiredCorrectAnswersMinimumPercent"": 75}"
stu_1777023761689_8905,test_1777023978840_kask7x7,choose_answer,0,2,sequential_thinking,0.2,operation_identification_from_context,choose_answer__Subtraction__OneStepProblem__3digits__3options,choose answer | OneStepProblem | Subtraction | OneStepProblem | 3 digits,choose_answer__cfg_range3__ops_Addition-Subtraction-Multiplication-Division__options3,Subtraction,Subtraction,Subtraction,OneStepProblem,OneStepProblem,Horizontal,3,medium,,,,,,,,,3.0,,,,3,,1,21461,slow,1,,2026-04-24T10:49:23.232Z,2026-04-24T10:51:36.184Z,2,1,test_definition,True,4,4,إذا كان لديك 100 درهم وأعطيت صديقك 25 درهما، كم تبقى لديك؟,100 - 25,,,,,"[{""correct"": false, ""text"": ""75 + 25""}, {""correct"": false, ""text"": ""25 × 4""}, {""correct"": true, ""text"": ""100 - 25""}]",,,,,"{""maxNumberRange"": 3, ""numOptions"": 3, ""numQuestions"": 5, ""operationsAllowed"": [""Addition"", ""Subtraction"", ""Multiplication"", ""Division""], ""requiredCorrectAnswersMinimumPercent"": 75}"
stu_1777023761689_8905,test_1777023978840_kask7x7,choose_answer,0,3,arithmetic_fluency,0.6,operation_identification_from_context,choose_answer__Multiplication__OneStepProblem__2digits__3options,choose answer | OneStepProblem | Multiplication | OneStepProblem | 2 digits,choose_answer__cfg_range3__ops_Addition-Subtraction-Multiplication-Division__options3,Multiplication,Multiplication,Subtraction,OneStepProblem,OneStepProblem,Horizontal,2,easy,,,,,,,,,3.0,,,,3,,0,14892,medium,0,MisidentifiedOperation,2026-04-24T10:49:23.232Z,2026-04-24T10:51:36.184Z,2,1,test_definition,False,36,12,أشترى أحمد 12 تذكرة سينما، سعر التذكرة الواحدة 50 درهما. كم دفع أحمد في المجمل؟,50 - 12,,,,,"[{""correct"": false, ""text"": ""50 - 12""}, {""correct"": true, ""text"": ""12 × 50""}, {""correct"": false, ""text"": ""600 ÷ 12""}]",,,,,"{""maxNumberRange"": 3, ""numOptions"": 3, ""numQuestions"": 5, ""operationsAllowed"": [""Addition"", ""Subtraction"", ""Multiplication"", ""Division""], ""requiredCorrectAnswersMinimumPercent"": 75}"
stu_1777023761689_8905,test_1777023978840_kask7x7,choose_answer,0,3,number_sense,0.2,operation_identification_from_context,choose_answer__Multiplication__OneStepProblem__2digits__3options,choose answer | OneStepProblem | Multiplication | OneStepProblem | 2 digits,choose_answer__cfg_range3__ops_Addition-Subtraction-Multiplication-Division__options3,Multiplication,Multiplication,Subtraction,OneStepProblem,OneStepProblem,Horizontal,2,easy,,,,,,,,,3.0,,,,3,,0,14892,medium,0,MisidentifiedOperation,2026-04-24T10:49:23.232Z,2026-04-24T10:51:36.184Z,2,1,test_definition,False,36,12,أشترى أحمد 12 تذكرة سينما، سعر التذكرة الواحدة 50 درهما. كم دفع أحمد في المجمل؟,50 - 12,,,,,"[{""correct"": false, ""text"": ""50 - 12""}, {""correct"": true, ""text"": ""12 × 50""}, {""correct"": false, ""text"": ""600 ÷ 12""}]",,,,,"{""maxNumberRange"": 3, ""numOptions"": 3, ""numQuestions"": 5, ""operationsAllowed"": [""Addition"", ""Subtraction"", ""Multiplication"", ""Division""], ""requiredCorrectAnswersMinimumPercent"": 75}"
stu_1777023761689_8905,test_1777023978840_kask7x7,choose_answer,0,3,sequential_thinking,0.2,operation_identification_from_context,choose_answer__Multiplication__OneStepProblem__2digits__3options,choose answer | OneStepProblem | Multiplication | OneStepProblem | 2 digits,choose_answer__cfg_range3__ops_Addition-Subtraction-Multiplication-Division__options3,Multiplication,Multiplication,Subtraction,OneStepProblem,OneStepProblem,Horizontal,2,easy,,,,,,,,,3.0,,,,3,,0,14892,medium,0,MisidentifiedOperation,2026-04-24T10:49:23.232Z,2026-04-24T10:51:36.184Z,2,1,test_definition,False,36,12,أشترى أحمد 12 تذكرة سينما، سعر التذكرة الواحدة 50 درهما. كم دفع أحمد في المجمل؟,50 - 12,,,,,"[{""correct"": false, ""text"": ""50 - 12""}, {""correct"": true, ""text"": ""12 × 50""}, {""correct"": false, ""text"": ""600 ÷ 12""}]",,,,,"{""maxNumberRange"": 3, ""numOptions"": 3, ""numQuestions"": 5, ""operationsAllowed"": [""Addition"", ""Subtraction"", ""Multiplication"", ""Division""], ""requiredCorrectAnswersMinimumPercent"": 75}"
stu_1777023761689_8905,test_1777023978840_kask7x7,choose_answer,0,4,arithmetic_fluency,0.6,operation_identification_from_context,choose_answer__Multiplication__OneStepProblem__2digits__3options,choose answer | OneStepProblem | Multiplication | OneStepProblem | 2 digits,choose_answer__cfg_range3__ops_Addition-Subtraction-Multiplication-Division__options3,Multiplication,Multiplication,Addition,OneStepProblem,OneStepProblem,Horizontal,2,easy,,,,,,,,,3.0,,,,3,,0,1268,fast,0,MisidentifiedOperation,2026-04-24T10:49:23.232Z,2026-04-24T10:51:36.184Z,2,1,test_definition,False,36,12,في مستودع هناك 15 صندوقًا، وكل صندوق يحتوي على 35 قطعة. كم عدد القطع في المستودع؟,15 + 35,,,,,"[{""correct"": false, ""text"": ""15 + 35""}, {""correct"": false, ""text"": ""525 ÷ 15""}, {""correct"": true, ""text"": ""15 × 35""}]",,,,,"{""maxNumberRange"": 3, ""numOptions"": 3, ""numQuestions"": 5, ""operationsAllowed"": [""Addition"", ""Subtraction"", ""Multiplication"", ""Division""], ""requiredCorrectAnswersMinimumPercent"": 75}"
stu_1777023761689_8905,test_1777023978840_kask7x7,choose_answer,0,4,number_sense,0.2,operation_identification_from_context,choose_answer__Multiplication__OneStepProblem__2digits__3options,choose answer | OneStepProblem | Multiplication | OneStepProblem | 2 digits,choose_answer__cfg_range3__ops_Addition-Subtraction-Multiplication-Division__options3,Multiplication,Multiplication,Addition,OneStepProblem,OneStepProblem,Horizontal,2,easy,,,,,,,,,3.0,,,,3,,0,1268,fast,0,MisidentifiedOperation,2026-04-24T10:49:23.232Z,2026-04-24T10:51:36.184Z,2,1,test_definition,False,36,12,في مستودع هناك 15 صندوقًا، وكل صندوق يحتوي على 35 قطعة. كم عدد القطع في المستودع؟,15 + 35,,,,,"[{""correct"": false, ""text"": ""15 + 35""}, {""correct"": false, ""text"": ""525 ÷ 15""}, {""correct"": true, ""text"": ""15 × 35""}]",,,,,"{""maxNumberRange"": 3, ""numOptions"": 3, ""numQuestions"": 5, ""operationsAllowed"": [""Addition"", ""Subtraction"", ""Multiplication"", ""Division""], ""requiredCorrectAnswersMinimumPercent"": 75}"
stu_1777023761689_8905,test_1777023978840_kask7x7,choose_answer,0,4,sequential_thinking,0.2,operation_identification_from_context,choose_answer__Multiplication__OneStepProblem__2digits__3options,choose answer | OneStepProblem | Multiplication | OneStepProblem | 2 digits,choose_answer__cfg_range3__ops_Addition-Subtraction-Multiplication-Division__options3,Multiplication,Multiplication,Addition,OneStepProblem,OneStepProblem,Horizontal,2,easy,,,,,,,,,3.0,,,,3,,0,1268,fast,0,MisidentifiedOperation,2026-04-24T10:49:23.232Z,2026-04-24T10:51:36.184Z,2,1,test_definition,False,36,12,في مستودع هناك 15 صندوقًا، وكل صندوق يحتوي على 35 قطعة. كم عدد القطع في المستودع؟,15 + 35,,,,,"[{""correct"": false, ""text"": ""15 + 35""}, {""correct"": false, ""text"": ""525 ÷ 15""}, {""correct"": true, ""text"": ""15 × 35""}]",,,,,"{""maxNumberRange"": 3, ""numOptions"": 3, ""numQuestions"": 5, ""operationsAllowed"": [""Addition"", ""Subtraction"", ""Multiplication"", ""Division""], ""requiredCorrectAnswersMinimumPercent"": 75}"
stu_1777023761689_8905,test_1777023978840_kask7x7,choose_answer,0,5,arithmetic_fluency,0.6,operation_identification_from_context,choose_answer__Multiplication__OneStepProblem__2digits__3options,choose answer | OneStepProblem | Multiplication | OneStepProblem | 2 digits,choose_answer__cfg_range3__ops_Addition-Subtraction-Multiplication-Division__options3,Multiplication,Multiplication,Addition,OneStepProblem,OneStepProblem,Horizontal,2,easy,,,,,,,,,3.0,,,,3,,0,1845,fast,0,MisidentifiedOperation,2026-04-24T10:49:23.232Z,2026-04-24T10:51:36.184Z,2,1,test_definition,False,36,12,في مستودع هناك 15 صندوقًا، وكل صندوق يحتوي على 35 قطعة. كم عدد القطع في المستودع؟,15 + 35,,,,,"[{""correct"": false, ""text"": ""15 + 35""}, {""correct"": false, ""text"": ""525 ÷ 15""}, {""correct"": true, ""text"": ""15 × 35""}]",,,,,"{""maxNumberRange"": 3, ""numOptions"": 3, ""numQuestions"": 5, ""operationsAllowed"": [""Addition"", ""Subtraction"", ""Multiplication"", ""Division""], ""requiredCorrectAnswersMinimumPercent"": 75}"
stu_1777023761689_8905,test_1777023978840_kask7x7,choose_answer,0,5,number_sense,0.2,operation_identification_from_context,choose_answer__Multiplication__OneStepProblem__2digits__3options,choose answer | OneStepProblem | Multiplication | OneStepProblem | 2 digits,choose_answer__cfg_range3__ops_Addition-Subtraction-Multiplication-Division__options3,Multiplication,Multiplication,Addition,OneStepProblem,OneStepProblem,Horizontal,2,easy,,,,,,,,,3.0,,,,3,,0,1845,fast,0,MisidentifiedOperation,2026-04-24T10:49:23.232Z,2026-04-24T10:51:36.184Z,2,1,test_definition,False,36,12,في مستودع هناك 15 صندوقًا، وكل صندوق يحتوي على 35 قطعة. كم عدد القطع في المستودع؟,15 + 35,,,,,"[{""correct"": false, ""text"": ""15 + 35""}, {""correct"": false, ""text"": ""525 ÷ 15""}, {""correct"": true, ""text"": ""15 × 35""}]",,,,,"{""maxNumberRange"": 3, ""numOptions"": 3, ""numQuestions"": 5, ""operationsAllowed"": [""Addition"", ""Subtraction"", ""Multiplication"", ""Division""], ""requiredCorrectAnswersMinimumPercent"": 75}"
stu_1777023761689_8905,test_1777023978840_kask7x7,choose_answer,0,5,sequential_thinking,0.2,operation_identification_from_context,choose_answer__Multiplication__OneStepProblem__2digits__3options,choose answer | OneStepProblem | Multiplication | OneStepProblem | 2 digits,choose_answer__cfg_range3__ops_Addition-Subtraction-Multiplication-Division__options3,Multiplication,Multiplication,Addition,OneStepProblem,OneStepProblem,Horizontal,2,easy,,,,,,,,,3.0,,,,3,,0,1845,fast,0,MisidentifiedOperation,2026-04-24T10:49:23.232Z,2026-04-24T10:51:36.184Z,2,1,test_definition,False,36,12,في مستودع هناك 15 صندوقًا، وكل صندوق يحتوي على 35 قطعة. كم عدد القطع في المستودع؟,15 + 35,,,,,"[{""correct"": false, ""text"": ""15 + 35""}, {""correct"": false, ""text"": ""525 ÷ 15""}, {""correct"": true, ""text"": ""15 × 35""}]",,,,,"{""maxNumberRange"": 3, ""numOptions"": 3, ""numQuestions"": 5, ""operationsAllowed"": [""Addition"", ""Subtraction"", ""Multiplication"", ""Division""], ""requiredCorrectAnswersMinimumPercent"": 75}"
stu_1777023761689_8905,test_1777023978840_kask7x7,choose_answer,0,6,arithmetic_fluency,0.6,operation_identification_from_context,choose_answer__Multiplication__OneStepProblem__2digits__3options,choose answer | OneStepProblem | Multiplication | OneStepProblem | 2 digits,choose_answer__cfg_range3__ops_Addition-Subtraction-Multiplication-Division__options3,Multiplication,Multiplication,Addition,OneStepProblem,OneStepProblem,Horizontal,2,easy,,,,,,,,,3.0,,,,3,,0,1131,fast,0,MisidentifiedOperation,2026-04-24T10:49:23.232Z,2026-04-24T10:51:36.184Z,2,1,test_definition,False,36,12,في مستودع هناك 15 صندوقًا، وكل صندوق يحتوي على 35 قطعة. كم عدد القطع في المستودع؟,15 + 35,,,,,"[{""correct"": false, ""text"": ""15 + 35""}, {""correct"": false, ""text"": ""525 ÷ 15""}, {""correct"": true, ""text"": ""15 × 35""}]",,,,,"{""maxNumberRange"": 3, ""numOptions"": 3, ""numQuestions"": 5, ""operationsAllowed"": [""Addition"", ""Subtraction"", ""Multiplication"", ""Division""], ""requiredCorrectAnswersMinimumPercent"": 75}"
stu_1777023761689_8905,test_1777023978840_kask7x7,choose_answer,0,6,number_sense,0.2,operation_identification_from_context,choose_answer__Multiplication__OneStepProblem__2digits__3options,choose answer | OneStepProblem | Multiplication | OneStepProblem | 2 digits,choose_answer__cfg_range3__ops_Addition-Subtraction-Multiplication-Division__options3,Multiplication,Multiplication,Addition,OneStepProblem,OneStepProblem,Horizontal,2,easy,,,,,,,,,3.0,,,,3,,0,1131,fast,0,MisidentifiedOperation,2026-04-24T10:49:23.232Z,2026-04-24T10:51:36.184Z,2,1,test_definition,False,36,12,في مستودع هناك 15 صندوقًا، وكل صندوق يحتوي على 35 قطعة. كم عدد القطع في المستودع؟,15 + 35,,,,,"[{""correct"": false, ""text"": ""15 + 35""}, {""correct"": false, ""text"": ""525 ÷ 15""}, {""correct"": true, ""text"": ""15 × 35""}]",,,,,"{""maxNumberRange"": 3, ""numOptions"": 3, ""numQuestions"": 5, ""operationsAllowed"": [""Addition"", ""Subtraction"", ""Multiplication"", ""Division""], ""requiredCorrectAnswersMinimumPercent"": 75}"
stu_1777023761689_8905,test_1777023978840_kask7x7,choose_answer,0,6,sequential_thinking,0.2,operation_identification_from_context,choose_answer__Multiplication__OneStepProblem__2digits__3options,choose answer | OneStepProblem | Multiplication | OneStepProblem | 2 digits,choose_answer__cfg_range3__ops_Addition-Subtraction-Multiplication-Division__options3,Multiplication,Multiplication,Addition,OneStepProblem,OneStepProblem,Horizontal,2,easy,,,,,,,,,3.0,,,,3,,0,1131,fast,0,MisidentifiedOperation,2026-04-24T10:49:23.232Z,2026-04-24T10:51:36.184Z,2,1,test_definition,False,36,12,في مستودع هناك 15 صندوقًا، وكل صندوق يحتوي على 35 قطعة. كم عدد القطع في المستودع؟,15 + 35,,,,,"[{""correct"": false, ""text"": ""15 + 35""}, {""correct"": false, ""text"": ""525 ÷ 15""}, {""correct"": true, ""text"": ""15 × 35""}]",,,,,"{""maxNumberRange"": 3, ""numOptions"": 3, ""numQuestions"": 5, ""operationsAllowed"": [""Addition"", ""Subtraction"", ""Multiplication"", ""Division""], ""requiredCorrectAnswersMinimumPercent"": 75}"
stu_1777023761689_8905,test_1777023978840_kask7x7,choose_answer,0,7,arithmetic_fluency,0.6,operation_identification_from_context,choose_answer__Multiplication__OneStepProblem__2digits__3options,choose answer | OneStepProblem | Multiplication | OneStepProblem | 2 digits,choose_answer__cfg_range3__ops_Addition-Subtraction-Multiplication-Division__options3,Multiplication,Multiplication,Multiplication,OneStepProblem,OneStepProblem,Horizontal,2,easy,,,,,,,,,3.0,,,,3,,1,8294,fast,0,,2026-04-24T10:49:23.232Z,2026-04-24T10:51:36.184Z,2,1,test_definition,False,36,12,في مستودع هناك 15 صندوقًا، وكل صندوق يحتوي على 35 قطعة. كم عدد القطع في المستودع؟,15 × 35,,,,,"[{""correct"": false, ""text"": ""15 + 35""}, {""correct"": false, ""text"": ""525 ÷ 15""}, {""correct"": true, ""text"": ""15 × 35""}]",,,,,"{""maxNumberRange"": 3, ""numOptions"": 3, ""numQuestions"": 5, ""operationsAllowed"": [""Addition"", ""Subtraction"", ""Multiplication"", ""Division""], ""requiredCorrectAnswersMinimumPercent"": 75}"
stu_1777023761689_8905,test_1777023978840_kask7x7,choose_answer,0,7,number_sense,0.2,operation_identification_from_context,choose_answer__Multiplication__OneStepProblem__2digits__3options,choose answer | OneStepProblem | Multiplication | OneStepProblem | 2 digits,choose_answer__cfg_range3__ops_Addition-Subtraction-Multiplication-Division__options3,Multiplication,Multiplication,Multiplication,OneStepProblem,OneStepProblem,Horizontal,2,easy,,,,,,,,,3.0,,,,3,,1,8294,fast,0,,2026-04-24T10:49:23.232Z,2026-04-24T10:51:36.184Z,2,1,test_definition,False,36,12,في مستودع هناك 15 صندوقًا، وكل صندوق يحتوي على 35 قطعة. كم عدد القطع في المستودع؟,15 × 35,,,,,"[{""correct"": false, ""text"": ""15 + 35""}, {""correct"": false, ""text"": ""525 ÷ 15""}, {""correct"": true, ""text"": ""15 × 35""}]",,,,,"{""maxNumberRange"": 3, ""numOptions"": 3, ""numQuestions"": 5, ""operationsAllowed"": [""Addition"", ""Subtraction"", ""Multiplication"", ""Division""], ""requiredCorrectAnswersMinimumPercent"": 75}"
stu_1777023761689_8905,test_1777023978840_kask7x7,choose_answer,0,7,sequential_thinking,0.2,operation_identification_from_context,choose_answer__Multiplication__OneStepProblem__2digits__3options,choose answer | OneStepProblem | Multiplication | OneStepProblem | 2 digits,choose_answer__cfg_range3__ops_Addition-Subtraction-Multiplication-Division__options3,Multiplication,Multiplication,Multiplication,OneStepProblem,OneStepProblem,Horizontal,2,easy,,,,,,,,,3.0,,,,3,,1,8294,fast,0,,2026-04-24T10:49:23.232Z,2026-04-24T10:51:36.184Z,2,1,test_definition,False,36,12,في مستودع هناك 15 صندوقًا، وكل صندوق يحتوي على 35 قطعة. كم عدد القطع في المستودع؟,15 × 35,,,,,"[{""correct"": false, ""text"": ""15 + 35""}, {""correct"": false, ""text"": ""525 ÷ 15""}, {""correct"": true, ""text"": ""15 × 35""}]",,,,,"{""maxNumberRange"": 3, ""numOptions"": 3, ""numQuestions"": 5, ""operationsAllowed"": [""Addition"", ""Subtraction"", ""Multiplication"", ""Division""], ""requiredCorrectAnswersMinimumPercent"": 75}"
stu_1777023761689_8905,test_1777023978840_kask7x7,choose_answer,0,8,arithmetic_fluency,0.6,operation_identification_from_context,choose_answer__Multiplication__OneStepProblem__2digits__3options,choose answer | OneStepProblem | Multiplication | OneStepProblem | 2 digits,choose_answer__cfg_range3__ops_Addition-Subtraction-Multiplication-Division__options3,Multiplication,Multiplication,Multiplication,OneStepProblem,OneStepProblem,Horizontal,2,easy,,,,,,,,,3.0,,,,3,,1,5504,fast,0,,2026-04-24T10:49:23.232Z,2026-04-24T10:51:36.184Z,2,1,test_definition,False,36,12,في مستودع هناك 15 صندوقًا، وكل صندوق يحتوي على 35 قطعة. كم عدد القطع في المستودع؟,15 × 35,,,,,"[{""correct"": false, ""text"": ""15 + 35""}, {""correct"": false, ""text"": ""525 ÷ 15""}, {""correct"": true, ""text"": ""15 × 35""}]",,,,,"{""maxNumberRange"": 3, ""numOptions"": 3, ""numQuestions"": 5, ""operationsAllowed"": [""Addition"", ""Subtraction"", ""Multiplication"", ""Division""], ""requiredCorrectAnswersMinimumPercent"": 75}"
stu_1777023761689_8905,test_1777023978840_kask7x7,choose_answer,0,8,number_sense,0.2,operation_identification_from_context,choose_answer__Multiplication__OneStepProblem__2digits__3options,choose answer | OneStepProblem | Multiplication | OneStepProblem | 2 digits,choose_answer__cfg_range3__ops_Addition-Subtraction-Multiplication-Division__options3,Multiplication,Multiplication,Multiplication,OneStepProblem,OneStepProblem,Horizontal,2,easy,,,,,,,,,3.0,,,,3,,1,5504,fast,0,,2026-04-24T10:49:23.232Z,2026-04-24T10:51:36.184Z,2,1,test_definition,False,36,12,في مستودع هناك 15 صندوقًا، وكل صندوق يحتوي على 35 قطعة. كم عدد القطع في المستودع؟,15 × 35,,,,,"[{""correct"": false, ""text"": ""15 + 35""}, {""correct"": false, ""text"": ""525 ÷ 15""}, {""correct"": true, ""text"": ""15 × 35""}]",,,,,"{""maxNumberRange"": 3, ""numOptions"": 3, ""numQuestions"": 5, ""operationsAllowed"": [""Addition"", ""Subtraction"", ""Multiplication"", ""Division""], ""requiredCorrectAnswersMinimumPercent"": 75}"
stu_1777023761689_8905,test_1777023978840_kask7x7,choose_answer,0,8,sequential_thinking,0.2,operation_identification_from_context,choose_answer__Multiplication__OneStepProblem__2digits__3options,choose answer | OneStepProblem | Multiplication | OneStepProblem | 2 digits,choose_answer__cfg_range3__ops_Addition-Subtraction-Multiplication-Division__options3,Multiplication,Multiplication,Multiplication,OneStepProblem,OneStepProblem,Horizontal,2,easy,,,,,,,,,3.0,,,,3,,1,5504,fast,0,,2026-04-24T10:49:23.232Z,2026-04-24T10:51:36.184Z,2,1,test_definition,False,36,12,في مستودع هناك 15 صندوقًا، وكل صندوق يحتوي على 35 قطعة. كم عدد القطع في المستودع؟,15 × 35,,,,,"[{""correct"": false, ""text"": ""15 + 35""}, {""correct"": false, ""text"": ""525 ÷ 15""}, {""correct"": true, ""text"": ""15 × 35""}]",,,,,"{""maxNumberRange"": 3, ""numOptions"": 3, ""numQuestions"": 5, ""operationsAllowed"": [""Addition"", ""Subtraction"", ""Multiplication"", ""Division""], ""requiredCorrectAnswersMinimumPercent"": 75}"
stu_1777023761689_8905,test_1777023978840_kask7x7,choose_answer,0,9,arithmetic_fluency,0.6,operation_identification_from_context,choose_answer__Multiplication__OneStepProblem__2digits__3options,choose answer | OneStepProblem | Multiplication | OneStepProblem | 2 digits,choose_answer__cfg_range3__ops_Addition-Subtraction-Multiplication-Division__options3,Multiplication,Multiplication,Multiplication,OneStepProblem,OneStepProblem,Horizontal,2,easy,,,,,,,,,3.0,,,,3,,1,5935,fast,0,,2026-04-24T10:49:23.232Z,2026-04-24T10:51:36.184Z,2,1,test_definition,False,36,12,في مستودع هناك 15 صندوقًا، وكل صندوق يحتوي على 35 قطعة. كم عدد القطع في المستودع؟,15 × 35,,,,,"[{""correct"": false, ""text"": ""15 + 35""}, {""correct"": false, ""text"": ""525 ÷ 15""}, {""correct"": true, ""text"": ""15 × 35""}]",,,,,"{""maxNumberRange"": 3, ""numOptions"": 3, ""numQuestions"": 5, ""operationsAllowed"": [""Addition"", ""Subtraction"", ""Multiplication"", ""Division""], ""requiredCorrectAnswersMinimumPercent"": 75}"
stu_1777023761689_8905,test_1777023978840_kask7x7,choose_answer,0,9,number_sense,0.2,operation_identification_from_context,choose_answer__Multiplication__OneStepProblem__2digits__3options,choose answer | OneStepProblem | Multiplication | OneStepProblem | 2 digits,choose_answer__cfg_range3__ops_Addition-Subtraction-Multiplication-Division__options3,Multiplication,Multiplication,Multiplication,OneStepProblem,OneStepProblem,Horizontal,2,easy,,,,,,,,,3.0,,,,3,,1,5935,fast,0,,2026-04-24T10:49:23.232Z,2026-04-24T10:51:36.184Z,2,1,test_definition,False,36,12,في مستودع هناك 15 صندوقًا، وكل صندوق يحتوي على 35 قطعة. كم عدد القطع في المستودع؟,15 × 35,,,,,"[{""correct"": false, ""text"": ""15 + 35""}, {""correct"": false, ""text"": ""525 ÷ 15""}, {""correct"": true, ""text"": ""15 × 35""}]",,,,,"{""maxNumberRange"": 3, ""numOptions"": 3, ""numQuestions"": 5, ""operationsAllowed"": [""Addition"", ""Subtraction"", ""Multiplication"", ""Division""], ""requiredCorrectAnswersMinimumPercent"": 75}"
stu_1777023761689_8905,test_1777023978840_kask7x7,choose_answer,0,9,sequential_thinking,0.2,operation_identification_from_context,choose_answer__Multiplication__OneStepProblem__2digits__3options,choose answer | OneStepProblem | Multiplication | OneStepProblem | 2 digits,choose_answer__cfg_range3__ops_Addition-Subtraction-Multiplication-Division__options3,Multiplication,Multiplication,Multiplication,OneStepProblem,OneStepProblem,Horizontal,2,easy,,,,,,,,,3.0,,,,3,,1,5935,fast,0,,2026-04-24T10:49:23.232Z,2026-04-24T10:51:36.184Z,2,1,test_definition,False,36,12,في مستودع هناك 15 صندوقًا، وكل صندوق يحتوي على 35 قطعة. كم عدد القطع في المستودع؟,15 × 35,,,,,"[{""correct"": false, ""text"": ""15 + 35""}, {""correct"": false, ""text"": ""525 ÷ 15""}, {""correct"": true, ""text"": ""15 × 35""}]",,,,,"{""maxNumberRange"": 3, ""numOptions"": 3, ""numQuestions"": 5, ""operationsAllowed"": [""Addition"", ""Subtraction"", ""Multiplication"", ""Division""], ""requiredCorrectAnswersMinimumPercent"": 75}"
stu_1777023761689_8905,test_1777023978840_kask7x7,choose_answer,0,10,arithmetic_fluency,0.6,operation_identification_from_context,choose_answer__Multiplication__OneStepProblem__2digits__3options,choose answer | OneStepProblem | Multiplication | OneStepProblem | 2 digits,choose_answer__cfg_range3__ops_Addition-Subtraction-Multiplication-Division__options3,Multiplication,Multiplication,Multiplication,OneStepProblem,OneStepProblem,Horizontal,2,easy,,,,,,,,,3.0,,,,3,,1,1134,fast,0,,2026-04-24T10:49:23.232Z,2026-04-24T10:51:36.184Z,2,1,test_definition,False,36,12,في مستودع هناك 15 صندوقًا، وكل صندوق يحتوي على 35 قطعة. كم عدد القطع في المستودع؟,15 × 35,,,,,"[{""correct"": false, ""text"": ""15 + 35""}, {""correct"": false, ""text"": ""525 ÷ 15""}, {""correct"": true, ""text"": ""15 × 35""}]",,,,,"{""maxNumberRange"": 3, ""numOptions"": 3, ""numQuestions"": 5, ""operationsAllowed"": [""Addition"", ""Subtraction"", ""Multiplication"", ""Division""], ""requiredCorrectAnswersMinimumPercent"": 75}"
stu_1777023761689_8905,test_1777023978840_kask7x7,choose_answer,0,10,number_sense,0.2,operation_identification_from_context,choose_answer__Multiplication__OneStepProblem__2digits__3options,choose answer | OneStepProblem | Multiplication | OneStepProblem | 2 digits,choose_answer__cfg_range3__ops_Addition-Subtraction-Multiplication-Division__options3,Multiplication,Multiplication,Multiplication,OneStepProblem,OneStepProblem,Horizontal,2,easy,,,,,,,,,3.0,,,,3,,1,1134,fast,0,,2026-04-24T10:49:23.232Z,2026-04-24T10:51:36.184Z,2,1,test_definition,False,36,12,في مستودع هناك 15 صندوقًا، وكل صندوق يحتوي على 35 قطعة. كم عدد القطع في المستودع؟,15 × 35,,,,,"[{""correct"": false, ""text"": ""15 + 35""}, {""correct"": false, ""text"": ""525 ÷ 15""}, {""correct"": true, ""text"": ""15 × 35""}]",,,,,"{""maxNumberRange"": 3, ""numOptions"": 3, ""numQuestions"": 5, ""operationsAllowed"": [""Addition"", ""Subtraction"", ""Multiplication"", ""Division""], ""requiredCorrectAnswersMinimumPercent"": 75}"
stu_1777023761689_8905,test_1777023978840_kask7x7,choose_answer,0,10,sequential_thinking,0.2,operation_identification_from_context,choose_answer__Multiplication__OneStepProblem__2digits__3options,choose answer | OneStepProblem | Multiplication | OneStepProblem | 2 digits,choose_answer__cfg_range3__ops_Addition-Subtraction-Multiplication-Division__options3,Multiplication,Multiplication,Multiplication,OneStepProblem,OneStepProblem,Horizontal,2,easy,,,,,,,,,3.0,,,,3,,1,1134,fast,0,,2026-04-24T10:49:23.232Z,2026-04-24T10:51:36.184Z,2,1,test_definition,False,36,12,في مستودع هناك 15 صندوقًا، وكل صندوق يحتوي على 35 قطعة. كم عدد القطع في المستودع؟,15 × 35,,,,,"[{""correct"": false, ""text"": ""15 + 35""}, {""correct"": false, ""text"": ""525 ÷ 15""}, {""correct"": true, ""text"": ""15 × 35""}]",,,,,"{""maxNumberRange"": 3, ""numOptions"": 3, ""numQuestions"": 5, ""operationsAllowed"": [""Addition"", ""Subtraction"", ""Multiplication"", ""Division""], ""requiredCorrectAnswersMinimumPercent"": 75}"
stu_1777023761689_8905,test_1777023978840_kask7x7,choose_answer,0,11,arithmetic_fluency,0.6,operation_identification_from_context,choose_answer__Multiplication__OneStepProblem__2digits__3options,choose answer | OneStepProblem | Multiplication | OneStepProblem | 2 digits,choose_answer__cfg_range3__ops_Addition-Subtraction-Multiplication-Division__options3,Multiplication,Multiplication,Division,OneStepProblem,OneStepProblem,Horizontal,2,easy,,,,,,,,,3.0,,,,3,,0,1095,fast,0,MisidentifiedOperation,2026-04-24T10:49:23.232Z,2026-04-24T10:51:36.184Z,2,1,test_definition,False,36,12,في مستودع هناك 15 صندوقًا، وكل صندوق يحتوي على 35 قطعة. كم عدد القطع في المستودع؟,525 ÷ 15,,,,,"[{""correct"": false, ""text"": ""15 + 35""}, {""correct"": false, ""text"": ""525 ÷ 15""}, {""correct"": true, ""text"": ""15 × 35""}]",,,,,"{""maxNumberRange"": 3, ""numOptions"": 3, ""numQuestions"": 5, ""operationsAllowed"": [""Addition"", ""Subtraction"", ""Multiplication"", ""Division""], ""requiredCorrectAnswersMinimumPercent"": 75}"
stu_1777023761689_8905,test_1777023978840_kask7x7,choose_answer,0,11,number_sense,0.2,operation_identification_from_context,choose_answer__Multiplication__OneStepProblem__2digits__3options,choose answer | OneStepProblem | Multiplication | OneStepProblem | 2 digits,choose_answer__cfg_range3__ops_Addition-Subtraction-Multiplication-Division__options3,Multiplication,Multiplication,Division,OneStepProblem,OneStepProblem,Horizontal,2,easy,,,,,,,,,3.0,,,,3,,0,1095,fast,0,MisidentifiedOperation,2026-04-24T10:49:23.232Z,2026-04-24T10:51:36.184Z,2,1,test_definition,False,36,12,في مستودع هناك 15 صندوقًا، وكل صندوق يحتوي على 35 قطعة. كم عدد القطع في المستودع؟,525 ÷ 15,,,,,"[{""correct"": false, ""text"": ""15 + 35""}, {""correct"": false, ""text"": ""525 ÷ 15""}, {""correct"": true, ""text"": ""15 × 35""}]",,,,,"{""maxNumberRange"": 3, ""numOptions"": 3, ""numQuestions"": 5, ""operationsAllowed"": [""Addition"", ""Subtraction"", ""Multiplication"", ""Division""], ""requiredCorrectAnswersMinimumPercent"": 75}"
stu_1777023761689_8905,test_1777023978840_kask7x7,choose_answer,0,11,sequential_thinking,0.2,operation_identification_from_context,choose_answer__Multiplication__OneStepProblem__2digits__3options,choose answer | OneStepProblem | Multiplication | OneStepProblem | 2 digits,choose_answer__cfg_range3__ops_Addition-Subtraction-Multiplication-Division__options3,Multiplication,Multiplication,Division,OneStepProblem,OneStepProblem,Horizontal,2,easy,,,,,,,,,3.0,,,,3,,0,1095,fast,0,MisidentifiedOperation,2026-04-24T10:49:23.232Z,2026-04-24T10:51:36.184Z,2,1,test_definition,False,36,12,في مستودع هناك 15 صندوقًا، وكل صندوق يحتوي على 35 قطعة. كم عدد القطع في المستودع؟,525 ÷ 15,,,,,"[{""correct"": false, ""text"": ""15 + 35""}, {""correct"": false, ""text"": ""525 ÷ 15""}, {""correct"": true, ""text"": ""15 × 35""}]",,,,,"{""maxNumberRange"": 3, ""numOptions"": 3, ""numQuestions"": 5, ""operationsAllowed"": [""Addition"", ""Subtraction"", ""Multiplication"", ""Division""], ""requiredCorrectAnswersMinimumPercent"": 75}"
stu_1777023761689_8905,test_1777023978840_kask7x7,choose_answer,0,12,arithmetic_fluency,0.6,operation_identification_from_context,choose_answer__Multiplication__OneStepProblem__2digits__3options,choose answer | OneStepProblem | Multiplication | OneStepProblem | 2 digits,choose_answer__cfg_range3__ops_Addition-Subtraction-Multiplication-Division__options3,Multiplication,Multiplication,Division,OneStepProblem,OneStepProblem,Horizontal,2,easy,,,,,,,,,3.0,,,,3,,0,787,fast,0,MisidentifiedOperation,2026-04-24T10:49:23.232Z,2026-04-24T10:51:36.184Z,2,1,test_definition,False,36,12,في مستودع هناك 15 صندوقًا، وكل صندوق يحتوي على 35 قطعة. كم عدد القطع في المستودع؟,525 ÷ 15,,,,,"[{""correct"": false, ""text"": ""15 + 35""}, {""correct"": false, ""text"": ""525 ÷ 15""}, {""correct"": true, ""text"": ""15 × 35""}]",,,,,"{""maxNumberRange"": 3, ""numOptions"": 3, ""numQuestions"": 5, ""operationsAllowed"": [""Addition"", ""Subtraction"", ""Multiplication"", ""Division""], ""requiredCorrectAnswersMinimumPercent"": 75}"
stu_1777023761689_8905,test_1777023978840_kask7x7,choose_answer,0,12,number_sense,0.2,operation_identification_from_context,choose_answer__Multiplication__OneStepProblem__2digits__3options,choose answer | OneStepProblem | Multiplication | OneStepProblem | 2 digits,choose_answer__cfg_range3__ops_Addition-Subtraction-Multiplication-Division__options3,Multiplication,Multiplication,Division,OneStepProblem,OneStepProblem,Horizontal,2,easy,,,,,,,,,3.0,,,,3,,0,787,fast,0,MisidentifiedOperation,2026-04-24T10:49:23.232Z,2026-04-24T10:51:36.184Z,2,1,test_definition,False,36,12,في مستودع هناك 15 صندوقًا، وكل صندوق يحتوي على 35 قطعة. كم عدد القطع في المستودع؟,525 ÷ 15,,,,,"[{""correct"": false, ""text"": ""15 + 35""}, {""correct"": false, ""text"": ""525 ÷ 15""}, {""correct"": true, ""text"": ""15 × 35""}]",,,,,"{""maxNumberRange"": 3, ""numOptions"": 3, ""numQuestions"": 5, ""operationsAllowed"": [""Addition"", ""Subtraction"", ""Multiplication"", ""Division""], ""requiredCorrectAnswersMinimumPercent"": 75}"
stu_1777023761689_8905,test_1777023978840_kask7x7,choose_answer,0,12,sequential_thinking,0.2,operation_identification_from_context,choose_answer__Multiplication__OneStepProblem__2digits__3options,choose answer | OneStepProblem | Multiplication | OneStepProblem | 2 digits,choose_answer__cfg_range3__ops_Addition-Subtraction-Multiplication-Division__options3,Multiplication,Multiplication,Division,OneStepProblem,OneStepProblem,Horizontal,2,easy,,,,,,,,,3.0,,,,3,,0,787,fast,0,MisidentifiedOperation,2026-04-24T10:49:23.232Z,2026-04-24T10:51:36.184Z,2,1,test_definition,False,36,12,في مستودع هناك 15 صندوقًا، وكل صندوق يحتوي على 35 قطعة. كم عدد القطع في المستودع؟,525 ÷ 15,,,,,"[{""correct"": false, ""text"": ""15 + 35""}, {""correct"": false, ""text"": ""525 ÷ 15""}, {""correct"": true, ""text"": ""15 × 35""}]",,,,,"{""maxNumberRange"": 3, ""numOptions"": 3, ""numQuestions"": 5, ""operationsAllowed"": [""Addition"", ""Subtraction"", ""Multiplication"", ""Division""], ""requiredCorrectAnswersMinimumPercent"": 75}"
stu_1777023761689_8905,test_1777023978840_kask7x7,choose_answer,0,13,arithmetic_fluency,0.6,operation_identification_from_context,choose_answer__Multiplication__OneStepProblem__2digits__3options,choose answer | OneStepProblem | Multiplication | OneStepProblem | 2 digits,choose_answer__cfg_range3__ops_Addition-Subtraction-Multiplication-Division__options3,Multiplication,Multiplication,Multiplication,OneStepProblem,OneStepProblem,Horizontal,2,easy,,,,,,,,,3.0,,,,3,,1,1261,fast,0,,2026-04-24T10:49:23.232Z,2026-04-24T10:51:36.184Z,2,1,test_definition,False,36,12,في مستودع هناك 15 صندوقًا، وكل صندوق يحتوي على 35 قطعة. كم عدد القطع في المستودع؟,15 × 35,,,,,"[{""correct"": false, ""text"": ""15 + 35""}, {""correct"": false, ""text"": ""525 ÷ 15""}, {""correct"": true, ""text"": ""15 × 35""}]",,,,,"{""maxNumberRange"": 3, ""numOptions"": 3, ""numQuestions"": 5, ""operationsAllowed"": [""Addition"", ""Subtraction"", ""Multiplication"", ""Division""], ""requiredCorrectAnswersMinimumPercent"": 75}"
stu_1777023761689_8905,test_1777023978840_kask7x7,choose_answer,0,13,number_sense,0.2,operation_identification_from_context,choose_answer__Multiplication__OneStepProblem__2digits__3options,choose answer | OneStepProblem | Multiplication | OneStepProblem | 2 digits,choose_answer__cfg_range3__ops_Addition-Subtraction-Multiplication-Division__options3,Multiplication,Multiplication,Multiplication,OneStepProblem,OneStepProblem,Horizontal,2,easy,,,,,,,,,3.0,,,,3,,1,1261,fast,0,,2026-04-24T10:49:23.232Z,2026-04-24T10:51:36.184Z,2,1,test_definition,False,36,12,في مستودع هناك 15 صندوقًا، وكل صندوق يحتوي على 35 قطعة. كم عدد القطع في المستودع؟,15 × 35,,,,,"[{""correct"": false, ""text"": ""15 + 35""}, {""correct"": false, ""text"": ""525 ÷ 15""}, {""correct"": true, ""text"": ""15 × 35""}]",,,,,"{""maxNumberRange"": 3, ""numOptions"": 3, ""numQuestions"": 5, ""operationsAllowed"": [""Addition"", ""Subtraction"", ""Multiplication"", ""Division""], ""requiredCorrectAnswersMinimumPercent"": 75}"
stu_1777023761689_8905,test_1777023978840_kask7x7,choose_answer,0,13,sequential_thinking,0.2,operation_identification_from_context,choose_answer__Multiplication__OneStepProblem__2digits__3options,choose answer | OneStepProblem | Multiplication | OneStepProblem | 2 digits,choose_answer__cfg_range3__ops_Addition-Subtraction-Multiplication-Division__options3,Multiplication,Multiplication,Multiplication,OneStepProblem,OneStepProblem,Horizontal,2,easy,,,,,,,,,3.0,,,,3,,1,1261,fast,0,,2026-04-24T10:49:23.232Z,2026-04-24T10:51:36.184Z,2,1,test_definition,False,36,12,في مستودع هناك 15 صندوقًا، وكل صندوق يحتوي على 35 قطعة. كم عدد القطع في المستودع؟,15 × 35,,,,,"[{""correct"": false, ""text"": ""15 + 35""}, {""correct"": false, ""text"": ""525 ÷ 15""}, {""correct"": true, ""text"": ""15 × 35""}]",,,,,"{""maxNumberRange"": 3, ""numOptions"": 3, ""numQuestions"": 5, ""operationsAllowed"": [""Addition"", ""Subtraction"", ""Multiplication"", ""Division""], ""requiredCorrectAnswersMinimumPercent"": 75}"
stu_1777023761689_8905,test_1777023978840_kask7x7,choose_answer,0,14,arithmetic_fluency,0.6,operation_identification_from_context,choose_answer__Multiplication__OneStepProblem__2digits__3options,choose answer | OneStepProblem | Multiplication | OneStepProblem | 2 digits,choose_answer__cfg_range3__ops_Addition-Subtraction-Multiplication-Division__options3,Multiplication,Multiplication,Multiplication,OneStepProblem,OneStepProblem,Horizontal,2,easy,,,,,,,,,3.0,,,,3,,1,560,fast,0,,2026-04-24T10:49:23.232Z,2026-04-24T10:51:36.184Z,2,1,test_definition,False,36,12,في مستودع هناك 15 صندوقًا، وكل صندوق يحتوي على 35 قطعة. كم عدد القطع في المستودع؟,15 × 35,,,,,"[{""correct"": false, ""text"": ""15 + 35""}, {""correct"": false, ""text"": ""525 ÷ 15""}, {""correct"": true, ""text"": ""15 × 35""}]",,,,,"{""maxNumberRange"": 3, ""numOptions"": 3, ""numQuestions"": 5, ""operationsAllowed"": [""Addition"", ""Subtraction"", ""Multiplication"", ""Division""], ""requiredCorrectAnswersMinimumPercent"": 75}"
stu_1777023761689_8905,test_1777023978840_kask7x7,choose_answer,0,14,number_sense,0.2,operation_identification_from_context,choose_answer__Multiplication__OneStepProblem__2digits__3options,choose answer | OneStepProblem | Multiplication | OneStepProblem | 2 digits,choose_answer__cfg_range3__ops_Addition-Subtraction-Multiplication-Division__options3,Multiplication,Multiplication,Multiplication,OneStepProblem,OneStepProblem,Horizontal,2,easy,,,,,,,,,3.0,,,,3,,1,560,fast,0,,2026-04-24T10:49:23.232Z,2026-04-24T10:51:36.184Z,2,1,test_definition,False,36,12,في مستودع هناك 15 صندوقًا، وكل صندوق يحتوي على 35 قطعة. كم عدد القطع في المستودع؟,15 × 35,,,,,"[{""correct"": false, ""text"": ""15 + 35""}, {""correct"": false, ""text"": ""525 ÷ 15""}, {""correct"": true, ""text"": ""15 × 35""}]",,,,,"{""maxNumberRange"": 3, ""numOptions"": 3, ""numQuestions"": 5, ""operationsAllowed"": [""Addition"", ""Subtraction"", ""Multiplication"", ""Division""], ""requiredCorrectAnswersMinimumPercent"": 75}"
stu_1777023761689_8905,test_1777023978840_kask7x7,choose_answer,0,14,sequential_thinking,0.2,operation_identification_from_context,choose_answer__Multiplication__OneStepProblem__2digits__3options,choose answer | OneStepProblem | Multiplication | OneStepProblem | 2 digits,choose_answer__cfg_range3__ops_Addition-Subtraction-Multiplication-Division__options3,Multiplication,Multiplication,Multiplication,OneStepProblem,OneStepProblem,Horizontal,2,easy,,,,,,,,,3.0,,,,3,,1,560,fast,0,,2026-04-24T10:49:23.232Z,2026-04-24T10:51:36.184Z,2,1,test_definition,False,36,12,في مستودع هناك 15 صندوقًا، وكل صندوق يحتوي على 35 قطعة. كم عدد القطع في المستودع؟,15 × 35,,,,,"[{""correct"": false, ""text"": ""15 + 35""}, {""correct"": false, ""text"": ""525 ÷ 15""}, {""correct"": true, ""text"": ""15 × 35""}]",,,,,"{""maxNumberRange"": 3, ""numOptions"": 3, ""numQuestions"": 5, ""operationsAllowed"": [""Addition"", ""Subtraction"", ""Multiplication"", ""Division""], ""requiredCorrectAnswersMinimumPercent"": 75}"
stu_1777023761689_8905,test_1777023978840_kask7x7,choose_answer,0,15,arithmetic_fluency,0.6,operation_identification_from_context,choose_answer__Multiplication__OneStepProblem__2digits__3options,choose answer | OneStepProblem | Multiplication | OneStepProblem | 2 digits,choose_answer__cfg_range3__ops_Addition-Subtraction-Multiplication-Division__options3,Multiplication,Multiplication,Addition,OneStepProblem,OneStepProblem,Horizontal,2,easy,,,,,,,,,3.0,,,,3,,0,2352,fast,0,MisidentifiedOperation,2026-04-24T10:49:23.232Z,2026-04-24T10:51:36.184Z,2,1,test_definition,False,36,12,في مستودع هناك 15 صندوقًا، وكل صندوق يحتوي على 35 قطعة. كم عدد القطع في المستودع؟,15 + 35,,,,,"[{""correct"": false, ""text"": ""15 + 35""}, {""correct"": false, ""text"": ""525 ÷ 15""}, {""correct"": true, ""text"": ""15 × 35""}]",,,,,"{""maxNumberRange"": 3, ""numOptions"": 3, ""numQuestions"": 5, ""operationsAllowed"": [""Addition"", ""Subtraction"", ""Multiplication"", ""Division""], ""requiredCorrectAnswersMinimumPercent"": 75}"
stu_1777023761689_8905,test_1777023978840_kask7x7,choose_answer,0,15,number_sense,0.2,operation_identification_from_context,choose_answer__Multiplication__OneStepProblem__2digits__3options,choose answer | OneStepProblem | Multiplication | OneStepProblem | 2 digits,choose_answer__cfg_range3__ops_Addition-Subtraction-Multiplication-Division__options3,Multiplication,Multiplication,Addition,OneStepProblem,OneStepProblem,Horizontal,2,easy,,,,,,,,,3.0,,,,3,,0,2352,fast,0,MisidentifiedOperation,2026-04-24T10:49:23.232Z,2026-04-24T10:51:36.184Z,2,1,test_definition,False,36,12,في مستودع هناك 15 صندوقًا، وكل صندوق يحتوي على 35 قطعة. كم عدد القطع في المستودع؟,15 + 35,,,,,"[{""correct"": false, ""text"": ""15 + 35""}, {""correct"": false, ""text"": ""525 ÷ 15""}, {""correct"": true, ""text"": ""15 × 35""}]",,,,,"{""maxNumberRange"": 3, ""numOptions"": 3, ""numQuestions"": 5, ""operationsAllowed"": [""Addition"", ""Subtraction"", ""Multiplication"", ""Division""], ""requiredCorrectAnswersMinimumPercent"": 75}"
stu_1777023761689_8905,test_1777023978840_kask7x7,choose_answer,0,15,sequential_thinking,0.2,operation_identification_from_context,choose_answer__Multiplication__OneStepProblem__2digits__3options,choose answer | OneStepProblem | Multiplication | OneStepProblem | 2 digits,choose_answer__cfg_range3__ops_Addition-Subtraction-Multiplication-Division__options3,Multiplication,Multiplication,Addition,OneStepProblem,OneStepProblem,Horizontal,2,easy,,,,,,,,,3.0,,,,3,,0,2352,fast,0,MisidentifiedOperation,2026-04-24T10:49:23.232Z,2026-04-24T10:51:36.184Z,2,1,test_definition,False,36,12,في مستودع هناك 15 صندوقًا، وكل صندوق يحتوي على 35 قطعة. كم عدد القطع في المستودع؟,15 + 35,,,,,"[{""correct"": false, ""text"": ""15 + 35""}, {""correct"": false, ""text"": ""525 ÷ 15""}, {""correct"": true, ""text"": ""15 × 35""}]",,,,,"{""maxNumberRange"": 3, ""numOptions"": 3, ""numQuestions"": 5, ""operationsAllowed"": [""Addition"", ""Subtraction"", ""Multiplication"", ""Division""], ""requiredCorrectAnswersMinimumPercent"": 75}"
stu_1777023761689_8905,test_1777023978840_kask7x7,choose_answer,0,16,arithmetic_fluency,0.6,operation_identification_from_context,choose_answer__Multiplication__OneStepProblem__2digits__3options,choose answer | OneStepProblem | Multiplication | OneStepProblem | 2 digits,choose_answer__cfg_range3__ops_Addition-Subtraction-Multiplication-Division__options3,Multiplication,Multiplication,Multiplication,OneStepProblem,OneStepProblem,Horizontal,2,easy,,,,,,,,,3.0,,,,3,,1,8411,fast,0,,2026-04-24T10:49:23.232Z,2026-04-24T10:51:36.184Z,2,1,test_definition,False,36,12,في مستودع هناك 15 صندوقًا، وكل صندوق يحتوي على 35 قطعة. كم عدد القطع في المستودع؟,15 × 35,,,,,"[{""correct"": false, ""text"": ""15 + 35""}, {""correct"": false, ""text"": ""525 ÷ 15""}, {""correct"": true, ""text"": ""15 × 35""}]",,,,,"{""maxNumberRange"": 3, ""numOptions"": 3, ""numQuestions"": 5, ""operationsAllowed"": [""Addition"", ""Subtraction"", ""Multiplication"", ""Division""], ""requiredCorrectAnswersMinimumPercent"": 75}"
stu_1777023761689_8905,test_1777023978840_kask7x7,choose_answer,0,16,number_sense,0.2,operation_identification_from_context,choose_answer__Multiplication__OneStepProblem__2digits__3options,choose answer | OneStepProblem | Multiplication | OneStepProblem | 2 digits,choose_answer__cfg_range3__ops_Addition-Subtraction-Multiplication-Division__options3,Multiplication,Multiplication,Multiplication,OneStepProblem,OneStepProblem,Horizontal,2,easy,,,,,,,,,3.0,,,,3,,1,8411,fast,0,,2026-04-24T10:49:23.232Z,2026-04-24T10:51:36.184Z,2,1,test_definition,False,36,12,في مستودع هناك 15 صندوقًا، وكل صندوق يحتوي على 35 قطعة. كم عدد القطع في المستودع؟,15 × 35,,,,,"[{""correct"": false, ""text"": ""15 + 35""}, {""correct"": false, ""text"": ""525 ÷ 15""}, {""correct"": true, ""text"": ""15 × 35""}]",,,,,"{""maxNumberRange"": 3, ""numOptions"": 3, ""numQuestions"": 5, ""operationsAllowed"": [""Addition"", ""Subtraction"", ""Multiplication"", ""Division""], ""requiredCorrectAnswersMinimumPercent"": 75}"
stu_1777023761689_8905,test_1777023978840_kask7x7,choose_answer,0,16,sequential_thinking,0.2,operation_identification_from_context,choose_answer__Multiplication__OneStepProblem__2digits__3options,choose answer | OneStepProblem | Multiplication | OneStepProblem | 2 digits,choose_answer__cfg_range3__ops_Addition-Subtraction-Multiplication-Division__options3,Multiplication,Multiplication,Multiplication,OneStepProblem,OneStepProblem,Horizontal,2,easy,,,,,,,,,3.0,,,,3,,1,8411,fast,0,,2026-04-24T10:49:23.232Z,2026-04-24T10:51:36.184Z,2,1,test_definition,False,36,12,في مستودع هناك 15 صندوقًا، وكل صندوق يحتوي على 35 قطعة. كم عدد القطع في المستودع؟,15 × 35,,,,,"[{""correct"": false, ""text"": ""15 + 35""}, {""correct"": false, ""text"": ""525 ÷ 15""}, {""correct"": true, ""text"": ""15 × 35""}]",,,,,"{""maxNumberRange"": 3, ""numOptions"": 3, ""numQuestions"": 5, ""operationsAllowed"": [""Addition"", ""Subtraction"", ""Multiplication"", ""Division""], ""requiredCorrectAnswersMinimumPercent"": 75}"
stu_1777023761689_8905,test_1777023978840_kask7x7,identify_place_value,0,0,number_sense,1.0,place_value_identification,identify_place_value__2digits__all_digits_same,identify place value | PlaceValue | PlaceValue | 2 digits,identify_place_value__cfg_range2,,,,PlaceValue,PlaceValue,Visual,2,easy,,,,,,,,all_digits_same,,,,,2,,1,37320,fast,0,,2026-04-24T10:49:06.994Z,2026-04-24T10:49:22.988Z,1,1,test_definition,True,4,3,,,,,"{""pos_0"": 9, ""pos_1"": 9}","{""pos_0"": 9, ""pos_1"": 9}",,,,,99,"{""maxNumberRange"": 2, ""numQuestions"": 4, ""requiredCorrectAnswersMinimumPercent"": 75}"
stu_1777023761689_8905,test_1777023978840_kask7x7,identify_place_value,0,1,number_sense,1.0,place_value_identification,identify_place_value__2digits__all_digits_distinct,identify place value | PlaceValue | PlaceValue | 2 digits,identify_place_value__cfg_range2,,,,PlaceValue,PlaceValue,Visual,2,easy,,,,,,,,all_digits_distinct,,,,,2,,1,33558,fast,0,,2026-04-24T10:49:06.994Z,2026-04-24T10:49:22.988Z,1,1,test_definition,False,42,11,,,,,"{""pos_0"": 5, ""pos_1"": 6}","{""pos_0"": 5, ""pos_1"": 6}",,,,,56,"{""maxNumberRange"": 2, ""numQuestions"": 4, ""requiredCorrectAnswersMinimumPercent"": 75}"
stu_1777023761689_8905,test_1777023978840_kask7x7,identify_place_value,0,2,number_sense,1.0,place_value_identification,identify_place_value__2digits__all_digits_distinct,identify place value | PlaceValue | PlaceValue | 2 digits,identify_place_value__cfg_range2,,,,PlaceValue,PlaceValue,Visual,2,easy,,,,,,,,all_digits_distinct,,,,,2,,1,12895,fast,0,,2026-04-24T10:49:06.994Z,2026-04-24T10:49:22.988Z,1,1,test_definition,False,42,11,,,,,"{""pos_0"": 9, ""pos_1"": 3}","{""pos_0"": 9, ""pos_1"": 3}",,,,,93,"{""maxNumberRange"": 2, ""numQuestions"": 4, ""requiredCorrectAnswersMinimumPercent"": 75}"
stu_1777023761689_8905,test_1777023978840_kask7x7,identify_place_value,0,3,number_sense,1.0,place_value_identification,identify_place_value__2digits__all_digits_distinct,identify place value | PlaceValue | PlaceValue | 2 digits,identify_place_value__cfg_range2,,,,PlaceValue,PlaceValue,Visual,2,easy,,,,,,,,all_digits_distinct,,,,,2,,1,15993,fast,0,,2026-04-24T10:49:06.994Z,2026-04-24T10:49:22.988Z,1,1,test_definition,False,42,11,,,,,"{""pos_0"": 5, ""pos_1"": 7}","{""pos_0"": 5, ""pos_1"": 7}",,,,,57,"{""maxNumberRange"": 2, ""numQuestions"": 4, ""requiredCorrectAnswersMinimumPercent"": 75}"
stu_1777023761689_8905,test_1777023978840_kask7x7,order_numbers,0,0,sequential_thinking,1.0,number_ordering,order_numbers__asc__seq6__2digits,order numbers | Ordering_asc | Ordering | asc | 2 digits | sequence 6,order_numbers__cfg_range2__maxseq7,,,,Ordering_asc,Ordering,Visual,2,easy,,,6.0,,asc,,,,,,,,2,,1,156834,medium,0,,2026-04-24T10:41:25.687Z,2026-04-24T10:47:42.980Z,0,1,test_definition,True,4,4,,,,,,,,"[61, 62, 21, 76, 79, 35]",,,,"{""maxNumberRange"": 2, ""maxNumbersInSequence"": 7, ""numQuestions"": 3, ""requiredCorrectAnswersMinimumPercent"": 75}"
stu_1777023761689_8905,test_1777023978840_kask7x7,order_numbers,0,1,sequential_thinking,1.0,number_ordering,order_numbers__desc__seq5__2digits,order numbers | Ordering_desc | Ordering | desc | 2 digits | sequence 5,order_numbers__cfg_range2__maxseq7,,,,Ordering_desc,Ordering,Visual,2,easy,,,5.0,,desc,,,,,,,,2,,1,164212,medium,0,,2026-04-24T10:41:25.687Z,2026-04-24T10:47:42.980Z,0,1,test_definition,False,5,4,,,,,,,,"[95, 54, 77, 96, 63]",,,,"{""maxNumberRange"": 2, ""maxNumbersInSequence"": 7, ""numQuestions"": 3, ""requiredCorrectAnswersMinimumPercent"": 75}"
stu_1777023761689_8905,test_1777023978840_kask7x7,order_numbers,0,2,sequential_thinking,1.0,number_ordering,order_numbers__desc__seq6__2digits,order numbers | Ordering_desc | Ordering | desc | 2 digits | sequence 6,order_numbers__cfg_range2__maxseq7,,,,Ordering_desc,Ordering,Visual,2,easy,,,6.0,,desc,,,,,,,,2,,1,56244,fast,0,,2026-04-24T10:41:25.687Z,2026-04-24T10:47:42.980Z,0,1,test_definition,True,2,2,,,,,,,,"[56, 74, 16, 82, 92, 75]",,,,"{""maxNumberRange"": 2, ""maxNumbersInSequence"": 7, ""numQuestions"": 3, ""requiredCorrectAnswersMinimumPercent"": 75}"
stu_1777023761898_3121,test_1777023978840_kask7x7,choose_answer,0,0,arithmetic_fluency,0.6,operation_identification_from_context,choose_answer__Multiplication__OneStepProblem__2digits__3options,choose answer | OneStepProblem | Multiplication | OneStepProblem | 2 digits,choose_answer__cfg_range3__ops_Addition-Subtraction-Multiplication-Division__options3,Multiplication,Multiplication,Multiplication,OneStepProblem,OneStepProblem,Horizontal,2,easy,,,,,,,,,3.0,,,,3,,1,18102,medium,0,,2026-04-28T12:54:28.134Z,2026-04-28T12:55:55.447Z,2,1,test_definition,False,36,12,في أحد المخابز يوجد 15 صندوقًا من الخبز. في كل صندوق 20 رغيفًا. كم رغيفًا في المجموع؟,15 × 20,,,,,"[{""correct"": true, ""text"": ""15 × 20""}, {""correct"": false, ""text"": ""20 + 15""}, {""correct"": false, ""text"": ""20 - 15""}]",,,,,"{""maxNumberRange"": 3, ""numOptions"": 3, ""numQuestions"": 5, ""operationsAllowed"": [""Addition"", ""Subtraction"", ""Multiplication"", ""Division""], ""requiredCorrectAnswersMinimumPercent"": 75}"
stu_1777023761898_3121,test_1777023978840_kask7x7,choose_answer,0,0,number_sense,0.2,operation_identification_from_context,choose_answer__Multiplication__OneStepProblem__2digits__3options,choose answer | OneStepProblem | Multiplication | OneStepProblem | 2 digits,choose_answer__cfg_range3__ops_Addition-Subtraction-Multiplication-Division__options3,Multiplication,Multiplication,Multiplication,OneStepProblem,OneStepProblem,Horizontal,2,easy,,,,,,,,,3.0,,,,3,,1,18102,medium,0,,2026-04-28T12:54:28.134Z,2026-04-28T12:55:55.447Z,2,1,test_definition,False,36,12,في أحد المخابز يوجد 15 صندوقًا من الخبز. في كل صندوق 20 رغيفًا. كم رغيفًا في المجموع؟,15 × 20,,,,,"[{""correct"": true, ""text"": ""15 × 20""}, {""correct"": false, ""text"": ""20 + 15""}, {""correct"": false, ""text"": ""20 - 15""}]",,,,,"{""maxNumberRange"": 3, ""numOptions"": 3, ""numQuestions"": 5, ""operationsAllowed"": [""Addition"", ""Subtraction"", ""Multiplication"", ""Division""], ""requiredCorrectAnswersMinimumPercent"": 75}"
stu_1777023761898_3121,test_1777023978840_kask7x7,choose_answer,0,0,sequential_thinking,0.2,operation_identification_from_context,choose_answer__Multiplication__OneStepProblem__2digits__3options,choose answer | OneStepProblem | Multiplication | OneStepProblem | 2 digits,choose_answer__cfg_range3__ops_Addition-Subtraction-Multiplication-Division__options3,Multiplication,Multiplication,Multiplication,OneStepProblem,OneStepProblem,Horizontal,2,easy,,,,,,,,,3.0,,,,3,,1,18102,medium,0,,2026-04-28T12:54:28.134Z,2026-04-28T12:55:55.447Z,2,1,test_definition,False,36,12,في أحد المخابز يوجد 15 صندوقًا من الخبز. في كل صندوق 20 رغيفًا. كم رغيفًا في المجموع؟,15 × 20,,,,,"[{""correct"": true, ""text"": ""15 × 20""}, {""correct"": false, ""text"": ""20 + 15""}, {""correct"": false, ""text"": ""20 - 15""}]",,,,,"{""maxNumberRange"": 3, ""numOptions"": 3, ""numQuestions"": 5, ""operationsAllowed"": [""Addition"", ""Subtraction"", ""Multiplication"", ""Division""], ""requiredCorrectAnswersMinimumPercent"": 75}"
stu_1777023761898_3121,test_1777023978840_kask7x7,choose_answer,0,1,arithmetic_fluency,0.6,operation_identification_from_context,choose_answer__Multiplication__OneStepProblem__2digits__3options,choose answer | OneStepProblem | Multiplication | OneStepProblem | 2 digits,choose_answer__cfg_range3__ops_Addition-Subtraction-Multiplication-Division__options3,Multiplication,Multiplication,Multiplication,OneStepProblem,OneStepProblem,Horizontal,2,easy,,,,,,,,,3.0,,,,3,,1,13078,medium,0,,2026-04-28T12:54:28.134Z,2026-04-28T12:55:55.447Z,2,1,test_definition,False,36,12,أشترت مريم 3 كتب، كل كتاب يكلف 40 درهما. كم دفعت مريم في المجمل؟,3 × 40,,,,,"[{""correct"": false, ""text"": ""40 - 3""}, {""correct"": true, ""text"": ""3 × 40""}, {""correct"": false, ""text"": ""120 - 40""}]",,,,,"{""maxNumberRange"": 3, ""numOptions"": 3, ""numQuestions"": 5, ""operationsAllowed"": [""Addition"", ""Subtraction"", ""Multiplication"", ""Division""], ""requiredCorrectAnswersMinimumPercent"": 75}"
stu_1777023761898_3121,test_1777023978840_kask7x7,choose_answer,0,1,number_sense,0.2,operation_identification_from_context,choose_answer__Multiplication__OneStepProblem__2digits__3options,choose answer | OneStepProblem | Multiplication | OneStepProblem | 2 digits,choose_answer__cfg_range3__ops_Addition-Subtraction-Multiplication-Division__options3,Multiplication,Multiplication,Multiplication,OneStepProblem,OneStepProblem,Horizontal,2,easy,,,,,,,,,3.0,,,,3,,1,13078,medium,0,,2026-04-28T12:54:28.134Z,2026-04-28T12:55:55.447Z,2,1,test_definition,False,36,12,أشترت مريم 3 كتب، كل كتاب يكلف 40 درهما. كم دفعت مريم في المجمل؟,3 × 40,,,,,"[{""correct"": false, ""text"": ""40 - 3""}, {""correct"": true, ""text"": ""3 × 40""}, {""correct"": false, ""text"": ""120 - 40""}]",,,,,"{""maxNumberRange"": 3, ""numOptions"": 3, ""numQuestions"": 5, ""operationsAllowed"": [""Addition"", ""Subtraction"", ""Multiplication"", ""Division""], ""requiredCorrectAnswersMinimumPercent"": 75}"
stu_1777023761898_3121,test_1777023978840_kask7x7,choose_answer,0,1,sequential_thinking,0.2,operation_identification_from_context,choose_answer__Multiplication__OneStepProblem__2digits__3options,choose answer | OneStepProblem | Multiplication | OneStepProblem | 2 digits,choose_answer__cfg_range3__ops_Addition-Subtraction-Multiplication-Division__options3,Multiplication,Multiplication,Multiplication,OneStepProblem,OneStepProblem,Horizontal,2,easy,,,,,,,,,3.0,,,,3,,1,13078,medium,0,,2026-04-28T12:54:28.134Z,2026-04-28T12:55:55.447Z,2,1,test_definition,False,36,12,أشترت مريم 3 كتب، كل كتاب يكلف 40 درهما. كم دفعت مريم في المجمل؟,3 × 40,,,,,"[{""correct"": false, ""text"": ""40 - 3""}, {""correct"": true, ""text"": ""3 × 40""}, {""correct"": false, ""text"": ""120 - 40""}]",,,,,"{""maxNumberRange"": 3, ""numOptions"": 3, ""numQuestions"": 5, ""operationsAllowed"": [""Addition"", ""Subtraction"", ""Multiplication"", ""Division""], ""requiredCorrectAnswersMinimumPercent"": 75}"
stu_1777023761898_3121,test_1777023978840_kask7x7,choose_answer,0,2,arithmetic_fluency,0.6,operation_identification_from_context,choose_answer__Addition__OneStepProblem__2digits__3options,choose answer | OneStepProblem | Addition | OneStepProblem | 2 digits,choose_answer__cfg_range3__ops_Addition-Subtraction-Multiplication-Division__options3,Addition,Addition,Addition,OneStepProblem,OneStepProblem,Horizontal,2,easy,,,,,,,,,3.0,,,,3,,1,21686,slow,1,,2026-04-28T12:54:28.134Z,2026-04-28T12:55:55.447Z,2,1,test_definition,False,14,8,تملك سلوى 30 درهما ومنحها أبوها 20 درهما. كم أصبح لدى سلوى من درهم؟,30 + 20,,,,,"[{""correct"": false, ""text"": ""50 - 20""}, {""correct"": false, ""text"": ""30 - 20""}, {""correct"": true, ""text"": ""30 + 20""}]",,,,,"{""maxNumberRange"": 3, ""numOptions"": 3, ""numQuestions"": 5, ""operationsAllowed"": [""Addition"", ""Subtraction"", ""Multiplication"", ""Division""], ""requiredCorrectAnswersMinimumPercent"": 75}"
stu_1777023761898_3121,test_1777023978840_kask7x7,choose_answer,0,2,number_sense,0.2,operation_identification_from_context,choose_answer__Addition__OneStepProblem__2digits__3options,choose answer | OneStepProblem | Addition | OneStepProblem | 2 digits,choose_answer__cfg_range3__ops_Addition-Subtraction-Multiplication-Division__options3,Addition,Addition,Addition,OneStepProblem,OneStepProblem,Horizontal,2,easy,,,,,,,,,3.0,,,,3,,1,21686,slow,1,,2026-04-28T12:54:28.134Z,2026-04-28T12:55:55.447Z,2,1,test_definition,False,14,8,تملك سلوى 30 درهما ومنحها أبوها 20 درهما. كم أصبح لدى سلوى من درهم؟,30 + 20,,,,,"[{""correct"": false, ""text"": ""50 - 20""}, {""correct"": false, ""text"": ""30 - 20""}, {""correct"": true, ""text"": ""30 + 20""}]",,,,,"{""maxNumberRange"": 3, ""numOptions"": 3, ""numQuestions"": 5, ""operationsAllowed"": [""Addition"", ""Subtraction"", ""Multiplication"", ""Division""], ""requiredCorrectAnswersMinimumPercent"": 75}"
stu_1777023761898_3121,test_1777023978840_kask7x7,choose_answer,0,2,sequential_thinking,0.2,operation_identification_from_context,choose_answer__Addition__OneStepProblem__2digits__3options,choose answer | OneStepProblem | Addition | OneStepProblem | 2 digits,choose_answer__cfg_range3__ops_Addition-Subtraction-Multiplication-Division__options3,Addition,Addition,Addition,OneStepProblem,OneStepProblem,Horizontal,2,easy,,,,,,,,,3.0,,,,3,,1,21686,slow,1,,2026-04-28T12:54:28.134Z,2026-04-28T12:55:55.447Z,2,1,test_definition,False,14,8,تملك سلوى 30 درهما ومنحها أبوها 20 درهما. كم أصبح لدى سلوى من درهم؟,30 + 20,,,,,"[{""correct"": false, ""text"": ""50 - 20""}, {""correct"": false, ""text"": ""30 - 20""}, {""correct"": true, ""text"": ""30 + 20""}]",,,,,"{""maxNumberRange"": 3, ""numOptions"": 3, ""numQuestions"": 5, ""operationsAllowed"": [""Addition"", ""Subtraction"", ""Multiplication"", ""Division""], ""requiredCorrectAnswersMinimumPercent"": 75}"
stu_1777023761898_3121,test_1777023978840_kask7x7,choose_answer,0,3,arithmetic_fluency,0.6,operation_identification_from_context,choose_answer__Multiplication__OneStepProblem__2digits__3options,choose answer | OneStepProblem | Multiplication | OneStepProblem | 2 digits,choose_answer__cfg_range3__ops_Addition-Subtraction-Multiplication-Division__options3,Multiplication,Multiplication,Multiplication,OneStepProblem,OneStepProblem,Horizontal,2,easy,,,,,,,,,3.0,,,,3,,1,17110,medium,0,,2026-04-28T12:54:28.134Z,2026-04-28T12:55:55.447Z,2,1,test_definition,False,36,12,ذهب أحمد إلى السوق واشترى 2 كيلو من التفاح بسعر 15 درهمًا للكيلو. كم دفع أحمد في المجمل؟,2 × 15,,,,,"[{""correct"": true, ""text"": ""2 × 15""}, {""correct"": false, ""text"": ""15 - 2""}, {""correct"": false, ""text"": ""30 - 2""}]",,,,,"{""maxNumberRange"": 3, ""numOptions"": 3, ""numQuestions"": 5, ""operationsAllowed"": [""Addition"", ""Subtraction"", ""Multiplication"", ""Division""], ""requiredCorrectAnswersMinimumPercent"": 75}"
stu_1777023761898_3121,test_1777023978840_kask7x7,choose_answer,0,3,number_sense,0.2,operation_identification_from_context,choose_answer__Multiplication__OneStepProblem__2digits__3options,choose answer | OneStepProblem | Multiplication | OneStepProblem | 2 digits,choose_answer__cfg_range3__ops_Addition-Subtraction-Multiplication-Division__options3,Multiplication,Multiplication,Multiplication,OneStepProblem,OneStepProblem,Horizontal,2,easy,,,,,,,,,3.0,,,,3,,1,17110,medium,0,,2026-04-28T12:54:28.134Z,2026-04-28T12:55:55.447Z,2,1,test_definition,False,36,12,ذهب أحمد إلى السوق واشترى 2 كيلو من التفاح بسعر 15 درهمًا للكيلو. كم دفع أحمد في المجمل؟,2 × 15,,,,,"[{""correct"": true, ""text"": ""2 × 15""}, {""correct"": false, ""text"": ""15 - 2""}, {""correct"": false, ""text"": ""30 - 2""}]",,,,,"{""maxNumberRange"": 3, ""numOptions"": 3, ""numQuestions"": 5, ""operationsAllowed"": [""Addition"", ""Subtraction"", ""Multiplication"", ""Division""], ""requiredCorrectAnswersMinimumPercent"": 75}"
stu_1777023761898_3121,test_1777023978840_kask7x7,choose_answer,0,3,sequential_thinking,0.2,operation_identification_from_context,choose_answer__Multiplication__OneStepProblem__2digits__3options,choose answer | OneStepProblem | Multiplication | OneStepProblem | 2 digits,choose_answer__cfg_range3__ops_Addition-Subtraction-Multiplication-Division__options3,Multiplication,Multiplication,Multiplication,OneStepProblem,OneStepProblem,Horizontal,2,easy,,,,,,,,,3.0,,,,3,,1,17110,medium,0,,2026-04-28T12:54:28.134Z,2026-04-28T12:55:55.447Z,2,1,test_definition,False,36,12,ذهب أحمد إلى السوق واشترى 2 كيلو من التفاح بسعر 15 درهمًا للكيلو. كم دفع أحمد في المجمل؟,2 × 15,,,,,"[{""correct"": true, ""text"": ""2 × 15""}, {""correct"": false, ""text"": ""15 - 2""}, {""correct"": false, ""text"": ""30 - 2""}]",,,,,"{""maxNumberRange"": 3, ""numOptions"": 3, ""numQuestions"": 5, ""operationsAllowed"": [""Addition"", ""Subtraction"", ""Multiplication"", ""Division""], ""requiredCorrectAnswersMinimumPercent"": 75}"
stu_1777023761898_3121,test_1777023978840_kask7x7,choose_answer,0,4,arithmetic_fluency,0.6,operation_identification_from_context,choose_answer__Multiplication__OneStepProblem__2digits__3options,choose answer | OneStepProblem | Multiplication | OneStepProblem | 2 digits,choose_answer__cfg_range3__ops_Addition-Subtraction-Multiplication-Division__options3,Multiplication,Multiplication,Multiplication,OneStepProblem,OneStepProblem,Horizontal,2,easy,,,,,,,,,3.0,,,,3,,1,17337,medium,0,,2026-04-28T12:54:28.134Z,2026-04-28T12:55:55.447Z,2,1,test_definition,False,36,12,في فصل الصيف، اشترت سارة 15 زجاجة عصير، إذا كانت الزجاجة تكلف 30 درهمًا، كم دفعت سارة في المجمل؟,15 × 30,,,,,"[{""correct"": false, ""text"": ""30 + 15""}, {""correct"": false, ""text"": ""450 ÷ 15""}, {""correct"": true, ""text"": ""15 × 30""}]",,,,,"{""maxNumberRange"": 3, ""numOptions"": 3, ""numQuestions"": 5, ""operationsAllowed"": [""Addition"", ""Subtraction"", ""Multiplication"", ""Division""], ""requiredCorrectAnswersMinimumPercent"": 75}"
stu_1777023761898_3121,test_1777023978840_kask7x7,choose_answer,0,4,number_sense,0.2,operation_identification_from_context,choose_answer__Multiplication__OneStepProblem__2digits__3options,choose answer | OneStepProblem | Multiplication | OneStepProblem | 2 digits,choose_answer__cfg_range3__ops_Addition-Subtraction-Multiplication-Division__options3,Multiplication,Multiplication,Multiplication,OneStepProblem,OneStepProblem,Horizontal,2,easy,,,,,,,,,3.0,,,,3,,1,17337,medium,0,,2026-04-28T12:54:28.134Z,2026-04-28T12:55:55.447Z,2,1,test_definition,False,36,12,في فصل الصيف، اشترت سارة 15 زجاجة عصير، إذا كانت الزجاجة تكلف 30 درهمًا، كم دفعت سارة في المجمل؟,15 × 30,,,,,"[{""correct"": false, ""text"": ""30 + 15""}, {""correct"": false, ""text"": ""450 ÷ 15""}, {""correct"": true, ""text"": ""15 × 30""}]",,,,,"{""maxNumberRange"": 3, ""numOptions"": 3, ""numQuestions"": 5, ""operationsAllowed"": [""Addition"", ""Subtraction"", ""Multiplication"", ""Division""], ""requiredCorrectAnswersMinimumPercent"": 75}"
stu_1777023761898_3121,test_1777023978840_kask7x7,choose_answer,0,4,sequential_thinking,0.2,operation_identification_from_context,choose_answer__Multiplication__OneStepProblem__2digits__3options,choose answer | OneStepProblem | Multiplication | OneStepProblem | 2 digits,choose_answer__cfg_range3__ops_Addition-Subtraction-Multiplication-Division__options3,Multiplication,Multiplication,Multiplication,OneStepProblem,OneStepProblem,Horizontal,2,easy,,,,,,,,,3.0,,,,3,,1,17337,medium,0,,2026-04-28T12:54:28.134Z,2026-04-28T12:55:55.447Z,2,1,test_definition,False,36,12,في فصل الصيف، اشترت سارة 15 زجاجة عصير، إذا كانت الزجاجة تكلف 30 درهمًا، كم دفعت سارة في المجمل؟,15 × 30,,,,,"[{""correct"": false, ""text"": ""30 + 15""}, {""correct"": false, ""text"": ""450 ÷ 15""}, {""correct"": true, ""text"": ""15 × 30""}]",,,,,"{""maxNumberRange"": 3, ""numOptions"": 3, ""numQuestions"": 5, ""operationsAllowed"": [""Addition"", ""Subtraction"", ""Multiplication"", ""Division""], ""requiredCorrectAnswersMinimumPercent"": 75}"
stu_1777023761898_3121,test_1777023978840_kask7x7,choose_answer,1,0,arithmetic_fluency,0.6,operation_identification_from_context,choose_answer__Addition__OneStepProblem__1digits__3options,choose answer | OneStepProblem | Addition | OneStepProblem | 1 digits,choose_answer__cfg_range3__ops_Addition-Subtraction-Multiplication-Division__options3,Addition,Addition,Addition,OneStepProblem,OneStepProblem,Horizontal,1,very-easy,,,,,,,,,3.0,,,,3,,1,9474,fast,0,,2026-04-24T11:11:19.417Z,2026-04-24T11:12:57.186Z,2,1,test_definition,True,3,3,اشترت فاطمة 3 تفاحات و4 برتقالات. كم فاكهة اشترت فاطمة؟,3 + 4,,,,,"[{""correct"": false, ""text"": ""4 - 3""}, {""correct"": false, ""text"": ""3 × 4""}, {""correct"": true, ""text"": ""3 + 4""}]",,,,,"{""maxNumberRange"": 3, ""numOptions"": 3, ""numQuestions"": 5, ""operationsAllowed"": [""Addition"", ""Subtraction"", ""Multiplication"", ""Division""], ""requiredCorrectAnswersMinimumPercent"": 75}"
stu_1777023761898_3121,test_1777023978840_kask7x7,choose_answer,1,0,number_sense,0.2,operation_identification_from_context,choose_answer__Addition__OneStepProblem__1digits__3options,choose answer | OneStepProblem | Addition | OneStepProblem | 1 digits,choose_answer__cfg_range3__ops_Addition-Subtraction-Multiplication-Division__options3,Addition,Addition,Addition,OneStepProblem,OneStepProblem,Horizontal,1,very-easy,,,,,,,,,3.0,,,,3,,1,9474,fast,0,,2026-04-24T11:11:19.417Z,2026-04-24T11:12:57.186Z,2,1,test_definition,True,3,3,اشترت فاطمة 3 تفاحات و4 برتقالات. كم فاكهة اشترت فاطمة؟,3 + 4,,,,,"[{""correct"": false, ""text"": ""4 - 3""}, {""correct"": false, ""text"": ""3 × 4""}, {""correct"": true, ""text"": ""3 + 4""}]",,,,,"{""maxNumberRange"": 3, ""numOptions"": 3, ""numQuestions"": 5, ""operationsAllowed"": [""Addition"", ""Subtraction"", ""Multiplication"", ""Division""], ""requiredCorrectAnswersMinimumPercent"": 75}"
stu_1777023761898_3121,test_1777023978840_kask7x7,choose_answer,1,0,sequential_thinking,0.2,operation_identification_from_context,choose_answer__Addition__OneStepProblem__1digits__3options,choose answer | OneStepProblem | Addition | OneStepProblem | 1 digits,choose_answer__cfg_range3__ops_Addition-Subtraction-Multiplication-Division__options3,Addition,Addition,Addition,OneStepProblem,OneStepProblem,Horizontal,1,very-easy,,,,,,,,,3.0,,,,3,,1,9474,fast,0,,2026-04-24T11:11:19.417Z,2026-04-24T11:12:57.186Z,2,1,test_definition,True,3,3,اشترت فاطمة 3 تفاحات و4 برتقالات. كم فاكهة اشترت فاطمة؟,3 + 4,,,,,"[{""correct"": false, ""text"": ""4 - 3""}, {""correct"": false, ""text"": ""3 × 4""}, {""correct"": true, ""text"": ""3 + 4""}]",,,,,"{""maxNumberRange"": 3, ""numOptions"": 3, ""numQuestions"": 5, ""operationsAllowed"": [""Addition"", ""Subtraction"", ""Multiplication"", ""Division""], ""requiredCorrectAnswersMinimumPercent"": 75}"
stu_1777023761898_3121,test_1777023978840_kask7x7,choose_answer,1,1,arithmetic_fluency,0.6,operation_identification_from_context,choose_answer__Multiplication__OneStepProblem__1digits__3options,choose answer | OneStepProblem | Multiplication | OneStepProblem | 1 digits,choose_answer__cfg_range3__ops_Addition-Subtraction-Multiplication-Division__options3,Multiplication,Multiplication,Multiplication,OneStepProblem,OneStepProblem,Horizontal,1,very-easy,,,,,,,,,3.0,,,,3,,1,14134,medium,0,,2026-04-24T11:11:19.417Z,2026-04-24T11:12:57.186Z,2,1,test_definition,True,2,2,أبنى 6 منازل في حي جديد، وفي كل منزل 8 نوافذ. كم عدد النوافذ في الحي؟,6 × 8,,,,,"[{""correct"": false, ""text"": ""6 + 8""}, {""correct"": false, ""text"": ""48 - 8""}, {""correct"": true, ""text"": ""6 × 8""}]",,,,,"{""maxNumberRange"": 3, ""numOptions"": 3, ""numQuestions"": 5, ""operationsAllowed"": [""Addition"", ""Subtraction"", ""Multiplication"", ""Division""], ""requiredCorrectAnswersMinimumPercent"": 75}"
stu_1777023761898_3121,test_1777023978840_kask7x7,choose_answer,1,1,number_sense,0.2,operation_identification_from_context,choose_answer__Multiplication__OneStepProblem__1digits__3options,choose answer | OneStepProblem | Multiplication | OneStepProblem | 1 digits,choose_answer__cfg_range3__ops_Addition-Subtraction-Multiplication-Division__options3,Multiplication,Multiplication,Multiplication,OneStepProblem,OneStepProblem,Horizontal,1,very-easy,,,,,,,,,3.0,,,,3,,1,14134,medium,0,,2026-04-24T11:11:19.417Z,2026-04-24T11:12:57.186Z,2,1,test_definition,True,2,2,أبنى 6 منازل في حي جديد، وفي كل منزل 8 نوافذ. كم عدد النوافذ في الحي؟,6 × 8,,,,,"[{""correct"": false, ""text"": ""6 + 8""}, {""correct"": false, ""text"": ""48 - 8""}, {""correct"": true, ""text"": ""6 × 8""}]",,,,,"{""maxNumberRange"": 3, ""numOptions"": 3, ""numQuestions"": 5, ""operationsAllowed"": [""Addition"", ""Subtraction"", ""Multiplication"", ""Division""], ""requiredCorrectAnswersMinimumPercent"": 75}"
stu_1777023761898_3121,test_1777023978840_kask7x7,choose_answer,1,1,sequential_thinking,0.2,operation_identification_from_context,choose_answer__Multiplication__OneStepProblem__1digits__3options,choose answer | OneStepProblem | Multiplication | OneStepProblem | 1 digits,choose_answer__cfg_range3__ops_Addition-Subtraction-Multiplication-Division__options3,Multiplication,Multiplication,Multiplication,OneStepProblem,OneStepProblem,Horizontal,1,very-easy,,,,,,,,,3.0,,,,3,,1,14134,medium,0,,2026-04-24T11:11:19.417Z,2026-04-24T11:12:57.186Z,2,1,test_definition,True,2,2,أبنى 6 منازل في حي جديد، وفي كل منزل 8 نوافذ. كم عدد النوافذ في الحي؟,6 × 8,,,,,"[{""correct"": false, ""text"": ""6 + 8""}, {""correct"": false, ""text"": ""48 - 8""}, {""correct"": true, ""text"": ""6 × 8""}]",,,,,"{""maxNumberRange"": 3, ""numOptions"": 3, ""numQuestions"": 5, ""operationsAllowed"": [""Addition"", ""Subtraction"", ""Multiplication"", ""Division""], ""requiredCorrectAnswersMinimumPercent"": 75}"
stu_1777023761898_3121,test_1777023978840_kask7x7,choose_answer,1,2,arithmetic_fluency,0.6,operation_identification_from_context,choose_answer__Multiplication__OneStepProblem__2digits__3options,choose answer | OneStepProblem | Multiplication | OneStepProblem | 2 digits,choose_answer__cfg_range3__ops_Addition-Subtraction-Multiplication-Division__options3,Multiplication,Multiplication,Multiplication,OneStepProblem,OneStepProblem,Horizontal,2,easy,,,,,,,,,3.0,,,,3,,1,31349,slow,1,,2026-04-24T11:11:19.417Z,2026-04-24T11:12:57.186Z,2,1,test_definition,False,36,12,ذهب أحمد إلى السوق واشترى 2 كيلو من التفاح بسعر 15 درهمًا للكيلو. كم دفع أحمد في المجمل؟,2 × 15,,,,,"[{""correct"": false, ""text"": ""30 - 2""}, {""correct"": true, ""text"": ""2 × 15""}, {""correct"": false, ""text"": ""15 - 2""}]",,,,,"{""maxNumberRange"": 3, ""numOptions"": 3, ""numQuestions"": 5, ""operationsAllowed"": [""Addition"", ""Subtraction"", ""Multiplication"", ""Division""], ""requiredCorrectAnswersMinimumPercent"": 75}"
stu_1777023761898_3121,test_1777023978840_kask7x7,choose_answer,1,2,number_sense,0.2,operation_identification_from_context,choose_answer__Multiplication__OneStepProblem__2digits__3options,choose answer | OneStepProblem | Multiplication | OneStepProblem | 2 digits,choose_answer__cfg_range3__ops_Addition-Subtraction-Multiplication-Division__options3,Multiplication,Multiplication,Multiplication,OneStepProblem,OneStepProblem,Horizontal,2,easy,,,,,,,,,3.0,,,,3,,1,31349,slow,1,,2026-04-24T11:11:19.417Z,2026-04-24T11:12:57.186Z,2,1,test_definition,False,36,12,ذهب أحمد إلى السوق واشترى 2 كيلو من التفاح بسعر 15 درهمًا للكيلو. كم دفع أحمد في المجمل؟,2 × 15,,,,,"[{""correct"": false, ""text"": ""30 - 2""}, {""correct"": true, ""text"": ""2 × 15""}, {""correct"": false, ""text"": ""15 - 2""}]",,,,,"{""maxNumberRange"": 3, ""numOptions"": 3, ""numQuestions"": 5, ""operationsAllowed"": [""Addition"", ""Subtraction"", ""Multiplication"", ""Division""], ""requiredCorrectAnswersMinimumPercent"": 75}"
stu_1777023761898_3121,test_1777023978840_kask7x7,choose_answer,1,2,sequential_thinking,0.2,operation_identification_from_context,choose_answer__Multiplication__OneStepProblem__2digits__3options,choose answer | OneStepProblem | Multiplication | OneStepProblem | 2 digits,choose_answer__cfg_range3__ops_Addition-Subtraction-Multiplication-Division__options3,Multiplication,Multiplication,Multiplication,OneStepProblem,OneStepProblem,Horizontal,2,easy,,,,,,,,,3.0,,,,3,,1,31349,slow,1,,2026-04-24T11:11:19.417Z,2026-04-24T11:12:57.186Z,2,1,test_definition,False,36,12,ذهب أحمد إلى السوق واشترى 2 كيلو من التفاح بسعر 15 درهمًا للكيلو. كم دفع أحمد في المجمل؟,2 × 15,,,,,"[{""correct"": false, ""text"": ""30 - 2""}, {""correct"": true, ""text"": ""2 × 15""}, {""correct"": false, ""text"": ""15 - 2""}]",,,,,"{""maxNumberRange"": 3, ""numOptions"": 3, ""numQuestions"": 5, ""operationsAllowed"": [""Addition"", ""Subtraction"", ""Multiplication"", ""Division""], ""requiredCorrectAnswersMinimumPercent"": 75}"
stu_1777023761898_3121,test_1777023978840_kask7x7,choose_answer,1,3,arithmetic_fluency,0.6,operation_identification_from_context,choose_answer__Addition__OneStepProblem__2digits__3options,choose answer | OneStepProblem | Addition | OneStepProblem | 2 digits,choose_answer__cfg_range3__ops_Addition-Subtraction-Multiplication-Division__options3,Addition,Addition,Addition,OneStepProblem,OneStepProblem,Horizontal,2,easy,,,,,,,,,3.0,,,,3,,1,14316,medium,0,,2026-04-24T11:11:19.417Z,2026-04-24T11:12:57.186Z,2,1,test_definition,False,14,8,تملك سلوى 30 درهما ومنحها أبوها 20 درهما. كم أصبح لدى سلوى من درهم؟,30 + 20,,,,,"[{""correct"": false, ""text"": ""50 - 20""}, {""correct"": true, ""text"": ""30 + 20""}, {""correct"": false, ""text"": ""30 - 20""}]",,,,,"{""maxNumberRange"": 3, ""numOptions"": 3, ""numQuestions"": 5, ""operationsAllowed"": [""Addition"", ""Subtraction"", ""Multiplication"", ""Division""], ""requiredCorrectAnswersMinimumPercent"": 75}"
stu_1777023761898_3121,test_1777023978840_kask7x7,choose_answer,1,3,number_sense,0.2,operation_identification_from_context,choose_answer__Addition__OneStepProblem__2digits__3options,choose answer | OneStepProblem | Addition | OneStepProblem | 2 digits,choose_answer__cfg_range3__ops_Addition-Subtraction-Multiplication-Division__options3,Addition,Addition,Addition,OneStepProblem,OneStepProblem,Horizontal,2,easy,,,,,,,,,3.0,,,,3,,1,14316,medium,0,,2026-04-24T11:11:19.417Z,2026-04-24T11:12:57.186Z,2,1,test_definition,False,14,8,تملك سلوى 30 درهما ومنحها أبوها 20 درهما. كم أصبح لدى سلوى من درهم؟,30 + 20,,,,,"[{""correct"": false, ""text"": ""50 - 20""}, {""correct"": true, ""text"": ""30 + 20""}, {""correct"": false, ""text"": ""30 - 20""}]",,,,,"{""maxNumberRange"": 3, ""numOptions"": 3, ""numQuestions"": 5, ""operationsAllowed"": [""Addition"", ""Subtraction"", ""Multiplication"", ""Division""], ""requiredCorrectAnswersMinimumPercent"": 75}"
stu_1777023761898_3121,test_1777023978840_kask7x7,choose_answer,1,3,sequential_thinking,0.2,operation_identification_from_context,choose_answer__Addition__OneStepProblem__2digits__3options,choose answer | OneStepProblem | Addition | OneStepProblem | 2 digits,choose_answer__cfg_range3__ops_Addition-Subtraction-Multiplication-Division__options3,Addition,Addition,Addition,OneStepProblem,OneStepProblem,Horizontal,2,easy,,,,,,,,,3.0,,,,3,,1,14316,medium,0,,2026-04-24T11:11:19.417Z,2026-04-24T11:12:57.186Z,2,1,test_definition,False,14,8,تملك سلوى 30 درهما ومنحها أبوها 20 درهما. كم أصبح لدى سلوى من درهم؟,30 + 20,,,,,"[{""correct"": false, ""text"": ""50 - 20""}, {""correct"": true, ""text"": ""30 + 20""}, {""correct"": false, ""text"": ""30 - 20""}]",,,,,"{""maxNumberRange"": 3, ""numOptions"": 3, ""numQuestions"": 5, ""operationsAllowed"": [""Addition"", ""Subtraction"", ""Multiplication"", ""Division""], ""requiredCorrectAnswersMinimumPercent"": 75}"
stu_1777023761898_3121,test_1777023978840_kask7x7,choose_answer,1,4,arithmetic_fluency,0.6,operation_identification_from_context,choose_answer__Multiplication__OneStepProblem__2digits__3options,choose answer | OneStepProblem | Multiplication | OneStepProblem | 2 digits,choose_answer__cfg_range3__ops_Addition-Subtraction-Multiplication-Division__options3,Multiplication,Multiplication,Division,OneStepProblem,OneStepProblem,Horizontal,2,easy,,,,,,,,,3.0,,,,3,,0,28488,slow,1,MisidentifiedOperation,2026-04-24T11:11:19.417Z,2026-04-24T11:12:57.186Z,2,1,test_definition,False,36,12,في إحدى المزارع هناك 8 حقول. في كل حقل 10 أشجار. كم عدد الأشجار في جميع الحقول؟,80 ÷ 10,,,,,"[{""correct"": false, ""text"": ""8 + 10""}, {""correct"": false, ""text"": ""80 ÷ 10""}, {""correct"": true, ""text"": ""8 × 10""}]",,,,,"{""maxNumberRange"": 3, ""numOptions"": 3, ""numQuestions"": 5, ""operationsAllowed"": [""Addition"", ""Subtraction"", ""Multiplication"", ""Division""], ""requiredCorrectAnswersMinimumPercent"": 75}"
stu_1777023761898_3121,test_1777023978840_kask7x7,choose_answer,1,4,number_sense,0.2,operation_identification_from_context,choose_answer__Multiplication__OneStepProblem__2digits__3options,choose answer | OneStepProblem | Multiplication | OneStepProblem | 2 digits,choose_answer__cfg_range3__ops_Addition-Subtraction-Multiplication-Division__options3,Multiplication,Multiplication,Division,OneStepProblem,OneStepProblem,Horizontal,2,easy,,,,,,,,,3.0,,,,3,,0,28488,slow,1,MisidentifiedOperation,2026-04-24T11:11:19.417Z,2026-04-24T11:12:57.186Z,2,1,test_definition,False,36,12,في إحدى المزارع هناك 8 حقول. في كل حقل 10 أشجار. كم عدد الأشجار في جميع الحقول؟,80 ÷ 10,,,,,"[{""correct"": false, ""text"": ""8 + 10""}, {""correct"": false, ""text"": ""80 ÷ 10""}, {""correct"": true, ""text"": ""8 × 10""}]",,,,,"{""maxNumberRange"": 3, ""numOptions"": 3, ""numQuestions"": 5, ""operationsAllowed"": [""Addition"", ""Subtraction"", ""Multiplication"", ""Division""], ""requiredCorrectAnswersMinimumPercent"": 75}"
stu_1777023761898_3121,test_1777023978840_kask7x7,choose_answer,1,4,sequential_thinking,0.2,operation_identification_from_context,choose_answer__Multiplication__OneStepProblem__2digits__3options,choose answer | OneStepProblem | Multiplication | OneStepProblem | 2 digits,choose_answer__cfg_range3__ops_Addition-Subtraction-Multiplication-Division__options3,Multiplication,Multiplication,Division,OneStepProblem,OneStepProblem,Horizontal,2,easy,,,,,,,,,3.0,,,,3,,0,28488,slow,1,MisidentifiedOperation,2026-04-24T11:11:19.417Z,2026-04-24T11:12:57.186Z,2,1,test_definition,False,36,12,في إحدى المزارع هناك 8 حقول. في كل حقل 10 أشجار. كم عدد الأشجار في جميع الحقول؟,80 ÷ 10,,,,,"[{""correct"": false, ""text"": ""8 + 10""}, {""correct"": false, ""text"": ""80 ÷ 10""}, {""correct"": true, ""text"": ""8 × 10""}]",,,,,"{""maxNumberRange"": 3, ""numOptions"": 3, ""numQuestions"": 5, ""operationsAllowed"": [""Addition"", ""Subtraction"", ""Multiplication"", ""Division""], ""requiredCorrectAnswersMinimumPercent"": 75}"
stu_1777023761898_3121,test_1777023978840_kask7x7,compare_numbers,0,0,comparison_skill,1.0,number_comparison,compare_numbers__Greater__3digits,compare numbers | Greater | Comparison | Greater | 3 digits,compare_numbers__cfg_range3,,,,Greater,Comparison,Horizontal,3,medium,,,,Greater,,,,,,,,,3,,1,8599,fast,0,,2026-04-28T13:03:50.894Z,2026-04-28T13:04:07.448Z,6,1,test_definition,False,13,13,,,,,,,,,551,232,,"{""maxNumberRange"": 3, ""numQuestions"": 3, ""requiredCorrectAnswersMinimumPercent"": 75}"
stu_1777023761898_3121,test_1777023978840_kask7x7,compare_numbers,0,1,comparison_skill,1.0,number_comparison,compare_numbers__Less__3digits,compare numbers | Less | Comparison | Less | 3 digits,compare_numbers__cfg_range3,,,,Less,Comparison,Horizontal,3,medium,,,,Less,,,,,,,,,3,,1,4093,fast,0,,2026-04-28T13:03:50.894Z,2026-04-28T13:04:07.448Z,6,1,test_definition,False,13,13,,,,,,,,,113,661,,"{""maxNumberRange"": 3, ""numQuestions"": 3, ""requiredCorrectAnswersMinimumPercent"": 75}"
stu_1777023761898_3121,test_1777023978840_kask7x7,compare_numbers,0,2,comparison_skill,1.0,number_comparison,compare_numbers__Equal__3digits,compare numbers | Equal | Comparison | Equal | 3 digits,compare_numbers__cfg_range3,,,,Equal,Comparison,Horizontal,3,medium,,,,Equal,,,,,,,,,3,,1,3862,fast,0,,2026-04-28T13:03:50.894Z,2026-04-28T13:04:07.448Z,6,1,test_definition,False,13,13,,,,,,,,,773,773,,"{""maxNumberRange"": 3, ""numQuestions"": 3, ""requiredCorrectAnswersMinimumPercent"": 75}"
stu_1777023761898_3121,test_1777023978840_kask7x7,find_previous_next_number,0,0,sequential_thinking,1.0,previous_next_number,find_previous_next_number__3digits__normal_range,find previous next number | PreviousAndNext | Sequence | normal_range | 3 digits,find_previous_next_number__cfg_range3,,,,PreviousAndNext,Sequence,Horizontal,3,medium,normal_range,470-479,,,,,,,,,,,3,,1,34416,fast,0,,2026-04-28T13:03:17.397Z,2026-04-28T13:03:50.804Z,5,1,test_definition,False,24,12,472,,,,"[471, 473]","[471, 473]",,,,,,"{""maxNumberRange"": 3, ""numQuestions"": 3, ""requiredCorrectAnswersMinimumPercent"": 75}"
stu_1777023761898_3121,test_1777023978840_kask7x7,find_previous_next_number,0,1,sequential_thinking,1.0,previous_next_number,find_previous_next_number__3digits__normal_range,find previous next number | PreviousAndNext | Sequence | normal_range | 3 digits,find_previous_next_number__cfg_range3,,,,PreviousAndNext,Sequence,Horizontal,3,medium,normal_range,270-279,,,,,,,,,,,3,,1,64693,medium,0,,2026-04-28T13:03:17.397Z,2026-04-28T13:03:50.804Z,5,1,test_definition,False,24,12,272,,,,"[271, 273]","[271, 273]",,,,,,"{""maxNumberRange"": 3, ""numQuestions"": 3, ""requiredCorrectAnswersMinimumPercent"": 75}"
stu_1777023761898_3121,test_1777023978840_kask7x7,find_previous_next_number,0,2,sequential_thinking,1.0,previous_next_number,find_previous_next_number__3digits__normal_range,find previous next number | PreviousAndNext | Sequence | normal_range | 3 digits,find_previous_next_number__cfg_range3,,,,PreviousAndNext,Sequence,Horizontal,3,medium,normal_range,930-939,,,,,,,,,,,3,,1,33407,fast,0,,2026-04-28T13:03:17.397Z,2026-04-28T13:03:50.804Z,5,1,test_definition,False,24,12,936,,,,"[935, 937]","[935, 937]",,,,,,"{""maxNumberRange"": 3, ""numQuestions"": 3, ""requiredCorrectAnswersMinimumPercent"": 75}"
stu_1777023761898_3121,test_1777023978840_kask7x7,identify_place_value,0,0,number_sense,1.0,place_value_identification,identify_place_value__2digits__all_digits_distinct,identify place value | PlaceValue | PlaceValue | 2 digits,identify_place_value__cfg_range2,,,,PlaceValue,PlaceValue,Visual,2,easy,,,,,,,,all_digits_distinct,,,,,2,,1,14956,fast,0,,2026-04-28T12:54:09.034Z,2026-04-28T12:54:27.076Z,1,1,test_definition,False,42,11,,,,,"{""pos_0"": 5, ""pos_1"": 0}","{""pos_0"": 5, ""pos_1"": 0}",,,,,50,"{""maxNumberRange"": 2, ""numQuestions"": 4, ""requiredCorrectAnswersMinimumPercent"": 75}"
stu_1777023761898_3121,test_1777023978840_kask7x7,identify_place_value,0,1,number_sense,1.0,place_value_identification,identify_place_value__2digits__all_digits_distinct,identify place value | PlaceValue | PlaceValue | 2 digits,identify_place_value__cfg_range2,,,,PlaceValue,PlaceValue,Visual,2,easy,,,,,,,,all_digits_distinct,,,,,2,,1,15312,fast,0,,2026-04-28T12:54:09.034Z,2026-04-28T12:54:27.076Z,1,1,test_definition,False,42,11,,,,,"{""pos_0"": 7, ""pos_1"": 3}","{""pos_0"": 7, ""pos_1"": 3}",,,,,73,"{""maxNumberRange"": 2, ""numQuestions"": 4, ""requiredCorrectAnswersMinimumPercent"": 75}"
stu_1777023761898_3121,test_1777023978840_kask7x7,identify_place_value,0,2,number_sense,1.0,place_value_identification,identify_place_value__2digits__all_digits_distinct,identify place value | PlaceValue | PlaceValue | 2 digits,identify_place_value__cfg_range2,,,,PlaceValue,PlaceValue,Visual,2,easy,,,,,,,,all_digits_distinct,,,,,2,,1,16080,fast,0,,2026-04-28T12:54:09.034Z,2026-04-28T12:54:27.076Z,1,1,test_definition,False,42,11,,,,,"{""pos_0"": 5, ""pos_1"": 4}","{""pos_0"": 5, ""pos_1"": 4}",,,,,54,"{""maxNumberRange"": 2, ""numQuestions"": 4, ""requiredCorrectAnswersMinimumPercent"": 75}"
stu_1777023761898_3121,test_1777023978840_kask7x7,identify_place_value,0,3,number_sense,1.0,place_value_identification,identify_place_value__2digits__all_digits_distinct,identify place value | PlaceValue | PlaceValue | 2 digits,identify_place_value__cfg_range2,,,,PlaceValue,PlaceValue,Visual,2,easy,,,,,,,,all_digits_distinct,,,,,2,,1,18042,fast,0,,2026-04-28T12:54:09.034Z,2026-04-28T12:54:27.076Z,1,1,test_definition,False,42,11,,,,,"{""pos_0"": 9, ""pos_1"": 3}","{""pos_0"": 9, ""pos_1"": 3}",,,,,93,"{""maxNumberRange"": 2, ""numQuestions"": 4, ""requiredCorrectAnswersMinimumPercent"": 75}"
stu_1777023761898_3121,test_1777023978840_kask7x7,order_numbers,0,0,sequential_thinking,1.0,number_ordering,order_numbers__desc__seq2__2digits,order numbers | Ordering_desc | Ordering | desc | 2 digits | sequence 2,order_numbers__cfg_range2__maxseq7,,,,Ordering_desc,Ordering,Visual,2,easy,,,2.0,,desc,,,,,,,,2,,1,19007,fast,0,,2026-04-28T12:52:19.553Z,2026-04-28T12:53:22.582Z,0,1,test_definition,False,7,6,,,,,,,,"[28, 88]",,,,"{""maxNumberRange"": 2, ""maxNumbersInSequence"": 7, ""numQuestions"": 3, ""requiredCorrectAnswersMinimumPercent"": 75}"
stu_1777023761898_3121,test_1777023978840_kask7x7,order_numbers,0,1,sequential_thinking,1.0,number_ordering,order_numbers__asc__seq3__2digits,order numbers | Ordering_asc | Ordering | asc | 2 digits | sequence 3,order_numbers__cfg_range2__maxseq7,,,,Ordering_asc,Ordering,Visual,2,easy,,,3.0,,asc,,,,,,,,2,,1,23805,fast,0,,2026-04-28T12:52:19.553Z,2026-04-28T12:53:22.582Z,0,1,test_definition,False,6,6,,,,,,,,"[60, 52, 56]",,,,"{""maxNumberRange"": 2, ""maxNumbersInSequence"": 7, ""numQuestions"": 3, ""requiredCorrectAnswersMinimumPercent"": 75}"
stu_1777023761898_3121,test_1777023978840_kask7x7,order_numbers,0,2,sequential_thinking,1.0,number_ordering,order_numbers__asc__seq4__2digits,order numbers | Ordering_asc | Ordering | asc | 2 digits | sequence 4,order_numbers__cfg_range2__maxseq7,,,,Ordering_asc,Ordering,Visual,2,easy,,,4.0,,asc,,,,,,,,2,,1,20216,fast,0,,2026-04-28T12:52:19.553Z,2026-04-28T12:53:22.582Z,0,1,test_definition,True,3,3,,,,,,,,"[69, 67, 17, 81]",,,,"{""maxNumberRange"": 2, ""maxNumbersInSequence"": 7, ""numQuestions"": 3, ""requiredCorrectAnswersMinimumPercent"": 75}"
stu_1777023761898_3121,test_1777023978840_kask7x7,vertical_operations,0,0,arithmetic_fluency,1.0,vertical_operation_fluency,vertical_operations__SubtractionWithBorrow__4digits,vertical operations | SubtractionWithBorrow | Subtraction | VerticalOperation | 4 digits,vertical_operations__cfg_range4__ops_Addition-Subtraction__carryTrue__borrowTrue__mulstepFalse__divstepFalse,Subtraction,,,SubtractionWithBorrow,VerticalOperation,Vertical,4,hard,,,,,,,,,,,,,4,,1,146776,fast,0,,2026-04-28T12:55:55.551Z,2026-04-28T13:01:38.262Z,3,1,test_definition,False,7,5,2510 Subtraction 1521,,989,989,,,,,,,,"{""allowBorrow"": true, ""allowCarry"": true, ""allowMultiStepDiv"": false, ""allowMultiStepMul"": false, ""maxNumberRange"": 4, ""numOperations"": 2, ""operationsAllowed"": [""Addition"", ""Subtraction""], ""requiredCorrectAnswersMinimumPercent"": 75}"
stu_1777023761898_3121,test_1777023978840_kask7x7,vertical_operations,0,1,arithmetic_fluency,1.0,vertical_operation_fluency,vertical_operations__SubtractionWithBorrow__4digits,vertical operations | SubtractionWithBorrow | Subtraction | VerticalOperation | 4 digits,vertical_operations__cfg_range4__ops_Addition-Subtraction__carryTrue__borrowTrue__mulstepFalse__divstepFalse,Subtraction,,,SubtractionWithBorrow,VerticalOperation,Vertical,4,hard,,,,,,,,,,,,,4,,1,195935,fast,0,,2026-04-28T12:55:55.551Z,2026-04-28T13:01:38.262Z,3,1,test_definition,False,7,5,6282 Subtraction 6099,,183,183,,,,,,,,"{""allowBorrow"": true, ""allowCarry"": true, ""allowMultiStepDiv"": false, ""allowMultiStepMul"": false, ""maxNumberRange"": 4, ""numOperations"": 2, ""operationsAllowed"": [""Addition"", ""Subtraction""], ""requiredCorrectAnswersMinimumPercent"": 75}"
stu_1777023762111_459,test_1777023978840_kask7x7,choose_answer,0,0,arithmetic_fluency,0.6,operation_identification_from_context,choose_answer__Subtraction-Multiplication__MultiStepProblem__3digits__3options,choose answer | MultiStepProblem | Subtraction-Multiplication | MultiStepProblem | 3 digits,choose_answer__cfg_range3__ops_Addition-Subtraction-Multiplication-Division__options3,Subtraction-Multiplication,Subtraction-Multiplication,Subtraction-Multiplication,MultiStepProblem,MultiStepProblem,Horizontal,3,medium,,,,,,,,,3.0,,,,3,,1,14588,medium,0,,2026-04-24T10:57:22.748Z,2026-04-24T10:58:31.353Z,2,1,test_definition,False,11,8,أحمد لديه 150 درهمًا. اشترى 3 كتب، كل كتاب يكلف 40 درهمًا. كم تبقى معه؟,150 - (3 × 40),,,,,"[{""correct"": false, ""text"": ""150 - 40""}, {""correct"": true, ""text"": ""150 - (3 × 40)""}, {""correct"": false, ""text"": ""3 × 40""}]",,,,,"{""maxNumberRange"": 3, ""numOptions"": 3, ""numQuestions"": 5, ""operationsAllowed"": [""Addition"", ""Subtraction"", ""Multiplication"", ""Division""], ""requiredCorrectAnswersMinimumPercent"": 75}"
stu_1777023762111_459,test_1777023978840_kask7x7,choose_answer,0,0,number_sense,0.2,operation_identification_from_context,choose_answer__Subtraction-Multiplication__MultiStepProblem__3digits__3options,choose answer | MultiStepProblem | Subtraction-Multiplication | MultiStepProblem | 3 digits,choose_answer__cfg_range3__ops_Addition-Subtraction-Multiplication-Division__options3,Subtraction-Multiplication,Subtraction-Multiplication,Subtraction-Multiplication,MultiStepProblem,MultiStepProblem,Horizontal,3,medium,,,,,,,,,3.0,,,,3,,1,14588,medium,0,,2026-04-24T10:57:22.748Z,2026-04-24T10:58:31.353Z,2,1,test_definition,False,11,8,أحمد لديه 150 درهمًا. اشترى 3 كتب، كل كتاب يكلف 40 درهمًا. كم تبقى معه؟,150 - (3 × 40),,,,,"[{""correct"": false, ""text"": ""150 - 40""}, {""correct"": true, ""text"": ""150 - (3 × 40)""}, {""correct"": false, ""text"": ""3 × 40""}]",,,,,"{""maxNumberRange"": 3, ""numOptions"": 3, ""numQuestions"": 5, ""operationsAllowed"": [""Addition"", ""Subtraction"", ""Multiplication"", ""Division""], ""requiredCorrectAnswersMinimumPercent"": 75}"
stu_1777023762111_459,test_1777023978840_kask7x7,choose_answer,0,0,sequential_thinking,0.2,operation_identification_from_context,choose_answer__Subtraction-Multiplication__MultiStepProblem__3digits__3options,choose answer | MultiStepProblem | Subtraction-Multiplication | MultiStepProblem | 3 digits,choose_answer__cfg_range3__ops_Addition-Subtraction-Multiplication-Division__options3,Subtraction-Multiplication,Subtraction-Multiplication,Subtraction-Multiplication,MultiStepProblem,MultiStepProblem,Horizontal,3,medium,,,,,,,,,3.0,,,,3,,1,14588,medium,0,,2026-04-24T10:57:22.748Z,2026-04-24T10:58:31.353Z,2,1,test_definition,False,11,8,أحمد لديه 150 درهمًا. اشترى 3 كتب، كل كتاب يكلف 40 درهمًا. كم تبقى معه؟,150 - (3 × 40),,,,,"[{""correct"": false, ""text"": ""150 - 40""}, {""correct"": true, ""text"": ""150 - (3 × 40)""}, {""correct"": false, ""text"": ""3 × 40""}]",,,,,"{""maxNumberRange"": 3, ""numOptions"": 3, ""numQuestions"": 5, ""operationsAllowed"": [""Addition"", ""Subtraction"", ""Multiplication"", ""Division""], ""requiredCorrectAnswersMinimumPercent"": 75}"
stu_1777023762111_459,test_1777023978840_kask7x7,choose_answer,0,1,arithmetic_fluency,0.6,operation_identification_from_context,choose_answer__Subtraction__OneStepProblem__2digits__3options,choose answer | OneStepProblem | Subtraction | OneStepProblem | 2 digits,choose_answer__cfg_range3__ops_Addition-Subtraction-Multiplication-Division__options3,Subtraction,Subtraction,Subtraction,OneStepProblem,OneStepProblem,Horizontal,2,easy,,,,,,,,,3.0,,,,3,,0,7410,fast,0,ComputationError,2026-04-24T10:57:22.748Z,2026-04-24T10:58:31.353Z,2,1,test_definition,True,4,4,كانت عندك 10 تفاحات، أكلت 3. كم بقي؟,3 - 10,,,,,"[{""correct"": true, ""text"": ""10 - 3""}, {""correct"": false, ""text"": ""10 + 3""}, {""correct"": false, ""text"": ""3 - 10""}]",,,,,"{""maxNumberRange"": 3, ""numOptions"": 3, ""numQuestions"": 5, ""operationsAllowed"": [""Addition"", ""Subtraction"", ""Multiplication"", ""Division""], ""requiredCorrectAnswersMinimumPercent"": 75}"
stu_1777023762111_459,test_1777023978840_kask7x7,choose_answer,0,1,number_sense,0.2,operation_identification_from_context,choose_answer__Subtraction__OneStepProblem__2digits__3options,choose answer | OneStepProblem | Subtraction | OneStepProblem | 2 digits,choose_answer__cfg_range3__ops_Addition-Subtraction-Multiplication-Division__options3,Subtraction,Subtraction,Subtraction,OneStepProblem,OneStepProblem,Horizontal,2,easy,,,,,,,,,3.0,,,,3,,0,7410,fast,0,ComputationError,2026-04-24T10:57:22.748Z,2026-04-24T10:58:31.353Z,2,1,test_definition,True,4,4,كانت عندك 10 تفاحات، أكلت 3. كم بقي؟,3 - 10,,,,,"[{""correct"": true, ""text"": ""10 - 3""}, {""correct"": false, ""text"": ""10 + 3""}, {""correct"": false, ""text"": ""3 - 10""}]",,,,,"{""maxNumberRange"": 3, ""numOptions"": 3, ""numQuestions"": 5, ""operationsAllowed"": [""Addition"", ""Subtraction"", ""Multiplication"", ""Division""], ""requiredCorrectAnswersMinimumPercent"": 75}"
stu_1777023762111_459,test_1777023978840_kask7x7,choose_answer,0,1,sequential_thinking,0.2,operation_identification_from_context,choose_answer__Subtraction__OneStepProblem__2digits__3options,choose answer | OneStepProblem | Subtraction | OneStepProblem | 2 digits,choose_answer__cfg_range3__ops_Addition-Subtraction-Multiplication-Division__options3,Subtraction,Subtraction,Subtraction,OneStepProblem,OneStepProblem,Horizontal,2,easy,,,,,,,,,3.0,,,,3,,0,7410,fast,0,ComputationError,2026-04-24T10:57:22.748Z,2026-04-24T10:58:31.353Z,2,1,test_definition,True,4,4,كانت عندك 10 تفاحات، أكلت 3. كم بقي؟,3 - 10,,,,,"[{""correct"": true, ""text"": ""10 - 3""}, {""correct"": false, ""text"": ""10 + 3""}, {""correct"": false, ""text"": ""3 - 10""}]",,,,,"{""maxNumberRange"": 3, ""numOptions"": 3, ""numQuestions"": 5, ""operationsAllowed"": [""Addition"", ""Subtraction"", ""Multiplication"", ""Division""], ""requiredCorrectAnswersMinimumPercent"": 75}"
stu_1777023762111_459,test_1777023978840_kask7x7,choose_answer,0,2,arithmetic_fluency,0.6,operation_identification_from_context,choose_answer__Multiplication__OneStepProblem__2digits__3options,choose answer | OneStepProblem | Multiplication | OneStepProblem | 2 digits,choose_answer__cfg_range3__ops_Addition-Subtraction-Multiplication-Division__options3,Multiplication,Multiplication,Multiplication,OneStepProblem,OneStepProblem,Horizontal,2,easy,,,,,,,,,3.0,,,,3,,1,23675,slow,1,,2026-04-24T10:57:22.748Z,2026-04-24T10:58:31.353Z,2,1,test_definition,False,36,12,أشترت مريم 3 كتب، كل كتاب يكلف 40 درهما. كم دفعت مريم في المجمل؟,3 × 40,,,,,"[{""correct"": true, ""text"": ""3 × 40""}, {""correct"": false, ""text"": ""120 - 40""}, {""correct"": false, ""text"": ""3 + 40""}]",,,,,"{""maxNumberRange"": 3, ""numOptions"": 3, ""numQuestions"": 5, ""operationsAllowed"": [""Addition"", ""Subtraction"", ""Multiplication"", ""Division""], ""requiredCorrectAnswersMinimumPercent"": 75}"
stu_1777023762111_459,test_1777023978840_kask7x7,choose_answer,0,2,number_sense,0.2,operation_identification_from_context,choose_answer__Multiplication__OneStepProblem__2digits__3options,choose answer | OneStepProblem | Multiplication | OneStepProblem | 2 digits,choose_answer__cfg_range3__ops_Addition-Subtraction-Multiplication-Division__options3,Multiplication,Multiplication,Multiplication,OneStepProblem,OneStepProblem,Horizontal,2,easy,,,,,,,,,3.0,,,,3,,1,23675,slow,1,,2026-04-24T10:57:22.748Z,2026-04-24T10:58:31.353Z,2,1,test_definition,False,36,12,أشترت مريم 3 كتب، كل كتاب يكلف 40 درهما. كم دفعت مريم في المجمل؟,3 × 40,,,,,"[{""correct"": true, ""text"": ""3 × 40""}, {""correct"": false, ""text"": ""120 - 40""}, {""correct"": false, ""text"": ""3 + 40""}]",,,,,"{""maxNumberRange"": 3, ""numOptions"": 3, ""numQuestions"": 5, ""operationsAllowed"": [""Addition"", ""Subtraction"", ""Multiplication"", ""Division""], ""requiredCorrectAnswersMinimumPercent"": 75}"
stu_1777023762111_459,test_1777023978840_kask7x7,choose_answer,0,2,sequential_thinking,0.2,operation_identification_from_context,choose_answer__Multiplication__OneStepProblem__2digits__3options,choose answer | OneStepProblem | Multiplication | OneStepProblem | 2 digits,choose_answer__cfg_range3__ops_Addition-Subtraction-Multiplication-Division__options3,Multiplication,Multiplication,Multiplication,OneStepProblem,OneStepProblem,Horizontal,2,easy,,,,,,,,,3.0,,,,3,,1,23675,slow,1,,2026-04-24T10:57:22.748Z,2026-04-24T10:58:31.353Z,2,1,test_definition,False,36,12,أشترت مريم 3 كتب، كل كتاب يكلف 40 درهما. كم دفعت مريم في المجمل؟,3 × 40,,,,,"[{""correct"": true, ""text"": ""3 × 40""}, {""correct"": false, ""text"": ""120 - 40""}, {""correct"": false, ""text"": ""3 + 40""}]",,,,,"{""maxNumberRange"": 3, ""numOptions"": 3, ""numQuestions"": 5, ""operationsAllowed"": [""Addition"", ""Subtraction"", ""Multiplication"", ""Division""], ""requiredCorrectAnswersMinimumPercent"": 75}"
stu_1777023762111_459,test_1777023978840_kask7x7,choose_answer,0,3,arithmetic_fluency,0.6,operation_identification_from_context,choose_answer__Subtraction__OneStepProblem__3digits__3options,choose answer | OneStepProblem | Subtraction | OneStepProblem | 3 digits,choose_answer__cfg_range3__ops_Addition-Subtraction-Multiplication-Division__options3,Subtraction,Subtraction,Subtraction,OneStepProblem,OneStepProblem,Horizontal,3,medium,,,,,,,,,3.0,,,,3,,1,10362,medium,0,,2026-04-24T10:57:22.748Z,2026-04-24T10:58:31.353Z,2,1,test_definition,True,4,4,لدى أحمد 120 درهما، وأعطى 50 درهما لصديقه. كم تبقى لديه؟,120 - 50,,,,,"[{""correct"": false, ""text"": ""50 × 120""}, {""correct"": true, ""text"": ""120 - 50""}, {""correct"": false, ""text"": ""120 + 50""}]",,,,,"{""maxNumberRange"": 3, ""numOptions"": 3, ""numQuestions"": 5, ""operationsAllowed"": [""Addition"", ""Subtraction"", ""Multiplication"", ""Division""], ""requiredCorrectAnswersMinimumPercent"": 75}"
stu_1777023762111_459,test_1777023978840_kask7x7,choose_answer,0,3,number_sense,0.2,operation_identification_from_context,choose_answer__Subtraction__OneStepProblem__3digits__3options,choose answer | OneStepProblem | Subtraction | OneStepProblem | 3 digits,choose_answer__cfg_range3__ops_Addition-Subtraction-Multiplication-Division__options3,Subtraction,Subtraction,Subtraction,OneStepProblem,OneStepProblem,Horizontal,3,medium,,,,,,,,,3.0,,,,3,,1,10362,medium,0,,2026-04-24T10:57:22.748Z,2026-04-24T10:58:31.353Z,2,1,test_definition,True,4,4,لدى أحمد 120 درهما، وأعطى 50 درهما لصديقه. كم تبقى لديه؟,120 - 50,,,,,"[{""correct"": false, ""text"": ""50 × 120""}, {""correct"": true, ""text"": ""120 - 50""}, {""correct"": false, ""text"": ""120 + 50""}]",,,,,"{""maxNumberRange"": 3, ""numOptions"": 3, ""numQuestions"": 5, ""operationsAllowed"": [""Addition"", ""Subtraction"", ""Multiplication"", ""Division""], ""requiredCorrectAnswersMinimumPercent"": 75}"
stu_1777023762111_459,test_1777023978840_kask7x7,choose_answer,0,3,sequential_thinking,0.2,operation_identification_from_context,choose_answer__Subtraction__OneStepProblem__3digits__3options,choose answer | OneStepProblem | Subtraction | OneStepProblem | 3 digits,choose_answer__cfg_range3__ops_Addition-Subtraction-Multiplication-Division__options3,Subtraction,Subtraction,Subtraction,OneStepProblem,OneStepProblem,Horizontal,3,medium,,,,,,,,,3.0,,,,3,,1,10362,medium,0,,2026-04-24T10:57:22.748Z,2026-04-24T10:58:31.353Z,2,1,test_definition,True,4,4,لدى أحمد 120 درهما، وأعطى 50 درهما لصديقه. كم تبقى لديه؟,120 - 50,,,,,"[{""correct"": false, ""text"": ""50 × 120""}, {""correct"": true, ""text"": ""120 - 50""}, {""correct"": false, ""text"": ""120 + 50""}]",,,,,"{""maxNumberRange"": 3, ""numOptions"": 3, ""numQuestions"": 5, ""operationsAllowed"": [""Addition"", ""Subtraction"", ""Multiplication"", ""Division""], ""requiredCorrectAnswersMinimumPercent"": 75}"
stu_1777023762111_459,test_1777023978840_kask7x7,choose_answer,0,4,arithmetic_fluency,0.6,operation_identification_from_context,choose_answer__Addition__OneStepProblem__2digits__3options,choose answer | OneStepProblem | Addition | OneStepProblem | 2 digits,choose_answer__cfg_range3__ops_Addition-Subtraction-Multiplication-Division__options3,Addition,Addition,Addition,OneStepProblem,OneStepProblem,Horizontal,2,easy,,,,,,,,,3.0,,,,3,,1,12563,medium,0,,2026-04-24T10:57:22.748Z,2026-04-24T10:58:31.353Z,2,1,test_definition,False,14,8,تملك سلوى 30 درهما ومنحها أبوها 20 درهما. كم أصبح لدى سلوى من درهم؟,30 + 20,,,,,"[{""correct"": false, ""text"": ""50 - 20""}, {""correct"": false, ""text"": ""30 - 20""}, {""correct"": true, ""text"": ""30 + 20""}]",,,,,"{""maxNumberRange"": 3, ""numOptions"": 3, ""numQuestions"": 5, ""operationsAllowed"": [""Addition"", ""Subtraction"", ""Multiplication"", ""Division""], ""requiredCorrectAnswersMinimumPercent"": 75}"
stu_1777023762111_459,test_1777023978840_kask7x7,choose_answer,0,4,number_sense,0.2,operation_identification_from_context,choose_answer__Addition__OneStepProblem__2digits__3options,choose answer | OneStepProblem | Addition | OneStepProblem | 2 digits,choose_answer__cfg_range3__ops_Addition-Subtraction-Multiplication-Division__options3,Addition,Addition,Addition,OneStepProblem,OneStepProblem,Horizontal,2,easy,,,,,,,,,3.0,,,,3,,1,12563,medium,0,,2026-04-24T10:57:22.748Z,2026-04-24T10:58:31.353Z,2,1,test_definition,False,14,8,تملك سلوى 30 درهما ومنحها أبوها 20 درهما. كم أصبح لدى سلوى من درهم؟,30 + 20,,,,,"[{""correct"": false, ""text"": ""50 - 20""}, {""correct"": false, ""text"": ""30 - 20""}, {""correct"": true, ""text"": ""30 + 20""}]",,,,,"{""maxNumberRange"": 3, ""numOptions"": 3, ""numQuestions"": 5, ""operationsAllowed"": [""Addition"", ""Subtraction"", ""Multiplication"", ""Division""], ""requiredCorrectAnswersMinimumPercent"": 75}"
stu_1777023762111_459,test_1777023978840_kask7x7,choose_answer,0,4,sequential_thinking,0.2,operation_identification_from_context,choose_answer__Addition__OneStepProblem__2digits__3options,choose answer | OneStepProblem | Addition | OneStepProblem | 2 digits,choose_answer__cfg_range3__ops_Addition-Subtraction-Multiplication-Division__options3,Addition,Addition,Addition,OneStepProblem,OneStepProblem,Horizontal,2,easy,,,,,,,,,3.0,,,,3,,1,12563,medium,0,,2026-04-24T10:57:22.748Z,2026-04-24T10:58:31.353Z,2,1,test_definition,False,14,8,تملك سلوى 30 درهما ومنحها أبوها 20 درهما. كم أصبح لدى سلوى من درهم؟,30 + 20,,,,,"[{""correct"": false, ""text"": ""50 - 20""}, {""correct"": false, ""text"": ""30 - 20""}, {""correct"": true, ""text"": ""30 + 20""}]",,,,,"{""maxNumberRange"": 3, ""numOptions"": 3, ""numQuestions"": 5, ""operationsAllowed"": [""Addition"", ""Subtraction"", ""Multiplication"", ""Division""], ""requiredCorrectAnswersMinimumPercent"": 75}"
stu_1777023762111_459,test_1777023978840_kask7x7,compare_numbers,0,0,comparison_skill,1.0,number_comparison,compare_numbers__Greater__3digits,compare numbers | Greater | Comparison | Greater | 3 digits,compare_numbers__cfg_range3,,,,Greater,Comparison,Horizontal,3,medium,,,,Greater,,,,,,,,,3,,1,8243,fast,0,,2026-04-24T11:01:09.141Z,2026-04-24T11:01:32.214Z,6,1,test_definition,False,13,13,,,,,,,,,708,119,,"{""maxNumberRange"": 3, ""numQuestions"": 3, ""requiredCorrectAnswersMinimumPercent"": 75}"
stu_1777023762111_459,test_1777023978840_kask7x7,compare_numbers,0,1,comparison_skill,1.0,number_comparison,compare_numbers__Less__3digits,compare numbers | Less | Comparison | Less | 3 digits,compare_numbers__cfg_range3,,,,Less,Comparison,Horizontal,3,medium,,,,Less,,,,,,,,,3,,1,8523,fast,0,,2026-04-24T11:01:09.141Z,2026-04-24T11:01:32.214Z,6,1,test_definition,False,13,13,,,,,,,,,574,655,,"{""maxNumberRange"": 3, ""numQuestions"": 3, ""requiredCorrectAnswersMinimumPercent"": 75}"
stu_1777023762111_459,test_1777023978840_kask7x7,compare_numbers,0,2,comparison_skill,1.0,number_comparison,compare_numbers__Equal__3digits,compare numbers | Equal | Comparison | Equal | 3 digits,compare_numbers__cfg_range3,,,,Equal,Comparison,Horizontal,3,medium,,,,Equal,,,,,,,,,3,,1,6291,fast,0,,2026-04-24T11:01:09.141Z,2026-04-24T11:01:32.214Z,6,1,test_definition,False,13,13,,,,,,,,,354,354,,"{""maxNumberRange"": 3, ""numQuestions"": 3, ""requiredCorrectAnswersMinimumPercent"": 75}"
stu_1777023762111_459,test_1777023978840_kask7x7,find_previous_next_number,0,0,sequential_thinking,1.0,previous_next_number,find_previous_next_number__2digits__normal_range,find previous next number | PreviousAndNext | Sequence | normal_range | 2 digits,find_previous_next_number__cfg_range3,,,,PreviousAndNext,Sequence,Horizontal,2,easy,normal_range,30-39,,,,,,,,,,,3,,1,19046,fast,0,,2026-04-24T11:00:43.682Z,2026-04-24T11:01:08.925Z,5,1,test_definition,False,10,7,34,,,,"[33, 35]","[33, 35]",,,,,,"{""maxNumberRange"": 3, ""numQuestions"": 3, ""requiredCorrectAnswersMinimumPercent"": 75}"
stu_1777023762111_459,test_1777023978840_kask7x7,find_previous_next_number,0,1,sequential_thinking,1.0,previous_next_number,find_previous_next_number__3digits__normal_range,find previous next number | PreviousAndNext | Sequence | normal_range | 3 digits,find_previous_next_number__cfg_range3,,,,PreviousAndNext,Sequence,Horizontal,3,medium,normal_range,850-859,,,,,,,,,,,3,,1,19137,fast,0,,2026-04-24T11:00:43.682Z,2026-04-24T11:01:08.925Z,5,1,test_definition,False,24,12,854,,,,"[853, 855]","[853, 855]",,,,,,"{""maxNumberRange"": 3, ""numQuestions"": 3, ""requiredCorrectAnswersMinimumPercent"": 75}"
stu_1777023762111_459,test_1777023978840_kask7x7,find_previous_next_number,0,2,sequential_thinking,1.0,previous_next_number,find_previous_next_number__3digits__normal_range,find previous next number | PreviousAndNext | Sequence | normal_range | 3 digits,find_previous_next_number__cfg_range3,,,,PreviousAndNext,Sequence,Horizontal,3,medium,normal_range,700-709,,,,,,,,,,,3,,1,25237,fast,0,,2026-04-24T11:00:43.682Z,2026-04-24T11:01:08.925Z,5,1,test_definition,False,24,12,707,,,,"[706, 708]","[706, 708]",,,,,,"{""maxNumberRange"": 3, ""numQuestions"": 3, ""requiredCorrectAnswersMinimumPercent"": 75}"
stu_1777023762111_459,test_1777023978840_kask7x7,identify_place_value,0,0,number_sense,1.0,place_value_identification,identify_place_value__2digits__all_digits_distinct,identify place value | PlaceValue | PlaceValue | 2 digits,identify_place_value__cfg_range2,,,,PlaceValue,PlaceValue,Visual,2,easy,,,,,,,,all_digits_distinct,,,,,2,,1,11192,fast,0,,2026-04-24T10:57:09.234Z,2026-04-24T10:57:22.528Z,1,1,test_definition,False,42,11,,,,,"{""pos_0"": 9, ""pos_1"": 7}","{""pos_0"": 9, ""pos_1"": 7}",,,,,97,"{""maxNumberRange"": 2, ""numQuestions"": 4, ""requiredCorrectAnswersMinimumPercent"": 75}"
stu_1777023762111_459,test_1777023978840_kask7x7,identify_place_value,0,1,number_sense,1.0,place_value_identification,identify_place_value__2digits__all_digits_distinct,identify place value | PlaceValue | PlaceValue | 2 digits,identify_place_value__cfg_range2,,,,PlaceValue,PlaceValue,Visual,2,easy,,,,,,,,all_digits_distinct,,,,,2,,1,10003,fast,0,,2026-04-24T10:57:09.234Z,2026-04-24T10:57:22.528Z,1,1,test_definition,False,42,11,,,,,"{""pos_0"": 4, ""pos_1"": 1}","{""pos_0"": 4, ""pos_1"": 1}",,,,,41,"{""maxNumberRange"": 2, ""numQuestions"": 4, ""requiredCorrectAnswersMinimumPercent"": 75}"
stu_1777023762111_459,test_1777023978840_kask7x7,identify_place_value,0,2,number_sense,1.0,place_value_identification,identify_place_value__2digits__all_digits_distinct,identify place value | PlaceValue | PlaceValue | 2 digits,identify_place_value__cfg_range2,,,,PlaceValue,PlaceValue,Visual,2,easy,,,,,,,,all_digits_distinct,,,,,2,,1,15622,fast,0,,2026-04-24T10:57:09.234Z,2026-04-24T10:57:22.528Z,1,1,test_definition,False,42,11,,,,,"{""pos_0"": 9, ""pos_1"": 2}","{""pos_0"": 9, ""pos_1"": 2}",,,,,92,"{""maxNumberRange"": 2, ""numQuestions"": 4, ""requiredCorrectAnswersMinimumPercent"": 75}"
stu_1777023762111_459,test_1777023978840_kask7x7,identify_place_value,0,3,number_sense,1.0,place_value_identification,identify_place_value__2digits__all_digits_distinct,identify place value | PlaceValue | PlaceValue | 2 digits,identify_place_value__cfg_range2,,,,PlaceValue,PlaceValue,Visual,2,easy,,,,,,,,all_digits_distinct,,,,,2,,1,13286,fast,0,,2026-04-24T10:57:09.234Z,2026-04-24T10:57:22.528Z,1,1,test_definition,False,42,11,,,,,"{""pos_0"": 8, ""pos_1"": 0}","{""pos_0"": 8, ""pos_1"": 0}",,,,,80,"{""maxNumberRange"": 2, ""numQuestions"": 4, ""requiredCorrectAnswersMinimumPercent"": 75}"
stu_1777023762111_459,test_1777023978840_kask7x7,order_numbers,0,0,sequential_thinking,1.0,number_ordering,order_numbers__desc__seq2__2digits,order numbers | Ordering_desc | Ordering | desc | 2 digits | sequence 2,order_numbers__cfg_range2__maxseq7,,,,Ordering_desc,Ordering,Visual,2,easy,,,2.0,,desc,,,,,,,,2,,1,42948,fast,0,,2026-04-24T10:54:42.549Z,2026-04-24T10:56:32.143Z,0,1,test_definition,False,7,6,,,,,,,,"[50, 39]",,,,"{""maxNumberRange"": 2, ""maxNumbersInSequence"": 7, ""numQuestions"": 3, ""requiredCorrectAnswersMinimumPercent"": 75}"
stu_1777023762111_459,test_1777023978840_kask7x7,order_numbers,0,1,sequential_thinking,1.0,number_ordering,order_numbers__asc__seq7__2digits,order numbers | Ordering_asc | Ordering | asc | 2 digits | sequence 7,order_numbers__cfg_range2__maxseq7,,,,Ordering_asc,Ordering,Visual,2,easy,,,7.0,,asc,,,,,,,,2,,1,56407,fast,0,,2026-04-24T10:54:42.549Z,2026-04-24T10:56:32.143Z,0,1,test_definition,True,4,4,,,,,,,,"[41, 53, 73, 87, 64, 48, 95]",,,,"{""maxNumberRange"": 2, ""maxNumbersInSequence"": 7, ""numQuestions"": 3, ""requiredCorrectAnswersMinimumPercent"": 75}"
stu_1777023762111_459,test_1777023978840_kask7x7,order_numbers,0,2,sequential_thinking,1.0,number_ordering,order_numbers__asc__seq3__2digits,order numbers | Ordering_asc | Ordering | asc | 2 digits | sequence 3,order_numbers__cfg_range2__maxseq7,,,,Ordering_asc,Ordering,Visual,2,easy,,,3.0,,asc,,,,,,,,2,,1,10175,fast,0,,2026-04-24T10:54:42.549Z,2026-04-24T10:56:32.143Z,0,1,test_definition,False,6,6,,,,,,,,"[12, 49, 47]",,,,"{""maxNumberRange"": 2, ""maxNumbersInSequence"": 7, ""numQuestions"": 3, ""requiredCorrectAnswersMinimumPercent"": 75}"
stu_1777023762111_459,test_1777023978840_kask7x7,vertical_operations,0,0,arithmetic_fluency,1.0,vertical_operation_fluency,vertical_operations__AdditionWithCarry__5digits,vertical operations | AdditionWithCarry | Addition | VerticalOperation | 5 digits,vertical_operations__cfg_range4__ops_Addition-Subtraction__carryTrue__borrowTrue__mulstepFalse__divstepFalse,Addition,,,AdditionWithCarry,VerticalOperation,Vertical,5,hard,,,,,,,,,,,,,4,,1,57982,fast,0,,2026-04-24T10:58:31.516Z,2026-04-24T11:00:05.467Z,3,1,test_definition,False,6,5,6761 Addition 7235,,13996,13996,,,,,,,,"{""allowBorrow"": true, ""allowCarry"": true, ""allowMultiStepDiv"": false, ""allowMultiStepMul"": false, ""maxNumberRange"": 4, ""numOperations"": 2, ""operationsAllowed"": [""Addition"", ""Subtraction""], ""requiredCorrectAnswersMinimumPercent"": 75}"
stu_1777023762111_459,test_1777023978840_kask7x7,vertical_operations,0,1,arithmetic_fluency,1.0,vertical_operation_fluency,vertical_operations__AdditionWithCarry__5digits,vertical operations | AdditionWithCarry | Addition | VerticalOperation | 5 digits,vertical_operations__cfg_range4__ops_Addition-Subtraction__carryTrue__borrowTrue__mulstepFalse__divstepFalse,Addition,,,AdditionWithCarry,VerticalOperation,Vertical,5,hard,,,,,,,,,,,,,4,,1,35969,fast,0,,2026-04-24T10:58:31.516Z,2026-04-24T11:00:05.467Z,3,1,test_definition,False,6,5,8793 Addition 5014,,13807,13807,,,,,,,,"{""allowBorrow"": true, ""allowCarry"": true, ""allowMultiStepDiv"": false, ""allowMultiStepMul"": false, ""maxNumberRange"": 4, ""numOperations"": 2, ""operationsAllowed"": [""Addition"", ""Subtraction""], ""requiredCorrectAnswersMinimumPercent"": 75}"
stu_1777023762305_6832,test_1777023978840_kask7x7,choose_answer,0,0,arithmetic_fluency,0.6,operation_identification_from_context,choose_answer__Subtraction-Multiplication__MultiStepProblem__3digits__3options,choose answer | MultiStepProblem | Subtraction-Multiplication | MultiStepProblem | 3 digits,choose_answer__cfg_range3__ops_Addition-Subtraction-Multiplication-Division__options3,Subtraction-Multiplication,Subtraction-Multiplication,Subtraction,MultiStepProblem,MultiStepProblem,Horizontal,3,medium,,,,,,,,,3.0,,,,3,,0,7253,fast,0,MisidentifiedOperation,2026-04-24T10:45:52.871Z,2026-04-24T10:46:36.548Z,2,1,test_definition,False,11,8,أحمد لديه 150 درهمًا. اشترى 3 كتب، كل كتاب يكلف 40 درهمًا. كم تبقى معه؟,150 - 40,,,,,"[{""correct"": true, ""text"": ""150 - (3 × 40)""}, {""correct"": false, ""text"": ""3 × 40""}, {""correct"": false, ""text"": ""150 - 40""}]",,,,,"{""maxNumberRange"": 3, ""numOptions"": 3, ""numQuestions"": 5, ""operationsAllowed"": [""Addition"", ""Subtraction"", ""Multiplication"", ""Division""], ""requiredCorrectAnswersMinimumPercent"": 75}"
stu_1777023762305_6832,test_1777023978840_kask7x7,choose_answer,0,0,number_sense,0.2,operation_identification_from_context,choose_answer__Subtraction-Multiplication__MultiStepProblem__3digits__3options,choose answer | MultiStepProblem | Subtraction-Multiplication | MultiStepProblem | 3 digits,choose_answer__cfg_range3__ops_Addition-Subtraction-Multiplication-Division__options3,Subtraction-Multiplication,Subtraction-Multiplication,Subtraction,MultiStepProblem,MultiStepProblem,Horizontal,3,medium,,,,,,,,,3.0,,,,3,,0,7253,fast,0,MisidentifiedOperation,2026-04-24T10:45:52.871Z,2026-04-24T10:46:36.548Z,2,1,test_definition,False,11,8,أحمد لديه 150 درهمًا. اشترى 3 كتب، كل كتاب يكلف 40 درهمًا. كم تبقى معه؟,150 - 40,,,,,"[{""correct"": true, ""text"": ""150 - (3 × 40)""}, {""correct"": false, ""text"": ""3 × 40""}, {""correct"": false, ""text"": ""150 - 40""}]",,,,,"{""maxNumberRange"": 3, ""numOptions"": 3, ""numQuestions"": 5, ""operationsAllowed"": [""Addition"", ""Subtraction"", ""Multiplication"", ""Division""], ""requiredCorrectAnswersMinimumPercent"": 75}"
stu_1777023762305_6832,test_1777023978840_kask7x7,choose_answer,0,0,sequential_thinking,0.2,operation_identification_from_context,choose_answer__Subtraction-Multiplication__MultiStepProblem__3digits__3options,choose answer | MultiStepProblem | Subtraction-Multiplication | MultiStepProblem | 3 digits,choose_answer__cfg_range3__ops_Addition-Subtraction-Multiplication-Division__options3,Subtraction-Multiplication,Subtraction-Multiplication,Subtraction,MultiStepProblem,MultiStepProblem,Horizontal,3,medium,,,,,,,,,3.0,,,,3,,0,7253,fast,0,MisidentifiedOperation,2026-04-24T10:45:52.871Z,2026-04-24T10:46:36.548Z,2,1,test_definition,False,11,8,أحمد لديه 150 درهمًا. اشترى 3 كتب، كل كتاب يكلف 40 درهمًا. كم تبقى معه؟,150 - 40,,,,,"[{""correct"": true, ""text"": ""150 - (3 × 40)""}, {""correct"": false, ""text"": ""3 × 40""}, {""correct"": false, ""text"": ""150 - 40""}]",,,,,"{""maxNumberRange"": 3, ""numOptions"": 3, ""numQuestions"": 5, ""operationsAllowed"": [""Addition"", ""Subtraction"", ""Multiplication"", ""Division""], ""requiredCorrectAnswersMinimumPercent"": 75}"
stu_1777023762305_6832,test_1777023978840_kask7x7,choose_answer,0,1,arithmetic_fluency,0.6,operation_identification_from_context,choose_answer__Addition__OneStepProblem__2digits__3options,choose answer | OneStepProblem | Addition | OneStepProblem | 2 digits,choose_answer__cfg_range3__ops_Addition-Subtraction-Multiplication-Division__options3,Addition,Addition,Addition,OneStepProblem,OneStepProblem,Horizontal,2,easy,,,,,,,,,3.0,,,,3,,1,7197,fast,0,,2026-04-24T10:45:52.871Z,2026-04-24T10:46:36.548Z,2,1,test_definition,False,14,8,في مزرعة هناك 20 دجاجة. إذا وضعت 5 دجاجات أخرى. كم دجاجة في المجموع؟,20 + 5,,,,,"[{""correct"": false, ""text"": ""5 × 20""}, {""correct"": true, ""text"": ""20 + 5""}, {""correct"": false, ""text"": ""20 - 5""}]",,,,,"{""maxNumberRange"": 3, ""numOptions"": 3, ""numQuestions"": 5, ""operationsAllowed"": [""Addition"", ""Subtraction"", ""Multiplication"", ""Division""], ""requiredCorrectAnswersMinimumPercent"": 75}"
stu_1777023762305_6832,test_1777023978840_kask7x7,choose_answer,0,1,number_sense,0.2,operation_identification_from_context,choose_answer__Addition__OneStepProblem__2digits__3options,choose answer | OneStepProblem | Addition | OneStepProblem | 2 digits,choose_answer__cfg_range3__ops_Addition-Subtraction-Multiplication-Division__options3,Addition,Addition,Addition,OneStepProblem,OneStepProblem,Horizontal,2,easy,,,,,,,,,3.0,,,,3,,1,7197,fast,0,,2026-04-24T10:45:52.871Z,2026-04-24T10:46:36.548Z,2,1,test_definition,False,14,8,في مزرعة هناك 20 دجاجة. إذا وضعت 5 دجاجات أخرى. كم دجاجة في المجموع؟,20 + 5,,,,,"[{""correct"": false, ""text"": ""5 × 20""}, {""correct"": true, ""text"": ""20 + 5""}, {""correct"": false, ""text"": ""20 - 5""}]",,,,,"{""maxNumberRange"": 3, ""numOptions"": 3, ""numQuestions"": 5, ""operationsAllowed"": [""Addition"", ""Subtraction"", ""Multiplication"", ""Division""], ""requiredCorrectAnswersMinimumPercent"": 75}"
stu_1777023762305_6832,test_1777023978840_kask7x7,choose_answer,0,1,sequential_thinking,0.2,operation_identification_from_context,choose_answer__Addition__OneStepProblem__2digits__3options,choose answer | OneStepProblem | Addition | OneStepProblem | 2 digits,choose_answer__cfg_range3__ops_Addition-Subtraction-Multiplication-Division__options3,Addition,Addition,Addition,OneStepProblem,OneStepProblem,Horizontal,2,easy,,,,,,,,,3.0,,,,3,,1,7197,fast,0,,2026-04-24T10:45:52.871Z,2026-04-24T10:46:36.548Z,2,1,test_definition,False,14,8,في مزرعة هناك 20 دجاجة. إذا وضعت 5 دجاجات أخرى. كم دجاجة في المجموع؟,20 + 5,,,,,"[{""correct"": false, ""text"": ""5 × 20""}, {""correct"": true, ""text"": ""20 + 5""}, {""correct"": false, ""text"": ""20 - 5""}]",,,,,"{""maxNumberRange"": 3, ""numOptions"": 3, ""numQuestions"": 5, ""operationsAllowed"": [""Addition"", ""Subtraction"", ""Multiplication"", ""Division""], ""requiredCorrectAnswersMinimumPercent"": 75}"
stu_1777023762305_6832,test_1777023978840_kask7x7,choose_answer,0,2,arithmetic_fluency,0.6,operation_identification_from_context,choose_answer__Addition__OneStepProblem__2digits__3options,choose answer | OneStepProblem | Addition | OneStepProblem | 2 digits,choose_answer__cfg_range3__ops_Addition-Subtraction-Multiplication-Division__options3,Addition,Addition,Addition,OneStepProblem,OneStepProblem,Horizontal,2,easy,,,,,,,,,3.0,,,,3,,1,3019,fast,0,,2026-04-24T10:45:52.871Z,2026-04-24T10:46:36.548Z,2,1,test_definition,False,14,8,في حديقة هناك 45 شجرة، زرعوا 12 شجرة أخرى. كم عدد الأشجار في الحديقة الآن؟,45 + 12,,,,,"[{""correct"": false, ""text"": ""12 × 45""}, {""correct"": true, ""text"": ""45 + 12""}, {""correct"": false, ""text"": ""57 - 12""}]",,,,,"{""maxNumberRange"": 3, ""numOptions"": 3, ""numQuestions"": 5, ""operationsAllowed"": [""Addition"", ""Subtraction"", ""Multiplication"", ""Division""], ""requiredCorrectAnswersMinimumPercent"": 75}"
stu_1777023762305_6832,test_1777023978840_kask7x7,choose_answer,0,2,number_sense,0.2,operation_identification_from_context,choose_answer__Addition__OneStepProblem__2digits__3options,choose answer | OneStepProblem | Addition | OneStepProblem | 2 digits,choose_answer__cfg_range3__ops_Addition-Subtraction-Multiplication-Division__options3,Addition,Addition,Addition,OneStepProblem,OneStepProblem,Horizontal,2,easy,,,,,,,,,3.0,,,,3,,1,3019,fast,0,,2026-04-24T10:45:52.871Z,2026-04-24T10:46:36.548Z,2,1,test_definition,False,14,8,في حديقة هناك 45 شجرة، زرعوا 12 شجرة أخرى. كم عدد الأشجار في الحديقة الآن؟,45 + 12,,,,,"[{""correct"": false, ""text"": ""12 × 45""}, {""correct"": true, ""text"": ""45 + 12""}, {""correct"": false, ""text"": ""57 - 12""}]",,,,,"{""maxNumberRange"": 3, ""numOptions"": 3, ""numQuestions"": 5, ""operationsAllowed"": [""Addition"", ""Subtraction"", ""Multiplication"", ""Division""], ""requiredCorrectAnswersMinimumPercent"": 75}"
stu_1777023762305_6832,test_1777023978840_kask7x7,choose_answer,0,2,sequential_thinking,0.2,operation_identification_from_context,choose_answer__Addition__OneStepProblem__2digits__3options,choose answer | OneStepProblem | Addition | OneStepProblem | 2 digits,choose_answer__cfg_range3__ops_Addition-Subtraction-Multiplication-Division__options3,Addition,Addition,Addition,OneStepProblem,OneStepProblem,Horizontal,2,easy,,,,,,,,,3.0,,,,3,,1,3019,fast,0,,2026-04-24T10:45:52.871Z,2026-04-24T10:46:36.548Z,2,1,test_definition,False,14,8,في حديقة هناك 45 شجرة، زرعوا 12 شجرة أخرى. كم عدد الأشجار في الحديقة الآن؟,45 + 12,,,,,"[{""correct"": false, ""text"": ""12 × 45""}, {""correct"": true, ""text"": ""45 + 12""}, {""correct"": false, ""text"": ""57 - 12""}]",,,,,"{""maxNumberRange"": 3, ""numOptions"": 3, ""numQuestions"": 5, ""operationsAllowed"": [""Addition"", ""Subtraction"", ""Multiplication"", ""Division""], ""requiredCorrectAnswersMinimumPercent"": 75}"
stu_1777023762305_6832,test_1777023978840_kask7x7,choose_answer,0,3,arithmetic_fluency,0.6,operation_identification_from_context,choose_answer__Subtraction__OneStepProblem__3digits__3options,choose answer | OneStepProblem | Subtraction | OneStepProblem | 3 digits,choose_answer__cfg_range3__ops_Addition-Subtraction-Multiplication-Division__options3,Subtraction,Subtraction,Subtraction,OneStepProblem,OneStepProblem,Horizontal,3,medium,,,,,,,,,3.0,,,,3,,1,15406,medium,0,,2026-04-24T10:45:52.871Z,2026-04-24T10:46:36.548Z,2,1,test_definition,True,4,4,لدى أحمد 120 درهما، وأعطى 50 درهما لصديقه. كم تبقى لديه؟,120 - 50,,,,,"[{""correct"": false, ""text"": ""70 + 50""}, {""correct"": false, ""text"": ""120 + 50""}, {""correct"": true, ""text"": ""120 - 50""}]",,,,,"{""maxNumberRange"": 3, ""numOptions"": 3, ""numQuestions"": 5, ""operationsAllowed"": [""Addition"", ""Subtraction"", ""Multiplication"", ""Division""], ""requiredCorrectAnswersMinimumPercent"": 75}"
stu_1777023762305_6832,test_1777023978840_kask7x7,choose_answer,0,3,number_sense,0.2,operation_identification_from_context,choose_answer__Subtraction__OneStepProblem__3digits__3options,choose answer | OneStepProblem | Subtraction | OneStepProblem | 3 digits,choose_answer__cfg_range3__ops_Addition-Subtraction-Multiplication-Division__options3,Subtraction,Subtraction,Subtraction,OneStepProblem,OneStepProblem,Horizontal,3,medium,,,,,,,,,3.0,,,,3,,1,15406,medium,0,,2026-04-24T10:45:52.871Z,2026-04-24T10:46:36.548Z,2,1,test_definition,True,4,4,لدى أحمد 120 درهما، وأعطى 50 درهما لصديقه. كم تبقى لديه؟,120 - 50,,,,,"[{""correct"": false, ""text"": ""70 + 50""}, {""correct"": false, ""text"": ""120 + 50""}, {""correct"": true, ""text"": ""120 - 50""}]",,,,,"{""maxNumberRange"": 3, ""numOptions"": 3, ""numQuestions"": 5, ""operationsAllowed"": [""Addition"", ""Subtraction"", ""Multiplication"", ""Division""], ""requiredCorrectAnswersMinimumPercent"": 75}"
stu_1777023762305_6832,test_1777023978840_kask7x7,choose_answer,0,3,sequential_thinking,0.2,operation_identification_from_context,choose_answer__Subtraction__OneStepProblem__3digits__3options,choose answer | OneStepProblem | Subtraction | OneStepProblem | 3 digits,choose_answer__cfg_range3__ops_Addition-Subtraction-Multiplication-Division__options3,Subtraction,Subtraction,Subtraction,OneStepProblem,OneStepProblem,Horizontal,3,medium,,,,,,,,,3.0,,,,3,,1,15406,medium,0,,2026-04-24T10:45:52.871Z,2026-04-24T10:46:36.548Z,2,1,test_definition,True,4,4,لدى أحمد 120 درهما، وأعطى 50 درهما لصديقه. كم تبقى لديه؟,120 - 50,,,,,"[{""correct"": false, ""text"": ""70 + 50""}, {""correct"": false, ""text"": ""120 + 50""}, {""correct"": true, ""text"": ""120 - 50""}]",,,,,"{""maxNumberRange"": 3, ""numOptions"": 3, ""numQuestions"": 5, ""operationsAllowed"": [""Addition"", ""Subtraction"", ""Multiplication"", ""Division""], ""requiredCorrectAnswersMinimumPercent"": 75}"
stu_1777023762305_6832,test_1777023978840_kask7x7,choose_answer,0,4,arithmetic_fluency,0.6,operation_identification_from_context,choose_answer__Multiplication__OneStepProblem__2digits__3options,choose answer | OneStepProblem | Multiplication | OneStepProblem | 2 digits,choose_answer__cfg_range3__ops_Addition-Subtraction-Multiplication-Division__options3,Multiplication,Multiplication,Multiplication,OneStepProblem,OneStepProblem,Horizontal,2,easy,,,,,,,,,3.0,,,,3,,1,10797,medium,0,,2026-04-24T10:45:52.871Z,2026-04-24T10:46:36.548Z,2,1,test_definition,False,36,12,في إحدى المزارع هناك 8 حقول. في كل حقل 10 أشجار. كم عدد الأشجار في جميع الحقول؟,8 × 10,,,,,"[{""correct"": false, ""text"": ""80 ÷ 10""}, {""correct"": true, ""text"": ""8 × 10""}, {""correct"": false, ""text"": ""10 - 8""}]",,,,,"{""maxNumberRange"": 3, ""numOptions"": 3, ""numQuestions"": 5, ""operationsAllowed"": [""Addition"", ""Subtraction"", ""Multiplication"", ""Division""], ""requiredCorrectAnswersMinimumPercent"": 75}"
stu_1777023762305_6832,test_1777023978840_kask7x7,choose_answer,0,4,number_sense,0.2,operation_identification_from_context,choose_answer__Multiplication__OneStepProblem__2digits__3options,choose answer | OneStepProblem | Multiplication | OneStepProblem | 2 digits,choose_answer__cfg_range3__ops_Addition-Subtraction-Multiplication-Division__options3,Multiplication,Multiplication,Multiplication,OneStepProblem,OneStepProblem,Horizontal,2,easy,,,,,,,,,3.0,,,,3,,1,10797,medium,0,,2026-04-24T10:45:52.871Z,2026-04-24T10:46:36.548Z,2,1,test_definition,False,36,12,في إحدى المزارع هناك 8 حقول. في كل حقل 10 أشجار. كم عدد الأشجار في جميع الحقول؟,8 × 10,,,,,"[{""correct"": false, ""text"": ""80 ÷ 10""}, {""correct"": true, ""text"": ""8 × 10""}, {""correct"": false, ""text"": ""10 - 8""}]",,,,,"{""maxNumberRange"": 3, ""numOptions"": 3, ""numQuestions"": 5, ""operationsAllowed"": [""Addition"", ""Subtraction"", ""Multiplication"", ""Division""], ""requiredCorrectAnswersMinimumPercent"": 75}"
stu_1777023762305_6832,test_1777023978840_kask7x7,choose_answer,0,4,sequential_thinking,0.2,operation_identification_from_context,choose_answer__Multiplication__OneStepProblem__2digits__3options,choose answer | OneStepProblem | Multiplication | OneStepProblem | 2 digits,choose_answer__cfg_range3__ops_Addition-Subtraction-Multiplication-Division__options3,Multiplication,Multiplication,Multiplication,OneStepProblem,OneStepProblem,Horizontal,2,easy,,,,,,,,,3.0,,,,3,,1,10797,medium,0,,2026-04-24T10:45:52.871Z,2026-04-24T10:46:36.548Z,2,1,test_definition,False,36,12,في إحدى المزارع هناك 8 حقول. في كل حقل 10 أشجار. كم عدد الأشجار في جميع الحقول؟,8 × 10,,,,,"[{""correct"": false, ""text"": ""80 ÷ 10""}, {""correct"": true, ""text"": ""8 × 10""}, {""correct"": false, ""text"": ""10 - 8""}]",,,,,"{""maxNumberRange"": 3, ""numOptions"": 3, ""numQuestions"": 5, ""operationsAllowed"": [""Addition"", ""Subtraction"", ""Multiplication"", ""Division""], ""requiredCorrectAnswersMinimumPercent"": 75}"
stu_1777023762305_6832,test_1777023978840_kask7x7,compare_numbers,0,0,comparison_skill,1.0,number_comparison,compare_numbers__Greater__3digits,compare numbers | Greater | Comparison | Greater | 3 digits,compare_numbers__cfg_range3,,,,Greater,Comparison,Horizontal,3,medium,,,,Greater,,,,,,,,,3,,1,5890,fast,0,,2026-04-24T10:49:22.686Z,2026-04-24T10:49:33.826Z,6,1,test_definition,False,13,13,,,,,,,,,854,842,,"{""maxNumberRange"": 3, ""numQuestions"": 3, ""requiredCorrectAnswersMinimumPercent"": 75}"
stu_1777023762305_6832,test_1777023978840_kask7x7,compare_numbers,0,1,comparison_skill,1.0,number_comparison,compare_numbers__Less__3digits,compare numbers | Less | Comparison | Less | 3 digits,compare_numbers__cfg_range3,,,,Less,Comparison,Horizontal,3,medium,,,,Less,,,,,,,,,3,,1,2376,fast,0,,2026-04-24T10:49:22.686Z,2026-04-24T10:49:33.826Z,6,1,test_definition,False,13,13,,,,,,,,,332,960,,"{""maxNumberRange"": 3, ""numQuestions"": 3, ""requiredCorrectAnswersMinimumPercent"": 75}"
stu_1777023762305_6832,test_1777023978840_kask7x7,compare_numbers,0,2,comparison_skill,1.0,number_comparison,compare_numbers__Equal__3digits,compare numbers | Equal | Comparison | Equal | 3 digits,compare_numbers__cfg_range3,,,,Equal,Comparison,Horizontal,3,medium,,,,Equal,,,,,,,,,3,,1,2862,fast,0,,2026-04-24T10:49:22.686Z,2026-04-24T10:49:33.826Z,6,1,test_definition,False,13,13,,,,,,,,,281,281,,"{""maxNumberRange"": 3, ""numQuestions"": 3, ""requiredCorrectAnswersMinimumPercent"": 75}"
stu_1777023762305_6832,test_1777023978840_kask7x7,find_previous_next_number,0,0,sequential_thinking,1.0,previous_next_number,find_previous_next_number__3digits__normal_range,find previous next number | PreviousAndNext | Sequence | normal_range | 3 digits,find_previous_next_number__cfg_range3,,,,PreviousAndNext,Sequence,Horizontal,3,medium,normal_range,210-219,,,,,,,,,,,3,,1,68293,medium,0,,2026-04-24T10:49:02.774Z,2026-04-24T10:49:22.517Z,5,1,test_definition,False,24,12,213,,,,"[212, 214]","[212, 214]",,,,,,"{""maxNumberRange"": 3, ""numQuestions"": 3, ""requiredCorrectAnswersMinimumPercent"": 75}"
stu_1777023762305_6832,test_1777023978840_kask7x7,find_previous_next_number,0,1,sequential_thinking,1.0,previous_next_number,find_previous_next_number__3digits__normal_range,find previous next number | PreviousAndNext | Sequence | normal_range | 3 digits,find_previous_next_number__cfg_range3,,,,PreviousAndNext,Sequence,Horizontal,3,medium,normal_range,490-499,,,,,,,,,,,3,,1,17387,fast,0,,2026-04-24T10:49:02.774Z,2026-04-24T10:49:22.517Z,5,1,test_definition,False,24,12,495,,,,"[494, 496]","[494, 496]",,,,,,"{""maxNumberRange"": 3, ""numQuestions"": 3, ""requiredCorrectAnswersMinimumPercent"": 75}"
stu_1777023762305_6832,test_1777023978840_kask7x7,find_previous_next_number,0,2,sequential_thinking,1.0,previous_next_number,find_previous_next_number__3digits__normal_range,find previous next number | PreviousAndNext | Sequence | normal_range | 3 digits,find_previous_next_number__cfg_range3,,,,PreviousAndNext,Sequence,Horizontal,3,medium,normal_range,480-489,,,,,,,,,,,3,,1,19736,fast,0,,2026-04-24T10:49:02.774Z,2026-04-24T10:49:22.517Z,5,1,test_definition,False,24,12,488,,,,"[487, 489]","[487, 489]",,,,,,"{""maxNumberRange"": 3, ""numQuestions"": 3, ""requiredCorrectAnswersMinimumPercent"": 75}"
stu_1777023762305_6832,test_1777023978840_kask7x7,identify_place_value,0,0,number_sense,1.0,place_value_identification,identify_place_value__2digits__all_digits_distinct,identify place value | PlaceValue | PlaceValue | 2 digits,identify_place_value__cfg_range2,,,,PlaceValue,PlaceValue,Visual,2,easy,,,,,,,,all_digits_distinct,,,,,2,,1,4700,fast,0,,2026-04-24T10:45:44.864Z,2026-04-24T10:45:52.749Z,1,1,test_definition,False,42,11,,,,,"{""pos_0"": 3, ""pos_1"": 1}","{""pos_0"": 3, ""pos_1"": 1}",,,,,31,"{""maxNumberRange"": 2, ""numQuestions"": 4, ""requiredCorrectAnswersMinimumPercent"": 75}"
stu_1777023762305_6832,test_1777023978840_kask7x7,identify_place_value,0,1,number_sense,1.0,place_value_identification,identify_place_value__2digits__all_digits_distinct,identify place value | PlaceValue | PlaceValue | 2 digits,identify_place_value__cfg_range2,,,,PlaceValue,PlaceValue,Visual,2,easy,,,,,,,,all_digits_distinct,,,,,2,,1,10354,fast,0,,2026-04-24T10:45:44.864Z,2026-04-24T10:45:52.749Z,1,1,test_definition,False,42,11,,,,,"{""pos_0"": 3, ""pos_1"": 8}","{""pos_0"": 3, ""pos_1"": 8}",,,,,38,"{""maxNumberRange"": 2, ""numQuestions"": 4, ""requiredCorrectAnswersMinimumPercent"": 75}"
stu_1777023762305_6832,test_1777023978840_kask7x7,identify_place_value,0,2,number_sense,1.0,place_value_identification,identify_place_value__2digits__all_digits_distinct,identify place value | PlaceValue | PlaceValue | 2 digits,identify_place_value__cfg_range2,,,,PlaceValue,PlaceValue,Visual,2,easy,,,,,,,,all_digits_distinct,,,,,2,,1,4012,fast,0,,2026-04-24T10:45:44.864Z,2026-04-24T10:45:52.749Z,1,1,test_definition,False,42,11,,,,,"{""pos_0"": 5, ""pos_1"": 6}","{""pos_0"": 5, ""pos_1"": 6}",,,,,56,"{""maxNumberRange"": 2, ""numQuestions"": 4, ""requiredCorrectAnswersMinimumPercent"": 75}"
stu_1777023762305_6832,test_1777023978840_kask7x7,identify_place_value,0,3,number_sense,1.0,place_value_identification,identify_place_value__2digits__all_digits_distinct,identify place value | PlaceValue | PlaceValue | 2 digits,identify_place_value__cfg_range2,,,,PlaceValue,PlaceValue,Visual,2,easy,,,,,,,,all_digits_distinct,,,,,2,,1,7878,fast,0,,2026-04-24T10:45:44.864Z,2026-04-24T10:45:52.749Z,1,1,test_definition,False,42,11,,,,,"{""pos_0"": 2, ""pos_1"": 3}","{""pos_0"": 2, ""pos_1"": 3}",,,,,23,"{""maxNumberRange"": 2, ""numQuestions"": 4, ""requiredCorrectAnswersMinimumPercent"": 75}"
stu_1777023762305_6832,test_1777023978840_kask7x7,order_numbers,0,0,sequential_thinking,1.0,number_ordering,order_numbers__desc__seq2__2digits,order numbers | Ordering_desc | Ordering | desc | 2 digits | sequence 2,order_numbers__cfg_range2__maxseq7,,,,Ordering_desc,Ordering,Visual,2,easy,,,2.0,,desc,,,,,,,,2,,1,7960,fast,0,,2026-04-24T10:44:24.844Z,2026-04-24T10:44:51.384Z,0,1,test_definition,False,7,6,,,,,,,,"[18, 68]",,,,"{""maxNumberRange"": 2, ""maxNumbersInSequence"": 7, ""numQuestions"": 3, ""requiredCorrectAnswersMinimumPercent"": 75}"
stu_1777023762305_6832,test_1777023978840_kask7x7,order_numbers,0,1,sequential_thinking,1.0,number_ordering,order_numbers__desc__seq2__2digits,order numbers | Ordering_desc | Ordering | desc | 2 digits | sequence 2,order_numbers__cfg_range2__maxseq7,,,,Ordering_desc,Ordering,Visual,2,easy,,,2.0,,desc,,,,,,,,2,,1,8211,fast,0,,2026-04-24T10:44:24.844Z,2026-04-24T10:44:51.384Z,0,1,test_definition,False,7,6,,,,,,,,"[11, 86]",,,,"{""maxNumberRange"": 2, ""maxNumbersInSequence"": 7, ""numQuestions"": 3, ""requiredCorrectAnswersMinimumPercent"": 75}"
stu_1777023762305_6832,test_1777023978840_kask7x7,order_numbers,0,2,sequential_thinking,1.0,number_ordering,order_numbers__asc__seq3__2digits,order numbers | Ordering_asc | Ordering | asc | 2 digits | sequence 3,order_numbers__cfg_range2__maxseq7,,,,Ordering_asc,Ordering,Visual,2,easy,,,3.0,,asc,,,,,,,,2,,0,10356,fast,0,ReversedDescending,2026-04-24T10:44:24.844Z,2026-04-24T10:44:51.384Z,0,1,test_definition,False,6,6,,,,,,,,"[14, 97, 19]",,,,"{""maxNumberRange"": 2, ""maxNumbersInSequence"": 7, ""numQuestions"": 3, ""requiredCorrectAnswersMinimumPercent"": 75}"
stu_1777023762305_6832,test_1777023978840_kask7x7,order_numbers,1,0,sequential_thinking,1.0,number_ordering,order_numbers__desc__seq4__1digits,order numbers | Ordering_desc | Ordering | desc | 1 digits | sequence 4,order_numbers__cfg_range2__maxseq7,,,,Ordering_desc,Ordering,Visual,1,very-easy,,,4.0,,desc,,,,,,,,2,,1,18922,fast,0,,2026-04-24T10:44:51.620Z,2026-04-24T10:45:25.656Z,0,1,test_definition,True,1,1,,,,,,,,"[7, 1, 4, 6]",,,,"{""maxNumberRange"": 2, ""maxNumbersInSequence"": 7, ""numQuestions"": 3, ""requiredCorrectAnswersMinimumPercent"": 75}"
stu_1777023762305_6832,test_1777023978840_kask7x7,order_numbers,1,1,sequential_thinking,1.0,number_ordering,order_numbers__asc__seq3__1digits,order numbers | Ordering_asc | Ordering | asc | 1 digits | sequence 3,order_numbers__cfg_range2__maxseq7,,,,Ordering_asc,Ordering,Visual,1,very-easy,,,3.0,,asc,,,,,,,,2,,1,7190,fast,0,,2026-04-24T10:44:51.620Z,2026-04-24T10:45:25.656Z,0,1,test_definition,True,1,1,,,,,,,,"[4, 8, 2]",,,,"{""maxNumberRange"": 2, ""maxNumbersInSequence"": 7, ""numQuestions"": 3, ""requiredCorrectAnswersMinimumPercent"": 75}"
stu_1777023762305_6832,test_1777023978840_kask7x7,order_numbers,1,2,sequential_thinking,1.0,number_ordering,order_numbers__asc__seq4__1digits,order numbers | Ordering_asc | Ordering | asc | 1 digits | sequence 4,order_numbers__cfg_range2__maxseq7,,,,Ordering_asc,Ordering,Visual,1,very-easy,,,4.0,,asc,,,,,,,,2,,1,7908,fast,0,,2026-04-24T10:44:51.620Z,2026-04-24T10:45:25.656Z,0,1,test_definition,True,1,1,,,,,,,,"[7, 2, 1, 8]",,,,"{""maxNumberRange"": 2, ""maxNumbersInSequence"": 7, ""numQuestions"": 3, ""requiredCorrectAnswersMinimumPercent"": 75}"
stu_1777023762305_6832,test_1777023978840_kask7x7,vertical_operations,0,0,arithmetic_fluency,1.0,vertical_operation_fluency,vertical_operations__AdditionWithCarry__4digits,vertical operations | AdditionWithCarry | Addition | VerticalOperation | 4 digits,vertical_operations__cfg_range4__ops_Addition-Subtraction__carryTrue__borrowTrue__mulstepFalse__divstepFalse,Addition,,,AdditionWithCarry,VerticalOperation,Vertical,4,hard,,,,,,,,,,,,,4,,1,44349,fast,0,,2026-04-24T10:46:37.398Z,2026-04-24T10:47:37.057Z,3,1,test_definition,False,8,6,3167 Addition 5286,,8453,8453,,,,,,,,"{""allowBorrow"": true, ""allowCarry"": true, ""allowMultiStepDiv"": false, ""allowMultiStepMul"": false, ""maxNumberRange"": 4, ""numOperations"": 2, ""operationsAllowed"": [""Addition"", ""Subtraction""], ""requiredCorrectAnswersMinimumPercent"": 75}"
stu_1777023762305_6832,test_1777023978840_kask7x7,vertical_operations,0,1,arithmetic_fluency,1.0,vertical_operation_fluency,vertical_operations__AdditionWithCarry__4digits,vertical operations | AdditionWithCarry | Addition | VerticalOperation | 4 digits,vertical_operations__cfg_range4__ops_Addition-Subtraction__carryTrue__borrowTrue__mulstepFalse__divstepFalse,Addition,,,AdditionWithCarry,VerticalOperation,Vertical,4,hard,,,,,,,,,,,,,4,,1,15310,fast,0,,2026-04-24T10:46:37.398Z,2026-04-24T10:47:37.057Z,3,1,test_definition,False,8,6,4473 Addition 4164,,8637,8637,,,,,,,,"{""allowBorrow"": true, ""allowCarry"": true, ""allowMultiStepDiv"": false, ""allowMultiStepMul"": false, ""maxNumberRange"": 4, ""numOperations"": 2, ""operationsAllowed"": [""Addition"", ""Subtraction""], ""requiredCorrectAnswersMinimumPercent"": 75}"
stu_1777023762504_1364,test_1777023978840_kask7x7,choose_answer,0,0,arithmetic_fluency,0.6,operation_identification_from_context,choose_answer__Multiplication__OneStepProblem__2digits__3options,choose answer | OneStepProblem | Multiplication | OneStepProblem | 2 digits,choose_answer__cfg_range3__ops_Addition-Subtraction-Multiplication-Division__options3,Multiplication,Multiplication,Multiplication,OneStepProblem,OneStepProblem,Horizontal,2,easy,,,,,,,,,3.0,,,,3,,1,55182,slow,1,,2026-04-28T13:26:04.808Z,2026-04-28T13:27:42.404Z,2,1,test_definition,False,36,12,في مستودع هناك 15 صندوقًا، وكل صندوق يحتوي على 35 قطعة. كم عدد القطع في المستودع؟,15 × 35,,,,,"[{""correct"": true, ""text"": ""15 × 35""}, {""correct"": false, ""text"": ""525 ÷ 15""}, {""correct"": false, ""text"": ""35 - 15""}]",,,,,"{""maxNumberRange"": 3, ""numOptions"": 3, ""numQuestions"": 5, ""operationsAllowed"": [""Addition"", ""Subtraction"", ""Multiplication"", ""Division""], ""requiredCorrectAnswersMinimumPercent"": 75}"
stu_1777023762504_1364,test_1777023978840_kask7x7,choose_answer,0,0,number_sense,0.2,operation_identification_from_context,choose_answer__Multiplication__OneStepProblem__2digits__3options,choose answer | OneStepProblem | Multiplication | OneStepProblem | 2 digits,choose_answer__cfg_range3__ops_Addition-Subtraction-Multiplication-Division__options3,Multiplication,Multiplication,Multiplication,OneStepProblem,OneStepProblem,Horizontal,2,easy,,,,,,,,,3.0,,,,3,,1,55182,slow,1,,2026-04-28T13:26:04.808Z,2026-04-28T13:27:42.404Z,2,1,test_definition,False,36,12,في مستودع هناك 15 صندوقًا، وكل صندوق يحتوي على 35 قطعة. كم عدد القطع في المستودع؟,15 × 35,,,,,"[{""correct"": true, ""text"": ""15 × 35""}, {""correct"": false, ""text"": ""525 ÷ 15""}, {""correct"": false, ""text"": ""35 - 15""}]",,,,,"{""maxNumberRange"": 3, ""numOptions"": 3, ""numQuestions"": 5, ""operationsAllowed"": [""Addition"", ""Subtraction"", ""Multiplication"", ""Division""], ""requiredCorrectAnswersMinimumPercent"": 75}"
stu_1777023762504_1364,test_1777023978840_kask7x7,choose_answer,0,0,sequential_thinking,0.2,operation_identification_from_context,choose_answer__Multiplication__OneStepProblem__2digits__3options,choose answer | OneStepProblem | Multiplication | OneStepProblem | 2 digits,choose_answer__cfg_range3__ops_Addition-Subtraction-Multiplication-Division__options3,Multiplication,Multiplication,Multiplication,OneStepProblem,OneStepProblem,Horizontal,2,easy,,,,,,,,,3.0,,,,3,,1,55182,slow,1,,2026-04-28T13:26:04.808Z,2026-04-28T13:27:42.404Z,2,1,test_definition,False,36,12,في مستودع هناك 15 صندوقًا، وكل صندوق يحتوي على 35 قطعة. كم عدد القطع في المستودع؟,15 × 35,,,,,"[{""correct"": true, ""text"": ""15 × 35""}, {""correct"": false, ""text"": ""525 ÷ 15""}, {""correct"": false, ""text"": ""35 - 15""}]",,,,,"{""maxNumberRange"": 3, ""numOptions"": 3, ""numQuestions"": 5, ""operationsAllowed"": [""Addition"", ""Subtraction"", ""Multiplication"", ""Division""], ""requiredCorrectAnswersMinimumPercent"": 75}"
stu_1777023762504_1364,test_1777023978840_kask7x7,choose_answer,0,1,arithmetic_fluency,0.6,operation_identification_from_context,choose_answer__Subtraction-Multiplication__MultiStepProblem__3digits__3options,choose answer | MultiStepProblem | Subtraction-Multiplication | MultiStepProblem | 3 digits,choose_answer__cfg_range3__ops_Addition-Subtraction-Multiplication-Division__options3,Subtraction-Multiplication,Subtraction-Multiplication,Subtraction-Multiplication,MultiStepProblem,MultiStepProblem,Horizontal,3,medium,,,,,,,,,3.0,,,,3,,1,15624,medium,0,,2026-04-28T13:26:04.808Z,2026-04-28T13:27:42.404Z,2,1,test_definition,False,11,8,كانت لديك 500 درهمًا، اشتريت 3 هدايا بتكلفة 120 درهمًا لكل هدية. كم تبقى لديك؟,500 - (3 × 120),,,,,"[{""correct"": true, ""text"": ""500 - (3 × 120)""}, {""correct"": false, ""text"": ""3 × 120""}, {""correct"": false, ""text"": ""360 + 140""}]",,,,,"{""maxNumberRange"": 3, ""numOptions"": 3, ""numQuestions"": 5, ""operationsAllowed"": [""Addition"", ""Subtraction"", ""Multiplication"", ""Division""], ""requiredCorrectAnswersMinimumPercent"": 75}"
stu_1777023762504_1364,test_1777023978840_kask7x7,choose_answer,0,1,number_sense,0.2,operation_identification_from_context,choose_answer__Subtraction-Multiplication__MultiStepProblem__3digits__3options,choose answer | MultiStepProblem | Subtraction-Multiplication | MultiStepProblem | 3 digits,choose_answer__cfg_range3__ops_Addition-Subtraction-Multiplication-Division__options3,Subtraction-Multiplication,Subtraction-Multiplication,Subtraction-Multiplication,MultiStepProblem,MultiStepProblem,Horizontal,3,medium,,,,,,,,,3.0,,,,3,,1,15624,medium,0,,2026-04-28T13:26:04.808Z,2026-04-28T13:27:42.404Z,2,1,test_definition,False,11,8,كانت لديك 500 درهمًا، اشتريت 3 هدايا بتكلفة 120 درهمًا لكل هدية. كم تبقى لديك؟,500 - (3 × 120),,,,,"[{""correct"": true, ""text"": ""500 - (3 × 120)""}, {""correct"": false, ""text"": ""3 × 120""}, {""correct"": false, ""text"": ""360 + 140""}]",,,,,"{""maxNumberRange"": 3, ""numOptions"": 3, ""numQuestions"": 5, ""operationsAllowed"": [""Addition"", ""Subtraction"", ""Multiplication"", ""Division""], ""requiredCorrectAnswersMinimumPercent"": 75}"
stu_1777023762504_1364,test_1777023978840_kask7x7,choose_answer,0,1,sequential_thinking,0.2,operation_identification_from_context,choose_answer__Subtraction-Multiplication__MultiStepProblem__3digits__3options,choose answer | MultiStepProblem | Subtraction-Multiplication | MultiStepProblem | 3 digits,choose_answer__cfg_range3__ops_Addition-Subtraction-Multiplication-Division__options3,Subtraction-Multiplication,Subtraction-Multiplication,Subtraction-Multiplication,MultiStepProblem,MultiStepProblem,Horizontal,3,medium,,,,,,,,,3.0,,,,3,,1,15624,medium,0,,2026-04-28T13:26:04.808Z,2026-04-28T13:27:42.404Z,2,1,test_definition,False,11,8,كانت لديك 500 درهمًا، اشتريت 3 هدايا بتكلفة 120 درهمًا لكل هدية. كم تبقى لديك؟,500 - (3 × 120),,,,,"[{""correct"": true, ""text"": ""500 - (3 × 120)""}, {""correct"": false, ""text"": ""3 × 120""}, {""correct"": false, ""text"": ""360 + 140""}]",,,,,"{""maxNumberRange"": 3, ""numOptions"": 3, ""numQuestions"": 5, ""operationsAllowed"": [""Addition"", ""Subtraction"", ""Multiplication"", ""Division""], ""requiredCorrectAnswersMinimumPercent"": 75}"
stu_1777023762504_1364,test_1777023978840_kask7x7,choose_answer,0,2,arithmetic_fluency,0.6,operation_identification_from_context,choose_answer__Addition__OneStepProblem__2digits__3options,choose answer | OneStepProblem | Addition | OneStepProblem | 2 digits,choose_answer__cfg_range3__ops_Addition-Subtraction-Multiplication-Division__options3,Addition,Addition,Addition,OneStepProblem,OneStepProblem,Horizontal,2,easy,,,,,,,,,3.0,,,,3,,1,7547,fast,0,,2026-04-28T13:26:04.808Z,2026-04-28T13:27:42.404Z,2,1,test_definition,False,14,8,تملك سلوى 30 درهما ومنحها أبوها 20 درهما. كم أصبح لدى سلوى من درهم؟,30 + 20,,,,,"[{""correct"": false, ""text"": ""30 - 20""}, {""correct"": true, ""text"": ""30 + 20""}, {""correct"": false, ""text"": ""50 - 20""}]",,,,,"{""maxNumberRange"": 3, ""numOptions"": 3, ""numQuestions"": 5, ""operationsAllowed"": [""Addition"", ""Subtraction"", ""Multiplication"", ""Division""], ""requiredCorrectAnswersMinimumPercent"": 75}"
stu_1777023762504_1364,test_1777023978840_kask7x7,choose_answer,0,2,number_sense,0.2,operation_identification_from_context,choose_answer__Addition__OneStepProblem__2digits__3options,choose answer | OneStepProblem | Addition | OneStepProblem | 2 digits,choose_answer__cfg_range3__ops_Addition-Subtraction-Multiplication-Division__options3,Addition,Addition,Addition,OneStepProblem,OneStepProblem,Horizontal,2,easy,,,,,,,,,3.0,,,,3,,1,7547,fast,0,,2026-04-28T13:26:04.808Z,2026-04-28T13:27:42.404Z,2,1,test_definition,False,14,8,تملك سلوى 30 درهما ومنحها أبوها 20 درهما. كم أصبح لدى سلوى من درهم؟,30 + 20,,,,,"[{""correct"": false, ""text"": ""30 - 20""}, {""correct"": true, ""text"": ""30 + 20""}, {""correct"": false, ""text"": ""50 - 20""}]",,,,,"{""maxNumberRange"": 3, ""numOptions"": 3, ""numQuestions"": 5, ""operationsAllowed"": [""Addition"", ""Subtraction"", ""Multiplication"", ""Division""], ""requiredCorrectAnswersMinimumPercent"": 75}"
stu_1777023762504_1364,test_1777023978840_kask7x7,choose_answer,0,2,sequential_thinking,0.2,operation_identification_from_context,choose_answer__Addition__OneStepProblem__2digits__3options,choose answer | OneStepProblem | Addition | OneStepProblem | 2 digits,choose_answer__cfg_range3__ops_Addition-Subtraction-Multiplication-Division__options3,Addition,Addition,Addition,OneStepProblem,OneStepProblem,Horizontal,2,easy,,,,,,,,,3.0,,,,3,,1,7547,fast,0,,2026-04-28T13:26:04.808Z,2026-04-28T13:27:42.404Z,2,1,test_definition,False,14,8,تملك سلوى 30 درهما ومنحها أبوها 20 درهما. كم أصبح لدى سلوى من درهم؟,30 + 20,,,,,"[{""correct"": false, ""text"": ""30 - 20""}, {""correct"": true, ""text"": ""30 + 20""}, {""correct"": false, ""text"": ""50 - 20""}]",,,,,"{""maxNumberRange"": 3, ""numOptions"": 3, ""numQuestions"": 5, ""operationsAllowed"": [""Addition"", ""Subtraction"", ""Multiplication"", ""Division""], ""requiredCorrectAnswersMinimumPercent"": 75}"
stu_1777023762504_1364,test_1777023978840_kask7x7,choose_answer,0,3,arithmetic_fluency,0.6,operation_identification_from_context,choose_answer__Subtraction-Multiplication__MultiStepProblem__3digits__3options,choose answer | MultiStepProblem | Subtraction-Multiplication | MultiStepProblem | 3 digits,choose_answer__cfg_range3__ops_Addition-Subtraction-Multiplication-Division__options3,Subtraction-Multiplication,Subtraction-Multiplication,Subtraction-Multiplication,MultiStepProblem,MultiStepProblem,Horizontal,3,medium,,,,,,,,,3.0,,,,3,,1,9229,fast,0,,2026-04-28T13:26:04.808Z,2026-04-28T13:27:42.404Z,2,1,test_definition,False,11,8,أحمد لديه 150 درهمًا. اشترى 3 كتب، كل كتاب يكلف 40 درهمًا. كم تبقى معه؟,150 - (3 × 40),,,,,"[{""correct"": false, ""text"": ""150 - 40""}, {""correct"": true, ""text"": ""150 - (3 × 40)""}, {""correct"": false, ""text"": ""3 × 40""}]",,,,,"{""maxNumberRange"": 3, ""numOptions"": 3, ""numQuestions"": 5, ""operationsAllowed"": [""Addition"", ""Subtraction"", ""Multiplication"", ""Division""], ""requiredCorrectAnswersMinimumPercent"": 75}"
stu_1777023762504_1364,test_1777023978840_kask7x7,choose_answer,0,3,number_sense,0.2,operation_identification_from_context,choose_answer__Subtraction-Multiplication__MultiStepProblem__3digits__3options,choose answer | MultiStepProblem | Subtraction-Multiplication | MultiStepProblem | 3 digits,choose_answer__cfg_range3__ops_Addition-Subtraction-Multiplication-Division__options3,Subtraction-Multiplication,Subtraction-Multiplication,Subtraction-Multiplication,MultiStepProblem,MultiStepProblem,Horizontal,3,medium,,,,,,,,,3.0,,,,3,,1,9229,fast,0,,2026-04-28T13:26:04.808Z,2026-04-28T13:27:42.404Z,2,1,test_definition,False,11,8,أحمد لديه 150 درهمًا. اشترى 3 كتب، كل كتاب يكلف 40 درهمًا. كم تبقى معه؟,150 - (3 × 40),,,,,"[{""correct"": false, ""text"": ""150 - 40""}, {""correct"": true, ""text"": ""150 - (3 × 40)""}, {""correct"": false, ""text"": ""3 × 40""}]",,,,,"{""maxNumberRange"": 3, ""numOptions"": 3, ""numQuestions"": 5, ""operationsAllowed"": [""Addition"", ""Subtraction"", ""Multiplication"", ""Division""], ""requiredCorrectAnswersMinimumPercent"": 75}"
stu_1777023762504_1364,test_1777023978840_kask7x7,choose_answer,0,3,sequential_thinking,0.2,operation_identification_from_context,choose_answer__Subtraction-Multiplication__MultiStepProblem__3digits__3options,choose answer | MultiStepProblem | Subtraction-Multiplication | MultiStepProblem | 3 digits,choose_answer__cfg_range3__ops_Addition-Subtraction-Multiplication-Division__options3,Subtraction-Multiplication,Subtraction-Multiplication,Subtraction-Multiplication,MultiStepProblem,MultiStepProblem,Horizontal,3,medium,,,,,,,,,3.0,,,,3,,1,9229,fast,0,,2026-04-28T13:26:04.808Z,2026-04-28T13:27:42.404Z,2,1,test_definition,False,11,8,أحمد لديه 150 درهمًا. اشترى 3 كتب، كل كتاب يكلف 40 درهمًا. كم تبقى معه؟,150 - (3 × 40),,,,,"[{""correct"": false, ""text"": ""150 - 40""}, {""correct"": true, ""text"": ""150 - (3 × 40)""}, {""correct"": false, ""text"": ""3 × 40""}]",,,,,"{""maxNumberRange"": 3, ""numOptions"": 3, ""numQuestions"": 5, ""operationsAllowed"": [""Addition"", ""Subtraction"", ""Multiplication"", ""Division""], ""requiredCorrectAnswersMinimumPercent"": 75}"
stu_1777023762504_1364,test_1777023978840_kask7x7,choose_answer,0,4,arithmetic_fluency,0.6,operation_identification_from_context,choose_answer__Subtraction-Multiplication__MultiStepProblem__3digits__3options,choose answer | MultiStepProblem | Subtraction-Multiplication | MultiStepProblem | 3 digits,choose_answer__cfg_range3__ops_Addition-Subtraction-Multiplication-Division__options3,Subtraction-Multiplication,Subtraction-Multiplication,Subtraction-Multiplication,MultiStepProblem,MultiStepProblem,Horizontal,3,medium,,,,,,,,,3.0,,,,3,,1,10005,medium,0,,2026-04-28T13:26:04.808Z,2026-04-28T13:27:42.404Z,2,1,test_definition,False,11,8,إذا كنت قد وفرت 300 درهمًا، واشتريت 2 أحذية ب 80 درهمًا لكل منهما. كم تبقى معك من المال؟,300 - (2 × 80),,,,,"[{""correct"": false, ""text"": ""160 + 80""}, {""correct"": true, ""text"": ""300 - (2 × 80)""}, {""correct"": false, ""text"": ""2 × 80""}]",,,,,"{""maxNumberRange"": 3, ""numOptions"": 3, ""numQuestions"": 5, ""operationsAllowed"": [""Addition"", ""Subtraction"", ""Multiplication"", ""Division""], ""requiredCorrectAnswersMinimumPercent"": 75}"
stu_1777023762504_1364,test_1777023978840_kask7x7,choose_answer,0,4,number_sense,0.2,operation_identification_from_context,choose_answer__Subtraction-Multiplication__MultiStepProblem__3digits__3options,choose answer | MultiStepProblem | Subtraction-Multiplication | MultiStepProblem | 3 digits,choose_answer__cfg_range3__ops_Addition-Subtraction-Multiplication-Division__options3,Subtraction-Multiplication,Subtraction-Multiplication,Subtraction-Multiplication,MultiStepProblem,MultiStepProblem,Horizontal,3,medium,,,,,,,,,3.0,,,,3,,1,10005,medium,0,,2026-04-28T13:26:04.808Z,2026-04-28T13:27:42.404Z,2,1,test_definition,False,11,8,إذا كنت قد وفرت 300 درهمًا، واشتريت 2 أحذية ب 80 درهمًا لكل منهما. كم تبقى معك من المال؟,300 - (2 × 80),,,,,"[{""correct"": false, ""text"": ""160 + 80""}, {""correct"": true, ""text"": ""300 - (2 × 80)""}, {""correct"": false, ""text"": ""2 × 80""}]",,,,,"{""maxNumberRange"": 3, ""numOptions"": 3, ""numQuestions"": 5, ""operationsAllowed"": [""Addition"", ""Subtraction"", ""Multiplication"", ""Division""], ""requiredCorrectAnswersMinimumPercent"": 75}"
stu_1777023762504_1364,test_1777023978840_kask7x7,choose_answer,0,4,sequential_thinking,0.2,operation_identification_from_context,choose_answer__Subtraction-Multiplication__MultiStepProblem__3digits__3options,choose answer | MultiStepProblem | Subtraction-Multiplication | MultiStepProblem | 3 digits,choose_answer__cfg_range3__ops_Addition-Subtraction-Multiplication-Division__options3,Subtraction-Multiplication,Subtraction-Multiplication,Subtraction-Multiplication,MultiStepProblem,MultiStepProblem,Horizontal,3,medium,,,,,,,,,3.0,,,,3,,1,10005,medium,0,,2026-04-28T13:26:04.808Z,2026-04-28T13:27:42.404Z,2,1,test_definition,False,11,8,إذا كنت قد وفرت 300 درهمًا، واشتريت 2 أحذية ب 80 درهمًا لكل منهما. كم تبقى معك من المال؟,300 - (2 × 80),,,,,"[{""correct"": false, ""text"": ""160 + 80""}, {""correct"": true, ""text"": ""300 - (2 × 80)""}, {""correct"": false, ""text"": ""2 × 80""}]",,,,,"{""maxNumberRange"": 3, ""numOptions"": 3, ""numQuestions"": 5, ""operationsAllowed"": [""Addition"", ""Subtraction"", ""Multiplication"", ""Division""], ""requiredCorrectAnswersMinimumPercent"": 75}"
stu_1777023762504_1364,test_1777023978840_kask7x7,compare_numbers,0,0,comparison_skill,1.0,number_comparison,compare_numbers__Greater__3digits,compare numbers | Greater | Comparison | Greater | 3 digits,compare_numbers__cfg_range3,,,,Greater,Comparison,Horizontal,3,medium,,,,Greater,,,,,,,,,3,,0,6380,fast,0,ReversedSign,2026-04-28T13:31:06.718Z,2026-04-28T13:31:22.229Z,6,1,test_definition,False,13,13,,,,,,,,,945,521,,"{""maxNumberRange"": 3, ""numQuestions"": 3, ""requiredCorrectAnswersMinimumPercent"": 75}"
stu_1777023762504_1364,test_1777023978840_kask7x7,compare_numbers,0,1,comparison_skill,1.0,number_comparison,compare_numbers__Less__3digits,compare numbers | Less | Comparison | Less | 3 digits,compare_numbers__cfg_range3,,,,Less,Comparison,Horizontal,3,medium,,,,Less,,,,,,,,,3,,1,6989,fast,0,,2026-04-28T13:31:06.718Z,2026-04-28T13:31:22.229Z,6,1,test_definition,False,13,13,,,,,,,,,381,708,,"{""maxNumberRange"": 3, ""numQuestions"": 3, ""requiredCorrectAnswersMinimumPercent"": 75}"
stu_1777023762504_1364,test_1777023978840_kask7x7,compare_numbers,0,2,comparison_skill,1.0,number_comparison,compare_numbers__Equal__3digits,compare numbers | Equal | Comparison | Equal | 3 digits,compare_numbers__cfg_range3,,,,Equal,Comparison,Horizontal,3,medium,,,,Equal,,,,,,,,,3,,1,2128,fast,0,,2026-04-28T13:31:06.718Z,2026-04-28T13:31:22.229Z,6,1,test_definition,False,13,13,,,,,,,,,112,112,,"{""maxNumberRange"": 3, ""numQuestions"": 3, ""requiredCorrectAnswersMinimumPercent"": 75}"
stu_1777023762504_1364,test_1777023978840_kask7x7,compare_numbers,1,0,comparison_skill,1.0,number_comparison,compare_numbers__Greater__2digits,compare numbers | Greater | Comparison | Greater | 2 digits,compare_numbers__cfg_range3,,,,Greater,Comparison,Horizontal,2,easy,,,,Greater,,,,,,,,,3,,0,3194,fast,0,ReversedSign,2026-04-28T13:31:22.330Z,2026-04-28T13:31:41.955Z,6,1,test_definition,True,2,2,,,,,,,,,65,41,,"{""maxNumberRange"": 3, ""numQuestions"": 3, ""requiredCorrectAnswersMinimumPercent"": 75}"
stu_1777023762504_1364,test_1777023978840_kask7x7,compare_numbers,1,1,comparison_skill,1.0,number_comparison,compare_numbers__Less__2digits,compare numbers | Less | Comparison | Less | 2 digits,compare_numbers__cfg_range3,,,,Less,Comparison,Horizontal,2,easy,,,,Less,,,,,,,,,3,,1,14458,medium,0,,2026-04-28T13:31:22.330Z,2026-04-28T13:31:41.955Z,6,1,test_definition,True,2,2,,,,,,,,,42,62,,"{""maxNumberRange"": 3, ""numQuestions"": 3, ""requiredCorrectAnswersMinimumPercent"": 75}"
stu_1777023762504_1364,test_1777023978840_kask7x7,compare_numbers,1,2,comparison_skill,1.0,number_comparison,compare_numbers__Equal__2digits,compare numbers | Equal | Comparison | Equal | 2 digits,compare_numbers__cfg_range3,,,,Equal,Comparison,Horizontal,2,easy,,,,Equal,,,,,,,,,3,,1,1961,fast,0,,2026-04-28T13:31:22.330Z,2026-04-28T13:31:41.955Z,6,1,test_definition,True,2,2,,,,,,,,,27,27,,"{""maxNumberRange"": 3, ""numQuestions"": 3, ""requiredCorrectAnswersMinimumPercent"": 75}"
stu_1777023762504_1364,test_1777023978840_kask7x7,find_previous_next_number,0,0,sequential_thinking,1.0,previous_next_number,find_previous_next_number__3digits__normal_range,find previous next number | PreviousAndNext | Sequence | normal_range | 3 digits,find_previous_next_number__cfg_range3,,,,PreviousAndNext,Sequence,Horizontal,3,medium,normal_range,280-289,,,,,,,,,,,3,,1,25236,fast,0,,2026-04-28T13:31:00.623Z,2026-04-28T13:31:06.621Z,5,1,test_definition,False,24,12,287,,,,"[286, 288]","[286, 288]",,,,,,"{""maxNumberRange"": 3, ""numQuestions"": 3, ""requiredCorrectAnswersMinimumPercent"": 75}"
stu_1777023762504_1364,test_1777023978840_kask7x7,find_previous_next_number,0,1,sequential_thinking,1.0,previous_next_number,find_previous_next_number__3digits__tens_transition,find previous next number | PreviousAndNext | Sequence | tens_transition | 3 digits,find_previous_next_number__cfg_range3,,,,PreviousAndNext,Sequence,Horizontal,3,medium,tens_transition,530-539,,,,,,,,,,,3,,1,23986,fast,0,,2026-04-28T13:31:00.623Z,2026-04-28T13:31:06.621Z,5,1,test_definition,False,5,5,530,,,,"[529, 531]","[529, 531]",,,,,,"{""maxNumberRange"": 3, ""numQuestions"": 3, ""requiredCorrectAnswersMinimumPercent"": 75}"
stu_1777023762504_1364,test_1777023978840_kask7x7,find_previous_next_number,0,2,sequential_thinking,1.0,previous_next_number,find_previous_next_number__1digits__low_number_edge,find previous next number | PreviousAndNext | Sequence | low_number_edge | 1 digits,find_previous_next_number__cfg_range3,,,,PreviousAndNext,Sequence,Horizontal,1,very-easy,low_number_edge,0-9,,,,,,,,,,,3,,1,5992,fast,0,,2026-04-28T13:31:00.623Z,2026-04-28T13:31:06.621Z,5,1,test_definition,True,2,2,2,,,,"[1, 3]","[1, 3]",,,,,,"{""maxNumberRange"": 3, ""numQuestions"": 3, ""requiredCorrectAnswersMinimumPercent"": 75}"
stu_1777023762504_1364,test_1777023978840_kask7x7,identify_place_value,0,0,number_sense,1.0,place_value_identification,identify_place_value__2digits__all_digits_distinct,identify place value | PlaceValue | PlaceValue | 2 digits,identify_place_value__cfg_range2,,,,PlaceValue,PlaceValue,Visual,2,easy,,,,,,,,all_digits_distinct,,,,,2,,1,16770,fast,0,,2026-04-28T13:25:55.026Z,2026-04-28T13:26:04.691Z,1,1,test_definition,False,42,11,,,,,"{""pos_0"": 5, ""pos_1"": 2}","{""pos_0"": 5, ""pos_1"": 2}",,,,,52,"{""maxNumberRange"": 2, ""numQuestions"": 4, ""requiredCorrectAnswersMinimumPercent"": 75}"
stu_1777023762504_1364,test_1777023978840_kask7x7,identify_place_value,0,1,number_sense,1.0,place_value_identification,identify_place_value__2digits__all_digits_distinct,identify place value | PlaceValue | PlaceValue | 2 digits,identify_place_value__cfg_range2,,,,PlaceValue,PlaceValue,Visual,2,easy,,,,,,,,all_digits_distinct,,,,,2,,1,6890,fast,0,,2026-04-28T13:25:55.026Z,2026-04-28T13:26:04.691Z,1,1,test_definition,False,42,11,,,,,"{""pos_0"": 5, ""pos_1"": 9}","{""pos_0"": 5, ""pos_1"": 9}",,,,,59,"{""maxNumberRange"": 2, ""numQuestions"": 4, ""requiredCorrectAnswersMinimumPercent"": 75}"
stu_1777023762504_1364,test_1777023978840_kask7x7,identify_place_value,0,2,number_sense,1.0,place_value_identification,identify_place_value__2digits__all_digits_distinct,identify place value | PlaceValue | PlaceValue | 2 digits,identify_place_value__cfg_range2,,,,PlaceValue,PlaceValue,Visual,2,easy,,,,,,,,all_digits_distinct,,,,,2,,0,3495,fast,0,PlaceValueMisidentification,2026-04-28T13:25:55.026Z,2026-04-28T13:26:04.691Z,1,1,test_definition,False,42,11,,,,,"{""pos_0"": 6, ""pos_1"": 1}","{""pos_0"": 1, ""pos_1"": 6}",,,,,61,"{""maxNumberRange"": 2, ""numQuestions"": 4, ""requiredCorrectAnswersMinimumPercent"": 75}"
stu_1777023762504_1364,test_1777023978840_kask7x7,identify_place_value,0,3,number_sense,1.0,place_value_identification,identify_place_value__2digits__all_digits_distinct,identify place value | PlaceValue | PlaceValue | 2 digits,identify_place_value__cfg_range2,,,,PlaceValue,PlaceValue,Visual,2,easy,,,,,,,,all_digits_distinct,,,,,2,,1,9659,fast,0,,2026-04-28T13:25:55.026Z,2026-04-28T13:26:04.691Z,1,1,test_definition,False,42,11,,,,,"{""pos_0"": 1, ""pos_1"": 7}","{""pos_0"": 1, ""pos_1"": 7}",,,,,17,"{""maxNumberRange"": 2, ""numQuestions"": 4, ""requiredCorrectAnswersMinimumPercent"": 75}"
stu_1777023762504_1364,test_1777023978840_kask7x7,order_numbers,0,0,sequential_thinking,1.0,number_ordering,order_numbers__asc__seq6__2digits,order numbers | Ordering_asc | Ordering | asc | 2 digits | sequence 6,order_numbers__cfg_range2__maxseq7,,,,Ordering_asc,Ordering,Visual,2,easy,,,6.0,,asc,,,,,,,,2,,1,24129,fast,0,,2026-04-28T13:24:45.259Z,2026-04-28T13:25:27.755Z,0,1,test_definition,True,4,4,,,,,,,,"[96, 41, 22, 71, 73, 74]",,,,"{""maxNumberRange"": 2, ""maxNumbersInSequence"": 7, ""numQuestions"": 3, ""requiredCorrectAnswersMinimumPercent"": 75}"
stu_1777023762504_1364,test_1777023978840_kask7x7,order_numbers,0,1,sequential_thinking,1.0,number_ordering,order_numbers__desc__seq5__2digits,order numbers | Ordering_desc | Ordering | desc | 2 digits | sequence 5,order_numbers__cfg_range2__maxseq7,,,,Ordering_desc,Ordering,Visual,2,easy,,,5.0,,desc,,,,,,,,2,,1,11610,fast,0,,2026-04-28T13:24:45.259Z,2026-04-28T13:25:27.755Z,0,1,test_definition,False,5,4,,,,,,,,"[93, 32, 77, 81, 86]",,,,"{""maxNumberRange"": 2, ""maxNumbersInSequence"": 7, ""numQuestions"": 3, ""requiredCorrectAnswersMinimumPercent"": 75}"
stu_1777023762504_1364,test_1777023978840_kask7x7,order_numbers,0,2,sequential_thinking,1.0,number_ordering,order_numbers__desc__seq4__2digits,order numbers | Ordering_desc | Ordering | desc | 2 digits | sequence 4,order_numbers__cfg_range2__maxseq7,,,,Ordering_desc,Ordering,Visual,2,easy,,,4.0,,desc,,,,,,,,2,,1,6741,fast,0,,2026-04-28T13:24:45.259Z,2026-04-28T13:25:27.755Z,0,1,test_definition,True,1,1,,,,,,,,"[98, 85, 82, 89]",,,,"{""maxNumberRange"": 2, ""maxNumbersInSequence"": 7, ""numQuestions"": 3, ""requiredCorrectAnswersMinimumPercent"": 75}"
stu_1777023762504_1364,test_1777023978840_kask7x7,vertical_operations,0,0,arithmetic_fluency,1.0,vertical_operation_fluency,vertical_operations__SubtractionWithBorrow__4digits,vertical operations | SubtractionWithBorrow | Subtraction | VerticalOperation | 4 digits,vertical_operations__cfg_range4__ops_Addition-Subtraction__carryTrue__borrowTrue__mulstepFalse__divstepFalse,Subtraction,,,SubtractionWithBorrow,VerticalOperation,Vertical,4,hard,,,,,,,,,,,,,4,,0,57334,fast,0,ComputationError,2026-04-28T13:27:42.525Z,2026-04-28T13:29:33.752Z,3,1,test_definition,False,7,5,8271 Subtraction 2433,,4838,5838,,,,,,,,"{""allowBorrow"": true, ""allowCarry"": true, ""allowMultiStepDiv"": false, ""allowMultiStepMul"": false, ""maxNumberRange"": 4, ""numOperations"": 2, ""operationsAllowed"": [""Addition"", ""Subtraction""], ""requiredCorrectAnswersMinimumPercent"": 75}"
stu_1777023762504_1364,test_1777023978840_kask7x7,vertical_operations,0,1,arithmetic_fluency,1.0,vertical_operation_fluency,vertical_operations__AdditionWithCarry__5digits,vertical operations | AdditionWithCarry | Addition | VerticalOperation | 5 digits,vertical_operations__cfg_range4__ops_Addition-Subtraction__carryTrue__borrowTrue__mulstepFalse__divstepFalse,Addition,,,AdditionWithCarry,VerticalOperation,Vertical,5,hard,,,,,,,,,,,,,4,,1,53893,fast,0,,2026-04-28T13:27:42.525Z,2026-04-28T13:29:33.752Z,3,1,test_definition,False,6,5,6558 Addition 4433,,10991,10991,,,,,,,,"{""allowBorrow"": true, ""allowCarry"": true, ""allowMultiStepDiv"": false, ""allowMultiStepMul"": false, ""maxNumberRange"": 4, ""numOperations"": 2, ""operationsAllowed"": [""Addition"", ""Subtraction""], ""requiredCorrectAnswersMinimumPercent"": 75}"
stu_1777023762504_1364,test_1777023978840_kask7x7,vertical_operations,1,0,arithmetic_fluency,1.0,vertical_operation_fluency,vertical_operations__AdditionWithCarry__3digits,vertical operations | AdditionWithCarry | Addition | VerticalOperation | 3 digits,vertical_operations__cfg_range4__ops_Addition-Subtraction__carryTrue__borrowTrue__mulstepFalse__divstepFalse,Addition,,,AdditionWithCarry,VerticalOperation,Vertical,3,medium,,,,,,,,,,,,,4,,1,11410,fast,0,,2026-04-28T13:29:33.756Z,2026-04-28T13:30:11.359Z,3,1,test_definition,False,5,5,44 Addition 602,,646,646,,,,,,,,"{""allowBorrow"": true, ""allowCarry"": true, ""allowMultiStepDiv"": false, ""allowMultiStepMul"": false, ""maxNumberRange"": 4, ""numOperations"": 2, ""operationsAllowed"": [""Addition"", ""Subtraction""], ""requiredCorrectAnswersMinimumPercent"": 75}"
stu_1777023762504_1364,test_1777023978840_kask7x7,vertical_operations,1,1,arithmetic_fluency,1.0,vertical_operation_fluency,vertical_operations__AdditionWithCarry__4digits,vertical operations | AdditionWithCarry | Addition | VerticalOperation | 4 digits,vertical_operations__cfg_range4__ops_Addition-Subtraction__carryTrue__borrowTrue__mulstepFalse__divstepFalse,Addition,,,AdditionWithCarry,VerticalOperation,Vertical,4,hard,,,,,,,,,,,,,4,,1,26193,fast,0,,2026-04-28T13:29:33.756Z,2026-04-28T13:30:11.359Z,3,1,test_definition,False,8,6,611 Addition 669,,1280,1280,,,,,,,,"{""allowBorrow"": true, ""allowCarry"": true, ""allowMultiStepDiv"": false, ""allowMultiStepMul"": false, ""maxNumberRange"": 4, ""numOperations"": 2, ""operationsAllowed"": [""Addition"", ""Subtraction""], ""requiredCorrectAnswersMinimumPercent"": 75}"
stu_1777023762699_4024,test_1777023978840_kask7x7,order_numbers,0,0,sequential_thinking,1.0,number_ordering,order_numbers__asc__seq7__2digits,order numbers | Ordering_asc | Ordering | asc | 2 digits | sequence 7,order_numbers__cfg_range2__maxseq7,,,,Ordering_asc,Ordering,Visual,2,easy,,,7.0,,asc,,,,,,,,2,,1,105004,fast,0,,2026-04-24T10:32:17.337Z,2026-04-24T10:36:39.674Z,0,1,test_definition,True,4,4,,,,,,,,"[20, 35, 44, 64, 34, 28, 93]",,,,"{""maxNumberRange"": 2, ""maxNumbersInSequence"": 7, ""numQuestions"": 3, ""requiredCorrectAnswersMinimumPercent"": 75}"
stu_1777023762699_4024,test_1777023978840_kask7x7,order_numbers,0,1,sequential_thinking,1.0,number_ordering,order_numbers__asc__seq6__2digits,order numbers | Ordering_asc | Ordering | asc | 2 digits | sequence 6,order_numbers__cfg_range2__maxseq7,,,,Ordering_asc,Ordering,Visual,2,easy,,,6.0,,asc,,,,,,,,2,,1,77225,fast,0,,2026-04-24T10:32:17.337Z,2026-04-24T10:36:39.674Z,0,1,test_definition,True,4,4,,,,,,,,"[46, 49, 44, 53, 71, 42]",,,,"{""maxNumberRange"": 2, ""maxNumbersInSequence"": 7, ""numQuestions"": 3, ""requiredCorrectAnswersMinimumPercent"": 75}"
stu_1777023762699_4024,test_1777023978840_kask7x7,order_numbers,0,2,sequential_thinking,1.0,number_ordering,order_numbers__desc__seq6__2digits,order numbers | Ordering_desc | Ordering | desc | 2 digits | sequence 6,order_numbers__cfg_range2__maxseq7,,,,Ordering_desc,Ordering,Visual,2,easy,,,6.0,,desc,,,,,,,,2,,0,80107,fast,0,ReversedAscending,2026-04-24T10:32:17.337Z,2026-04-24T10:36:39.674Z,0,1,test_definition,True,2,2,,,,,,,,"[93, 72, 38, 67, 41, 17]",,,,"{""maxNumberRange"": 2, ""maxNumbersInSequence"": 7, ""numQuestions"": 3, ""requiredCorrectAnswersMinimumPercent"": 75}"
stu_1777023762699_4024,test_1777023978840_kask7x7,order_numbers,1,0,sequential_thinking,1.0,number_ordering,order_numbers__desc__seq5__1digits,order numbers | Ordering_desc | Ordering | desc | 1 digits | sequence 5,order_numbers__cfg_range2__maxseq7,,,,Ordering_desc,Ordering,Visual,1,very-easy,,,5.0,,desc,,,,,,,,2,,1,55958,fast,0,,2026-04-24T10:36:39.816Z,2026-04-24T10:39:31.519Z,0,1,test_definition,True,2,1,,,,,,,,"[6, 9, 2, 5, 1]",,,,"{""maxNumberRange"": 2, ""maxNumbersInSequence"": 7, ""numQuestions"": 3, ""requiredCorrectAnswersMinimumPercent"": 75}"
stu_1777023762699_4024,test_1777023978840_kask7x7,order_numbers,1,1,sequential_thinking,1.0,number_ordering,order_numbers__desc__seq5__1digits,order numbers | Ordering_desc | Ordering | desc | 1 digits | sequence 5,order_numbers__cfg_range2__maxseq7,,,,Ordering_desc,Ordering,Visual,1,very-easy,,,5.0,,desc,,,,,,,,2,,1,37499,fast,0,,2026-04-24T10:36:39.816Z,2026-04-24T10:39:31.519Z,0,1,test_definition,True,2,1,,,,,,,,"[6, 3, 7, 9, 5]",,,,"{""maxNumberRange"": 2, ""maxNumbersInSequence"": 7, ""numQuestions"": 3, ""requiredCorrectAnswersMinimumPercent"": 75}"
stu_1777023762699_4024,test_1777023978840_kask7x7,order_numbers,1,2,sequential_thinking,1.0,number_ordering,order_numbers__desc__seq7__1digits,order numbers | Ordering_desc | Ordering | desc | 1 digits | sequence 7,order_numbers__cfg_range2__maxseq7,,,,Ordering_desc,Ordering,Visual,1,very-easy,,,7.0,,desc,,,,,,,,2,,0,78245,fast,0,ReversedAscending,2026-04-24T10:36:39.816Z,2026-04-24T10:39:31.519Z,0,1,test_definition,True,1,1,,,,,,,,"[2, 7, 1, 3, 8, 5, 6]",,,,"{""maxNumberRange"": 2, ""maxNumbersInSequence"": 7, ""numQuestions"": 3, ""requiredCorrectAnswersMinimumPercent"": 75}"
stu_1777023762902_7362,test_1777023978840_kask7x7,choose_answer,0,0,arithmetic_fluency,0.6,operation_identification_from_context,choose_answer__Addition__OneStepProblem__1digits__3options,choose answer | OneStepProblem | Addition | OneStepProblem | 1 digits,choose_answer__cfg_range3__ops_Addition-Subtraction-Multiplication-Division__options3,Addition,Addition,Addition,OneStepProblem,OneStepProblem,Horizontal,1,very-easy,,,,,,,,,3.0,,,,3,,1,21196,slow,1,,2026-04-24T10:59:09.415Z,2026-04-24T11:00:58.532Z,2,1,test_definition,True,3,3,اشترت فاطمة 3 تفاحات و4 برتقالات. كم فاكهة اشترت فاطمة؟,3 + 4,,,,,"[{""correct"": true, ""text"": ""3 + 4""}, {""correct"": false, ""text"": ""7 - 3""}, {""correct"": false, ""text"": ""3 × 4""}]",,,,,"{""maxNumberRange"": 3, ""numOptions"": 3, ""numQuestions"": 5, ""operationsAllowed"": [""Addition"", ""Subtraction"", ""Multiplication"", ""Division""], ""requiredCorrectAnswersMinimumPercent"": 75}"
stu_1777023762902_7362,test_1777023978840_kask7x7,choose_answer,0,0,number_sense,0.2,operation_identification_from_context,choose_answer__Addition__OneStepProblem__1digits__3options,choose answer | OneStepProblem | Addition | OneStepProblem | 1 digits,choose_answer__cfg_range3__ops_Addition-Subtraction-Multiplication-Division__options3,Addition,Addition,Addition,OneStepProblem,OneStepProblem,Horizontal,1,very-easy,,,,,,,,,3.0,,,,3,,1,21196,slow,1,,2026-04-24T10:59:09.415Z,2026-04-24T11:00:58.532Z,2,1,test_definition,True,3,3,اشترت فاطمة 3 تفاحات و4 برتقالات. كم فاكهة اشترت فاطمة؟,3 + 4,,,,,"[{""correct"": true, ""text"": ""3 + 4""}, {""correct"": false, ""text"": ""7 - 3""}, {""correct"": false, ""text"": ""3 × 4""}]",,,,,"{""maxNumberRange"": 3, ""numOptions"": 3, ""numQuestions"": 5, ""operationsAllowed"": [""Addition"", ""Subtraction"", ""Multiplication"", ""Division""], ""requiredCorrectAnswersMinimumPercent"": 75}"
stu_1777023762902_7362,test_1777023978840_kask7x7,choose_answer,0,0,sequential_thinking,0.2,operation_identification_from_context,choose_answer__Addition__OneStepProblem__1digits__3options,choose answer | OneStepProblem | Addition | OneStepProblem | 1 digits,choose_answer__cfg_range3__ops_Addition-Subtraction-Multiplication-Division__options3,Addition,Addition,Addition,OneStepProblem,OneStepProblem,Horizontal,1,very-easy,,,,,,,,,3.0,,,,3,,1,21196,slow,1,,2026-04-24T10:59:09.415Z,2026-04-24T11:00:58.532Z,2,1,test_definition,True,3,3,اشترت فاطمة 3 تفاحات و4 برتقالات. كم فاكهة اشترت فاطمة؟,3 + 4,,,,,"[{""correct"": true, ""text"": ""3 + 4""}, {""correct"": false, ""text"": ""7 - 3""}, {""correct"": false, ""text"": ""3 × 4""}]",,,,,"{""maxNumberRange"": 3, ""numOptions"": 3, ""numQuestions"": 5, ""operationsAllowed"": [""Addition"", ""Subtraction"", ""Multiplication"", ""Division""], ""requiredCorrectAnswersMinimumPercent"": 75}"
stu_1777023762902_7362,test_1777023978840_kask7x7,choose_answer,0,1,arithmetic_fluency,0.6,operation_identification_from_context,choose_answer__Subtraction-Multiplication__MultiStepProblem__3digits__3options,choose answer | MultiStepProblem | Subtraction-Multiplication | MultiStepProblem | 3 digits,choose_answer__cfg_range3__ops_Addition-Subtraction-Multiplication-Division__options3,Subtraction-Multiplication,Subtraction-Multiplication,Subtraction-Multiplication,MultiStepProblem,MultiStepProblem,Horizontal,3,medium,,,,,,,,,3.0,,,,3,,1,35710,slow,1,,2026-04-24T10:59:09.415Z,2026-04-24T11:00:58.532Z,2,1,test_definition,False,11,8,كانت لديك 500 درهمًا، اشتريت 3 هدايا بتكلفة 120 درهمًا لكل هدية. كم تبقى لديك؟,500 - (3 × 120),,,,,"[{""correct"": false, ""text"": ""3 × 120""}, {""correct"": true, ""text"": ""500 - (3 × 120)""}, {""correct"": false, ""text"": ""360 + 140""}]",,,,,"{""maxNumberRange"": 3, ""numOptions"": 3, ""numQuestions"": 5, ""operationsAllowed"": [""Addition"", ""Subtraction"", ""Multiplication"", ""Division""], ""requiredCorrectAnswersMinimumPercent"": 75}"
stu_1777023762902_7362,test_1777023978840_kask7x7,choose_answer,0,1,number_sense,0.2,operation_identification_from_context,choose_answer__Subtraction-Multiplication__MultiStepProblem__3digits__3options,choose answer | MultiStepProblem | Subtraction-Multiplication | MultiStepProblem | 3 digits,choose_answer__cfg_range3__ops_Addition-Subtraction-Multiplication-Division__options3,Subtraction-Multiplication,Subtraction-Multiplication,Subtraction-Multiplication,MultiStepProblem,MultiStepProblem,Horizontal,3,medium,,,,,,,,,3.0,,,,3,,1,35710,slow,1,,2026-04-24T10:59:09.415Z,2026-04-24T11:00:58.532Z,2,1,test_definition,False,11,8,كانت لديك 500 درهمًا، اشتريت 3 هدايا بتكلفة 120 درهمًا لكل هدية. كم تبقى لديك؟,500 - (3 × 120),,,,,"[{""correct"": false, ""text"": ""3 × 120""}, {""correct"": true, ""text"": ""500 - (3 × 120)""}, {""correct"": false, ""text"": ""360 + 140""}]",,,,,"{""maxNumberRange"": 3, ""numOptions"": 3, ""numQuestions"": 5, ""operationsAllowed"": [""Addition"", ""Subtraction"", ""Multiplication"", ""Division""], ""requiredCorrectAnswersMinimumPercent"": 75}"
stu_1777023762902_7362,test_1777023978840_kask7x7,choose_answer,0,1,sequential_thinking,0.2,operation_identification_from_context,choose_answer__Subtraction-Multiplication__MultiStepProblem__3digits__3options,choose answer | MultiStepProblem | Subtraction-Multiplication | MultiStepProblem | 3 digits,choose_answer__cfg_range3__ops_Addition-Subtraction-Multiplication-Division__options3,Subtraction-Multiplication,Subtraction-Multiplication,Subtraction-Multiplication,MultiStepProblem,MultiStepProblem,Horizontal,3,medium,,,,,,,,,3.0,,,,3,,1,35710,slow,1,,2026-04-24T10:59:09.415Z,2026-04-24T11:00:58.532Z,2,1,test_definition,False,11,8,كانت لديك 500 درهمًا، اشتريت 3 هدايا بتكلفة 120 درهمًا لكل هدية. كم تبقى لديك؟,500 - (3 × 120),,,,,"[{""correct"": false, ""text"": ""3 × 120""}, {""correct"": true, ""text"": ""500 - (3 × 120)""}, {""correct"": false, ""text"": ""360 + 140""}]",,,,,"{""maxNumberRange"": 3, ""numOptions"": 3, ""numQuestions"": 5, ""operationsAllowed"": [""Addition"", ""Subtraction"", ""Multiplication"", ""Division""], ""requiredCorrectAnswersMinimumPercent"": 75}"
stu_1777023762902_7362,test_1777023978840_kask7x7,choose_answer,0,2,arithmetic_fluency,0.6,operation_identification_from_context,choose_answer__Multiplication__OneStepProblem__2digits__3options,choose answer | OneStepProblem | Multiplication | OneStepProblem | 2 digits,choose_answer__cfg_range3__ops_Addition-Subtraction-Multiplication-Division__options3,Multiplication,Multiplication,Multiplication,OneStepProblem,OneStepProblem,Horizontal,2,easy,,,,,,,,,3.0,,,,3,,1,24484,slow,1,,2026-04-24T10:59:09.415Z,2026-04-24T11:00:58.532Z,2,1,test_definition,False,36,12,أشترت مريم 3 كتب، كل كتاب يكلف 40 درهما. كم دفعت مريم في المجمل؟,3 × 40,,,,,"[{""correct"": false, ""text"": ""3 + 40""}, {""correct"": false, ""text"": ""40 - 3""}, {""correct"": true, ""text"": ""3 × 40""}]",,,,,"{""maxNumberRange"": 3, ""numOptions"": 3, ""numQuestions"": 5, ""operationsAllowed"": [""Addition"", ""Subtraction"", ""Multiplication"", ""Division""], ""requiredCorrectAnswersMinimumPercent"": 75}"
stu_1777023762902_7362,test_1777023978840_kask7x7,choose_answer,0,2,number_sense,0.2,operation_identification_from_context,choose_answer__Multiplication__OneStepProblem__2digits__3options,choose answer | OneStepProblem | Multiplication | OneStepProblem | 2 digits,choose_answer__cfg_range3__ops_Addition-Subtraction-Multiplication-Division__options3,Multiplication,Multiplication,Multiplication,OneStepProblem,OneStepProblem,Horizontal,2,easy,,,,,,,,,3.0,,,,3,,1,24484,slow,1,,2026-04-24T10:59:09.415Z,2026-04-24T11:00:58.532Z,2,1,test_definition,False,36,12,أشترت مريم 3 كتب، كل كتاب يكلف 40 درهما. كم دفعت مريم في المجمل؟,3 × 40,,,,,"[{""correct"": false, ""text"": ""3 + 40""}, {""correct"": false, ""text"": ""40 - 3""}, {""correct"": true, ""text"": ""3 × 40""}]",,,,,"{""maxNumberRange"": 3, ""numOptions"": 3, ""numQuestions"": 5, ""operationsAllowed"": [""Addition"", ""Subtraction"", ""Multiplication"", ""Division""], ""requiredCorrectAnswersMinimumPercent"": 75}"
stu_1777023762902_7362,test_1777023978840_kask7x7,choose_answer,0,2,sequential_thinking,0.2,operation_identification_from_context,choose_answer__Multiplication__OneStepProblem__2digits__3options,choose answer | OneStepProblem | Multiplication | OneStepProblem | 2 digits,choose_answer__cfg_range3__ops_Addition-Subtraction-Multiplication-Division__options3,Multiplication,Multiplication,Multiplication,OneStepProblem,OneStepProblem,Horizontal,2,easy,,,,,,,,,3.0,,,,3,,1,24484,slow,1,,2026-04-24T10:59:09.415Z,2026-04-24T11:00:58.532Z,2,1,test_definition,False,36,12,أشترت مريم 3 كتب، كل كتاب يكلف 40 درهما. كم دفعت مريم في المجمل؟,3 × 40,,,,,"[{""correct"": false, ""text"": ""3 + 40""}, {""correct"": false, ""text"": ""40 - 3""}, {""correct"": true, ""text"": ""3 × 40""}]",,,,,"{""maxNumberRange"": 3, ""numOptions"": 3, ""numQuestions"": 5, ""operationsAllowed"": [""Addition"", ""Subtraction"", ""Multiplication"", ""Division""], ""requiredCorrectAnswersMinimumPercent"": 75}"
stu_1777023762902_7362,test_1777023978840_kask7x7,choose_answer,0,3,arithmetic_fluency,0.6,operation_identification_from_context,choose_answer__Multiplication__OneStepProblem__2digits__3options,choose answer | OneStepProblem | Multiplication | OneStepProblem | 2 digits,choose_answer__cfg_range3__ops_Addition-Subtraction-Multiplication-Division__options3,Multiplication,Multiplication,Multiplication,OneStepProblem,OneStepProblem,Horizontal,2,easy,,,,,,,,,3.0,,,,3,,1,15950,medium,0,,2026-04-24T10:59:09.415Z,2026-04-24T11:00:58.532Z,2,1,test_definition,False,36,12,في إحدى المزارع هناك 8 حقول. في كل حقل 10 أشجار. كم عدد الأشجار في جميع الحقول؟,8 × 10,,,,,"[{""correct"": false, ""text"": ""80 ÷ 10""}, {""correct"": true, ""text"": ""8 × 10""}, {""correct"": false, ""text"": ""10 - 8""}]",,,,,"{""maxNumberRange"": 3, ""numOptions"": 3, ""numQuestions"": 5, ""operationsAllowed"": [""Addition"", ""Subtraction"", ""Multiplication"", ""Division""], ""requiredCorrectAnswersMinimumPercent"": 75}"
stu_1777023762902_7362,test_1777023978840_kask7x7,choose_answer,0,3,number_sense,0.2,operation_identification_from_context,choose_answer__Multiplication__OneStepProblem__2digits__3options,choose answer | OneStepProblem | Multiplication | OneStepProblem | 2 digits,choose_answer__cfg_range3__ops_Addition-Subtraction-Multiplication-Division__options3,Multiplication,Multiplication,Multiplication,OneStepProblem,OneStepProblem,Horizontal,2,easy,,,,,,,,,3.0,,,,3,,1,15950,medium,0,,2026-04-24T10:59:09.415Z,2026-04-24T11:00:58.532Z,2,1,test_definition,False,36,12,في إحدى المزارع هناك 8 حقول. في كل حقل 10 أشجار. كم عدد الأشجار في جميع الحقول؟,8 × 10,,,,,"[{""correct"": false, ""text"": ""80 ÷ 10""}, {""correct"": true, ""text"": ""8 × 10""}, {""correct"": false, ""text"": ""10 - 8""}]",,,,,"{""maxNumberRange"": 3, ""numOptions"": 3, ""numQuestions"": 5, ""operationsAllowed"": [""Addition"", ""Subtraction"", ""Multiplication"", ""Division""], ""requiredCorrectAnswersMinimumPercent"": 75}"
stu_1777023762902_7362,test_1777023978840_kask7x7,choose_answer,0,3,sequential_thinking,0.2,operation_identification_from_context,choose_answer__Multiplication__OneStepProblem__2digits__3options,choose answer | OneStepProblem | Multiplication | OneStepProblem | 2 digits,choose_answer__cfg_range3__ops_Addition-Subtraction-Multiplication-Division__options3,Multiplication,Multiplication,Multiplication,OneStepProblem,OneStepProblem,Horizontal,2,easy,,,,,,,,,3.0,,,,3,,1,15950,medium,0,,2026-04-24T10:59:09.415Z,2026-04-24T11:00:58.532Z,2,1,test_definition,False,36,12,في إحدى المزارع هناك 8 حقول. في كل حقل 10 أشجار. كم عدد الأشجار في جميع الحقول؟,8 × 10,,,,,"[{""correct"": false, ""text"": ""80 ÷ 10""}, {""correct"": true, ""text"": ""8 × 10""}, {""correct"": false, ""text"": ""10 - 8""}]",,,,,"{""maxNumberRange"": 3, ""numOptions"": 3, ""numQuestions"": 5, ""operationsAllowed"": [""Addition"", ""Subtraction"", ""Multiplication"", ""Division""], ""requiredCorrectAnswersMinimumPercent"": 75}"
stu_1777023762902_7362,test_1777023978840_kask7x7,choose_answer,0,4,arithmetic_fluency,0.6,operation_identification_from_context,choose_answer__Addition__OneStepProblem__2digits__3options,choose answer | OneStepProblem | Addition | OneStepProblem | 2 digits,choose_answer__cfg_range3__ops_Addition-Subtraction-Multiplication-Division__options3,Addition,Addition,Addition,OneStepProblem,OneStepProblem,Horizontal,2,easy,,,,,,,,,3.0,,,,3,,1,11777,medium,0,,2026-04-24T10:59:09.415Z,2026-04-24T11:00:58.532Z,2,1,test_definition,False,14,8,في حديقة هناك 45 شجرة، زرعوا 12 شجرة أخرى. كم عدد الأشجار في الحديقة الآن؟,45 + 12,,,,,"[{""correct"": false, ""text"": ""12 × 45""}, {""correct"": false, ""text"": ""57 - 12""}, {""correct"": true, ""text"": ""45 + 12""}]",,,,,"{""maxNumberRange"": 3, ""numOptions"": 3, ""numQuestions"": 5, ""operationsAllowed"": [""Addition"", ""Subtraction"", ""Multiplication"", ""Division""], ""requiredCorrectAnswersMinimumPercent"": 75}"
stu_1777023762902_7362,test_1777023978840_kask7x7,choose_answer,0,4,number_sense,0.2,operation_identification_from_context,choose_answer__Addition__OneStepProblem__2digits__3options,choose answer | OneStepProblem | Addition | OneStepProblem | 2 digits,choose_answer__cfg_range3__ops_Addition-Subtraction-Multiplication-Division__options3,Addition,Addition,Addition,OneStepProblem,OneStepProblem,Horizontal,2,easy,,,,,,,,,3.0,,,,3,,1,11777,medium,0,,2026-04-24T10:59:09.415Z,2026-04-24T11:00:58.532Z,2,1,test_definition,False,14,8,في حديقة هناك 45 شجرة، زرعوا 12 شجرة أخرى. كم عدد الأشجار في الحديقة الآن؟,45 + 12,,,,,"[{""correct"": false, ""text"": ""12 × 45""}, {""correct"": false, ""text"": ""57 - 12""}, {""correct"": true, ""text"": ""45 + 12""}]",,,,,"{""maxNumberRange"": 3, ""numOptions"": 3, ""numQuestions"": 5, ""operationsAllowed"": [""Addition"", ""Subtraction"", ""Multiplication"", ""Division""], ""requiredCorrectAnswersMinimumPercent"": 75}"
stu_1777023762902_7362,test_1777023978840_kask7x7,choose_answer,0,4,sequential_thinking,0.2,operation_identification_from_context,choose_answer__Addition__OneStepProblem__2digits__3options,choose answer | OneStepProblem | Addition | OneStepProblem | 2 digits,choose_answer__cfg_range3__ops_Addition-Subtraction-Multiplication-Division__options3,Addition,Addition,Addition,OneStepProblem,OneStepProblem,Horizontal,2,easy,,,,,,,,,3.0,,,,3,,1,11777,medium,0,,2026-04-24T10:59:09.415Z,2026-04-24T11:00:58.532Z,2,1,test_definition,False,14,8,في حديقة هناك 45 شجرة، زرعوا 12 شجرة أخرى. كم عدد الأشجار في الحديقة الآن؟,45 + 12,,,,,"[{""correct"": false, ""text"": ""12 × 45""}, {""correct"": false, ""text"": ""57 - 12""}, {""correct"": true, ""text"": ""45 + 12""}]",,,,,"{""maxNumberRange"": 3, ""numOptions"": 3, ""numQuestions"": 5, ""operationsAllowed"": [""Addition"", ""Subtraction"", ""Multiplication"", ""Division""], ""requiredCorrectAnswersMinimumPercent"": 75}"
stu_1777023762902_7362,test_1777023978840_kask7x7,compare_numbers,0,0,comparison_skill,1.0,number_comparison,compare_numbers__Greater__3digits,compare numbers | Greater | Comparison | Greater | 3 digits,compare_numbers__cfg_range3,,,,Greater,Comparison,Horizontal,3,medium,,,,Greater,,,,,,,,,3,,1,20799,slow,1,,2026-04-24T11:04:38.117Z,2026-04-24T11:05:22.364Z,6,1,test_definition,False,13,13,,,,,,,,,943,428,,"{""maxNumberRange"": 3, ""numQuestions"": 3, ""requiredCorrectAnswersMinimumPercent"": 75}"
stu_1777023762902_7362,test_1777023978840_kask7x7,compare_numbers,0,1,comparison_skill,1.0,number_comparison,compare_numbers__Less__3digits,compare numbers | Less | Comparison | Less | 3 digits,compare_numbers__cfg_range3,,,,Less,Comparison,Horizontal,3,medium,,,,Less,,,,,,,,,3,,1,17963,medium,0,,2026-04-24T11:04:38.117Z,2026-04-24T11:05:22.364Z,6,1,test_definition,False,13,13,,,,,,,,,190,376,,"{""maxNumberRange"": 3, ""numQuestions"": 3, ""requiredCorrectAnswersMinimumPercent"": 75}"
stu_1777023762902_7362,test_1777023978840_kask7x7,compare_numbers,0,2,comparison_skill,1.0,number_comparison,compare_numbers__Equal__3digits,compare numbers | Equal | Comparison | Equal | 3 digits,compare_numbers__cfg_range3,,,,Equal,Comparison,Horizontal,3,medium,,,,Equal,,,,,,,,,3,,1,5484,fast,0,,2026-04-24T11:04:38.117Z,2026-04-24T11:05:22.364Z,6,1,test_definition,False,13,13,,,,,,,,,879,879,,"{""maxNumberRange"": 3, ""numQuestions"": 3, ""requiredCorrectAnswersMinimumPercent"": 75}"
stu_1777023762902_7362,test_1777023978840_kask7x7,find_previous_next_number,0,0,sequential_thinking,1.0,previous_next_number,find_previous_next_number__3digits__normal_range,find previous next number | PreviousAndNext | Sequence | normal_range | 3 digits,find_previous_next_number__cfg_range3,,,,PreviousAndNext,Sequence,Horizontal,3,medium,normal_range,550-559,,,,,,,,,,,3,,1,55858,fast,0,,2026-04-24T11:03:58.413Z,2026-04-24T11:04:37.881Z,5,1,test_definition,False,24,12,554,,,,"[553, 555]","[553, 555]",,,,,,"{""maxNumberRange"": 3, ""numQuestions"": 3, ""requiredCorrectAnswersMinimumPercent"": 75}"
stu_1777023762902_7362,test_1777023978840_kask7x7,find_previous_next_number,0,1,sequential_thinking,1.0,previous_next_number,find_previous_next_number__2digits__normal_range,find previous next number | PreviousAndNext | Sequence | normal_range | 2 digits,find_previous_next_number__cfg_range3,,,,PreviousAndNext,Sequence,Horizontal,2,easy,normal_range,90-99,,,,,,,,,,,3,,1,25971,fast,0,,2026-04-24T11:03:58.413Z,2026-04-24T11:04:37.881Z,5,1,test_definition,False,10,7,92,,,,"[91, 93]","[91, 93]",,,,,,"{""maxNumberRange"": 3, ""numQuestions"": 3, ""requiredCorrectAnswersMinimumPercent"": 75}"
stu_1777023762902_7362,test_1777023978840_kask7x7,find_previous_next_number,0,2,sequential_thinking,1.0,previous_next_number,find_previous_next_number__3digits__normal_range,find previous next number | PreviousAndNext | Sequence | normal_range | 3 digits,find_previous_next_number__cfg_range3,,,,PreviousAndNext,Sequence,Horizontal,3,medium,normal_range,120-129,,,,,,,,,,,3,,1,39467,fast,0,,2026-04-24T11:03:58.413Z,2026-04-24T11:04:37.881Z,5,1,test_definition,False,24,12,126,,,,"[125, 127]","[125, 127]",,,,,,"{""maxNumberRange"": 3, ""numQuestions"": 3, ""requiredCorrectAnswersMinimumPercent"": 75}"
stu_1777023762902_7362,test_1777023978840_kask7x7,identify_place_value,0,0,number_sense,1.0,place_value_identification,identify_place_value__2digits__all_digits_distinct,identify place value | PlaceValue | PlaceValue | 2 digits,identify_place_value__cfg_range2,,,,PlaceValue,PlaceValue,Visual,2,easy,,,,,,,,all_digits_distinct,,,,,2,,1,29357,fast,0,,2026-04-24T10:58:53.639Z,2026-04-24T10:59:09.255Z,1,1,test_definition,False,42,11,,,,,"{""pos_0"": 5, ""pos_1"": 8}","{""pos_0"": 5, ""pos_1"": 8}",,,,,58,"{""maxNumberRange"": 2, ""numQuestions"": 4, ""requiredCorrectAnswersMinimumPercent"": 75}"
stu_1777023762902_7362,test_1777023978840_kask7x7,identify_place_value,0,1,number_sense,1.0,place_value_identification,identify_place_value__2digits__all_digits_distinct,identify place value | PlaceValue | PlaceValue | 2 digits,identify_place_value__cfg_range2,,,,PlaceValue,PlaceValue,Visual,2,easy,,,,,,,,all_digits_distinct,,,,,2,,1,24438,fast,0,,2026-04-24T10:58:53.639Z,2026-04-24T10:59:09.255Z,1,1,test_definition,False,42,11,,,,,"{""pos_0"": 1, ""pos_1"": 4}","{""pos_0"": 1, ""pos_1"": 4}",,,,,14,"{""maxNumberRange"": 2, ""numQuestions"": 4, ""requiredCorrectAnswersMinimumPercent"": 75}"
stu_1777023762902_7362,test_1777023978840_kask7x7,identify_place_value,0,2,number_sense,1.0,place_value_identification,identify_place_value__2digits__all_digits_distinct,identify place value | PlaceValue | PlaceValue | 2 digits,identify_place_value__cfg_range2,,,,PlaceValue,PlaceValue,Visual,2,easy,,,,,,,,all_digits_distinct,,,,,2,,1,15854,fast,0,,2026-04-24T10:58:53.639Z,2026-04-24T10:59:09.255Z,1,1,test_definition,False,42,11,,,,,"{""pos_0"": 8, ""pos_1"": 3}","{""pos_0"": 8, ""pos_1"": 3}",,,,,83,"{""maxNumberRange"": 2, ""numQuestions"": 4, ""requiredCorrectAnswersMinimumPercent"": 75}"
stu_1777023762902_7362,test_1777023978840_kask7x7,identify_place_value,0,3,number_sense,1.0,place_value_identification,identify_place_value__2digits__all_digits_same,identify place value | PlaceValue | PlaceValue | 2 digits,identify_place_value__cfg_range2,,,,PlaceValue,PlaceValue,Visual,2,easy,,,,,,,,all_digits_same,,,,,2,,1,15615,fast,0,,2026-04-24T10:58:53.639Z,2026-04-24T10:59:09.255Z,1,1,test_definition,True,4,3,,,,,"{""pos_0"": 3, ""pos_1"": 3}","{""pos_0"": 3, ""pos_1"": 3}",,,,,33,"{""maxNumberRange"": 2, ""numQuestions"": 4, ""requiredCorrectAnswersMinimumPercent"": 75}"
stu_1777023762902_7362,test_1777023978840_kask7x7,order_numbers,0,0,sequential_thinking,1.0,number_ordering,order_numbers__asc__seq7__2digits,order numbers | Ordering_asc | Ordering | asc | 2 digits | sequence 7,order_numbers__cfg_range2__maxseq7,,,,Ordering_asc,Ordering,Visual,2,easy,,,7.0,,asc,,,,,,,,2,,1,93611,fast,0,,2026-04-24T10:55:20.746Z,2026-04-24T10:57:43.848Z,0,1,test_definition,True,4,4,,,,,,,,"[83, 84, 68, 60, 69, 29, 99]",,,,"{""maxNumberRange"": 2, ""maxNumbersInSequence"": 7, ""numQuestions"": 3, ""requiredCorrectAnswersMinimumPercent"": 75}"
stu_1777023762902_7362,test_1777023978840_kask7x7,order_numbers,0,1,sequential_thinking,1.0,number_ordering,order_numbers__asc__seq2__2digits,order numbers | Ordering_asc | Ordering | asc | 2 digits | sequence 2,order_numbers__cfg_range2__maxseq7,,,,Ordering_asc,Ordering,Visual,2,easy,,,2.0,,asc,,,,,,,,2,,1,30030,fast,0,,2026-04-24T10:55:20.746Z,2026-04-24T10:57:43.848Z,0,1,test_definition,True,2,2,,,,,,,,"[80, 79]",,,,"{""maxNumberRange"": 2, ""maxNumbersInSequence"": 7, ""numQuestions"": 3, ""requiredCorrectAnswersMinimumPercent"": 75}"
stu_1777023762902_7362,test_1777023978840_kask7x7,order_numbers,0,2,sequential_thinking,1.0,number_ordering,order_numbers__asc__seq4__2digits,order numbers | Ordering_asc | Ordering | asc | 2 digits | sequence 4,order_numbers__cfg_range2__maxseq7,,,,Ordering_asc,Ordering,Visual,2,easy,,,4.0,,asc,,,,,,,,2,,1,19460,fast,0,,2026-04-24T10:55:20.746Z,2026-04-24T10:57:43.848Z,0,1,test_definition,True,3,3,,,,,,,,"[75, 24, 72, 46]",,,,"{""maxNumberRange"": 2, ""maxNumbersInSequence"": 7, ""numQuestions"": 3, ""requiredCorrectAnswersMinimumPercent"": 75}"
stu_1777023762902_7362,test_1777023978840_kask7x7,vertical_operations,0,0,arithmetic_fluency,1.0,vertical_operation_fluency,vertical_operations__AdditionWithCarry__5digits,vertical operations | AdditionWithCarry | Addition | VerticalOperation | 5 digits,vertical_operations__cfg_range4__ops_Addition-Subtraction__carryTrue__borrowTrue__mulstepFalse__divstepFalse,Addition,,,AdditionWithCarry,VerticalOperation,Vertical,5,hard,,,,,,,,,,,,,4,,1,56811,fast,0,,2026-04-24T11:00:58.945Z,2026-04-24T11:02:36.545Z,3,1,test_definition,False,6,5,2183 Addition 8623,,10806,10806,,,,,,,,"{""allowBorrow"": true, ""allowCarry"": true, ""allowMultiStepDiv"": false, ""allowMultiStepMul"": false, ""maxNumberRange"": 4, ""numOperations"": 2, ""operationsAllowed"": [""Addition"", ""Subtraction""], ""requiredCorrectAnswersMinimumPercent"": 75}"
stu_1777023762902_7362,test_1777023978840_kask7x7,vertical_operations,0,1,arithmetic_fluency,1.0,vertical_operation_fluency,vertical_operations__SubtractionWithBorrow__4digits,vertical operations | SubtractionWithBorrow | Subtraction | VerticalOperation | 4 digits,vertical_operations__cfg_range4__ops_Addition-Subtraction__carryTrue__borrowTrue__mulstepFalse__divstepFalse,Subtraction,,,SubtractionWithBorrow,VerticalOperation,Vertical,4,hard,,,,,,,,,,,,,4,,1,40789,fast,0,,2026-04-24T11:00:58.945Z,2026-04-24T11:02:36.545Z,3,1,test_definition,False,7,5,9382 Subtraction 1972,,7410,7410,,,,,,,,"{""allowBorrow"": true, ""allowCarry"": true, ""allowMultiStepDiv"": false, ""allowMultiStepMul"": false, ""maxNumberRange"": 4, ""numOperations"": 2, ""operationsAllowed"": [""Addition"", ""Subtraction""], ""requiredCorrectAnswersMinimumPercent"": 75}"
stu_1777023763129_6667,test_1777023978840_kask7x7,choose_answer,0,0,arithmetic_fluency,0.6,operation_identification_from_context,choose_answer__Multiplication__OneStepProblem__2digits__3options,choose answer | OneStepProblem | Multiplication | OneStepProblem | 2 digits,choose_answer__cfg_range3__ops_Addition-Subtraction-Multiplication-Division__options3,Multiplication,Multiplication,Addition,OneStepProblem,OneStepProblem,Horizontal,2,easy,,,,,,,,,3.0,,,,3,,0,47459,slow,1,MisidentifiedOperation,2026-04-28T13:28:59.897Z,2026-04-28T13:31:06.604Z,2,1,test_definition,False,36,12,أشترت مريم 3 كتب، كل كتاب يكلف 40 درهما. كم دفعت مريم في المجمل؟,3 + 40,,,,,"[{""correct"": false, ""text"": ""40 - 3""}, {""correct"": false, ""text"": ""3 + 40""}, {""correct"": true, ""text"": ""3 × 40""}]",,,,,"{""maxNumberRange"": 3, ""numOptions"": 3, ""numQuestions"": 5, ""operationsAllowed"": [""Addition"", ""Subtraction"", ""Multiplication"", ""Division""], ""requiredCorrectAnswersMinimumPercent"": 75}"
stu_1777023763129_6667,test_1777023978840_kask7x7,choose_answer,0,0,number_sense,0.2,operation_identification_from_context,choose_answer__Multiplication__OneStepProblem__2digits__3options,choose answer | OneStepProblem | Multiplication | OneStepProblem | 2 digits,choose_answer__cfg_range3__ops_Addition-Subtraction-Multiplication-Division__options3,Multiplication,Multiplication,Addition,OneStepProblem,OneStepProblem,Horizontal,2,easy,,,,,,,,,3.0,,,,3,,0,47459,slow,1,MisidentifiedOperation,2026-04-28T13:28:59.897Z,2026-04-28T13:31:06.604Z,2,1,test_definition,False,36,12,أشترت مريم 3 كتب، كل كتاب يكلف 40 درهما. كم دفعت مريم في المجمل؟,3 + 40,,,,,"[{""correct"": false, ""text"": ""40 - 3""}, {""correct"": false, ""text"": ""3 + 40""}, {""correct"": true, ""text"": ""3 × 40""}]",,,,,"{""maxNumberRange"": 3, ""numOptions"": 3, ""numQuestions"": 5, ""operationsAllowed"": [""Addition"", ""Subtraction"", ""Multiplication"", ""Division""], ""requiredCorrectAnswersMinimumPercent"": 75}"
stu_1777023763129_6667,test_1777023978840_kask7x7,choose_answer,0,0,sequential_thinking,0.2,operation_identification_from_context,choose_answer__Multiplication__OneStepProblem__2digits__3options,choose answer | OneStepProblem | Multiplication | OneStepProblem | 2 digits,choose_answer__cfg_range3__ops_Addition-Subtraction-Multiplication-Division__options3,Multiplication,Multiplication,Addition,OneStepProblem,OneStepProblem,Horizontal,2,easy,,,,,,,,,3.0,,,,3,,0,47459,slow,1,MisidentifiedOperation,2026-04-28T13:28:59.897Z,2026-04-28T13:31:06.604Z,2,1,test_definition,False,36,12,أشترت مريم 3 كتب، كل كتاب يكلف 40 درهما. كم دفعت مريم في المجمل؟,3 + 40,,,,,"[{""correct"": false, ""text"": ""40 - 3""}, {""correct"": false, ""text"": ""3 + 40""}, {""correct"": true, ""text"": ""3 × 40""}]",,,,,"{""maxNumberRange"": 3, ""numOptions"": 3, ""numQuestions"": 5, ""operationsAllowed"": [""Addition"", ""Subtraction"", ""Multiplication"", ""Division""], ""requiredCorrectAnswersMinimumPercent"": 75}"
stu_1777023763129_6667,test_1777023978840_kask7x7,choose_answer,0,1,arithmetic_fluency,0.6,operation_identification_from_context,choose_answer__Multiplication__OneStepProblem__2digits__3options,choose answer | OneStepProblem | Multiplication | OneStepProblem | 2 digits,choose_answer__cfg_range3__ops_Addition-Subtraction-Multiplication-Division__options3,Multiplication,Multiplication,Multiplication,OneStepProblem,OneStepProblem,Horizontal,2,easy,,,,,,,,,3.0,,,,3,,1,26902,slow,1,,2026-04-28T13:28:59.897Z,2026-04-28T13:31:06.604Z,2,1,test_definition,False,36,12,في إحدى المزارع هناك 8 حقول. في كل حقل 10 أشجار. كم عدد الأشجار في جميع الحقول؟,8 × 10,,,,,"[{""correct"": true, ""text"": ""8 × 10""}, {""correct"": false, ""text"": ""8 + 10""}, {""correct"": false, ""text"": ""10 - 8""}]",,,,,"{""maxNumberRange"": 3, ""numOptions"": 3, ""numQuestions"": 5, ""operationsAllowed"": [""Addition"", ""Subtraction"", ""Multiplication"", ""Division""], ""requiredCorrectAnswersMinimumPercent"": 75}"
stu_1777023763129_6667,test_1777023978840_kask7x7,choose_answer,0,1,number_sense,0.2,operation_identification_from_context,choose_answer__Multiplication__OneStepProblem__2digits__3options,choose answer | OneStepProblem | Multiplication | OneStepProblem | 2 digits,choose_answer__cfg_range3__ops_Addition-Subtraction-Multiplication-Division__options3,Multiplication,Multiplication,Multiplication,OneStepProblem,OneStepProblem,Horizontal,2,easy,,,,,,,,,3.0,,,,3,,1,26902,slow,1,,2026-04-28T13:28:59.897Z,2026-04-28T13:31:06.604Z,2,1,test_definition,False,36,12,في إحدى المزارع هناك 8 حقول. في كل حقل 10 أشجار. كم عدد الأشجار في جميع الحقول؟,8 × 10,,,,,"[{""correct"": true, ""text"": ""8 × 10""}, {""correct"": false, ""text"": ""8 + 10""}, {""correct"": false, ""text"": ""10 - 8""}]",,,,,"{""maxNumberRange"": 3, ""numOptions"": 3, ""numQuestions"": 5, ""operationsAllowed"": [""Addition"", ""Subtraction"", ""Multiplication"", ""Division""], ""requiredCorrectAnswersMinimumPercent"": 75}"
stu_1777023763129_6667,test_1777023978840_kask7x7,choose_answer,0,1,sequential_thinking,0.2,operation_identification_from_context,choose_answer__Multiplication__OneStepProblem__2digits__3options,choose answer | OneStepProblem | Multiplication | OneStepProblem | 2 digits,choose_answer__cfg_range3__ops_Addition-Subtraction-Multiplication-Division__options3,Multiplication,Multiplication,Multiplication,OneStepProblem,OneStepProblem,Horizontal,2,easy,,,,,,,,,3.0,,,,3,,1,26902,slow,1,,2026-04-28T13:28:59.897Z,2026-04-28T13:31:06.604Z,2,1,test_definition,False,36,12,في إحدى المزارع هناك 8 حقول. في كل حقل 10 أشجار. كم عدد الأشجار في جميع الحقول؟,8 × 10,,,,,"[{""correct"": true, ""text"": ""8 × 10""}, {""correct"": false, ""text"": ""8 + 10""}, {""correct"": false, ""text"": ""10 - 8""}]",,,,,"{""maxNumberRange"": 3, ""numOptions"": 3, ""numQuestions"": 5, ""operationsAllowed"": [""Addition"", ""Subtraction"", ""Multiplication"", ""Division""], ""requiredCorrectAnswersMinimumPercent"": 75}"
stu_1777023763129_6667,test_1777023978840_kask7x7,choose_answer,0,2,arithmetic_fluency,0.6,operation_identification_from_context,choose_answer__Addition__OneStepProblem__2digits__3options,choose answer | OneStepProblem | Addition | OneStepProblem | 2 digits,choose_answer__cfg_range3__ops_Addition-Subtraction-Multiplication-Division__options3,Addition,Addition,Addition,OneStepProblem,OneStepProblem,Horizontal,2,easy,,,,,,,,,3.0,,,,3,,1,12923,medium,0,,2026-04-28T13:28:59.897Z,2026-04-28T13:31:06.604Z,2,1,test_definition,False,14,8,في مزرعة هناك 20 دجاجة. إذا وضعت 5 دجاجات أخرى. كم دجاجة في المجموع؟,20 + 5,,,,,"[{""correct"": false, ""text"": ""25 - 5""}, {""correct"": true, ""text"": ""20 + 5""}, {""correct"": false, ""text"": ""20 - 5""}]",,,,,"{""maxNumberRange"": 3, ""numOptions"": 3, ""numQuestions"": 5, ""operationsAllowed"": [""Addition"", ""Subtraction"", ""Multiplication"", ""Division""], ""requiredCorrectAnswersMinimumPercent"": 75}"
stu_1777023763129_6667,test_1777023978840_kask7x7,choose_answer,0,2,number_sense,0.2,operation_identification_from_context,choose_answer__Addition__OneStepProblem__2digits__3options,choose answer | OneStepProblem | Addition | OneStepProblem | 2 digits,choose_answer__cfg_range3__ops_Addition-Subtraction-Multiplication-Division__options3,Addition,Addition,Addition,OneStepProblem,OneStepProblem,Horizontal,2,easy,,,,,,,,,3.0,,,,3,,1,12923,medium,0,,2026-04-28T13:28:59.897Z,2026-04-28T13:31:06.604Z,2,1,test_definition,False,14,8,في مزرعة هناك 20 دجاجة. إذا وضعت 5 دجاجات أخرى. كم دجاجة في المجموع؟,20 + 5,,,,,"[{""correct"": false, ""text"": ""25 - 5""}, {""correct"": true, ""text"": ""20 + 5""}, {""correct"": false, ""text"": ""20 - 5""}]",,,,,"{""maxNumberRange"": 3, ""numOptions"": 3, ""numQuestions"": 5, ""operationsAllowed"": [""Addition"", ""Subtraction"", ""Multiplication"", ""Division""], ""requiredCorrectAnswersMinimumPercent"": 75}"
stu_1777023763129_6667,test_1777023978840_kask7x7,choose_answer,0,2,sequential_thinking,0.2,operation_identification_from_context,choose_answer__Addition__OneStepProblem__2digits__3options,choose answer | OneStepProblem | Addition | OneStepProblem | 2 digits,choose_answer__cfg_range3__ops_Addition-Subtraction-Multiplication-Division__options3,Addition,Addition,Addition,OneStepProblem,OneStepProblem,Horizontal,2,easy,,,,,,,,,3.0,,,,3,,1,12923,medium,0,,2026-04-28T13:28:59.897Z,2026-04-28T13:31:06.604Z,2,1,test_definition,False,14,8,في مزرعة هناك 20 دجاجة. إذا وضعت 5 دجاجات أخرى. كم دجاجة في المجموع؟,20 + 5,,,,,"[{""correct"": false, ""text"": ""25 - 5""}, {""correct"": true, ""text"": ""20 + 5""}, {""correct"": false, ""text"": ""20 - 5""}]",,,,,"{""maxNumberRange"": 3, ""numOptions"": 3, ""numQuestions"": 5, ""operationsAllowed"": [""Addition"", ""Subtraction"", ""Multiplication"", ""Division""], ""requiredCorrectAnswersMinimumPercent"": 75}"
stu_1777023763129_6667,test_1777023978840_kask7x7,choose_answer,0,3,arithmetic_fluency,0.6,operation_identification_from_context,choose_answer__Multiplication__OneStepProblem__2digits__3options,choose answer | OneStepProblem | Multiplication | OneStepProblem | 2 digits,choose_answer__cfg_range3__ops_Addition-Subtraction-Multiplication-Division__options3,Multiplication,Multiplication,Division,OneStepProblem,OneStepProblem,Horizontal,2,easy,,,,,,,,,3.0,,,,3,,0,9017,fast,0,MisidentifiedOperation,2026-04-28T13:28:59.897Z,2026-04-28T13:31:06.604Z,2,1,test_definition,False,36,12,أشترى علي 5 كتب، كل كتاب يكلف 70 درهمًا. كم دفع علي في المجمل؟,350 ÷ 5,,,,,"[{""correct"": false, ""text"": ""70 + 5""}, {""correct"": false, ""text"": ""350 ÷ 5""}, {""correct"": true, ""text"": ""5 × 70""}]",,,,,"{""maxNumberRange"": 3, ""numOptions"": 3, ""numQuestions"": 5, ""operationsAllowed"": [""Addition"", ""Subtraction"", ""Multiplication"", ""Division""], ""requiredCorrectAnswersMinimumPercent"": 75}"
stu_1777023763129_6667,test_1777023978840_kask7x7,choose_answer,0,3,number_sense,0.2,operation_identification_from_context,choose_answer__Multiplication__OneStepProblem__2digits__3options,choose answer | OneStepProblem | Multiplication | OneStepProblem | 2 digits,choose_answer__cfg_range3__ops_Addition-Subtraction-Multiplication-Division__options3,Multiplication,Multiplication,Division,OneStepProblem,OneStepProblem,Horizontal,2,easy,,,,,,,,,3.0,,,,3,,0,9017,fast,0,MisidentifiedOperation,2026-04-28T13:28:59.897Z,2026-04-28T13:31:06.604Z,2,1,test_definition,False,36,12,أشترى علي 5 كتب، كل كتاب يكلف 70 درهمًا. كم دفع علي في المجمل؟,350 ÷ 5,,,,,"[{""correct"": false, ""text"": ""70 + 5""}, {""correct"": false, ""text"": ""350 ÷ 5""}, {""correct"": true, ""text"": ""5 × 70""}]",,,,,"{""maxNumberRange"": 3, ""numOptions"": 3, ""numQuestions"": 5, ""operationsAllowed"": [""Addition"", ""Subtraction"", ""Multiplication"", ""Division""], ""requiredCorrectAnswersMinimumPercent"": 75}"
stu_1777023763129_6667,test_1777023978840_kask7x7,choose_answer,0,3,sequential_thinking,0.2,operation_identification_from_context,choose_answer__Multiplication__OneStepProblem__2digits__3options,choose answer | OneStepProblem | Multiplication | OneStepProblem | 2 digits,choose_answer__cfg_range3__ops_Addition-Subtraction-Multiplication-Division__options3,Multiplication,Multiplication,Division,OneStepProblem,OneStepProblem,Horizontal,2,easy,,,,,,,,,3.0,,,,3,,0,9017,fast,0,MisidentifiedOperation,2026-04-28T13:28:59.897Z,2026-04-28T13:31:06.604Z,2,1,test_definition,False,36,12,أشترى علي 5 كتب، كل كتاب يكلف 70 درهمًا. كم دفع علي في المجمل؟,350 ÷ 5,,,,,"[{""correct"": false, ""text"": ""70 + 5""}, {""correct"": false, ""text"": ""350 ÷ 5""}, {""correct"": true, ""text"": ""5 × 70""}]",,,,,"{""maxNumberRange"": 3, ""numOptions"": 3, ""numQuestions"": 5, ""operationsAllowed"": [""Addition"", ""Subtraction"", ""Multiplication"", ""Division""], ""requiredCorrectAnswersMinimumPercent"": 75}"
stu_1777023763129_6667,test_1777023978840_kask7x7,choose_answer,0,4,arithmetic_fluency,0.6,operation_identification_from_context,choose_answer__Multiplication__OneStepProblem__2digits__3options,choose answer | OneStepProblem | Multiplication | OneStepProblem | 2 digits,choose_answer__cfg_range3__ops_Addition-Subtraction-Multiplication-Division__options3,Multiplication,Multiplication,Multiplication,OneStepProblem,OneStepProblem,Horizontal,2,easy,,,,,,,,,3.0,,,,3,,1,30406,slow,1,,2026-04-28T13:28:59.897Z,2026-04-28T13:31:06.604Z,2,1,test_definition,False,36,12,ذهب أحمد إلى السوق واشترى 2 كيلو من التفاح بسعر 15 درهمًا للكيلو. كم دفع أحمد في المجمل؟,2 × 15,,,,,"[{""correct"": false, ""text"": ""30 - 2""}, {""correct"": true, ""text"": ""2 × 15""}, {""correct"": false, ""text"": ""2 + 15""}]",,,,,"{""maxNumberRange"": 3, ""numOptions"": 3, ""numQuestions"": 5, ""operationsAllowed"": [""Addition"", ""Subtraction"", ""Multiplication"", ""Division""], ""requiredCorrectAnswersMinimumPercent"": 75}"
stu_1777023763129_6667,test_1777023978840_kask7x7,choose_answer,0,4,number_sense,0.2,operation_identification_from_context,choose_answer__Multiplication__OneStepProblem__2digits__3options,choose answer | OneStepProblem | Multiplication | OneStepProblem | 2 digits,choose_answer__cfg_range3__ops_Addition-Subtraction-Multiplication-Division__options3,Multiplication,Multiplication,Multiplication,OneStepProblem,OneStepProblem,Horizontal,2,easy,,,,,,,,,3.0,,,,3,,1,30406,slow,1,,2026-04-28T13:28:59.897Z,2026-04-28T13:31:06.604Z,2,1,test_definition,False,36,12,ذهب أحمد إلى السوق واشترى 2 كيلو من التفاح بسعر 15 درهمًا للكيلو. كم دفع أحمد في المجمل؟,2 × 15,,,,,"[{""correct"": false, ""text"": ""30 - 2""}, {""correct"": true, ""text"": ""2 × 15""}, {""correct"": false, ""text"": ""2 + 15""}]",,,,,"{""maxNumberRange"": 3, ""numOptions"": 3, ""numQuestions"": 5, ""operationsAllowed"": [""Addition"", ""Subtraction"", ""Multiplication"", ""Division""], ""requiredCorrectAnswersMinimumPercent"": 75}"
stu_1777023763129_6667,test_1777023978840_kask7x7,choose_answer,0,4,sequential_thinking,0.2,operation_identification_from_context,choose_answer__Multiplication__OneStepProblem__2digits__3options,choose answer | OneStepProblem | Multiplication | OneStepProblem | 2 digits,choose_answer__cfg_range3__ops_Addition-Subtraction-Multiplication-Division__options3,Multiplication,Multiplication,Multiplication,OneStepProblem,OneStepProblem,Horizontal,2,easy,,,,,,,,,3.0,,,,3,,1,30406,slow,1,,2026-04-28T13:28:59.897Z,2026-04-28T13:31:06.604Z,2,1,test_definition,False,36,12,ذهب أحمد إلى السوق واشترى 2 كيلو من التفاح بسعر 15 درهمًا للكيلو. كم دفع أحمد في المجمل؟,2 × 15,,,,,"[{""correct"": false, ""text"": ""30 - 2""}, {""correct"": true, ""text"": ""2 × 15""}, {""correct"": false, ""text"": ""2 + 15""}]",,,,,"{""maxNumberRange"": 3, ""numOptions"": 3, ""numQuestions"": 5, ""operationsAllowed"": [""Addition"", ""Subtraction"", ""Multiplication"", ""Division""], ""requiredCorrectAnswersMinimumPercent"": 75}"
stu_1777023763129_6667,test_1777023978840_kask7x7,choose_answer,1,0,arithmetic_fluency,0.6,operation_identification_from_context,choose_answer__Addition__OneStepProblem__2digits__3options,choose answer | OneStepProblem | Addition | OneStepProblem | 2 digits,choose_answer__cfg_range3__ops_Addition-Subtraction-Multiplication-Division__options3,Addition,Addition,Addition,OneStepProblem,OneStepProblem,Horizontal,2,easy,,,,,,,,,3.0,,,,3,,1,11386,medium,0,,2026-04-28T13:31:06.711Z,2026-04-28T13:32:49.157Z,2,1,test_definition,False,14,8,في مزرعة هناك 20 دجاجة. إذا وضعت 5 دجاجات أخرى. كم دجاجة في المجموع؟,20 + 5,,,,,"[{""correct"": true, ""text"": ""20 + 5""}, {""correct"": false, ""text"": ""25 - 5""}, {""correct"": false, ""text"": ""5 × 20""}]",,,,,"{""maxNumberRange"": 3, ""numOptions"": 3, ""numQuestions"": 5, ""operationsAllowed"": [""Addition"", ""Subtraction"", ""Multiplication"", ""Division""], ""requiredCorrectAnswersMinimumPercent"": 75}"
stu_1777023763129_6667,test_1777023978840_kask7x7,choose_answer,1,0,number_sense,0.2,operation_identification_from_context,choose_answer__Addition__OneStepProblem__2digits__3options,choose answer | OneStepProblem | Addition | OneStepProblem | 2 digits,choose_answer__cfg_range3__ops_Addition-Subtraction-Multiplication-Division__options3,Addition,Addition,Addition,OneStepProblem,OneStepProblem,Horizontal,2,easy,,,,,,,,,3.0,,,,3,,1,11386,medium,0,,2026-04-28T13:31:06.711Z,2026-04-28T13:32:49.157Z,2,1,test_definition,False,14,8,في مزرعة هناك 20 دجاجة. إذا وضعت 5 دجاجات أخرى. كم دجاجة في المجموع؟,20 + 5,,,,,"[{""correct"": true, ""text"": ""20 + 5""}, {""correct"": false, ""text"": ""25 - 5""}, {""correct"": false, ""text"": ""5 × 20""}]",,,,,"{""maxNumberRange"": 3, ""numOptions"": 3, ""numQuestions"": 5, ""operationsAllowed"": [""Addition"", ""Subtraction"", ""Multiplication"", ""Division""], ""requiredCorrectAnswersMinimumPercent"": 75}"
stu_1777023763129_6667,test_1777023978840_kask7x7,choose_answer,1,0,sequential_thinking,0.2,operation_identification_from_context,choose_answer__Addition__OneStepProblem__2digits__3options,choose answer | OneStepProblem | Addition | OneStepProblem | 2 digits,choose_answer__cfg_range3__ops_Addition-Subtraction-Multiplication-Division__options3,Addition,Addition,Addition,OneStepProblem,OneStepProblem,Horizontal,2,easy,,,,,,,,,3.0,,,,3,,1,11386,medium,0,,2026-04-28T13:31:06.711Z,2026-04-28T13:32:49.157Z,2,1,test_definition,False,14,8,في مزرعة هناك 20 دجاجة. إذا وضعت 5 دجاجات أخرى. كم دجاجة في المجموع؟,20 + 5,,,,,"[{""correct"": true, ""text"": ""20 + 5""}, {""correct"": false, ""text"": ""25 - 5""}, {""correct"": false, ""text"": ""5 × 20""}]",,,,,"{""maxNumberRange"": 3, ""numOptions"": 3, ""numQuestions"": 5, ""operationsAllowed"": [""Addition"", ""Subtraction"", ""Multiplication"", ""Division""], ""requiredCorrectAnswersMinimumPercent"": 75}"
stu_1777023763129_6667,test_1777023978840_kask7x7,choose_answer,1,1,arithmetic_fluency,0.6,operation_identification_from_context,choose_answer__Subtraction-Multiplication__MultiStepProblem__2digits__3options,choose answer | MultiStepProblem | Subtraction-Multiplication | MultiStepProblem | 2 digits,choose_answer__cfg_range3__ops_Addition-Subtraction-Multiplication-Division__options3,Subtraction-Multiplication,Subtraction-Multiplication,Subtraction-Multiplication,MultiStepProblem,MultiStepProblem,Horizontal,2,easy,,,,,,,,,3.0,,,,3,,1,4557,fast,0,,2026-04-28T13:31:06.711Z,2026-04-28T13:32:49.157Z,2,1,test_definition,True,1,1,لدى فاطمة 80 درهمًا. إذا اشترت 4 كتب، كل كتاب يكلف 20 درهمًا، كم تبقى معها؟,80 - (4 × 20),,,,,"[{""correct"": true, ""text"": ""80 - (4 × 20)""}, {""correct"": false, ""text"": ""4 × 20""}, {""correct"": false, ""text"": ""80 + 20""}]",,,,,"{""maxNumberRange"": 3, ""numOptions"": 3, ""numQuestions"": 5, ""operationsAllowed"": [""Addition"", ""Subtraction"", ""Multiplication"", ""Division""], ""requiredCorrectAnswersMinimumPercent"": 75}"
stu_1777023763129_6667,test_1777023978840_kask7x7,choose_answer,1,1,number_sense,0.2,operation_identification_from_context,choose_answer__Subtraction-Multiplication__MultiStepProblem__2digits__3options,choose answer | MultiStepProblem | Subtraction-Multiplication | MultiStepProblem | 2 digits,choose_answer__cfg_range3__ops_Addition-Subtraction-Multiplication-Division__options3,Subtraction-Multiplication,Subtraction-Multiplication,Subtraction-Multiplication,MultiStepProblem,MultiStepProblem,Horizontal,2,easy,,,,,,,,,3.0,,,,3,,1,4557,fast,0,,2026-04-28T13:31:06.711Z,2026-04-28T13:32:49.157Z,2,1,test_definition,True,1,1,لدى فاطمة 80 درهمًا. إذا اشترت 4 كتب، كل كتاب يكلف 20 درهمًا، كم تبقى معها؟,80 - (4 × 20),,,,,"[{""correct"": true, ""text"": ""80 - (4 × 20)""}, {""correct"": false, ""text"": ""4 × 20""}, {""correct"": false, ""text"": ""80 + 20""}]",,,,,"{""maxNumberRange"": 3, ""numOptions"": 3, ""numQuestions"": 5, ""operationsAllowed"": [""Addition"", ""Subtraction"", ""Multiplication"", ""Division""], ""requiredCorrectAnswersMinimumPercent"": 75}"
stu_1777023763129_6667,test_1777023978840_kask7x7,choose_answer,1,1,sequential_thinking,0.2,operation_identification_from_context,choose_answer__Subtraction-Multiplication__MultiStepProblem__2digits__3options,choose answer | MultiStepProblem | Subtraction-Multiplication | MultiStepProblem | 2 digits,choose_answer__cfg_range3__ops_Addition-Subtraction-Multiplication-Division__options3,Subtraction-Multiplication,Subtraction-Multiplication,Subtraction-Multiplication,MultiStepProblem,MultiStepProblem,Horizontal,2,easy,,,,,,,,,3.0,,,,3,,1,4557,fast,0,,2026-04-28T13:31:06.711Z,2026-04-28T13:32:49.157Z,2,1,test_definition,True,1,1,لدى فاطمة 80 درهمًا. إذا اشترت 4 كتب، كل كتاب يكلف 20 درهمًا، كم تبقى معها؟,80 - (4 × 20),,,,,"[{""correct"": true, ""text"": ""80 - (4 × 20)""}, {""correct"": false, ""text"": ""4 × 20""}, {""correct"": false, ""text"": ""80 + 20""}]",,,,,"{""maxNumberRange"": 3, ""numOptions"": 3, ""numQuestions"": 5, ""operationsAllowed"": [""Addition"", ""Subtraction"", ""Multiplication"", ""Division""], ""requiredCorrectAnswersMinimumPercent"": 75}"
stu_1777023763129_6667,test_1777023978840_kask7x7,choose_answer,1,2,arithmetic_fluency,0.6,operation_identification_from_context,choose_answer__Subtraction__OneStepProblem__2digits__3options,choose answer | OneStepProblem | Subtraction | OneStepProblem | 2 digits,choose_answer__cfg_range3__ops_Addition-Subtraction-Multiplication-Division__options3,Subtraction,Subtraction,Subtraction,OneStepProblem,OneStepProblem,Horizontal,2,easy,,,,,,,,,3.0,,,,3,,1,33965,slow,1,,2026-04-28T13:31:06.711Z,2026-04-28T13:32:49.157Z,2,1,test_definition,True,4,4,كانت عندك 10 تفاحات، أكلت 3. كم بقي؟,10 - 3,,,,,"[{""correct"": false, ""text"": ""10 + 3""}, {""correct"": true, ""text"": ""10 - 3""}, {""correct"": false, ""text"": ""7 + 3""}]",,,,,"{""maxNumberRange"": 3, ""numOptions"": 3, ""numQuestions"": 5, ""operationsAllowed"": [""Addition"", ""Subtraction"", ""Multiplication"", ""Division""], ""requiredCorrectAnswersMinimumPercent"": 75}"
stu_1777023763129_6667,test_1777023978840_kask7x7,choose_answer,1,2,number_sense,0.2,operation_identification_from_context,choose_answer__Subtraction__OneStepProblem__2digits__3options,choose answer | OneStepProblem | Subtraction | OneStepProblem | 2 digits,choose_answer__cfg_range3__ops_Addition-Subtraction-Multiplication-Division__options3,Subtraction,Subtraction,Subtraction,OneStepProblem,OneStepProblem,Horizontal,2,easy,,,,,,,,,3.0,,,,3,,1,33965,slow,1,,2026-04-28T13:31:06.711Z,2026-04-28T13:32:49.157Z,2,1,test_definition,True,4,4,كانت عندك 10 تفاحات، أكلت 3. كم بقي؟,10 - 3,,,,,"[{""correct"": false, ""text"": ""10 + 3""}, {""correct"": true, ""text"": ""10 - 3""}, {""correct"": false, ""text"": ""7 + 3""}]",,,,,"{""maxNumberRange"": 3, ""numOptions"": 3, ""numQuestions"": 5, ""operationsAllowed"": [""Addition"", ""Subtraction"", ""Multiplication"", ""Division""], ""requiredCorrectAnswersMinimumPercent"": 75}"
stu_1777023763129_6667,test_1777023978840_kask7x7,choose_answer,1,2,sequential_thinking,0.2,operation_identification_from_context,choose_answer__Subtraction__OneStepProblem__2digits__3options,choose answer | OneStepProblem | Subtraction | OneStepProblem | 2 digits,choose_answer__cfg_range3__ops_Addition-Subtraction-Multiplication-Division__options3,Subtraction,Subtraction,Subtraction,OneStepProblem,OneStepProblem,Horizontal,2,easy,,,,,,,,,3.0,,,,3,,1,33965,slow,1,,2026-04-28T13:31:06.711Z,2026-04-28T13:32:49.157Z,2,1,test_definition,True,4,4,كانت عندك 10 تفاحات، أكلت 3. كم بقي؟,10 - 3,,,,,"[{""correct"": false, ""text"": ""10 + 3""}, {""correct"": true, ""text"": ""10 - 3""}, {""correct"": false, ""text"": ""7 + 3""}]",,,,,"{""maxNumberRange"": 3, ""numOptions"": 3, ""numQuestions"": 5, ""operationsAllowed"": [""Addition"", ""Subtraction"", ""Multiplication"", ""Division""], ""requiredCorrectAnswersMinimumPercent"": 75}"
stu_1777023763129_6667,test_1777023978840_kask7x7,choose_answer,1,3,arithmetic_fluency,0.6,operation_identification_from_context,choose_answer__Addition__OneStepProblem__2digits__3options,choose answer | OneStepProblem | Addition | OneStepProblem | 2 digits,choose_answer__cfg_range3__ops_Addition-Subtraction-Multiplication-Division__options3,Addition,Addition,Subtraction,OneStepProblem,OneStepProblem,Horizontal,2,easy,,,,,,,,,3.0,,,,3,,0,18643,medium,0,MisidentifiedOperation,2026-04-28T13:31:06.711Z,2026-04-28T13:32:49.157Z,2,1,test_definition,False,14,8,تملك سلوى 30 درهما ومنحها أبوها 20 درهما. كم أصبح لدى سلوى من درهم؟,30 - 20,,,,,"[{""correct"": true, ""text"": ""30 + 20""}, {""correct"": false, ""text"": ""50 - 20""}, {""correct"": false, ""text"": ""30 - 20""}]",,,,,"{""maxNumberRange"": 3, ""numOptions"": 3, ""numQuestions"": 5, ""operationsAllowed"": [""Addition"", ""Subtraction"", ""Multiplication"", ""Division""], ""requiredCorrectAnswersMinimumPercent"": 75}"
stu_1777023763129_6667,test_1777023978840_kask7x7,choose_answer,1,3,number_sense,0.2,operation_identification_from_context,choose_answer__Addition__OneStepProblem__2digits__3options,choose answer | OneStepProblem | Addition | OneStepProblem | 2 digits,choose_answer__cfg_range3__ops_Addition-Subtraction-Multiplication-Division__options3,Addition,Addition,Subtraction,OneStepProblem,OneStepProblem,Horizontal,2,easy,,,,,,,,,3.0,,,,3,,0,18643,medium,0,MisidentifiedOperation,2026-04-28T13:31:06.711Z,2026-04-28T13:32:49.157Z,2,1,test_definition,False,14,8,تملك سلوى 30 درهما ومنحها أبوها 20 درهما. كم أصبح لدى سلوى من درهم؟,30 - 20,,,,,"[{""correct"": true, ""text"": ""30 + 20""}, {""correct"": false, ""text"": ""50 - 20""}, {""correct"": false, ""text"": ""30 - 20""}]",,,,,"{""maxNumberRange"": 3, ""numOptions"": 3, ""numQuestions"": 5, ""operationsAllowed"": [""Addition"", ""Subtraction"", ""Multiplication"", ""Division""], ""requiredCorrectAnswersMinimumPercent"": 75}"
stu_1777023763129_6667,test_1777023978840_kask7x7,choose_answer,1,3,sequential_thinking,0.2,operation_identification_from_context,choose_answer__Addition__OneStepProblem__2digits__3options,choose answer | OneStepProblem | Addition | OneStepProblem | 2 digits,choose_answer__cfg_range3__ops_Addition-Subtraction-Multiplication-Division__options3,Addition,Addition,Subtraction,OneStepProblem,OneStepProblem,Horizontal,2,easy,,,,,,,,,3.0,,,,3,,0,18643,medium,0,MisidentifiedOperation,2026-04-28T13:31:06.711Z,2026-04-28T13:32:49.157Z,2,1,test_definition,False,14,8,تملك سلوى 30 درهما ومنحها أبوها 20 درهما. كم أصبح لدى سلوى من درهم؟,30 - 20,,,,,"[{""correct"": true, ""text"": ""30 + 20""}, {""correct"": false, ""text"": ""50 - 20""}, {""correct"": false, ""text"": ""30 - 20""}]",,,,,"{""maxNumberRange"": 3, ""numOptions"": 3, ""numQuestions"": 5, ""operationsAllowed"": [""Addition"", ""Subtraction"", ""Multiplication"", ""Division""], ""requiredCorrectAnswersMinimumPercent"": 75}"
stu_1777023763129_6667,test_1777023978840_kask7x7,choose_answer,1,4,arithmetic_fluency,0.6,operation_identification_from_context,choose_answer__Addition__OneStepProblem__2digits__3options,choose answer | OneStepProblem | Addition | OneStepProblem | 2 digits,choose_answer__cfg_range3__ops_Addition-Subtraction-Multiplication-Division__options3,Addition,Addition,Addition,OneStepProblem,OneStepProblem,Horizontal,2,easy,,,,,,,,,3.0,,,,3,,1,33895,slow,1,,2026-04-28T13:31:06.711Z,2026-04-28T13:32:49.157Z,2,1,test_definition,False,14,8,في حديقة هناك 45 شجرة، زرعوا 12 شجرة أخرى. كم عدد الأشجار في الحديقة الآن؟,45 + 12,,,,,"[{""correct"": false, ""text"": ""45 - 12""}, {""correct"": false, ""text"": ""12 × 45""}, {""correct"": true, ""text"": ""45 + 12""}]",,,,,"{""maxNumberRange"": 3, ""numOptions"": 3, ""numQuestions"": 5, ""operationsAllowed"": [""Addition"", ""Subtraction"", ""Multiplication"", ""Division""], ""requiredCorrectAnswersMinimumPercent"": 75}"
stu_1777023763129_6667,test_1777023978840_kask7x7,choose_answer,1,4,number_sense,0.2,operation_identification_from_context,choose_answer__Addition__OneStepProblem__2digits__3options,choose answer | OneStepProblem | Addition | OneStepProblem | 2 digits,choose_answer__cfg_range3__ops_Addition-Subtraction-Multiplication-Division__options3,Addition,Addition,Addition,OneStepProblem,OneStepProblem,Horizontal,2,easy,,,,,,,,,3.0,,,,3,,1,33895,slow,1,,2026-04-28T13:31:06.711Z,2026-04-28T13:32:49.157Z,2,1,test_definition,False,14,8,في حديقة هناك 45 شجرة، زرعوا 12 شجرة أخرى. كم عدد الأشجار في الحديقة الآن؟,45 + 12,,,,,"[{""correct"": false, ""text"": ""45 - 12""}, {""correct"": false, ""text"": ""12 × 45""}, {""correct"": true, ""text"": ""45 + 12""}]",,,,,"{""maxNumberRange"": 3, ""numOptions"": 3, ""numQuestions"": 5, ""operationsAllowed"": [""Addition"", ""Subtraction"", ""Multiplication"", ""Division""], ""requiredCorrectAnswersMinimumPercent"": 75}"
stu_1777023763129_6667,test_1777023978840_kask7x7,choose_answer,1,4,sequential_thinking,0.2,operation_identification_from_context,choose_answer__Addition__OneStepProblem__2digits__3options,choose answer | OneStepProblem | Addition | OneStepProblem | 2 digits,choose_answer__cfg_range3__ops_Addition-Subtraction-Multiplication-Division__options3,Addition,Addition,Addition,OneStepProblem,OneStepProblem,Horizontal,2,easy,,,,,,,,,3.0,,,,3,,1,33895,slow,1,,2026-04-28T13:31:06.711Z,2026-04-28T13:32:49.157Z,2,1,test_definition,False,14,8,في حديقة هناك 45 شجرة، زرعوا 12 شجرة أخرى. كم عدد الأشجار في الحديقة الآن؟,45 + 12,,,,,"[{""correct"": false, ""text"": ""45 - 12""}, {""correct"": false, ""text"": ""12 × 45""}, {""correct"": true, ""text"": ""45 + 12""}]",,,,,"{""maxNumberRange"": 3, ""numOptions"": 3, ""numQuestions"": 5, ""operationsAllowed"": [""Addition"", ""Subtraction"", ""Multiplication"", ""Division""], ""requiredCorrectAnswersMinimumPercent"": 75}"
stu_1777023763129_6667,test_1777023978840_kask7x7,compare_numbers,0,0,comparison_skill,1.0,number_comparison,compare_numbers__Greater__3digits,compare numbers | Greater | Comparison | Greater | 3 digits,compare_numbers__cfg_range3,,,,Greater,Comparison,Horizontal,3,medium,,,,Greater,,,,,,,,,3,,1,24681,slow,1,,2026-04-28T13:36:35.663Z,2026-04-28T13:37:50.909Z,6,1,test_definition,False,13,13,,,,,,,,,599,276,,"{""maxNumberRange"": 3, ""numQuestions"": 3, ""requiredCorrectAnswersMinimumPercent"": 75}"
stu_1777023763129_6667,test_1777023978840_kask7x7,compare_numbers,0,1,comparison_skill,1.0,number_comparison,compare_numbers__Less__3digits,compare numbers | Less | Comparison | Less | 3 digits,compare_numbers__cfg_range3,,,,Less,Comparison,Horizontal,3,medium,,,,Less,,,,,,,,,3,,1,44939,slow,1,,2026-04-28T13:36:35.663Z,2026-04-28T13:37:50.909Z,6,1,test_definition,False,13,13,,,,,,,,,270,774,,"{""maxNumberRange"": 3, ""numQuestions"": 3, ""requiredCorrectAnswersMinimumPercent"": 75}"
stu_1777023763129_6667,test_1777023978840_kask7x7,compare_numbers,0,2,comparison_skill,1.0,number_comparison,compare_numbers__Equal__3digits,compare numbers | Equal | Comparison | Equal | 3 digits,compare_numbers__cfg_range3,,,,Equal,Comparison,Horizontal,3,medium,,,,Equal,,,,,,,,,3,,1,5626,fast,0,,2026-04-28T13:36:35.663Z,2026-04-28T13:37:50.909Z,6,1,test_definition,False,13,13,,,,,,,,,147,147,,"{""maxNumberRange"": 3, ""numQuestions"": 3, ""requiredCorrectAnswersMinimumPercent"": 75}"
stu_1777023763129_6667,test_1777023978840_kask7x7,find_previous_next_number,0,0,sequential_thinking,1.0,previous_next_number,find_previous_next_number__3digits__normal_range,find previous next number | PreviousAndNext | Sequence | normal_range | 3 digits,find_previous_next_number__cfg_range3,,,,PreviousAndNext,Sequence,Horizontal,3,medium,normal_range,280-289,,,,,,,,,,,3,,1,48617,fast,0,,2026-04-28T13:36:19.270Z,2026-04-28T13:36:35.574Z,5,1,test_definition,False,24,12,285,,,,"[284, 286]","[284, 286]",,,,,,"{""maxNumberRange"": 3, ""numQuestions"": 3, ""requiredCorrectAnswersMinimumPercent"": 75}"
stu_1777023763129_6667,test_1777023978840_kask7x7,find_previous_next_number,0,1,sequential_thinking,1.0,previous_next_number,find_previous_next_number__3digits__normal_range,find previous next number | PreviousAndNext | Sequence | normal_range | 3 digits,find_previous_next_number__cfg_range3,,,,PreviousAndNext,Sequence,Horizontal,3,medium,normal_range,530-539,,,,,,,,,,,3,,1,24909,fast,0,,2026-04-28T13:36:19.270Z,2026-04-28T13:36:35.574Z,5,1,test_definition,False,24,12,534,,,,"[533, 535]","[533, 535]",,,,,,"{""maxNumberRange"": 3, ""numQuestions"": 3, ""requiredCorrectAnswersMinimumPercent"": 75}"
stu_1777023763129_6667,test_1777023978840_kask7x7,find_previous_next_number,0,2,sequential_thinking,1.0,previous_next_number,find_previous_next_number__2digits__normal_range,find previous next number | PreviousAndNext | Sequence | normal_range | 2 digits,find_previous_next_number__cfg_range3,,,,PreviousAndNext,Sequence,Horizontal,2,easy,normal_range,80-89,,,,,,,,,,,3,,1,16303,fast,0,,2026-04-28T13:36:19.270Z,2026-04-28T13:36:35.574Z,5,1,test_definition,False,10,7,85,,,,"[84, 86]","[84, 86]",,,,,,"{""maxNumberRange"": 3, ""numQuestions"": 3, ""requiredCorrectAnswersMinimumPercent"": 75}"
stu_1777023763129_6667,test_1777023978840_kask7x7,identify_place_value,0,0,number_sense,1.0,place_value_identification,identify_place_value__2digits__all_digits_distinct,identify place value | PlaceValue | PlaceValue | 2 digits,identify_place_value__cfg_range2,,,,PlaceValue,PlaceValue,Visual,2,easy,,,,,,,,all_digits_distinct,,,,,2,,1,63848,fast,0,,2026-04-28T13:28:25.905Z,2026-04-28T13:28:59.799Z,1,1,test_definition,False,42,11,,,,,"{""pos_0"": 5, ""pos_1"": 1}","{""pos_0"": 5, ""pos_1"": 1}",,,,,51,"{""maxNumberRange"": 2, ""numQuestions"": 4, ""requiredCorrectAnswersMinimumPercent"": 75}"
stu_1777023763129_6667,test_1777023978840_kask7x7,identify_place_value,0,1,number_sense,1.0,place_value_identification,identify_place_value__2digits__all_digits_distinct,identify place value | PlaceValue | PlaceValue | 2 digits,identify_place_value__cfg_range2,,,,PlaceValue,PlaceValue,Visual,2,easy,,,,,,,,all_digits_distinct,,,,,2,,1,31976,fast,0,,2026-04-28T13:28:25.905Z,2026-04-28T13:28:59.799Z,1,1,test_definition,False,42,11,,,,,"{""pos_0"": 7, ""pos_1"": 4}","{""pos_0"": 7, ""pos_1"": 4}",,,,,74,"{""maxNumberRange"": 2, ""numQuestions"": 4, ""requiredCorrectAnswersMinimumPercent"": 75}"
stu_1777023763129_6667,test_1777023978840_kask7x7,identify_place_value,0,2,number_sense,1.0,place_value_identification,identify_place_value__2digits__all_digits_distinct,identify place value | PlaceValue | PlaceValue | 2 digits,identify_place_value__cfg_range2,,,,PlaceValue,PlaceValue,Visual,2,easy,,,,,,,,all_digits_distinct,,,,,2,,1,58458,fast,0,,2026-04-28T13:28:25.905Z,2026-04-28T13:28:59.799Z,1,1,test_definition,False,42,11,,,,,"{""pos_0"": 2, ""pos_1"": 7}","{""pos_0"": 2, ""pos_1"": ""7""}",,,,,27,"{""maxNumberRange"": 2, ""numQuestions"": 4, ""requiredCorrectAnswersMinimumPercent"": 75}"
stu_1777023763129_6667,test_1777023978840_kask7x7,identify_place_value,0,3,number_sense,1.0,place_value_identification,identify_place_value__2digits__all_digits_distinct,identify place value | PlaceValue | PlaceValue | 2 digits,identify_place_value__cfg_range2,,,,PlaceValue,PlaceValue,Visual,2,easy,,,,,,,,all_digits_distinct,,,,,2,,1,33894,fast,0,,2026-04-28T13:28:25.905Z,2026-04-28T13:28:59.799Z,1,1,test_definition,False,42,11,,,,,"{""pos_0"": 5, ""pos_1"": 7}","{""pos_0"": 5, ""pos_1"": 7}",,,,,57,"{""maxNumberRange"": 2, ""numQuestions"": 4, ""requiredCorrectAnswersMinimumPercent"": 75}"
stu_1777023763129_6667,test_1777023978840_kask7x7,order_numbers,0,0,sequential_thinking,1.0,number_ordering,order_numbers__asc__seq6__2digits,order numbers | Ordering_asc | Ordering | asc | 2 digits | sequence 6,order_numbers__cfg_range2__maxseq7,,,,Ordering_asc,Ordering,Visual,2,easy,,,6.0,,asc,,,,,,,,2,,1,72560,fast,0,,2026-04-28T13:22:48.911Z,2026-04-28T13:25:51.521Z,0,1,test_definition,True,4,4,,,,,,,,"[19, 98, 59, 68, 57, 49]",,,,"{""maxNumberRange"": 2, ""maxNumbersInSequence"": 7, ""numQuestions"": 3, ""requiredCorrectAnswersMinimumPercent"": 75}"
stu_1777023763129_6667,test_1777023978840_kask7x7,order_numbers,0,1,sequential_thinking,1.0,number_ordering,order_numbers__desc__seq2__2digits,order numbers | Ordering_desc | Ordering | desc | 2 digits | sequence 2,order_numbers__cfg_range2__maxseq7,,,,Ordering_desc,Ordering,Visual,2,easy,,,2.0,,desc,,,,,,,,2,,1,40639,fast,0,,2026-04-28T13:22:48.911Z,2026-04-28T13:25:51.521Z,0,1,test_definition,False,7,6,,,,,,,,"[31, 13]",,,,"{""maxNumberRange"": 2, ""maxNumbersInSequence"": 7, ""numQuestions"": 3, ""requiredCorrectAnswersMinimumPercent"": 75}"
stu_1777023763129_6667,test_1777023978840_kask7x7,order_numbers,0,2,sequential_thinking,1.0,number_ordering,order_numbers__asc__seq5__2digits,order numbers | Ordering_asc | Ordering | asc | 2 digits | sequence 5,order_numbers__cfg_range2__maxseq7,,,,Ordering_asc,Ordering,Visual,2,easy,,,5.0,,asc,,,,,,,,2,,1,69410,fast,0,,2026-04-28T13:22:48.911Z,2026-04-28T13:25:51.521Z,0,1,test_definition,False,5,4,,,,,,,,"[93, 19, 50, 95, 53]",,,,"{""maxNumberRange"": 2, ""maxNumbersInSequence"": 7, ""numQuestions"": 3, ""requiredCorrectAnswersMinimumPercent"": 75}"
stu_1777023763129_6667,test_1777023978840_kask7x7,vertical_operations,0,0,arithmetic_fluency,1.0,vertical_operation_fluency,vertical_operations__SubtractionWithBorrow__4digits,vertical operations | SubtractionWithBorrow | Subtraction | VerticalOperation | 4 digits,vertical_operations__cfg_range4__ops_Addition-Subtraction__carryTrue__borrowTrue__mulstepFalse__divstepFalse,Subtraction,,,SubtractionWithBorrow,VerticalOperation,Vertical,4,hard,,,,,,,,,,,,,4,,1,83773,fast,0,,2026-04-28T13:32:49.265Z,2026-04-28T13:35:05.719Z,3,1,test_definition,False,7,5,4171 Subtraction 3449,,722,722,,,,,,,,"{""allowBorrow"": true, ""allowCarry"": true, ""allowMultiStepDiv"": false, ""allowMultiStepMul"": false, ""maxNumberRange"": 4, ""numOperations"": 2, ""operationsAllowed"": [""Addition"", ""Subtraction""], ""requiredCorrectAnswersMinimumPercent"": 75}"
stu_1777023763129_6667,test_1777023978840_kask7x7,vertical_operations,0,1,arithmetic_fluency,1.0,vertical_operation_fluency,vertical_operations__AdditionWithCarry__5digits,vertical operations | AdditionWithCarry | Addition | VerticalOperation | 5 digits,vertical_operations__cfg_range4__ops_Addition-Subtraction__carryTrue__borrowTrue__mulstepFalse__divstepFalse,Addition,,,AdditionWithCarry,VerticalOperation,Vertical,5,hard,,,,,,,,,,,,,4,,1,52681,fast,0,,2026-04-28T13:32:49.265Z,2026-04-28T13:35:05.719Z,3,1,test_definition,False,6,5,9284 Addition 6000,,15284,15284,,,,,,,,"{""allowBorrow"": true, ""allowCarry"": true, ""allowMultiStepDiv"": false, ""allowMultiStepMul"": false, ""maxNumberRange"": 4, ""numOperations"": 2, ""operationsAllowed"": [""Addition"", ""Subtraction""], ""requiredCorrectAnswersMinimumPercent"": 75}"
stu_1777340051462_9691,test_1777341418390_7p46nbr,choose_answer,0,0,arithmetic_fluency,0.6,operation_identification_from_context,choose_answer__Multiplication__OneStepProblem__2digits__4options,choose answer | OneStepProblem | Multiplication | OneStepProblem | 2 digits,choose_answer__cfg_range6__ops_Addition-Subtraction-Multiplication-Division__options4,Multiplication,Multiplication,Multiplication,OneStepProblem,OneStepProblem,Horizontal,2,easy,,,,,,,,,4.0,,,,6,,1,24378,slow,1,,2026-04-28T10:56:25.102Z,2026-04-28T10:59:37.559Z,4,1,test_definition,False,5,3,في إحدى المزارع هناك 8 حقول. في كل حقل 10 أشجار. كم عدد الأشجار في جميع الحقول؟,8 × 10,,,,,"[{""correct"": true, ""text"": ""8 × 10""}, {""correct"": false, ""text"": ""10 - 8""}, {""correct"": false, ""text"": ""80 ÷ 10""}, {""correct"": false, ""text"": ""8 + 10""}]",,,,,"{""maxNumberRange"": 6, ""numOptions"": 4, ""numQuestions"": 5, ""operationsAllowed"": [""Addition"", ""Subtraction"", ""Multiplication"", ""Division""], ""requiredCorrectAnswersMinimumPercent"": 75}"
stu_1777340051462_9691,test_1777341418390_7p46nbr,choose_answer,0,0,number_sense,0.2,operation_identification_from_context,choose_answer__Multiplication__OneStepProblem__2digits__4options,choose answer | OneStepProblem | Multiplication | OneStepProblem | 2 digits,choose_answer__cfg_range6__ops_Addition-Subtraction-Multiplication-Division__options4,Multiplication,Multiplication,Multiplication,OneStepProblem,OneStepProblem,Horizontal,2,easy,,,,,,,,,4.0,,,,6,,1,24378,slow,1,,2026-04-28T10:56:25.102Z,2026-04-28T10:59:37.559Z,4,1,test_definition,False,5,3,في إحدى المزارع هناك 8 حقول. في كل حقل 10 أشجار. كم عدد الأشجار في جميع الحقول؟,8 × 10,,,,,"[{""correct"": true, ""text"": ""8 × 10""}, {""correct"": false, ""text"": ""10 - 8""}, {""correct"": false, ""text"": ""80 ÷ 10""}, {""correct"": false, ""text"": ""8 + 10""}]",,,,,"{""maxNumberRange"": 6, ""numOptions"": 4, ""numQuestions"": 5, ""operationsAllowed"": [""Addition"", ""Subtraction"", ""Multiplication"", ""Division""], ""requiredCorrectAnswersMinimumPercent"": 75}"
stu_1777340051462_9691,test_1777341418390_7p46nbr,choose_answer,0,0,sequential_thinking,0.2,operation_identification_from_context,choose_answer__Multiplication__OneStepProblem__2digits__4options,choose answer | OneStepProblem | Multiplication | OneStepProblem | 2 digits,choose_answer__cfg_range6__ops_Addition-Subtraction-Multiplication-Division__options4,Multiplication,Multiplication,Multiplication,OneStepProblem,OneStepProblem,Horizontal,2,easy,,,,,,,,,4.0,,,,6,,1,24378,slow,1,,2026-04-28T10:56:25.102Z,2026-04-28T10:59:37.559Z,4,1,test_definition,False,5,3,في إحدى المزارع هناك 8 حقول. في كل حقل 10 أشجار. كم عدد الأشجار في جميع الحقول؟,8 × 10,,,,,"[{""correct"": true, ""text"": ""8 × 10""}, {""correct"": false, ""text"": ""10 - 8""}, {""correct"": false, ""text"": ""80 ÷ 10""}, {""correct"": false, ""text"": ""8 + 10""}]",,,,,"{""maxNumberRange"": 6, ""numOptions"": 4, ""numQuestions"": 5, ""operationsAllowed"": [""Addition"", ""Subtraction"", ""Multiplication"", ""Division""], ""requiredCorrectAnswersMinimumPercent"": 75}"
stu_1777340051462_9691,test_1777341418390_7p46nbr,choose_answer,0,1,arithmetic_fluency,0.6,operation_identification_from_context,choose_answer__Subtraction-Multiplication__MultiStepProblem__3digits__4options,choose answer | MultiStepProblem | Subtraction-Multiplication | MultiStepProblem | 3 digits,choose_answer__cfg_range6__ops_Addition-Subtraction-Multiplication-Division__options4,Subtraction-Multiplication,Subtraction-Multiplication,Subtraction-Multiplication,MultiStepProblem,MultiStepProblem,Horizontal,3,medium,,,,,,,,,4.0,,,,6,,1,70342,slow,1,,2026-04-28T10:56:25.102Z,2026-04-28T10:59:37.559Z,4,1,test_definition,False,5,3,إذا كان لديك 250 درهمًا واشتريت 3 كتب، كل كتاب يكلف 50 درهمًا. كم يتبقى لديك؟,250 - (3 × 50),,,,,"[{""correct"": false, ""text"": ""3 × 50""}, {""correct"": false, ""text"": ""250 - 50""}, {""correct"": false, ""text"": ""250 + 50""}, {""correct"": true, ""text"": ""250 - (3 × 50)""}]",,,,,"{""maxNumberRange"": 6, ""numOptions"": 4, ""numQuestions"": 5, ""operationsAllowed"": [""Addition"", ""Subtraction"", ""Multiplication"", ""Division""], ""requiredCorrectAnswersMinimumPercent"": 75}"
stu_1777340051462_9691,test_1777341418390_7p46nbr,choose_answer,0,1,number_sense,0.2,operation_identification_from_context,choose_answer__Subtraction-Multiplication__MultiStepProblem__3digits__4options,choose answer | MultiStepProblem | Subtraction-Multiplication | MultiStepProblem | 3 digits,choose_answer__cfg_range6__ops_Addition-Subtraction-Multiplication-Division__options4,Subtraction-Multiplication,Subtraction-Multiplication,Subtraction-Multiplication,MultiStepProblem,MultiStepProblem,Horizontal,3,medium,,,,,,,,,4.0,,,,6,,1,70342,slow,1,,2026-04-28T10:56:25.102Z,2026-04-28T10:59:37.559Z,4,1,test_definition,False,5,3,إذا كان لديك 250 درهمًا واشتريت 3 كتب، كل كتاب يكلف 50 درهمًا. كم يتبقى لديك؟,250 - (3 × 50),,,,,"[{""correct"": false, ""text"": ""3 × 50""}, {""correct"": false, ""text"": ""250 - 50""}, {""correct"": false, ""text"": ""250 + 50""}, {""correct"": true, ""text"": ""250 - (3 × 50)""}]",,,,,"{""maxNumberRange"": 6, ""numOptions"": 4, ""numQuestions"": 5, ""operationsAllowed"": [""Addition"", ""Subtraction"", ""Multiplication"", ""Division""], ""requiredCorrectAnswersMinimumPercent"": 75}"
stu_1777340051462_9691,test_1777341418390_7p46nbr,choose_answer,0,1,sequential_thinking,0.2,operation_identification_from_context,choose_answer__Subtraction-Multiplication__MultiStepProblem__3digits__4options,choose answer | MultiStepProblem | Subtraction-Multiplication | MultiStepProblem | 3 digits,choose_answer__cfg_range6__ops_Addition-Subtraction-Multiplication-Division__options4,Subtraction-Multiplication,Subtraction-Multiplication,Subtraction-Multiplication,MultiStepProblem,MultiStepProblem,Horizontal,3,medium,,,,,,,,,4.0,,,,6,,1,70342,slow,1,,2026-04-28T10:56:25.102Z,2026-04-28T10:59:37.559Z,4,1,test_definition,False,5,3,إذا كان لديك 250 درهمًا واشتريت 3 كتب، كل كتاب يكلف 50 درهمًا. كم يتبقى لديك؟,250 - (3 × 50),,,,,"[{""correct"": false, ""text"": ""3 × 50""}, {""correct"": false, ""text"": ""250 - 50""}, {""correct"": false, ""text"": ""250 + 50""}, {""correct"": true, ""text"": ""250 - (3 × 50)""}]",,,,,"{""maxNumberRange"": 6, ""numOptions"": 4, ""numQuestions"": 5, ""operationsAllowed"": [""Addition"", ""Subtraction"", ""Multiplication"", ""Division""], ""requiredCorrectAnswersMinimumPercent"": 75}"
stu_1777340051462_9691,test_1777341418390_7p46nbr,choose_answer,0,2,arithmetic_fluency,0.6,operation_identification_from_context,choose_answer__Multiplication__OneStepProblem__3digits__4options,choose answer | OneStepProblem | Multiplication | OneStepProblem | 3 digits,choose_answer__cfg_range6__ops_Addition-Subtraction-Multiplication-Division__options4,Multiplication,Multiplication,Multiplication,OneStepProblem,OneStepProblem,Horizontal,3,medium,,,,,,,,,4.0,,,,6,,1,50564,slow,1,,2026-04-28T10:56:25.102Z,2026-04-28T10:59:37.559Z,4,1,test_definition,True,1,1,كان لديك 250 درهما وأنت بحاجة إلى شراء 5 كتب، كل كتاب يكلف 60 درهما. هل لديك ما يكفي من المال؟,5 × 60 = 300 > 250,,,,,"[{""correct"": false, ""text"": ""250 - (5 × 60)""}, {""correct"": false, ""text"": ""60 × 5 = 250""}, {""correct"": true, ""text"": ""5 × 60 = 300 > 250""}, {""correct"": false, ""text"": ""250 + 60""}]",,,,,"{""maxNumberRange"": 6, ""numOptions"": 4, ""numQuestions"": 5, ""operationsAllowed"": [""Addition"", ""Subtraction"", ""Multiplication"", ""Division""], ""requiredCorrectAnswersMinimumPercent"": 75}"
stu_1777340051462_9691,test_1777341418390_7p46nbr,choose_answer,0,2,number_sense,0.2,operation_identification_from_context,choose_answer__Multiplication__OneStepProblem__3digits__4options,choose answer | OneStepProblem | Multiplication | OneStepProblem | 3 digits,choose_answer__cfg_range6__ops_Addition-Subtraction-Multiplication-Division__options4,Multiplication,Multiplication,Multiplication,OneStepProblem,OneStepProblem,Horizontal,3,medium,,,,,,,,,4.0,,,,6,,1,50564,slow,1,,2026-04-28T10:56:25.102Z,2026-04-28T10:59:37.559Z,4,1,test_definition,True,1,1,كان لديك 250 درهما وأنت بحاجة إلى شراء 5 كتب، كل كتاب يكلف 60 درهما. هل لديك ما يكفي من المال؟,5 × 60 = 300 > 250,,,,,"[{""correct"": false, ""text"": ""250 - (5 × 60)""}, {""correct"": false, ""text"": ""60 × 5 = 250""}, {""correct"": true, ""text"": ""5 × 60 = 300 > 250""}, {""correct"": false, ""text"": ""250 + 60""}]",,,,,"{""maxNumberRange"": 6, ""numOptions"": 4, ""numQuestions"": 5, ""operationsAllowed"": [""Addition"", ""Subtraction"", ""Multiplication"", ""Division""], ""requiredCorrectAnswersMinimumPercent"": 75}"
stu_1777340051462_9691,test_1777341418390_7p46nbr,choose_answer,0,2,sequential_thinking,0.2,operation_identification_from_context,choose_answer__Multiplication__OneStepProblem__3digits__4options,choose answer | OneStepProblem | Multiplication | OneStepProblem | 3 digits,choose_answer__cfg_range6__ops_Addition-Subtraction-Multiplication-Division__options4,Multiplication,Multiplication,Multiplication,OneStepProblem,OneStepProblem,Horizontal,3,medium,,,,,,,,,4.0,,,,6,,1,50564,slow,1,,2026-04-28T10:56:25.102Z,2026-04-28T10:59:37.559Z,4,1,test_definition,True,1,1,كان لديك 250 درهما وأنت بحاجة إلى شراء 5 كتب، كل كتاب يكلف 60 درهما. هل لديك ما يكفي من المال؟,5 × 60 = 300 > 250,,,,,"[{""correct"": false, ""text"": ""250 - (5 × 60)""}, {""correct"": false, ""text"": ""60 × 5 = 250""}, {""correct"": true, ""text"": ""5 × 60 = 300 > 250""}, {""correct"": false, ""text"": ""250 + 60""}]",,,,,"{""maxNumberRange"": 6, ""numOptions"": 4, ""numQuestions"": 5, ""operationsAllowed"": [""Addition"", ""Subtraction"", ""Multiplication"", ""Division""], ""requiredCorrectAnswersMinimumPercent"": 75}"
stu_1777340051462_9691,test_1777341418390_7p46nbr,choose_answer,0,3,arithmetic_fluency,0.6,operation_identification_from_context,choose_answer__Subtraction-Multiplication__MultiStepProblem__3digits__4options,choose answer | MultiStepProblem | Subtraction-Multiplication | MultiStepProblem | 3 digits,choose_answer__cfg_range6__ops_Addition-Subtraction-Multiplication-Division__options4,Subtraction-Multiplication,Subtraction-Multiplication,Subtraction,MultiStepProblem,MultiStepProblem,Horizontal,3,medium,,,,,,,,,4.0,,,,6,,0,17514,medium,0,MisidentifiedOperation,2026-04-28T10:56:25.102Z,2026-04-28T10:59:37.559Z,4,1,test_definition,False,5,3,إذا كنت قد وفرت 300 درهمًا، واشتريت 2 أحذية ب 80 درهمًا لكل منهما. كم تبقى معك من المال؟,300 - 80,,,,,"[{""correct"": false, ""text"": ""160 + 80""}, {""correct"": true, ""text"": ""300 - (2 × 80)""}, {""correct"": false, ""text"": ""300 - 80""}, {""correct"": false, ""text"": ""2 × 80""}]",,,,,"{""maxNumberRange"": 6, ""numOptions"": 4, ""numQuestions"": 5, ""operationsAllowed"": [""Addition"", ""Subtraction"", ""Multiplication"", ""Division""], ""requiredCorrectAnswersMinimumPercent"": 75}"
stu_1777340051462_9691,test_1777341418390_7p46nbr,choose_answer,0,3,number_sense,0.2,operation_identification_from_context,choose_answer__Subtraction-Multiplication__MultiStepProblem__3digits__4options,choose answer | MultiStepProblem | Subtraction-Multiplication | MultiStepProblem | 3 digits,choose_answer__cfg_range6__ops_Addition-Subtraction-Multiplication-Division__options4,Subtraction-Multiplication,Subtraction-Multiplication,Subtraction,MultiStepProblem,MultiStepProblem,Horizontal,3,medium,,,,,,,,,4.0,,,,6,,0,17514,medium,0,MisidentifiedOperation,2026-04-28T10:56:25.102Z,2026-04-28T10:59:37.559Z,4,1,test_definition,False,5,3,إذا كنت قد وفرت 300 درهمًا، واشتريت 2 أحذية ب 80 درهمًا لكل منهما. كم تبقى معك من المال؟,300 - 80,,,,,"[{""correct"": false, ""text"": ""160 + 80""}, {""correct"": true, ""text"": ""300 - (2 × 80)""}, {""correct"": false, ""text"": ""300 - 80""}, {""correct"": false, ""text"": ""2 × 80""}]",,,,,"{""maxNumberRange"": 6, ""numOptions"": 4, ""numQuestions"": 5, ""operationsAllowed"": [""Addition"", ""Subtraction"", ""Multiplication"", ""Division""], ""requiredCorrectAnswersMinimumPercent"": 75}"
stu_1777340051462_9691,test_1777341418390_7p46nbr,choose_answer,0,3,sequential_thinking,0.2,operation_identification_from_context,choose_answer__Subtraction-Multiplication__MultiStepProblem__3digits__4options,choose answer | MultiStepProblem | Subtraction-Multiplication | MultiStepProblem | 3 digits,choose_answer__cfg_range6__ops_Addition-Subtraction-Multiplication-Division__options4,Subtraction-Multiplication,Subtraction-Multiplication,Subtraction,MultiStepProblem,MultiStepProblem,Horizontal,3,medium,,,,,,,,,4.0,,,,6,,0,17514,medium,0,MisidentifiedOperation,2026-04-28T10:56:25.102Z,2026-04-28T10:59:37.559Z,4,1,test_definition,False,5,3,إذا كنت قد وفرت 300 درهمًا، واشتريت 2 أحذية ب 80 درهمًا لكل منهما. كم تبقى معك من المال؟,300 - 80,,,,,"[{""correct"": false, ""text"": ""160 + 80""}, {""correct"": true, ""text"": ""300 - (2 × 80)""}, {""correct"": false, ""text"": ""300 - 80""}, {""correct"": false, ""text"": ""2 × 80""}]",,,,,"{""maxNumberRange"": 6, ""numOptions"": 4, ""numQuestions"": 5, ""operationsAllowed"": [""Addition"", ""Subtraction"", ""Multiplication"", ""Division""], ""requiredCorrectAnswersMinimumPercent"": 75}"
stu_1777340051462_9691,test_1777341418390_7p46nbr,choose_answer,0,4,arithmetic_fluency,0.6,operation_identification_from_context,choose_answer__Addition__OneStepProblem__2digits__3options,choose answer | OneStepProblem | Addition | OneStepProblem | 2 digits,choose_answer__cfg_range6__ops_Addition-Subtraction-Multiplication-Division__options4,Addition,Addition,Addition,OneStepProblem,OneStepProblem,Horizontal,2,easy,,,,,,,,,3.0,,,,6,,1,29654,slow,1,,2026-04-28T10:56:25.102Z,2026-04-28T10:59:37.559Z,4,1,test_definition,False,14,8,تملك سلوى 30 درهما ومنحها أبوها 20 درهما. كم أصبح لدى سلوى من درهم؟,30 + 20,,,,,"[{""correct"": true, ""text"": ""30 + 20""}, {""correct"": false, ""text"": ""30 - 20""}, {""correct"": false, ""text"": ""50 - 20""}]",,,,,"{""maxNumberRange"": 6, ""numOptions"": 4, ""numQuestions"": 5, ""operationsAllowed"": [""Addition"", ""Subtraction"", ""Multiplication"", ""Division""], ""requiredCorrectAnswersMinimumPercent"": 75}"
stu_1777340051462_9691,test_1777341418390_7p46nbr,choose_answer,0,4,number_sense,0.2,operation_identification_from_context,choose_answer__Addition__OneStepProblem__2digits__3options,choose answer | OneStepProblem | Addition | OneStepProblem | 2 digits,choose_answer__cfg_range6__ops_Addition-Subtraction-Multiplication-Division__options4,Addition,Addition,Addition,OneStepProblem,OneStepProblem,Horizontal,2,easy,,,,,,,,,3.0,,,,6,,1,29654,slow,1,,2026-04-28T10:56:25.102Z,2026-04-28T10:59:37.559Z,4,1,test_definition,False,14,8,تملك سلوى 30 درهما ومنحها أبوها 20 درهما. كم أصبح لدى سلوى من درهم؟,30 + 20,,,,,"[{""correct"": true, ""text"": ""30 + 20""}, {""correct"": false, ""text"": ""30 - 20""}, {""correct"": false, ""text"": ""50 - 20""}]",,,,,"{""maxNumberRange"": 6, ""numOptions"": 4, ""numQuestions"": 5, ""operationsAllowed"": [""Addition"", ""Subtraction"", ""Multiplication"", ""Division""], ""requiredCorrectAnswersMinimumPercent"": 75}"
stu_1777340051462_9691,test_1777341418390_7p46nbr,choose_answer,0,4,sequential_thinking,0.2,operation_identification_from_context,choose_answer__Addition__OneStepProblem__2digits__3options,choose answer | OneStepProblem | Addition | OneStepProblem | 2 digits,choose_answer__cfg_range6__ops_Addition-Subtraction-Multiplication-Division__options4,Addition,Addition,Addition,OneStepProblem,OneStepProblem,Horizontal,2,easy,,,,,,,,,3.0,,,,6,,1,29654,slow,1,,2026-04-28T10:56:25.102Z,2026-04-28T10:59:37.559Z,4,1,test_definition,False,14,8,تملك سلوى 30 درهما ومنحها أبوها 20 درهما. كم أصبح لدى سلوى من درهم؟,30 + 20,,,,,"[{""correct"": true, ""text"": ""30 + 20""}, {""correct"": false, ""text"": ""30 - 20""}, {""correct"": false, ""text"": ""50 - 20""}]",,,,,"{""maxNumberRange"": 6, ""numOptions"": 4, ""numQuestions"": 5, ""operationsAllowed"": [""Addition"", ""Subtraction"", ""Multiplication"", ""Division""], ""requiredCorrectAnswersMinimumPercent"": 75}"
stu_1777340051462_9691,test_1777341418390_7p46nbr,find_previous_next_number,0,0,sequential_thinking,1.0,previous_next_number,find_previous_next_number__5digits__normal_range,find previous next number | PreviousAndNext | Sequence | normal_range | 5 digits,find_previous_next_number__cfg_range5,,,,PreviousAndNext,Sequence,Horizontal,5,hard,normal_range,18890-18899,,,,,,,,,,,5,,1,75864,medium,0,,2026-04-28T10:45:19.647Z,2026-04-28T10:46:25.939Z,1,1,test_definition,False,16,6,18892,,,,"[18891, 18893]","[18891, 18893]",,,,,,"{""maxNumberRange"": 5, ""numQuestions"": 3, ""requiredCorrectAnswersMinimumPercent"": 75}"
stu_1777340051462_9691,test_1777341418390_7p46nbr,find_previous_next_number,0,1,sequential_thinking,1.0,previous_next_number,find_previous_next_number__5digits__normal_range,find previous next number | PreviousAndNext | Sequence | normal_range | 5 digits,find_previous_next_number__cfg_range5,,,,PreviousAndNext,Sequence,Horizontal,5,hard,normal_range,24950-24959,,,,,,,,,,,5,,1,67800,medium,0,,2026-04-28T10:45:19.647Z,2026-04-28T10:46:25.939Z,1,1,test_definition,False,16,6,24951,,,,"[24950, 24952]","[24950, 24952]",,,,,,"{""maxNumberRange"": 5, ""numQuestions"": 3, ""requiredCorrectAnswersMinimumPercent"": 75}"
stu_1777340051462_9691,test_1777341418390_7p46nbr,find_previous_next_number,0,2,sequential_thinking,1.0,previous_next_number,find_previous_next_number__5digits__normal_range,find previous next number | PreviousAndNext | Sequence | normal_range | 5 digits,find_previous_next_number__cfg_range5,,,,PreviousAndNext,Sequence,Horizontal,5,hard,normal_range,87420-87429,,,,,,,,,,,5,,1,66287,medium,0,,2026-04-28T10:45:19.647Z,2026-04-28T10:46:25.939Z,1,1,test_definition,False,16,6,87427,,,,"[87426, 87428]","[87426, 87428]",,,,,,"{""maxNumberRange"": 5, ""numQuestions"": 3, ""requiredCorrectAnswersMinimumPercent"": 75}"
stu_1777340051462_9691,test_1777341418390_7p46nbr,identify_place_value,0,0,number_sense,1.0,place_value_identification,identify_place_value__6digits__has_repeated_digits,identify place value | PlaceValue | PlaceValue | 6 digits,identify_place_value__cfg_range6,,,,PlaceValue,PlaceValue,Visual,6,hard,,,,,,,,has_repeated_digits,,,,,6,,1,90664,fast,0,,2026-04-28T10:55:27.925Z,2026-04-28T10:56:24.913Z,3,1,test_definition,False,13,4,,,,,"{""pos_0"": 4, ""pos_1"": 9, ""pos_2"": 3, ""pos_3"": 7, ""pos_4"": 1, ""pos_5"": 9}","{""pos_0"": 4, ""pos_1"": 9, ""pos_2"": 3, ""pos_3"": 7, ""pos_4"": 1, ""pos_5"": 9}",,,,,493719,"{""maxNumberRange"": 6, ""numQuestions"": 4, ""requiredCorrectAnswersMinimumPercent"": 75}"
stu_1777340051462_9691,test_1777341418390_7p46nbr,identify_place_value,0,1,number_sense,1.0,place_value_identification,identify_place_value__6digits__has_repeated_digits,identify place value | PlaceValue | PlaceValue | 6 digits,identify_place_value__cfg_range6,,,,PlaceValue,PlaceValue,Visual,6,hard,,,,,,,,has_repeated_digits,,,,,6,,1,37113,fast,0,,2026-04-28T10:55:27.925Z,2026-04-28T10:56:24.913Z,3,1,test_definition,False,13,4,,,,,"{""pos_0"": 1, ""pos_1"": 1, ""pos_2"": 7, ""pos_3"": 1, ""pos_4"": 6, ""pos_5"": 9}","{""pos_0"": 1, ""pos_1"": 1, ""pos_2"": 7, ""pos_3"": 1, ""pos_4"": 6, ""pos_5"": 9}",,,,,117169,"{""maxNumberRange"": 6, ""numQuestions"": 4, ""requiredCorrectAnswersMinimumPercent"": 75}"
stu_1777340051462_9691,test_1777341418390_7p46nbr,identify_place_value,0,2,number_sense,1.0,place_value_identification,identify_place_value__6digits__has_repeated_digits,identify place value | PlaceValue | PlaceValue | 6 digits,identify_place_value__cfg_range6,,,,PlaceValue,PlaceValue,Visual,6,hard,,,,,,,,has_repeated_digits,,,,,6,,1,47947,fast,0,,2026-04-28T10:55:27.925Z,2026-04-28T10:56:24.913Z,3,1,test_definition,False,13,4,,,,,"{""pos_0"": 6, ""pos_1"": 2, ""pos_2"": 1, ""pos_3"": 2, ""pos_4"": 1, ""pos_5"": 1}","{""pos_0"": 6, ""pos_1"": 2, ""pos_2"": 1, ""pos_3"": 2, ""pos_4"": 1, ""pos_5"": 1}",,,,,621211,"{""maxNumberRange"": 6, ""numQuestions"": 4, ""requiredCorrectAnswersMinimumPercent"": 75}"
stu_1777340051462_9691,test_1777341418390_7p46nbr,identify_place_value,0,3,number_sense,1.0,place_value_identification,identify_place_value__6digits__has_repeated_digits,identify place value | PlaceValue | PlaceValue | 6 digits,identify_place_value__cfg_range6,,,,PlaceValue,PlaceValue,Visual,6,hard,,,,,,,,has_repeated_digits,,,,,6,,1,56979,fast,0,,2026-04-28T10:55:27.925Z,2026-04-28T10:56:24.913Z,3,1,test_definition,False,13,4,,,,,"{""pos_0"": 8, ""pos_1"": 9, ""pos_2"": 8, ""pos_3"": 7, ""pos_4"": 9, ""pos_5"": 8}","{""pos_0"": 8, ""pos_1"": 9, ""pos_2"": 8, ""pos_3"": 7, ""pos_4"": 9, ""pos_5"": 8}",,,,,898798,"{""maxNumberRange"": 6, ""numQuestions"": 4, ""requiredCorrectAnswersMinimumPercent"": 75}"
stu_1777340051462_9691,test_1777341418390_7p46nbr,order_numbers,0,0,sequential_thinking,1.0,number_ordering,order_numbers__asc__seq3__6digits,order numbers | Ordering_asc | Ordering | asc | 6 digits | sequence 3,order_numbers__cfg_range6__maxseq7,,,,Ordering_asc,Ordering,Visual,6,hard,,,3.0,,asc,,,,,,,,6,,1,37848,fast,0,,2026-04-28T10:46:26.009Z,2026-04-28T10:52:32.017Z,2,1,test_definition,True,3,3,,,,,,,,"[575807, 849422, 205394]",,,,"{""maxNumberRange"": 6, ""maxNumbersInSequence"": 7, ""numQuestions"": 5, ""requiredCorrectAnswersMinimumPercent"": 75}"
stu_1777340051462_9691,test_1777341418390_7p46nbr,order_numbers,0,1,sequential_thinking,1.0,number_ordering,order_numbers__desc__seq7__6digits,order numbers | Ordering_desc | Ordering | desc | 6 digits | sequence 7,order_numbers__cfg_range6__maxseq7,,,,Ordering_desc,Ordering,Visual,6,hard,,,7.0,,desc,,,,,,,,6,,1,137979,fast,0,,2026-04-28T10:46:26.009Z,2026-04-28T10:52:32.017Z,2,1,test_definition,False,7,4,,,,,,,,"[324478, 854414, 119514, 929698, 965204, 526119, 360216]",,,,"{""maxNumberRange"": 6, ""maxNumbersInSequence"": 7, ""numQuestions"": 5, ""requiredCorrectAnswersMinimumPercent"": 75}"
stu_1777340051462_9691,test_1777341418390_7p46nbr,order_numbers,0,2,sequential_thinking,1.0,number_ordering,order_numbers__desc__seq3__6digits,order numbers | Ordering_desc | Ordering | desc | 6 digits | sequence 3,order_numbers__cfg_range6__maxseq7,,,,Ordering_desc,Ordering,Visual,6,hard,,,3.0,,desc,,,,,,,,6,,1,47214,fast,0,,2026-04-28T10:46:26.009Z,2026-04-28T10:52:32.017Z,2,1,test_definition,True,4,3,,,,,,,,"[315262, 319465, 525711]",,,,"{""maxNumberRange"": 6, ""maxNumbersInSequence"": 7, ""numQuestions"": 5, ""requiredCorrectAnswersMinimumPercent"": 75}"
stu_1777340051462_9691,test_1777341418390_7p46nbr,order_numbers,0,3,sequential_thinking,1.0,number_ordering,order_numbers__desc__seq5__6digits,order numbers | Ordering_desc | Ordering | desc | 6 digits | sequence 5,order_numbers__cfg_range6__maxseq7,,,,Ordering_desc,Ordering,Visual,6,hard,,,5.0,,desc,,,,,,,,6,,1,62139,fast,0,,2026-04-28T10:46:26.009Z,2026-04-28T10:52:32.017Z,2,1,test_definition,True,1,1,,,,,,,,"[555184, 865688, 499805, 931166, 902140]",,,,"{""maxNumberRange"": 6, ""maxNumbersInSequence"": 7, ""numQuestions"": 5, ""requiredCorrectAnswersMinimumPercent"": 75}"
stu_1777340051462_9691,test_1777341418390_7p46nbr,order_numbers,0,4,sequential_thinking,1.0,number_ordering,order_numbers__asc__seq5__6digits,order numbers | Ordering_asc | Ordering | asc | 6 digits | sequence 5,order_numbers__cfg_range6__maxseq7,,,,Ordering_asc,Ordering,Visual,6,hard,,,5.0,,asc,,,,,,,,6,,1,80801,fast,0,,2026-04-28T10:46:26.009Z,2026-04-28T10:52:32.017Z,2,1,test_definition,True,4,4,,,,,,,,"[753338, 644840, 152802, 730245, 497560]",,,,"{""maxNumberRange"": 6, ""maxNumbersInSequence"": 7, ""numQuestions"": 5, ""requiredCorrectAnswersMinimumPercent"": 75}"
stu_1777340051462_9691,test_1777341418390_7p46nbr,vertical_operations,0,0,arithmetic_fluency,1.0,vertical_operation_fluency,vertical_operations__AdditionWithCarry__4digits,vertical operations | AdditionWithCarry | Addition | VerticalOperation | 4 digits,vertical_operations__cfg_range3__ops_Addition-Subtraction-Multiplication__carryTrue__borrowTrue__mulstepTrue__divstepFalse,Addition,,,AdditionWithCarry,VerticalOperation,Vertical,4,hard,,,,,,,,,,,,,3,,1,67711,fast,0,,2026-04-28T10:59:38.126Z,2026-04-28T11:06:28.506Z,5,1,test_definition,False,8,6,680 Addition 780,,1460,1460,,,,,,,,"{""allowBorrow"": true, ""allowCarry"": true, ""allowMultiStepDiv"": false, ""allowMultiStepMul"": true, ""maxNumberRange"": 3, ""numOperations"": 4, ""operationsAllowed"": [""Addition"", ""Subtraction"", ""Multiplication""], ""requiredCorrectAnswersMinimumPercent"": 75}"
stu_1777340051462_9691,test_1777341418390_7p46nbr,vertical_operations,0,1,arithmetic_fluency,1.0,vertical_operation_fluency,vertical_operations__MultiStepMultiplication__6digits,vertical operations | MultiStepMultiplication | Multiplication | VerticalOperation | 6 digits,vertical_operations__cfg_range3__ops_Addition-Subtraction-Multiplication__carryTrue__borrowTrue__mulstepTrue__divstepFalse,Multiplication,,,MultiStepMultiplication,VerticalOperation,Vertical,6,hard,,,,,,,,,,,,,3,,1,230603,fast,0,,2026-04-28T10:59:38.126Z,2026-04-28T11:06:28.506Z,5,1,test_definition,True,4,4,714 Multiplication 162,,115668,115668,,,,,,,,"{""allowBorrow"": true, ""allowCarry"": true, ""allowMultiStepDiv"": false, ""allowMultiStepMul"": true, ""maxNumberRange"": 3, ""numOperations"": 4, ""operationsAllowed"": [""Addition"", ""Subtraction"", ""Multiplication""], ""requiredCorrectAnswersMinimumPercent"": 75}"
stu_1777340051462_9691,test_1777341418390_7p46nbr,vertical_operations,0,2,arithmetic_fluency,1.0,vertical_operation_fluency,vertical_operations__SubtractionWithBorrow__3digits,vertical operations | SubtractionWithBorrow | Subtraction | VerticalOperation | 3 digits,vertical_operations__cfg_range3__ops_Addition-Subtraction-Multiplication__carryTrue__borrowTrue__mulstepTrue__divstepFalse,Subtraction,,,SubtractionWithBorrow,VerticalOperation,Vertical,3,medium,,,,,,,,,,,,,3,,0,71581,fast,0,ComputationError,2026-04-28T10:59:38.126Z,2026-04-28T11:06:28.506Z,5,1,test_definition,False,6,4,624 Subtraction 126,,508,498,,,,,,,,"{""allowBorrow"": true, ""allowCarry"": true, ""allowMultiStepDiv"": false, ""allowMultiStepMul"": true, ""maxNumberRange"": 3, ""numOperations"": 4, ""operationsAllowed"": [""Addition"", ""Subtraction"", ""Multiplication""], ""requiredCorrectAnswersMinimumPercent"": 75}"
stu_1777340051462_9691,test_1777341418390_7p46nbr,vertical_operations,0,3,arithmetic_fluency,1.0,vertical_operation_fluency,vertical_operations__SubtractionWithBorrow__3digits,vertical operations | SubtractionWithBorrow | Subtraction | VerticalOperation | 3 digits,vertical_operations__cfg_range3__ops_Addition-Subtraction-Multiplication__carryTrue__borrowTrue__mulstepTrue__divstepFalse,Subtraction,,,SubtractionWithBorrow,VerticalOperation,Vertical,3,medium,,,,,,,,,,,,,3,,1,40485,fast,0,,2026-04-28T10:59:38.126Z,2026-04-28T11:06:28.506Z,5,1,test_definition,False,6,4,903 Subtraction 642,,261,261,,,,,,,,"{""allowBorrow"": true, ""allowCarry"": true, ""allowMultiStepDiv"": false, ""allowMultiStepMul"": true, ""maxNumberRange"": 3, ""numOperations"": 4, ""operationsAllowed"": [""Addition"", ""Subtraction"", ""Multiplication""], ""requiredCorrectAnswersMinimumPercent"": 75}"
stu_1777340051462_9691,test_1777341418390_7p46nbr,what_number_do_you_hear,0,0,audio_recognition,1.0,auditory_number_recognition,what_number_do_you_hear__1digits__3options,what number do you hear | HeardNumberChoice | AudioRecognition | 1 digits,what_number_do_you_hear__cfg_range6,,,,HeardNumberChoice,AudioRecognition,Audio,1,very-easy,,,,,,,,,3.0,,,,6,,1,8094,fast,0,,2026-04-28T10:42:32.409Z,2026-04-28T10:42:55.485Z,0,1,test_definition,False,36,7,3,3,,,,,"[0, 5, 3]",,,,,"{""maxNumberRange"": 6, ""numQuestions"": 6, ""requiredCorrectAnswersMinimumPercent"": 75}"
stu_1777340051462_9691,test_1777341418390_7p46nbr,what_number_do_you_hear,0,1,audio_recognition,1.0,auditory_number_recognition,what_number_do_you_hear__1digits__3options,what number do you hear | HeardNumberChoice | AudioRecognition | 1 digits,what_number_do_you_hear__cfg_range6,,,,HeardNumberChoice,AudioRecognition,Audio,1,very-easy,,,,,,,,,3.0,,,,6,,1,4245,fast,0,,2026-04-28T10:42:32.409Z,2026-04-28T10:42:55.485Z,0,1,test_definition,False,36,7,1,1,,,,,"[0, 7, 1]",,,,,"{""maxNumberRange"": 6, ""numQuestions"": 6, ""requiredCorrectAnswersMinimumPercent"": 75}"
stu_1777340051462_9691,test_1777341418390_7p46nbr,what_number_do_you_hear,0,2,audio_recognition,1.0,auditory_number_recognition,what_number_do_you_hear__1digits__3options,what number do you hear | HeardNumberChoice | AudioRecognition | 1 digits,what_number_do_you_hear__cfg_range6,,,,HeardNumberChoice,AudioRecognition,Audio,1,very-easy,,,,,,,,,3.0,,,,6,,1,2860,fast,0,,2026-04-28T10:42:32.409Z,2026-04-28T10:42:55.485Z,0,1,test_definition,False,36,7,9,9,,,,,"[7, 10, 9]",,,,,"{""maxNumberRange"": 6, ""numQuestions"": 6, ""requiredCorrectAnswersMinimumPercent"": 75}"
stu_1777340051462_9691,test_1777341418390_7p46nbr,what_number_do_you_hear,0,3,audio_recognition,1.0,auditory_number_recognition,what_number_do_you_hear__1digits__3options,what number do you hear | HeardNumberChoice | AudioRecognition | 1 digits,what_number_do_you_hear__cfg_range6,,,,HeardNumberChoice,AudioRecognition,Audio,1,very-easy,,,,,,,,,3.0,,,,6,,1,2956,fast,0,,2026-04-28T10:42:32.409Z,2026-04-28T10:42:55.485Z,0,1,test_definition,False,36,7,0,0,,,,,"[0, 6, 4]",,,,,"{""maxNumberRange"": 6, ""numQuestions"": 6, ""requiredCorrectAnswersMinimumPercent"": 75}"
stu_1777340051462_9691,test_1777341418390_7p46nbr,what_number_do_you_hear,0,4,audio_recognition,1.0,auditory_number_recognition,what_number_do_you_hear__2digits__3options,what number do you hear | HeardNumberChoice | AudioRecognition | 2 digits,what_number_do_you_hear__cfg_range6,,,,HeardNumberChoice,AudioRecognition,Audio,2,easy,,,,,,,,,3.0,,,,6,,1,2686,fast,0,,2026-04-28T10:42:32.409Z,2026-04-28T10:42:55.485Z,0,1,test_definition,False,6,5,10,10,,,,,"[1, 7, 10]",,,,,"{""maxNumberRange"": 6, ""numQuestions"": 6, ""requiredCorrectAnswersMinimumPercent"": 75}"
stu_1777340051462_9691,test_1777341418390_7p46nbr,what_number_do_you_hear,0,5,audio_recognition,1.0,auditory_number_recognition,what_number_do_you_hear__1digits__3options,what number do you hear | HeardNumberChoice | AudioRecognition | 1 digits,what_number_do_you_hear__cfg_range6,,,,HeardNumberChoice,AudioRecognition,Audio,1,very-easy,,,,,,,,,3.0,,,,6,,1,2230,fast,0,,2026-04-28T10:42:32.409Z,2026-04-28T10:42:55.485Z,0,1,test_definition,False,36,7,6,6,,,,,"[1, 6, 3]",,,,,"{""maxNumberRange"": 6, ""numQuestions"": 6, ""requiredCorrectAnswersMinimumPercent"": 75}"
stu_1777340052046_4165,test_1777341418390_7p46nbr,choose_answer,0,0,arithmetic_fluency,0.6,operation_identification_from_context,choose_answer__Subtraction-Multiplication__MultiStepProblem__3digits__4options,choose answer | MultiStepProblem | Subtraction-Multiplication | MultiStepProblem | 3 digits,choose_answer__cfg_range6__ops_Addition-Subtraction-Multiplication-Division__options4,Subtraction-Multiplication,Subtraction-Multiplication,Subtraction-Multiplication,MultiStepProblem,MultiStepProblem,Horizontal,3,medium,,,,,,,,,4.0,,,,6,,1,54097,slow,1,,2026-04-28T11:00:34.610Z,2026-04-28T11:02:22.557Z,4,1,test_definition,False,5,3,إذا كان لديك 250 درهمًا واشتريت 3 كتب، كل كتاب يكلف 50 درهمًا. كم يتبقى لديك؟,250 - (3 × 50),,,,,"[{""correct"": true, ""text"": ""250 - (3 × 50)""}, {""correct"": false, ""text"": ""3 × 50""}, {""correct"": false, ""text"": ""250 + 50""}, {""correct"": false, ""text"": ""250 - 50""}]",,,,,"{""maxNumberRange"": 6, ""numOptions"": 4, ""numQuestions"": 5, ""operationsAllowed"": [""Addition"", ""Subtraction"", ""Multiplication"", ""Division""], ""requiredCorrectAnswersMinimumPercent"": 75}"
stu_1777340052046_4165,test_1777341418390_7p46nbr,choose_answer,0,0,number_sense,0.2,operation_identification_from_context,choose_answer__Subtraction-Multiplication__MultiStepProblem__3digits__4options,choose answer | MultiStepProblem | Subtraction-Multiplication | MultiStepProblem | 3 digits,choose_answer__cfg_range6__ops_Addition-Subtraction-Multiplication-Division__options4,Subtraction-Multiplication,Subtraction-Multiplication,Subtraction-Multiplication,MultiStepProblem,MultiStepProblem,Horizontal,3,medium,,,,,,,,,4.0,,,,6,,1,54097,slow,1,,2026-04-28T11:00:34.610Z,2026-04-28T11:02:22.557Z,4,1,test_definition,False,5,3,إذا كان لديك 250 درهمًا واشتريت 3 كتب، كل كتاب يكلف 50 درهمًا. كم يتبقى لديك؟,250 - (3 × 50),,,,,"[{""correct"": true, ""text"": ""250 - (3 × 50)""}, {""correct"": false, ""text"": ""3 × 50""}, {""correct"": false, ""text"": ""250 + 50""}, {""correct"": false, ""text"": ""250 - 50""}]",,,,,"{""maxNumberRange"": 6, ""numOptions"": 4, ""numQuestions"": 5, ""operationsAllowed"": [""Addition"", ""Subtraction"", ""Multiplication"", ""Division""], ""requiredCorrectAnswersMinimumPercent"": 75}"
stu_1777340052046_4165,test_1777341418390_7p46nbr,choose_answer,0,0,sequential_thinking,0.2,operation_identification_from_context,choose_answer__Subtraction-Multiplication__MultiStepProblem__3digits__4options,choose answer | MultiStepProblem | Subtraction-Multiplication | MultiStepProblem | 3 digits,choose_answer__cfg_range6__ops_Addition-Subtraction-Multiplication-Division__options4,Subtraction-Multiplication,Subtraction-Multiplication,Subtraction-Multiplication,MultiStepProblem,MultiStepProblem,Horizontal,3,medium,,,,,,,,,4.0,,,,6,,1,54097,slow,1,,2026-04-28T11:00:34.610Z,2026-04-28T11:02:22.557Z,4,1,test_definition,False,5,3,إذا كان لديك 250 درهمًا واشتريت 3 كتب، كل كتاب يكلف 50 درهمًا. كم يتبقى لديك؟,250 - (3 × 50),,,,,"[{""correct"": true, ""text"": ""250 - (3 × 50)""}, {""correct"": false, ""text"": ""3 × 50""}, {""correct"": false, ""text"": ""250 + 50""}, {""correct"": false, ""text"": ""250 - 50""}]",,,,,"{""maxNumberRange"": 6, ""numOptions"": 4, ""numQuestions"": 5, ""operationsAllowed"": [""Addition"", ""Subtraction"", ""Multiplication"", ""Division""], ""requiredCorrectAnswersMinimumPercent"": 75}"
stu_1777340052046_4165,test_1777341418390_7p46nbr,choose_answer,0,1,arithmetic_fluency,0.6,operation_identification_from_context,choose_answer__Subtraction__OneStepProblem__2digits__4options,choose answer | OneStepProblem | Subtraction | OneStepProblem | 2 digits,choose_answer__cfg_range6__ops_Addition-Subtraction-Multiplication-Division__options4,Subtraction,Subtraction,Subtraction,OneStepProblem,OneStepProblem,Horizontal,2,easy,,,,,,,,,4.0,,,,6,,1,7735,fast,0,,2026-04-28T11:00:34.610Z,2026-04-28T11:02:22.557Z,4,1,test_definition,True,1,1,كانت عندك 10 تفاحات، أكلت 3. كم بقي؟,10 - 3,,,,,"[{""correct"": false, ""text"": ""7 + 3""}, {""correct"": false, ""text"": ""10 + 3""}, {""correct"": false, ""text"": ""3 - 10""}, {""correct"": true, ""text"": ""10 - 3""}]",,,,,"{""maxNumberRange"": 6, ""numOptions"": 4, ""numQuestions"": 5, ""operationsAllowed"": [""Addition"", ""Subtraction"", ""Multiplication"", ""Division""], ""requiredCorrectAnswersMinimumPercent"": 75}"
stu_1777340052046_4165,test_1777341418390_7p46nbr,choose_answer,0,1,number_sense,0.2,operation_identification_from_context,choose_answer__Subtraction__OneStepProblem__2digits__4options,choose answer | OneStepProblem | Subtraction | OneStepProblem | 2 digits,choose_answer__cfg_range6__ops_Addition-Subtraction-Multiplication-Division__options4,Subtraction,Subtraction,Subtraction,OneStepProblem,OneStepProblem,Horizontal,2,easy,,,,,,,,,4.0,,,,6,,1,7735,fast,0,,2026-04-28T11:00:34.610Z,2026-04-28T11:02:22.557Z,4,1,test_definition,True,1,1,كانت عندك 10 تفاحات، أكلت 3. كم بقي؟,10 - 3,,,,,"[{""correct"": false, ""text"": ""7 + 3""}, {""correct"": false, ""text"": ""10 + 3""}, {""correct"": false, ""text"": ""3 - 10""}, {""correct"": true, ""text"": ""10 - 3""}]",,,,,"{""maxNumberRange"": 6, ""numOptions"": 4, ""numQuestions"": 5, ""operationsAllowed"": [""Addition"", ""Subtraction"", ""Multiplication"", ""Division""], ""requiredCorrectAnswersMinimumPercent"": 75}"
stu_1777340052046_4165,test_1777341418390_7p46nbr,choose_answer,0,1,sequential_thinking,0.2,operation_identification_from_context,choose_answer__Subtraction__OneStepProblem__2digits__4options,choose answer | OneStepProblem | Subtraction | OneStepProblem | 2 digits,choose_answer__cfg_range6__ops_Addition-Subtraction-Multiplication-Division__options4,Subtraction,Subtraction,Subtraction,OneStepProblem,OneStepProblem,Horizontal,2,easy,,,,,,,,,4.0,,,,6,,1,7735,fast,0,,2026-04-28T11:00:34.610Z,2026-04-28T11:02:22.557Z,4,1,test_definition,True,1,1,كانت عندك 10 تفاحات، أكلت 3. كم بقي؟,10 - 3,,,,,"[{""correct"": false, ""text"": ""7 + 3""}, {""correct"": false, ""text"": ""10 + 3""}, {""correct"": false, ""text"": ""3 - 10""}, {""correct"": true, ""text"": ""10 - 3""}]",,,,,"{""maxNumberRange"": 6, ""numOptions"": 4, ""numQuestions"": 5, ""operationsAllowed"": [""Addition"", ""Subtraction"", ""Multiplication"", ""Division""], ""requiredCorrectAnswersMinimumPercent"": 75}"
stu_1777340052046_4165,test_1777341418390_7p46nbr,choose_answer,0,2,arithmetic_fluency,0.6,operation_identification_from_context,choose_answer__Multiplication__OneStepProblem__2digits__3options,choose answer | OneStepProblem | Multiplication | OneStepProblem | 2 digits,choose_answer__cfg_range6__ops_Addition-Subtraction-Multiplication-Division__options4,Multiplication,Multiplication,Multiplication,OneStepProblem,OneStepProblem,Horizontal,2,easy,,,,,,,,,3.0,,,,6,,1,23669,slow,1,,2026-04-28T11:00:34.610Z,2026-04-28T11:02:22.557Z,4,1,test_definition,False,36,12,أشترى علي 5 كتب، كل كتاب يكلف 70 درهمًا. كم دفع علي في المجمل؟,5 × 70,,,,,"[{""correct"": false, ""text"": ""350 ÷ 5""}, {""correct"": true, ""text"": ""5 × 70""}, {""correct"": false, ""text"": ""70 + 5""}]",,,,,"{""maxNumberRange"": 6, ""numOptions"": 4, ""numQuestions"": 5, ""operationsAllowed"": [""Addition"", ""Subtraction"", ""Multiplication"", ""Division""], ""requiredCorrectAnswersMinimumPercent"": 75}"
stu_1777340052046_4165,test_1777341418390_7p46nbr,choose_answer,0,2,number_sense,0.2,operation_identification_from_context,choose_answer__Multiplication__OneStepProblem__2digits__3options,choose answer | OneStepProblem | Multiplication | OneStepProblem | 2 digits,choose_answer__cfg_range6__ops_Addition-Subtraction-Multiplication-Division__options4,Multiplication,Multiplication,Multiplication,OneStepProblem,OneStepProblem,Horizontal,2,easy,,,,,,,,,3.0,,,,6,,1,23669,slow,1,,2026-04-28T11:00:34.610Z,2026-04-28T11:02:22.557Z,4,1,test_definition,False,36,12,أشترى علي 5 كتب، كل كتاب يكلف 70 درهمًا. كم دفع علي في المجمل؟,5 × 70,,,,,"[{""correct"": false, ""text"": ""350 ÷ 5""}, {""correct"": true, ""text"": ""5 × 70""}, {""correct"": false, ""text"": ""70 + 5""}]",,,,,"{""maxNumberRange"": 6, ""numOptions"": 4, ""numQuestions"": 5, ""operationsAllowed"": [""Addition"", ""Subtraction"", ""Multiplication"", ""Division""], ""requiredCorrectAnswersMinimumPercent"": 75}"
stu_1777340052046_4165,test_1777341418390_7p46nbr,choose_answer,0,2,sequential_thinking,0.2,operation_identification_from_context,choose_answer__Multiplication__OneStepProblem__2digits__3options,choose answer | OneStepProblem | Multiplication | OneStepProblem | 2 digits,choose_answer__cfg_range6__ops_Addition-Subtraction-Multiplication-Division__options4,Multiplication,Multiplication,Multiplication,OneStepProblem,OneStepProblem,Horizontal,2,easy,,,,,,,,,3.0,,,,6,,1,23669,slow,1,,2026-04-28T11:00:34.610Z,2026-04-28T11:02:22.557Z,4,1,test_definition,False,36,12,أشترى علي 5 كتب، كل كتاب يكلف 70 درهمًا. كم دفع علي في المجمل؟,5 × 70,,,,,"[{""correct"": false, ""text"": ""350 ÷ 5""}, {""correct"": true, ""text"": ""5 × 70""}, {""correct"": false, ""text"": ""70 + 5""}]",,,,,"{""maxNumberRange"": 6, ""numOptions"": 4, ""numQuestions"": 5, ""operationsAllowed"": [""Addition"", ""Subtraction"", ""Multiplication"", ""Division""], ""requiredCorrectAnswersMinimumPercent"": 75}"
stu_1777340052046_4165,test_1777341418390_7p46nbr,choose_answer,0,3,arithmetic_fluency,0.6,operation_identification_from_context,choose_answer__Subtraction__OneStepProblem__3digits__4options,choose answer | OneStepProblem | Subtraction | OneStepProblem | 3 digits,choose_answer__cfg_range6__ops_Addition-Subtraction-Multiplication-Division__options4,Subtraction,Subtraction,Subtraction,OneStepProblem,OneStepProblem,Horizontal,3,medium,,,,,,,,,4.0,,,,6,,1,6980,fast,0,,2026-04-28T11:00:34.610Z,2026-04-28T11:02:22.557Z,4,1,test_definition,True,3,2,إذا كانت لديك 500 درهمًا وأعطيت 200 درهمًا لصديقك، كم يتبقى لديك؟,500 - 200,,,,,"[{""correct"": false, ""text"": ""500 × 200""}, {""correct"": false, ""text"": ""500 - 300""}, {""correct"": true, ""text"": ""500 - 200""}, {""correct"": false, ""text"": ""200 + 300""}]",,,,,"{""maxNumberRange"": 6, ""numOptions"": 4, ""numQuestions"": 5, ""operationsAllowed"": [""Addition"", ""Subtraction"", ""Multiplication"", ""Division""], ""requiredCorrectAnswersMinimumPercent"": 75}"
stu_1777340052046_4165,test_1777341418390_7p46nbr,choose_answer,0,3,number_sense,0.2,operation_identification_from_context,choose_answer__Subtraction__OneStepProblem__3digits__4options,choose answer | OneStepProblem | Subtraction | OneStepProblem | 3 digits,choose_answer__cfg_range6__ops_Addition-Subtraction-Multiplication-Division__options4,Subtraction,Subtraction,Subtraction,OneStepProblem,OneStepProblem,Horizontal,3,medium,,,,,,,,,4.0,,,,6,,1,6980,fast,0,,2026-04-28T11:00:34.610Z,2026-04-28T11:02:22.557Z,4,1,test_definition,True,3,2,إذا كانت لديك 500 درهمًا وأعطيت 200 درهمًا لصديقك، كم يتبقى لديك؟,500 - 200,,,,,"[{""correct"": false, ""text"": ""500 × 200""}, {""correct"": false, ""text"": ""500 - 300""}, {""correct"": true, ""text"": ""500 - 200""}, {""correct"": false, ""text"": ""200 + 300""}]",,,,,"{""maxNumberRange"": 6, ""numOptions"": 4, ""numQuestions"": 5, ""operationsAllowed"": [""Addition"", ""Subtraction"", ""Multiplication"", ""Division""], ""requiredCorrectAnswersMinimumPercent"": 75}"
stu_1777340052046_4165,test_1777341418390_7p46nbr,choose_answer,0,3,sequential_thinking,0.2,operation_identification_from_context,choose_answer__Subtraction__OneStepProblem__3digits__4options,choose answer | OneStepProblem | Subtraction | OneStepProblem | 3 digits,choose_answer__cfg_range6__ops_Addition-Subtraction-Multiplication-Division__options4,Subtraction,Subtraction,Subtraction,OneStepProblem,OneStepProblem,Horizontal,3,medium,,,,,,,,,4.0,,,,6,,1,6980,fast,0,,2026-04-28T11:00:34.610Z,2026-04-28T11:02:22.557Z,4,1,test_definition,True,3,2,إذا كانت لديك 500 درهمًا وأعطيت 200 درهمًا لصديقك، كم يتبقى لديك؟,500 - 200,,,,,"[{""correct"": false, ""text"": ""500 × 200""}, {""correct"": false, ""text"": ""500 - 300""}, {""correct"": true, ""text"": ""500 - 200""}, {""correct"": false, ""text"": ""200 + 300""}]",,,,,"{""maxNumberRange"": 6, ""numOptions"": 4, ""numQuestions"": 5, ""operationsAllowed"": [""Addition"", ""Subtraction"", ""Multiplication"", ""Division""], ""requiredCorrectAnswersMinimumPercent"": 75}"
stu_1777340052046_4165,test_1777341418390_7p46nbr,choose_answer,0,4,arithmetic_fluency,0.6,operation_identification_from_context,choose_answer__Subtraction-Multiplication__MultiStepProblem__3digits__4options,choose answer | MultiStepProblem | Subtraction-Multiplication | MultiStepProblem | 3 digits,choose_answer__cfg_range6__ops_Addition-Subtraction-Multiplication-Division__options4,Subtraction-Multiplication,Subtraction-Multiplication,Subtraction-Multiplication,MultiStepProblem,MultiStepProblem,Horizontal,3,medium,,,,,,,,,4.0,,,,6,,1,15466,medium,0,,2026-04-28T11:00:34.610Z,2026-04-28T11:02:22.557Z,4,1,test_definition,False,5,3,كانت لديك 500 درهمًا، اشتريت 3 هدايا بتكلفة 120 درهمًا لكل هدية. كم تبقى لديك؟,500 - (3 × 120),,,,,"[{""correct"": false, ""text"": ""3 × 120""}, {""correct"": false, ""text"": ""360 + 140""}, {""correct"": true, ""text"": ""500 - (3 × 120)""}, {""correct"": false, ""text"": ""500 - 120""}]",,,,,"{""maxNumberRange"": 6, ""numOptions"": 4, ""numQuestions"": 5, ""operationsAllowed"": [""Addition"", ""Subtraction"", ""Multiplication"", ""Division""], ""requiredCorrectAnswersMinimumPercent"": 75}"
stu_1777340052046_4165,test_1777341418390_7p46nbr,choose_answer,0,4,number_sense,0.2,operation_identification_from_context,choose_answer__Subtraction-Multiplication__MultiStepProblem__3digits__4options,choose answer | MultiStepProblem | Subtraction-Multiplication | MultiStepProblem | 3 digits,choose_answer__cfg_range6__ops_Addition-Subtraction-Multiplication-Division__options4,Subtraction-Multiplication,Subtraction-Multiplication,Subtraction-Multiplication,MultiStepProblem,MultiStepProblem,Horizontal,3,medium,,,,,,,,,4.0,,,,6,,1,15466,medium,0,,2026-04-28T11:00:34.610Z,2026-04-28T11:02:22.557Z,4,1,test_definition,False,5,3,كانت لديك 500 درهمًا، اشتريت 3 هدايا بتكلفة 120 درهمًا لكل هدية. كم تبقى لديك؟,500 - (3 × 120),,,,,"[{""correct"": false, ""text"": ""3 × 120""}, {""correct"": false, ""text"": ""360 + 140""}, {""correct"": true, ""text"": ""500 - (3 × 120)""}, {""correct"": false, ""text"": ""500 - 120""}]",,,,,"{""maxNumberRange"": 6, ""numOptions"": 4, ""numQuestions"": 5, ""operationsAllowed"": [""Addition"", ""Subtraction"", ""Multiplication"", ""Division""], ""requiredCorrectAnswersMinimumPercent"": 75}"
stu_1777340052046_4165,test_1777341418390_7p46nbr,choose_answer,0,4,sequential_thinking,0.2,operation_identification_from_context,choose_answer__Subtraction-Multiplication__MultiStepProblem__3digits__4options,choose answer | MultiStepProblem | Subtraction-Multiplication | MultiStepProblem | 3 digits,choose_answer__cfg_range6__ops_Addition-Subtraction-Multiplication-Division__options4,Subtraction-Multiplication,Subtraction-Multiplication,Subtraction-Multiplication,MultiStepProblem,MultiStepProblem,Horizontal,3,medium,,,,,,,,,4.0,,,,6,,1,15466,medium,0,,2026-04-28T11:00:34.610Z,2026-04-28T11:02:22.557Z,4,1,test_definition,False,5,3,كانت لديك 500 درهمًا، اشتريت 3 هدايا بتكلفة 120 درهمًا لكل هدية. كم تبقى لديك؟,500 - (3 × 120),,,,,"[{""correct"": false, ""text"": ""3 × 120""}, {""correct"": false, ""text"": ""360 + 140""}, {""correct"": true, ""text"": ""500 - (3 × 120)""}, {""correct"": false, ""text"": ""500 - 120""}]",,,,,"{""maxNumberRange"": 6, ""numOptions"": 4, ""numQuestions"": 5, ""operationsAllowed"": [""Addition"", ""Subtraction"", ""Multiplication"", ""Division""], ""requiredCorrectAnswersMinimumPercent"": 75}"
stu_1777340052046_4165,test_1777341418390_7p46nbr,find_previous_next_number,0,0,sequential_thinking,1.0,previous_next_number,find_previous_next_number__5digits__normal_range,find previous next number | PreviousAndNext | Sequence | normal_range | 5 digits,find_previous_next_number__cfg_range5,,,,PreviousAndNext,Sequence,Horizontal,5,hard,normal_range,55000-55009,,,,,,,,,,,5,,1,211385,slow,1,,2026-04-28T10:47:10.196Z,2026-04-28T10:48:32.753Z,1,1,test_definition,False,16,6,55005,,,,"[55004, 55006]","[55004, 55006]",,,,,,"{""maxNumberRange"": 5, ""numQuestions"": 3, ""requiredCorrectAnswersMinimumPercent"": 75}"
stu_1777340052046_4165,test_1777341418390_7p46nbr,find_previous_next_number,0,1,sequential_thinking,1.0,previous_next_number,find_previous_next_number__5digits__normal_range,find previous next number | PreviousAndNext | Sequence | normal_range | 5 digits,find_previous_next_number__cfg_range5,,,,PreviousAndNext,Sequence,Horizontal,5,hard,normal_range,40240-40249,,,,,,,,,,,5,,1,58752,fast,0,,2026-04-28T10:47:10.196Z,2026-04-28T10:48:32.753Z,1,1,test_definition,False,16,6,40246,,,,"[40245, 40247]","[40245, 40247]",,,,,,"{""maxNumberRange"": 5, ""numQuestions"": 3, ""requiredCorrectAnswersMinimumPercent"": 75}"
stu_1777340052046_4165,test_1777341418390_7p46nbr,find_previous_next_number,0,2,sequential_thinking,1.0,previous_next_number,find_previous_next_number__5digits__normal_range,find previous next number | PreviousAndNext | Sequence | normal_range | 5 digits,find_previous_next_number__cfg_range5,,,,PreviousAndNext,Sequence,Horizontal,5,hard,normal_range,58980-58989,,,,,,,,,,,5,,1,82557,medium,0,,2026-04-28T10:47:10.196Z,2026-04-28T10:48:32.753Z,1,1,test_definition,False,16,6,58986,,,,"[58985, 58987]","[58985, 58987]",,,,,,"{""maxNumberRange"": 5, ""numQuestions"": 3, ""requiredCorrectAnswersMinimumPercent"": 75}"
stu_1777340052046_4165,test_1777341418390_7p46nbr,identify_place_value,0,0,number_sense,1.0,place_value_identification,identify_place_value__6digits__has_repeated_digits,identify place value | PlaceValue | PlaceValue | 6 digits,identify_place_value__cfg_range6,,,,PlaceValue,PlaceValue,Visual,6,hard,,,,,,,,has_repeated_digits,,,,,6,,0,85911,fast,0,PlaceValueMisidentification,2026-04-28T10:56:53.655Z,2026-04-28T10:58:04.584Z,3,1,test_definition,False,13,4,,,,,"{""pos_0"": 9, ""pos_1"": 4, ""pos_2"": 8, ""pos_3"": 9, ""pos_4"": 6, ""pos_5"": 4}","{""pos_0"": 4, ""pos_1"": 9, ""pos_2"": 8, ""pos_3"": 9, ""pos_4"": 6, ""pos_5"": 4}",,,,,948964,"{""maxNumberRange"": 6, ""numQuestions"": 4, ""requiredCorrectAnswersMinimumPercent"": 75}"
stu_1777340052046_4165,test_1777341418390_7p46nbr,identify_place_value,0,1,number_sense,1.0,place_value_identification,identify_place_value__6digits__has_repeated_digits,identify place value | PlaceValue | PlaceValue | 6 digits,identify_place_value__cfg_range6,,,,PlaceValue,PlaceValue,Visual,6,hard,,,,,,,,has_repeated_digits,,,,,6,,0,60848,fast,0,PlaceValueMisidentification,2026-04-28T10:56:53.655Z,2026-04-28T10:58:04.584Z,3,1,test_definition,False,13,4,,,,,"{""pos_0"": 2, ""pos_1"": 4, ""pos_2"": 2, ""pos_3"": 8, ""pos_4"": 3, ""pos_5"": 7}","{""pos_0"": 4, ""pos_1"": 2, ""pos_2"": 2, ""pos_3"": 8, ""pos_4"": 3, ""pos_5"": 7}",,,,,242837,"{""maxNumberRange"": 6, ""numQuestions"": 4, ""requiredCorrectAnswersMinimumPercent"": 75}"
stu_1777340052046_4165,test_1777341418390_7p46nbr,identify_place_value,0,2,number_sense,1.0,place_value_identification,identify_place_value__6digits__has_repeated_digits,identify place value | PlaceValue | PlaceValue | 6 digits,identify_place_value__cfg_range6,,,,PlaceValue,PlaceValue,Visual,6,hard,,,,,,,,has_repeated_digits,,,,,6,,1,75014,fast,0,,2026-04-28T10:56:53.655Z,2026-04-28T10:58:04.584Z,3,1,test_definition,False,13,4,,,,,"{""pos_0"": 3, ""pos_1"": 4, ""pos_2"": 6, ""pos_3"": 3, ""pos_4"": 1, ""pos_5"": 2}","{""pos_0"": 3, ""pos_1"": 4, ""pos_2"": 6, ""pos_3"": 3, ""pos_4"": 1, ""pos_5"": 2}",,,,,346312,"{""maxNumberRange"": 6, ""numQuestions"": 4, ""requiredCorrectAnswersMinimumPercent"": 75}"
stu_1777340052046_4165,test_1777341418390_7p46nbr,identify_place_value,0,3,number_sense,1.0,place_value_identification,identify_place_value__6digits__has_repeated_digits,identify place value | PlaceValue | PlaceValue | 6 digits,identify_place_value__cfg_range6,,,,PlaceValue,PlaceValue,Visual,6,hard,,,,,,,,has_repeated_digits,,,,,6,,1,70929,fast,0,,2026-04-28T10:56:53.655Z,2026-04-28T10:58:04.584Z,3,1,test_definition,False,13,4,,,,,"{""pos_0"": 8, ""pos_1"": 9, ""pos_2"": 4, ""pos_3"": 4, ""pos_4"": 9, ""pos_5"": 5}","{""pos_0"": 8, ""pos_1"": 9, ""pos_2"": 4, ""pos_3"": 4, ""pos_4"": 9, ""pos_5"": 5}",,,,,894495,"{""maxNumberRange"": 6, ""numQuestions"": 4, ""requiredCorrectAnswersMinimumPercent"": 75}"
stu_1777340052046_4165,test_1777341418390_7p46nbr,identify_place_value,1,0,number_sense,1.0,place_value_identification,identify_place_value__5digits__has_repeated_digits,identify place value | PlaceValue | PlaceValue | 5 digits,identify_place_value__cfg_range6,,,,PlaceValue,PlaceValue,Visual,5,hard,,,,,,,,has_repeated_digits,,,,,6,,1,40186,fast,0,,2026-04-28T10:59:51.791Z,2026-04-28T11:00:34.378Z,3,1,test_definition,True,4,1,,,,,"{""pos_0"": 2, ""pos_1"": 6, ""pos_2"": 2, ""pos_3"": 9, ""pos_4"": 3}","{""pos_0"": 2, ""pos_1"": 6, ""pos_2"": 2, ""pos_3"": 9, ""pos_4"": 3}",,,,,26293,"{""maxNumberRange"": 6, ""numQuestions"": 4, ""requiredCorrectAnswersMinimumPercent"": 75}"
stu_1777340052046_4165,test_1777341418390_7p46nbr,identify_place_value,1,1,number_sense,1.0,place_value_identification,identify_place_value__5digits__has_repeated_digits,identify place value | PlaceValue | PlaceValue | 5 digits,identify_place_value__cfg_range6,,,,PlaceValue,PlaceValue,Visual,5,hard,,,,,,,,has_repeated_digits,,,,,6,,1,29287,fast,0,,2026-04-28T10:59:51.791Z,2026-04-28T11:00:34.378Z,3,1,test_definition,True,4,1,,,,,"{""pos_0"": 4, ""pos_1"": 9, ""pos_2"": 9, ""pos_3"": 9, ""pos_4"": 3}","{""pos_0"": 4, ""pos_1"": 9, ""pos_2"": 9, ""pos_3"": 9, ""pos_4"": 3}",,,,,49993,"{""maxNumberRange"": 6, ""numQuestions"": 4, ""requiredCorrectAnswersMinimumPercent"": 75}"
stu_1777340052046_4165,test_1777341418390_7p46nbr,identify_place_value,1,2,number_sense,1.0,place_value_identification,identify_place_value__5digits__has_repeated_digits,identify place value | PlaceValue | PlaceValue | 5 digits,identify_place_value__cfg_range6,,,,PlaceValue,PlaceValue,Visual,5,hard,,,,,,,,has_repeated_digits,,,,,6,,1,37539,fast,0,,2026-04-28T10:59:51.791Z,2026-04-28T11:00:34.378Z,3,1,test_definition,True,4,1,,,,,"{""pos_0"": 9, ""pos_1"": 2, ""pos_2"": 4, ""pos_3"": 4, ""pos_4"": 8}","{""pos_0"": 9, ""pos_1"": 2, ""pos_2"": 4, ""pos_3"": 4, ""pos_4"": 8}",,,,,92448,"{""maxNumberRange"": 6, ""numQuestions"": 4, ""requiredCorrectAnswersMinimumPercent"": 75}"
stu_1777340052046_4165,test_1777341418390_7p46nbr,identify_place_value,1,3,number_sense,1.0,place_value_identification,identify_place_value__5digits__has_repeated_digits,identify place value | PlaceValue | PlaceValue | 5 digits,identify_place_value__cfg_range6,,,,PlaceValue,PlaceValue,Visual,5,hard,,,,,,,,has_repeated_digits,,,,,6,,1,42587,fast,0,,2026-04-28T10:59:51.791Z,2026-04-28T11:00:34.378Z,3,1,test_definition,True,4,1,,,,,"{""pos_0"": 4, ""pos_1"": 7, ""pos_2"": 4, ""pos_3"": 0, ""pos_4"": 1}","{""pos_0"": 4, ""pos_1"": 7, ""pos_2"": 4, ""pos_3"": 0, ""pos_4"": 1}",,,,,47401,"{""maxNumberRange"": 6, ""numQuestions"": 4, ""requiredCorrectAnswersMinimumPercent"": 75}"
stu_1777340052046_4165,test_1777341418390_7p46nbr,order_numbers,0,0,sequential_thinking,1.0,number_ordering,order_numbers__desc__seq7__6digits,order numbers | Ordering_desc | Ordering | desc | 6 digits | sequence 7,order_numbers__cfg_range6__maxseq7,,,,Ordering_desc,Ordering,Visual,6,hard,,,7.0,,desc,,,,,,,,6,,1,70449,fast,0,,2026-04-28T10:48:33.015Z,2026-04-28T10:53:11.206Z,2,1,test_definition,False,7,4,,,,,,,,"[224631, 811072, 162542, 684257, 789760, 819466, 375250]",,,,"{""maxNumberRange"": 6, ""maxNumbersInSequence"": 7, ""numQuestions"": 5, ""requiredCorrectAnswersMinimumPercent"": 75}"
stu_1777340052046_4165,test_1777341418390_7p46nbr,order_numbers,0,1,sequential_thinking,1.0,number_ordering,order_numbers__desc__seq3__6digits,order numbers | Ordering_desc | Ordering | desc | 6 digits | sequence 3,order_numbers__cfg_range6__maxseq7,,,,Ordering_desc,Ordering,Visual,6,hard,,,3.0,,desc,,,,,,,,6,,1,14047,fast,0,,2026-04-28T10:48:33.015Z,2026-04-28T10:53:11.206Z,2,1,test_definition,True,4,3,,,,,,,,"[430375, 157837, 734913]",,,,"{""maxNumberRange"": 6, ""maxNumbersInSequence"": 7, ""numQuestions"": 5, ""requiredCorrectAnswersMinimumPercent"": 75}"
stu_1777340052046_4165,test_1777341418390_7p46nbr,order_numbers,0,2,sequential_thinking,1.0,number_ordering,order_numbers__desc__seq3__6digits,order numbers | Ordering_desc | Ordering | desc | 6 digits | sequence 3,order_numbers__cfg_range6__maxseq7,,,,Ordering_desc,Ordering,Visual,6,hard,,,3.0,,desc,,,,,,,,6,,1,17969,fast,0,,2026-04-28T10:48:33.015Z,2026-04-28T10:53:11.206Z,2,1,test_definition,True,4,3,,,,,,,,"[124823, 213311, 418318]",,,,"{""maxNumberRange"": 6, ""maxNumbersInSequence"": 7, ""numQuestions"": 5, ""requiredCorrectAnswersMinimumPercent"": 75}"
stu_1777340052046_4165,test_1777341418390_7p46nbr,order_numbers,0,3,sequential_thinking,1.0,number_ordering,order_numbers__desc__seq7__6digits,order numbers | Ordering_desc | Ordering | desc | 6 digits | sequence 7,order_numbers__cfg_range6__maxseq7,,,,Ordering_desc,Ordering,Visual,6,hard,,,7.0,,desc,,,,,,,,6,,1,47894,fast,0,,2026-04-28T10:48:33.015Z,2026-04-28T10:53:11.206Z,2,1,test_definition,False,7,4,,,,,,,,"[971258, 881843, 990432, 671544, 963051, 151026, 312869]",,,,"{""maxNumberRange"": 6, ""maxNumbersInSequence"": 7, ""numQuestions"": 5, ""requiredCorrectAnswersMinimumPercent"": 75}"
stu_1777340052046_4165,test_1777341418390_7p46nbr,order_numbers,0,4,sequential_thinking,1.0,number_ordering,order_numbers__asc__seq7__6digits,order numbers | Ordering_asc | Ordering | asc | 6 digits | sequence 7,order_numbers__cfg_range6__maxseq7,,,,Ordering_asc,Ordering,Visual,6,hard,,,7.0,,asc,,,,,,,,6,,1,127830,fast,0,,2026-04-28T10:48:33.015Z,2026-04-28T10:53:11.206Z,2,1,test_definition,True,3,3,,,,,,,,"[947344, 882501, 629667, 458759, 133719, 290227, 611804]",,,,"{""maxNumberRange"": 6, ""maxNumbersInSequence"": 7, ""numQuestions"": 5, ""requiredCorrectAnswersMinimumPercent"": 75}"
stu_1777340052046_4165,test_1777341418390_7p46nbr,vertical_operations,0,0,arithmetic_fluency,1.0,vertical_operation_fluency,vertical_operations__SubtractionWithBorrow__3digits,vertical operations | SubtractionWithBorrow | Subtraction | VerticalOperation | 3 digits,vertical_operations__cfg_range3__ops_Addition-Subtraction-Multiplication__carryTrue__borrowTrue__mulstepTrue__divstepFalse,Subtraction,,,SubtractionWithBorrow,VerticalOperation,Vertical,3,medium,,,,,,,,,,,,,3,,1,41865,fast,0,,2026-04-28T11:02:22.638Z,2026-04-28T11:10:55.643Z,5,1,test_definition,False,6,4,575 Subtraction 385,,190,190,,,,,,,,"{""allowBorrow"": true, ""allowCarry"": true, ""allowMultiStepDiv"": false, ""allowMultiStepMul"": true, ""maxNumberRange"": 3, ""numOperations"": 4, ""operationsAllowed"": [""Addition"", ""Subtraction"", ""Multiplication""], ""requiredCorrectAnswersMinimumPercent"": 75}"
stu_1777340052046_4165,test_1777341418390_7p46nbr,vertical_operations,0,1,arithmetic_fluency,1.0,vertical_operation_fluency,vertical_operations__SimpleSubtraction__3digits,vertical operations | SimpleSubtraction | Subtraction | VerticalOperation | 3 digits,vertical_operations__cfg_range3__ops_Addition-Subtraction-Multiplication__carryTrue__borrowTrue__mulstepTrue__divstepFalse,Subtraction,,,SimpleSubtraction,VerticalOperation,Vertical,3,medium,,,,,,,,,,,,,3,,1,101268,fast,0,,2026-04-28T11:02:22.638Z,2026-04-28T11:10:55.643Z,5,1,test_definition,True,1,1,736 Subtraction 20,,716,716,,,,,,,,"{""allowBorrow"": true, ""allowCarry"": true, ""allowMultiStepDiv"": false, ""allowMultiStepMul"": true, ""maxNumberRange"": 3, ""numOperations"": 4, ""operationsAllowed"": [""Addition"", ""Subtraction"", ""Multiplication""], ""requiredCorrectAnswersMinimumPercent"": 75}"
stu_1777340052046_4165,test_1777341418390_7p46nbr,vertical_operations,0,2,arithmetic_fluency,1.0,vertical_operation_fluency,vertical_operations__MultiStepMultiplication__6digits,vertical operations | MultiStepMultiplication | Multiplication | VerticalOperation | 6 digits,vertical_operations__cfg_range3__ops_Addition-Subtraction-Multiplication__carryTrue__borrowTrue__mulstepTrue__divstepFalse,Multiplication,,,MultiStepMultiplication,VerticalOperation,Vertical,6,hard,,,,,,,,,,,,,3,,1,348148,fast,0,,2026-04-28T11:02:22.638Z,2026-04-28T11:10:55.643Z,5,1,test_definition,True,4,4,245 Multiplication 786,,192570,192570,,,,,,,,"{""allowBorrow"": true, ""allowCarry"": true, ""allowMultiStepDiv"": false, ""allowMultiStepMul"": true, ""maxNumberRange"": 3, ""numOperations"": 4, ""operationsAllowed"": [""Addition"", ""Subtraction"", ""Multiplication""], ""requiredCorrectAnswersMinimumPercent"": 75}"
stu_1777340052046_4165,test_1777341418390_7p46nbr,vertical_operations,0,3,arithmetic_fluency,1.0,vertical_operation_fluency,vertical_operations__AdditionWithCarry__3digits,vertical operations | AdditionWithCarry | Addition | VerticalOperation | 3 digits,vertical_operations__cfg_range3__ops_Addition-Subtraction-Multiplication__carryTrue__borrowTrue__mulstepTrue__divstepFalse,Addition,,,AdditionWithCarry,VerticalOperation,Vertical,3,medium,,,,,,,,,,,,,3,,1,21724,fast,0,,2026-04-28T11:02:22.638Z,2026-04-28T11:10:55.643Z,5,1,test_definition,False,5,5,159 Addition 303,,462,462,,,,,,,,"{""allowBorrow"": true, ""allowCarry"": true, ""allowMultiStepDiv"": false, ""allowMultiStepMul"": true, ""maxNumberRange"": 3, ""numOperations"": 4, ""operationsAllowed"": [""Addition"", ""Subtraction"", ""Multiplication""], ""requiredCorrectAnswersMinimumPercent"": 75}"
stu_1777340052046_4165,test_1777341418390_7p46nbr,what_number_do_you_hear,0,0,audio_recognition,1.0,auditory_number_recognition,what_number_do_you_hear__1digits__3options,what number do you hear | HeardNumberChoice | AudioRecognition | 1 digits,what_number_do_you_hear__cfg_range6,,,,HeardNumberChoice,AudioRecognition,Audio,1,very-easy,,,,,,,,,3.0,,,,6,,1,18636,medium,0,,2026-04-28T10:42:03.920Z,2026-04-28T10:42:39.935Z,0,1,test_definition,False,36,7,0,0,,,,,"[10, 5, 0]",,,,,"{""maxNumberRange"": 6, ""numQuestions"": 6, ""requiredCorrectAnswersMinimumPercent"": 75}"
stu_1777340052046_4165,test_1777341418390_7p46nbr,what_number_do_you_hear,0,1,audio_recognition,1.0,auditory_number_recognition,what_number_do_you_hear__1digits__3options,what number do you hear | HeardNumberChoice | AudioRecognition | 1 digits,what_number_do_you_hear__cfg_range6,,,,HeardNumberChoice,AudioRecognition,Audio,1,very-easy,,,,,,,,,3.0,,,,6,,1,5793,fast,0,,2026-04-28T10:42:03.920Z,2026-04-28T10:42:39.935Z,0,1,test_definition,False,36,7,9,9,,,,,"[7, 5, 9]",,,,,"{""maxNumberRange"": 6, ""numQuestions"": 6, ""requiredCorrectAnswersMinimumPercent"": 75}"
stu_1777340052046_4165,test_1777341418390_7p46nbr,what_number_do_you_hear,0,2,audio_recognition,1.0,auditory_number_recognition,what_number_do_you_hear__1digits__3options,what number do you hear | HeardNumberChoice | AudioRecognition | 1 digits,what_number_do_you_hear__cfg_range6,,,,HeardNumberChoice,AudioRecognition,Audio,1,very-easy,,,,,,,,,3.0,,,,6,,1,3588,fast,0,,2026-04-28T10:42:03.920Z,2026-04-28T10:42:39.935Z,0,1,test_definition,False,36,7,4,4,,,,,"[6, 7, 4]",,,,,"{""maxNumberRange"": 6, ""numQuestions"": 6, ""requiredCorrectAnswersMinimumPercent"": 75}"
stu_1777340052046_4165,test_1777341418390_7p46nbr,what_number_do_you_hear,0,3,audio_recognition,1.0,auditory_number_recognition,what_number_do_you_hear__1digits__3options,what number do you hear | HeardNumberChoice | AudioRecognition | 1 digits,what_number_do_you_hear__cfg_range6,,,,HeardNumberChoice,AudioRecognition,Audio,1,very-easy,,,,,,,,,3.0,,,,6,,1,2252,fast,0,,2026-04-28T10:42:03.920Z,2026-04-28T10:42:39.935Z,0,1,test_definition,False,36,7,8,8,,,,,"[10, 8, 3]",,,,,"{""maxNumberRange"": 6, ""numQuestions"": 6, ""requiredCorrectAnswersMinimumPercent"": 75}"
stu_1777340052046_4165,test_1777341418390_7p46nbr,what_number_do_you_hear,0,4,audio_recognition,1.0,auditory_number_recognition,what_number_do_you_hear__1digits__3options,what number do you hear | HeardNumberChoice | AudioRecognition | 1 digits,what_number_do_you_hear__cfg_range6,,,,HeardNumberChoice,AudioRecognition,Audio,1,very-easy,,,,,,,,,3.0,,,,6,,1,2541,fast,0,,2026-04-28T10:42:03.920Z,2026-04-28T10:42:39.935Z,0,1,test_definition,False,36,7,6,6,,,,,"[6, 4, 1]",,,,,"{""maxNumberRange"": 6, ""numQuestions"": 6, ""requiredCorrectAnswersMinimumPercent"": 75}"
stu_1777340052046_4165,test_1777341418390_7p46nbr,what_number_do_you_hear,0,5,audio_recognition,1.0,auditory_number_recognition,what_number_do_you_hear__1digits__3options,what number do you hear | HeardNumberChoice | AudioRecognition | 1 digits,what_number_do_you_hear__cfg_range6,,,,HeardNumberChoice,AudioRecognition,Audio,1,very-easy,,,,,,,,,3.0,,,,6,,1,3205,fast,0,,2026-04-28T10:42:03.920Z,2026-04-28T10:42:39.935Z,0,1,test_definition,False,36,7,1,1,,,,,"[10, 7, 1]",,,,,"{""maxNumberRange"": 6, ""numQuestions"": 6, ""requiredCorrectAnswersMinimumPercent"": 75}"
stu_1777340052233_9667,test_1777341418390_7p46nbr,choose_answer,0,0,arithmetic_fluency,0.6,operation_identification_from_context,choose_answer__Subtraction-Multiplication__MultiStepProblem__2digits__4options,choose answer | MultiStepProblem | Subtraction-Multiplication | MultiStepProblem | 2 digits,choose_answer__cfg_range6__ops_Addition-Subtraction-Multiplication-Division__options4,Subtraction-Multiplication,Subtraction-Multiplication,Subtraction-Multiplication,MultiStepProblem,MultiStepProblem,Horizontal,2,easy,,,,,,,,,4.0,,,,6,,1,28895,slow,1,,2026-04-28T11:00:42.410Z,2026-04-28T11:02:23.244Z,4,1,test_definition,True,1,1,لدى فاطمة 80 درهمًا. إذا اشترت 4 كتب، كل كتاب يكلف 20 درهمًا، كم تبقى معها؟,80 - (4 × 20),,,,,"[{""correct"": true, ""text"": ""80 - (4 × 20)""}, {""correct"": false, ""text"": ""80 + 20""}, {""correct"": false, ""text"": ""20 × 4""}, {""correct"": false, ""text"": ""4 × 20""}]",,,,,"{""maxNumberRange"": 6, ""numOptions"": 4, ""numQuestions"": 5, ""operationsAllowed"": [""Addition"", ""Subtraction"", ""Multiplication"", ""Division""], ""requiredCorrectAnswersMinimumPercent"": 75}"
stu_1777340052233_9667,test_1777341418390_7p46nbr,choose_answer,0,0,number_sense,0.2,operation_identification_from_context,choose_answer__Subtraction-Multiplication__MultiStepProblem__2digits__4options,choose answer | MultiStepProblem | Subtraction-Multiplication | MultiStepProblem | 2 digits,choose_answer__cfg_range6__ops_Addition-Subtraction-Multiplication-Division__options4,Subtraction-Multiplication,Subtraction-Multiplication,Subtraction-Multiplication,MultiStepProblem,MultiStepProblem,Horizontal,2,easy,,,,,,,,,4.0,,,,6,,1,28895,slow,1,,2026-04-28T11:00:42.410Z,2026-04-28T11:02:23.244Z,4,1,test_definition,True,1,1,لدى فاطمة 80 درهمًا. إذا اشترت 4 كتب، كل كتاب يكلف 20 درهمًا، كم تبقى معها؟,80 - (4 × 20),,,,,"[{""correct"": true, ""text"": ""80 - (4 × 20)""}, {""correct"": false, ""text"": ""80 + 20""}, {""correct"": false, ""text"": ""20 × 4""}, {""correct"": false, ""text"": ""4 × 20""}]",,,,,"{""maxNumberRange"": 6, ""numOptions"": 4, ""numQuestions"": 5, ""operationsAllowed"": [""Addition"", ""Subtraction"", ""Multiplication"", ""Division""], ""requiredCorrectAnswersMinimumPercent"": 75}"
stu_1777340052233_9667,test_1777341418390_7p46nbr,choose_answer,0,0,sequential_thinking,0.2,operation_identification_from_context,choose_answer__Subtraction-Multiplication__MultiStepProblem__2digits__4options,choose answer | MultiStepProblem | Subtraction-Multiplication | MultiStepProblem | 2 digits,choose_answer__cfg_range6__ops_Addition-Subtraction-Multiplication-Division__options4,Subtraction-Multiplication,Subtraction-Multiplication,Subtraction-Multiplication,MultiStepProblem,MultiStepProblem,Horizontal,2,easy,,,,,,,,,4.0,,,,6,,1,28895,slow,1,,2026-04-28T11:00:42.410Z,2026-04-28T11:02:23.244Z,4,1,test_definition,True,1,1,لدى فاطمة 80 درهمًا. إذا اشترت 4 كتب، كل كتاب يكلف 20 درهمًا، كم تبقى معها؟,80 - (4 × 20),,,,,"[{""correct"": true, ""text"": ""80 - (4 × 20)""}, {""correct"": false, ""text"": ""80 + 20""}, {""correct"": false, ""text"": ""20 × 4""}, {""correct"": false, ""text"": ""4 × 20""}]",,,,,"{""maxNumberRange"": 6, ""numOptions"": 4, ""numQuestions"": 5, ""operationsAllowed"": [""Addition"", ""Subtraction"", ""Multiplication"", ""Division""], ""requiredCorrectAnswersMinimumPercent"": 75}"
stu_1777340052233_9667,test_1777341418390_7p46nbr,choose_answer,0,1,arithmetic_fluency,0.6,operation_identification_from_context,choose_answer__Subtraction__OneStepProblem__3digits__4options,choose answer | OneStepProblem | Subtraction | OneStepProblem | 3 digits,choose_answer__cfg_range6__ops_Addition-Subtraction-Multiplication-Division__options4,Subtraction,Subtraction,Subtraction,OneStepProblem,OneStepProblem,Horizontal,3,medium,,,,,,,,,4.0,,,,6,,1,11043,medium,0,,2026-04-28T11:00:42.410Z,2026-04-28T11:02:23.244Z,4,1,test_definition,True,3,2,لدى أحمد 120 درهما، وأعطى 50 درهما لصديقه. كم تبقى لديه؟,120 - 50,,,,,"[{""correct"": true, ""text"": ""120 - 50""}, {""correct"": false, ""text"": ""70 + 50""}, {""correct"": false, ""text"": ""120 + 50""}, {""correct"": false, ""text"": ""50 × 120""}]",,,,,"{""maxNumberRange"": 6, ""numOptions"": 4, ""numQuestions"": 5, ""operationsAllowed"": [""Addition"", ""Subtraction"", ""Multiplication"", ""Division""], ""requiredCorrectAnswersMinimumPercent"": 75}"
stu_1777340052233_9667,test_1777341418390_7p46nbr,choose_answer,0,1,number_sense,0.2,operation_identification_from_context,choose_answer__Subtraction__OneStepProblem__3digits__4options,choose answer | OneStepProblem | Subtraction | OneStepProblem | 3 digits,choose_answer__cfg_range6__ops_Addition-Subtraction-Multiplication-Division__options4,Subtraction,Subtraction,Subtraction,OneStepProblem,OneStepProblem,Horizontal,3,medium,,,,,,,,,4.0,,,,6,,1,11043,medium,0,,2026-04-28T11:00:42.410Z,2026-04-28T11:02:23.244Z,4,1,test_definition,True,3,2,لدى أحمد 120 درهما، وأعطى 50 درهما لصديقه. كم تبقى لديه؟,120 - 50,,,,,"[{""correct"": true, ""text"": ""120 - 50""}, {""correct"": false, ""text"": ""70 + 50""}, {""correct"": false, ""text"": ""120 + 50""}, {""correct"": false, ""text"": ""50 × 120""}]",,,,,"{""maxNumberRange"": 6, ""numOptions"": 4, ""numQuestions"": 5, ""operationsAllowed"": [""Addition"", ""Subtraction"", ""Multiplication"", ""Division""], ""requiredCorrectAnswersMinimumPercent"": 75}"
stu_1777340052233_9667,test_1777341418390_7p46nbr,choose_answer,0,1,sequential_thinking,0.2,operation_identification_from_context,choose_answer__Subtraction__OneStepProblem__3digits__4options,choose answer | OneStepProblem | Subtraction | OneStepProblem | 3 digits,choose_answer__cfg_range6__ops_Addition-Subtraction-Multiplication-Division__options4,Subtraction,Subtraction,Subtraction,OneStepProblem,OneStepProblem,Horizontal,3,medium,,,,,,,,,4.0,,,,6,,1,11043,medium,0,,2026-04-28T11:00:42.410Z,2026-04-28T11:02:23.244Z,4,1,test_definition,True,3,2,لدى أحمد 120 درهما، وأعطى 50 درهما لصديقه. كم تبقى لديه؟,120 - 50,,,,,"[{""correct"": true, ""text"": ""120 - 50""}, {""correct"": false, ""text"": ""70 + 50""}, {""correct"": false, ""text"": ""120 + 50""}, {""correct"": false, ""text"": ""50 × 120""}]",,,,,"{""maxNumberRange"": 6, ""numOptions"": 4, ""numQuestions"": 5, ""operationsAllowed"": [""Addition"", ""Subtraction"", ""Multiplication"", ""Division""], ""requiredCorrectAnswersMinimumPercent"": 75}"
stu_1777340052233_9667,test_1777341418390_7p46nbr,choose_answer,0,2,arithmetic_fluency,0.6,operation_identification_from_context,choose_answer__Multiplication__OneStepProblem__2digits__4options,choose answer | OneStepProblem | Multiplication | OneStepProblem | 2 digits,choose_answer__cfg_range6__ops_Addition-Subtraction-Multiplication-Division__options4,Multiplication,Multiplication,Multiplication,OneStepProblem,OneStepProblem,Horizontal,2,easy,,,,,,,,,4.0,,,,6,,1,16592,medium,0,,2026-04-28T11:00:42.410Z,2026-04-28T11:02:23.244Z,4,1,test_definition,False,5,3,في إحدى المزارع هناك 8 حقول. في كل حقل 10 أشجار. كم عدد الأشجار في جميع الحقول؟,8 × 10,,,,,"[{""correct"": false, ""text"": ""80 ÷ 10""}, {""correct"": false, ""text"": ""10 - 8""}, {""correct"": true, ""text"": ""8 × 10""}, {""correct"": false, ""text"": ""8 + 10""}]",,,,,"{""maxNumberRange"": 6, ""numOptions"": 4, ""numQuestions"": 5, ""operationsAllowed"": [""Addition"", ""Subtraction"", ""Multiplication"", ""Division""], ""requiredCorrectAnswersMinimumPercent"": 75}"
stu_1777340052233_9667,test_1777341418390_7p46nbr,choose_answer,0,2,number_sense,0.2,operation_identification_from_context,choose_answer__Multiplication__OneStepProblem__2digits__4options,choose answer | OneStepProblem | Multiplication | OneStepProblem | 2 digits,choose_answer__cfg_range6__ops_Addition-Subtraction-Multiplication-Division__options4,Multiplication,Multiplication,Multiplication,OneStepProblem,OneStepProblem,Horizontal,2,easy,,,,,,,,,4.0,,,,6,,1,16592,medium,0,,2026-04-28T11:00:42.410Z,2026-04-28T11:02:23.244Z,4,1,test_definition,False,5,3,في إحدى المزارع هناك 8 حقول. في كل حقل 10 أشجار. كم عدد الأشجار في جميع الحقول؟,8 × 10,,,,,"[{""correct"": false, ""text"": ""80 ÷ 10""}, {""correct"": false, ""text"": ""10 - 8""}, {""correct"": true, ""text"": ""8 × 10""}, {""correct"": false, ""text"": ""8 + 10""}]",,,,,"{""maxNumberRange"": 6, ""numOptions"": 4, ""numQuestions"": 5, ""operationsAllowed"": [""Addition"", ""Subtraction"", ""Multiplication"", ""Division""], ""requiredCorrectAnswersMinimumPercent"": 75}"
stu_1777340052233_9667,test_1777341418390_7p46nbr,choose_answer,0,2,sequential_thinking,0.2,operation_identification_from_context,choose_answer__Multiplication__OneStepProblem__2digits__4options,choose answer | OneStepProblem | Multiplication | OneStepProblem | 2 digits,choose_answer__cfg_range6__ops_Addition-Subtraction-Multiplication-Division__options4,Multiplication,Multiplication,Multiplication,OneStepProblem,OneStepProblem,Horizontal,2,easy,,,,,,,,,4.0,,,,6,,1,16592,medium,0,,2026-04-28T11:00:42.410Z,2026-04-28T11:02:23.244Z,4,1,test_definition,False,5,3,في إحدى المزارع هناك 8 حقول. في كل حقل 10 أشجار. كم عدد الأشجار في جميع الحقول؟,8 × 10,,,,,"[{""correct"": false, ""text"": ""80 ÷ 10""}, {""correct"": false, ""text"": ""10 - 8""}, {""correct"": true, ""text"": ""8 × 10""}, {""correct"": false, ""text"": ""8 + 10""}]",,,,,"{""maxNumberRange"": 6, ""numOptions"": 4, ""numQuestions"": 5, ""operationsAllowed"": [""Addition"", ""Subtraction"", ""Multiplication"", ""Division""], ""requiredCorrectAnswersMinimumPercent"": 75}"
stu_1777340052233_9667,test_1777341418390_7p46nbr,choose_answer,0,3,arithmetic_fluency,0.6,operation_identification_from_context,choose_answer__Subtraction-Multiplication__MultiStepProblem__3digits__4options,choose answer | MultiStepProblem | Subtraction-Multiplication | MultiStepProblem | 3 digits,choose_answer__cfg_range6__ops_Addition-Subtraction-Multiplication-Division__options4,Subtraction-Multiplication,Subtraction-Multiplication,Subtraction-Multiplication,MultiStepProblem,MultiStepProblem,Horizontal,3,medium,,,,,,,,,4.0,,,,6,,1,34447,slow,1,,2026-04-28T11:00:42.410Z,2026-04-28T11:02:23.244Z,4,1,test_definition,False,5,3,كانت لديك 500 درهمًا، اشتريت 3 هدايا بتكلفة 120 درهمًا لكل هدية. كم تبقى لديك؟,500 - (3 × 120),,,,,"[{""correct"": false, ""text"": ""500 - 120""}, {""correct"": false, ""text"": ""3 × 120""}, {""correct"": false, ""text"": ""360 + 140""}, {""correct"": true, ""text"": ""500 - (3 × 120)""}]",,,,,"{""maxNumberRange"": 6, ""numOptions"": 4, ""numQuestions"": 5, ""operationsAllowed"": [""Addition"", ""Subtraction"", ""Multiplication"", ""Division""], ""requiredCorrectAnswersMinimumPercent"": 75}"
stu_1777340052233_9667,test_1777341418390_7p46nbr,choose_answer,0,3,number_sense,0.2,operation_identification_from_context,choose_answer__Subtraction-Multiplication__MultiStepProblem__3digits__4options,choose answer | MultiStepProblem | Subtraction-Multiplication | MultiStepProblem | 3 digits,choose_answer__cfg_range6__ops_Addition-Subtraction-Multiplication-Division__options4,Subtraction-Multiplication,Subtraction-Multiplication,Subtraction-Multiplication,MultiStepProblem,MultiStepProblem,Horizontal,3,medium,,,,,,,,,4.0,,,,6,,1,34447,slow,1,,2026-04-28T11:00:42.410Z,2026-04-28T11:02:23.244Z,4,1,test_definition,False,5,3,كانت لديك 500 درهمًا، اشتريت 3 هدايا بتكلفة 120 درهمًا لكل هدية. كم تبقى لديك؟,500 - (3 × 120),,,,,"[{""correct"": false, ""text"": ""500 - 120""}, {""correct"": false, ""text"": ""3 × 120""}, {""correct"": false, ""text"": ""360 + 140""}, {""correct"": true, ""text"": ""500 - (3 × 120)""}]",,,,,"{""maxNumberRange"": 6, ""numOptions"": 4, ""numQuestions"": 5, ""operationsAllowed"": [""Addition"", ""Subtraction"", ""Multiplication"", ""Division""], ""requiredCorrectAnswersMinimumPercent"": 75}"
stu_1777340052233_9667,test_1777341418390_7p46nbr,choose_answer,0,3,sequential_thinking,0.2,operation_identification_from_context,choose_answer__Subtraction-Multiplication__MultiStepProblem__3digits__4options,choose answer | MultiStepProblem | Subtraction-Multiplication | MultiStepProblem | 3 digits,choose_answer__cfg_range6__ops_Addition-Subtraction-Multiplication-Division__options4,Subtraction-Multiplication,Subtraction-Multiplication,Subtraction-Multiplication,MultiStepProblem,MultiStepProblem,Horizontal,3,medium,,,,,,,,,4.0,,,,6,,1,34447,slow,1,,2026-04-28T11:00:42.410Z,2026-04-28T11:02:23.244Z,4,1,test_definition,False,5,3,كانت لديك 500 درهمًا، اشتريت 3 هدايا بتكلفة 120 درهمًا لكل هدية. كم تبقى لديك؟,500 - (3 × 120),,,,,"[{""correct"": false, ""text"": ""500 - 120""}, {""correct"": false, ""text"": ""3 × 120""}, {""correct"": false, ""text"": ""360 + 140""}, {""correct"": true, ""text"": ""500 - (3 × 120)""}]",,,,,"{""maxNumberRange"": 6, ""numOptions"": 4, ""numQuestions"": 5, ""operationsAllowed"": [""Addition"", ""Subtraction"", ""Multiplication"", ""Division""], ""requiredCorrectAnswersMinimumPercent"": 75}"
stu_1777340052233_9667,test_1777341418390_7p46nbr,choose_answer,0,4,arithmetic_fluency,0.6,operation_identification_from_context,choose_answer__Subtraction__OneStepProblem__3digits__4options,choose answer | OneStepProblem | Subtraction | OneStepProblem | 3 digits,choose_answer__cfg_range6__ops_Addition-Subtraction-Multiplication-Division__options4,Subtraction,Subtraction,Subtraction,OneStepProblem,OneStepProblem,Horizontal,3,medium,,,,,,,,,4.0,,,,6,,1,9857,fast,0,,2026-04-28T11:00:42.410Z,2026-04-28T11:02:23.244Z,4,1,test_definition,True,3,2,إذا كانت لديك 500 درهمًا وأعطيت 200 درهمًا لصديقك، كم يتبقى لديك؟,500 - 200,,,,,"[{""correct"": true, ""text"": ""500 - 200""}, {""correct"": false, ""text"": ""500 × 200""}, {""correct"": false, ""text"": ""500 - 300""}, {""correct"": false, ""text"": ""200 + 300""}]",,,,,"{""maxNumberRange"": 6, ""numOptions"": 4, ""numQuestions"": 5, ""operationsAllowed"": [""Addition"", ""Subtraction"", ""Multiplication"", ""Division""], ""requiredCorrectAnswersMinimumPercent"": 75}"
stu_1777340052233_9667,test_1777341418390_7p46nbr,choose_answer,0,4,number_sense,0.2,operation_identification_from_context,choose_answer__Subtraction__OneStepProblem__3digits__4options,choose answer | OneStepProblem | Subtraction | OneStepProblem | 3 digits,choose_answer__cfg_range6__ops_Addition-Subtraction-Multiplication-Division__options4,Subtraction,Subtraction,Subtraction,OneStepProblem,OneStepProblem,Horizontal,3,medium,,,,,,,,,4.0,,,,6,,1,9857,fast,0,,2026-04-28T11:00:42.410Z,2026-04-28T11:02:23.244Z,4,1,test_definition,True,3,2,إذا كانت لديك 500 درهمًا وأعطيت 200 درهمًا لصديقك، كم يتبقى لديك؟,500 - 200,,,,,"[{""correct"": true, ""text"": ""500 - 200""}, {""correct"": false, ""text"": ""500 × 200""}, {""correct"": false, ""text"": ""500 - 300""}, {""correct"": false, ""text"": ""200 + 300""}]",,,,,"{""maxNumberRange"": 6, ""numOptions"": 4, ""numQuestions"": 5, ""operationsAllowed"": [""Addition"", ""Subtraction"", ""Multiplication"", ""Division""], ""requiredCorrectAnswersMinimumPercent"": 75}"
stu_1777340052233_9667,test_1777341418390_7p46nbr,choose_answer,0,4,sequential_thinking,0.2,operation_identification_from_context,choose_answer__Subtraction__OneStepProblem__3digits__4options,choose answer | OneStepProblem | Subtraction | OneStepProblem | 3 digits,choose_answer__cfg_range6__ops_Addition-Subtraction-Multiplication-Division__options4,Subtraction,Subtraction,Subtraction,OneStepProblem,OneStepProblem,Horizontal,3,medium,,,,,,,,,4.0,,,,6,,1,9857,fast,0,,2026-04-28T11:00:42.410Z,2026-04-28T11:02:23.244Z,4,1,test_definition,True,3,2,إذا كانت لديك 500 درهمًا وأعطيت 200 درهمًا لصديقك، كم يتبقى لديك؟,500 - 200,,,,,"[{""correct"": true, ""text"": ""500 - 200""}, {""correct"": false, ""text"": ""500 × 200""}, {""correct"": false, ""text"": ""500 - 300""}, {""correct"": false, ""text"": ""200 + 300""}]",,,,,"{""maxNumberRange"": 6, ""numOptions"": 4, ""numQuestions"": 5, ""operationsAllowed"": [""Addition"", ""Subtraction"", ""Multiplication"", ""Division""], ""requiredCorrectAnswersMinimumPercent"": 75}"
stu_1777340052233_9667,test_1777341418390_7p46nbr,find_previous_next_number,0,0,sequential_thinking,1.0,previous_next_number,find_previous_next_number__5digits__normal_range,find previous next number | PreviousAndNext | Sequence | normal_range | 5 digits,find_previous_next_number__cfg_range5,,,,PreviousAndNext,Sequence,Horizontal,5,hard,normal_range,60530-60539,,,,,,,,,,,5,,1,111250,medium,0,,2026-04-28T10:50:57.202Z,2026-04-28T10:52:10.216Z,1,1,test_definition,False,16,6,60533,,,,"[60532, 60534]","[60532, 60534]",,,,,,"{""maxNumberRange"": 5, ""numQuestions"": 3, ""requiredCorrectAnswersMinimumPercent"": 75}"
stu_1777340052233_9667,test_1777341418390_7p46nbr,find_previous_next_number,0,1,sequential_thinking,1.0,previous_next_number,find_previous_next_number__4digits__normal_range,find previous next number | PreviousAndNext | Sequence | normal_range | 4 digits,find_previous_next_number__cfg_range5,,,,PreviousAndNext,Sequence,Horizontal,4,hard,normal_range,9800-9809,,,,,,,,,,,5,,1,64646,medium,0,,2026-04-28T10:50:57.202Z,2026-04-28T10:52:10.216Z,1,1,test_definition,True,2,2,9804,,,,"[9803, 9805]","[9803, 9805]",,,,,,"{""maxNumberRange"": 5, ""numQuestions"": 3, ""requiredCorrectAnswersMinimumPercent"": 75}"
stu_1777340052233_9667,test_1777341418390_7p46nbr,find_previous_next_number,0,2,sequential_thinking,1.0,previous_next_number,find_previous_next_number__5digits__tens_transition,find previous next number | PreviousAndNext | Sequence | tens_transition | 5 digits,find_previous_next_number__cfg_range5,,,,PreviousAndNext,Sequence,Horizontal,5,hard,tens_transition,90180-90189,,,,,,,,,,,5,,1,73014,medium,0,,2026-04-28T10:50:57.202Z,2026-04-28T10:52:10.216Z,1,1,test_definition,True,1,1,90180,,,,"[90179, 90181]","[90179, 90181]",,,,,,"{""maxNumberRange"": 5, ""numQuestions"": 3, ""requiredCorrectAnswersMinimumPercent"": 75}"
stu_1777340052233_9667,test_1777341418390_7p46nbr,identify_place_value,0,0,number_sense,1.0,place_value_identification,identify_place_value__6digits__all_digits_distinct,identify place value | PlaceValue | PlaceValue | 6 digits,identify_place_value__cfg_range6,,,,PlaceValue,PlaceValue,Visual,6,hard,,,,,,,,all_digits_distinct,,,,,6,,1,93206,fast,0,,2026-04-28T10:59:01.685Z,2026-04-28T11:00:42.172Z,3,1,test_definition,True,3,2,,,,,"{""pos_0"": 4, ""pos_1"": 3, ""pos_2"": 5, ""pos_3"": 9, ""pos_4"": 6, ""pos_5"": 8}","{""pos_0"": ""4"", ""pos_1"": ""3"", ""pos_2"": ""5"", ""pos_3"": ""9"", ""pos_4"": ""6"", ""pos_5"": ""8""}",,,,,435968,"{""maxNumberRange"": 6, ""numQuestions"": 4, ""requiredCorrectAnswersMinimumPercent"": 75}"
stu_1777340052233_9667,test_1777341418390_7p46nbr,identify_place_value,0,1,number_sense,1.0,place_value_identification,identify_place_value__6digits__all_digits_distinct,identify place value | PlaceValue | PlaceValue | 6 digits,identify_place_value__cfg_range6,,,,PlaceValue,PlaceValue,Visual,6,hard,,,,,,,,all_digits_distinct,,,,,6,,1,74557,fast,0,,2026-04-28T10:59:01.685Z,2026-04-28T11:00:42.172Z,3,1,test_definition,True,3,2,,,,,"{""pos_0"": 1, ""pos_1"": 8, ""pos_2"": 4, ""pos_3"": 2, ""pos_4"": 6, ""pos_5"": 3}","{""pos_0"": ""1"", ""pos_1"": ""8"", ""pos_2"": ""4"", ""pos_3"": ""2"", ""pos_4"": ""6"", ""pos_5"": ""3""}",,,,,184263,"{""maxNumberRange"": 6, ""numQuestions"": 4, ""requiredCorrectAnswersMinimumPercent"": 75}"
stu_1777340052233_9667,test_1777341418390_7p46nbr,identify_place_value,0,2,number_sense,1.0,place_value_identification,identify_place_value__6digits__has_repeated_digits,identify place value | PlaceValue | PlaceValue | 6 digits,identify_place_value__cfg_range6,,,,PlaceValue,PlaceValue,Visual,6,hard,,,,,,,,has_repeated_digits,,,,,6,,1,50793,fast,0,,2026-04-28T10:59:01.685Z,2026-04-28T11:00:42.172Z,3,1,test_definition,False,13,4,,,,,"{""pos_0"": 2, ""pos_1"": 0, ""pos_2"": 7, ""pos_3"": 8, ""pos_4"": 8, ""pos_5"": 2}","{""pos_0"": ""2"", ""pos_1"": ""0"", ""pos_2"": ""7"", ""pos_3"": ""8"", ""pos_4"": ""8"", ""pos_5"": ""2""}",,,,,207882,"{""maxNumberRange"": 6, ""numQuestions"": 4, ""requiredCorrectAnswersMinimumPercent"": 75}"
stu_1777340052233_9667,test_1777341418390_7p46nbr,identify_place_value,0,3,number_sense,1.0,place_value_identification,identify_place_value__6digits__has_repeated_digits,identify place value | PlaceValue | PlaceValue | 6 digits,identify_place_value__cfg_range6,,,,PlaceValue,PlaceValue,Visual,6,hard,,,,,,,,has_repeated_digits,,,,,6,,1,100487,fast,0,,2026-04-28T10:59:01.685Z,2026-04-28T11:00:42.172Z,3,1,test_definition,False,13,4,,,,,"{""pos_0"": 9, ""pos_1"": 4, ""pos_2"": 1, ""pos_3"": 2, ""pos_4"": 4, ""pos_5"": 4}","{""pos_0"": 9, ""pos_1"": ""4"", ""pos_2"": 1, ""pos_3"": 2, ""pos_4"": ""4"", ""pos_5"": ""4""}",,,,,941244,"{""maxNumberRange"": 6, ""numQuestions"": 4, ""requiredCorrectAnswersMinimumPercent"": 75}"
stu_1777340052233_9667,test_1777341418390_7p46nbr,order_numbers,0,0,sequential_thinking,1.0,number_ordering,order_numbers__desc__seq3__6digits,order numbers | Ordering_desc | Ordering | desc | 6 digits | sequence 3,order_numbers__cfg_range6__maxseq7,,,,Ordering_desc,Ordering,Visual,6,hard,,,3.0,,desc,,,,,,,,6,,1,45875,fast,0,,2026-04-28T10:52:10.445Z,2026-04-28T10:55:22.894Z,2,1,test_definition,True,4,3,,,,,,,,"[664491, 239290, 986800]",,,,"{""maxNumberRange"": 6, ""maxNumbersInSequence"": 7, ""numQuestions"": 5, ""requiredCorrectAnswersMinimumPercent"": 75}"
stu_1777340052233_9667,test_1777341418390_7p46nbr,order_numbers,0,1,sequential_thinking,1.0,number_ordering,order_numbers__asc__seq2__6digits,order numbers | Ordering_asc | Ordering | asc | 6 digits | sequence 2,order_numbers__cfg_range6__maxseq7,,,,Ordering_asc,Ordering,Visual,6,hard,,,2.0,,asc,,,,,,,,6,,1,17398,fast,0,,2026-04-28T10:52:10.445Z,2026-04-28T10:55:22.894Z,2,1,test_definition,True,1,1,,,,,,,,"[901446, 127822]",,,,"{""maxNumberRange"": 6, ""maxNumbersInSequence"": 7, ""numQuestions"": 5, ""requiredCorrectAnswersMinimumPercent"": 75}"
stu_1777340052233_9667,test_1777341418390_7p46nbr,order_numbers,0,2,sequential_thinking,1.0,number_ordering,order_numbers__asc__seq6__6digits,order numbers | Ordering_asc | Ordering | asc | 6 digits | sequence 6,order_numbers__cfg_range6__maxseq7,,,,Ordering_asc,Ordering,Visual,6,hard,,,6.0,,asc,,,,,,,,6,,1,51913,fast,0,,2026-04-28T10:52:10.445Z,2026-04-28T10:55:22.894Z,2,1,test_definition,True,2,2,,,,,,,,"[883252, 802220, 688528, 265298, 479592, 402119]",,,,"{""maxNumberRange"": 6, ""maxNumbersInSequence"": 7, ""numQuestions"": 5, ""requiredCorrectAnswersMinimumPercent"": 75}"
stu_1777340052233_9667,test_1777341418390_7p46nbr,order_numbers,0,3,sequential_thinking,1.0,number_ordering,order_numbers__asc__seq5__6digits,order numbers | Ordering_asc | Ordering | asc | 6 digits | sequence 5,order_numbers__cfg_range6__maxseq7,,,,Ordering_asc,Ordering,Visual,6,hard,,,5.0,,asc,,,,,,,,6,,1,32376,fast,0,,2026-04-28T10:52:10.445Z,2026-04-28T10:55:22.894Z,2,1,test_definition,True,4,4,,,,,,,,"[588619, 474669, 462801, 671145, 844655]",,,,"{""maxNumberRange"": 6, ""maxNumbersInSequence"": 7, ""numQuestions"": 5, ""requiredCorrectAnswersMinimumPercent"": 75}"
stu_1777340052233_9667,test_1777341418390_7p46nbr,order_numbers,0,4,sequential_thinking,1.0,number_ordering,order_numbers__desc__seq6__6digits,order numbers | Ordering_desc | Ordering | desc | 6 digits | sequence 6,order_numbers__cfg_range6__maxseq7,,,,Ordering_desc,Ordering,Visual,6,hard,,,6.0,,desc,,,,,,,,6,,1,44887,fast,0,,2026-04-28T10:52:10.445Z,2026-04-28T10:55:22.894Z,2,1,test_definition,True,4,3,,,,,,,,"[250641, 713561, 736009, 900636, 727527, 823503]",,,,"{""maxNumberRange"": 6, ""maxNumbersInSequence"": 7, ""numQuestions"": 5, ""requiredCorrectAnswersMinimumPercent"": 75}"
stu_1777340052233_9667,test_1777341418390_7p46nbr,vertical_operations,0,0,arithmetic_fluency,1.0,vertical_operation_fluency,vertical_operations__AdditionWithCarry__3digits,vertical operations | AdditionWithCarry | Addition | VerticalOperation | 3 digits,vertical_operations__cfg_range3__ops_Addition-Subtraction-Multiplication__carryTrue__borrowTrue__mulstepTrue__divstepFalse,Addition,,,AdditionWithCarry,VerticalOperation,Vertical,3,medium,,,,,,,,,,,,,3,,1,57002,fast,0,,2026-04-28T11:02:23.513Z,2026-04-28T11:10:06.583Z,5,1,test_definition,False,5,5,84 Addition 392,,476,476,,,,,,,,"{""allowBorrow"": true, ""allowCarry"": true, ""allowMultiStepDiv"": false, ""allowMultiStepMul"": true, ""maxNumberRange"": 3, ""numOperations"": 4, ""operationsAllowed"": [""Addition"", ""Subtraction"", ""Multiplication""], ""requiredCorrectAnswersMinimumPercent"": 75}"
stu_1777340052233_9667,test_1777341418390_7p46nbr,vertical_operations,0,1,arithmetic_fluency,1.0,vertical_operation_fluency,vertical_operations__MultiStepMultiplication__6digits,vertical operations | MultiStepMultiplication | Multiplication | VerticalOperation | 6 digits,vertical_operations__cfg_range3__ops_Addition-Subtraction-Multiplication__carryTrue__borrowTrue__mulstepTrue__divstepFalse,Multiplication,,,MultiStepMultiplication,VerticalOperation,Vertical,6,hard,,,,,,,,,,,,,3,,0,251286,fast,0,ComputationError,2026-04-28T11:02:23.513Z,2026-04-28T11:10:06.583Z,5,1,test_definition,True,4,4,315 Multiplication 897,,182555,282555,,,,,,,,"{""allowBorrow"": true, ""allowCarry"": true, ""allowMultiStepDiv"": false, ""allowMultiStepMul"": true, ""maxNumberRange"": 3, ""numOperations"": 4, ""operationsAllowed"": [""Addition"", ""Subtraction"", ""Multiplication""], ""requiredCorrectAnswersMinimumPercent"": 75}"
stu_1777340052233_9667,test_1777341418390_7p46nbr,vertical_operations,0,2,arithmetic_fluency,1.0,vertical_operation_fluency,vertical_operations__MultiStepMultiplication__4digits,vertical operations | MultiStepMultiplication | Multiplication | VerticalOperation | 4 digits,vertical_operations__cfg_range3__ops_Addition-Subtraction-Multiplication__carryTrue__borrowTrue__mulstepTrue__divstepFalse,Multiplication,,,MultiStepMultiplication,VerticalOperation,Vertical,4,hard,,,,,,,,,,,,,3,,1,118999,fast,0,,2026-04-28T11:02:23.513Z,2026-04-28T11:10:06.583Z,5,1,test_definition,True,1,1,75 Multiplication 85,,6375,6375,,,,,,,,"{""allowBorrow"": true, ""allowCarry"": true, ""allowMultiStepDiv"": false, ""allowMultiStepMul"": true, ""maxNumberRange"": 3, ""numOperations"": 4, ""operationsAllowed"": [""Addition"", ""Subtraction"", ""Multiplication""], ""requiredCorrectAnswersMinimumPercent"": 75}"
stu_1777340052233_9667,test_1777341418390_7p46nbr,vertical_operations,0,3,arithmetic_fluency,1.0,vertical_operation_fluency,vertical_operations__SimpleAddition__3digits,vertical operations | SimpleAddition | Addition | VerticalOperation | 3 digits,vertical_operations__cfg_range3__ops_Addition-Subtraction-Multiplication__carryTrue__borrowTrue__mulstepTrue__divstepFalse,Addition,,,SimpleAddition,VerticalOperation,Vertical,3,medium,,,,,,,,,,,,,3,,1,35783,fast,0,,2026-04-28T11:02:23.513Z,2026-04-28T11:10:06.583Z,5,1,test_definition,True,1,1,104 Addition 500,,604,604,,,,,,,,"{""allowBorrow"": true, ""allowCarry"": true, ""allowMultiStepDiv"": false, ""allowMultiStepMul"": true, ""maxNumberRange"": 3, ""numOperations"": 4, ""operationsAllowed"": [""Addition"", ""Subtraction"", ""Multiplication""], ""requiredCorrectAnswersMinimumPercent"": 75}"
stu_1777340052233_9667,test_1777341418390_7p46nbr,what_number_do_you_hear,0,0,audio_recognition,1.0,auditory_number_recognition,what_number_do_you_hear__1digits__3options,what number do you hear | HeardNumberChoice | AudioRecognition | 1 digits,what_number_do_you_hear__cfg_range6,,,,HeardNumberChoice,AudioRecognition,Audio,1,very-easy,,,,,,,,,3.0,,,,6,,1,12654,medium,0,,2026-04-28T10:47:31.781Z,2026-04-28T10:48:01.121Z,0,1,test_definition,False,36,7,1,1,,,,,"[0, 1, 2]",,,,,"{""maxNumberRange"": 6, ""numQuestions"": 6, ""requiredCorrectAnswersMinimumPercent"": 75}"
stu_1777340052233_9667,test_1777341418390_7p46nbr,what_number_do_you_hear,0,1,audio_recognition,1.0,auditory_number_recognition,what_number_do_you_hear__2digits__3options,what number do you hear | HeardNumberChoice | AudioRecognition | 2 digits,what_number_do_you_hear__cfg_range6,,,,HeardNumberChoice,AudioRecognition,Audio,2,easy,,,,,,,,,3.0,,,,6,,1,6766,fast,0,,2026-04-28T10:47:31.781Z,2026-04-28T10:48:01.121Z,0,1,test_definition,False,6,5,10,10,,,,,"[4, 8, 10]",,,,,"{""maxNumberRange"": 6, ""numQuestions"": 6, ""requiredCorrectAnswersMinimumPercent"": 75}"
stu_1777340052233_9667,test_1777341418390_7p46nbr,what_number_do_you_hear,0,2,audio_recognition,1.0,auditory_number_recognition,what_number_do_you_hear__1digits__3options,what number do you hear | HeardNumberChoice | AudioRecognition | 1 digits,what_number_do_you_hear__cfg_range6,,,,HeardNumberChoice,AudioRecognition,Audio,1,very-easy,,,,,,,,,3.0,,,,6,,1,2528,fast,0,,2026-04-28T10:47:31.781Z,2026-04-28T10:48:01.121Z,0,1,test_definition,False,36,7,3,3,,,,,"[3, 8, 4]",,,,,"{""maxNumberRange"": 6, ""numQuestions"": 6, ""requiredCorrectAnswersMinimumPercent"": 75}"
stu_1777340052233_9667,test_1777341418390_7p46nbr,what_number_do_you_hear,0,3,audio_recognition,1.0,auditory_number_recognition,what_number_do_you_hear__1digits__3options,what number do you hear | HeardNumberChoice | AudioRecognition | 1 digits,what_number_do_you_hear__cfg_range6,,,,HeardNumberChoice,AudioRecognition,Audio,1,very-easy,,,,,,,,,3.0,,,,6,,1,2640,fast,0,,2026-04-28T10:47:31.781Z,2026-04-28T10:48:01.121Z,0,1,test_definition,False,36,7,7,7,,,,,"[9, 10, 7]",,,,,"{""maxNumberRange"": 6, ""numQuestions"": 6, ""requiredCorrectAnswersMinimumPercent"": 75}"
stu_1777340052233_9667,test_1777341418390_7p46nbr,what_number_do_you_hear,0,4,audio_recognition,1.0,auditory_number_recognition,what_number_do_you_hear__1digits__3options,what number do you hear | HeardNumberChoice | AudioRecognition | 1 digits,what_number_do_you_hear__cfg_range6,,,,HeardNumberChoice,AudioRecognition,Audio,1,very-easy,,,,,,,,,3.0,,,,6,,1,2568,fast,0,,2026-04-28T10:47:31.781Z,2026-04-28T10:48:01.121Z,0,1,test_definition,False,36,7,9,9,,,,,"[1, 6, 9]",,,,,"{""maxNumberRange"": 6, ""numQuestions"": 6, ""requiredCorrectAnswersMinimumPercent"": 75}"
stu_1777340052233_9667,test_1777341418390_7p46nbr,what_number_do_you_hear,0,5,audio_recognition,1.0,auditory_number_recognition,what_number_do_you_hear__1digits__3options,what number do you hear | HeardNumberChoice | AudioRecognition | 1 digits,what_number_do_you_hear__cfg_range6,,,,HeardNumberChoice,AudioRecognition,Audio,1,very-easy,,,,,,,,,3.0,,,,6,,1,2184,fast,0,,2026-04-28T10:47:31.781Z,2026-04-28T10:48:01.121Z,0,1,test_definition,False,36,7,8,8,,,,,"[7, 8, 10]",,,,,"{""maxNumberRange"": 6, ""numQuestions"": 6, ""requiredCorrectAnswersMinimumPercent"": 75}"
stu_1777340052756_4794,test_1777341418390_7p46nbr,find_previous_next_number,0,0,sequential_thinking,1.0,previous_next_number,find_previous_next_number__5digits__normal_range,find previous next number | PreviousAndNext | Sequence | normal_range | 5 digits,find_previous_next_number__cfg_range5,,,,PreviousAndNext,Sequence,Horizontal,5,hard,normal_range,76230-76239,,,,,,,,,,,5,,1,60708,medium,0,,2026-04-28T11:25:55.075Z,2026-04-28T11:26:55.522Z,1,1,test_definition,False,16,6,76236,,,,"[76235, 76237]","[76235, 76237]",,,,,,"{""maxNumberRange"": 5, ""numQuestions"": 3, ""requiredCorrectAnswersMinimumPercent"": 75}"
stu_1777340052756_4794,test_1777341418390_7p46nbr,find_previous_next_number,0,1,sequential_thinking,1.0,previous_next_number,find_previous_next_number__5digits__normal_range,find previous next number | PreviousAndNext | Sequence | normal_range | 5 digits,find_previous_next_number__cfg_range5,,,,PreviousAndNext,Sequence,Horizontal,5,hard,normal_range,47320-47329,,,,,,,,,,,5,,1,62477,medium,0,,2026-04-28T11:25:55.075Z,2026-04-28T11:26:55.522Z,1,1,test_definition,False,16,6,47323,,,,"[47322, 47324]","[47322, 47324]",,,,,,"{""maxNumberRange"": 5, ""numQuestions"": 3, ""requiredCorrectAnswersMinimumPercent"": 75}"
stu_1777340052756_4794,test_1777341418390_7p46nbr,find_previous_next_number,0,2,sequential_thinking,1.0,previous_next_number,find_previous_next_number__5digits__normal_range,find previous next number | PreviousAndNext | Sequence | normal_range | 5 digits,find_previous_next_number__cfg_range5,,,,PreviousAndNext,Sequence,Horizontal,5,hard,normal_range,75770-75779,,,,,,,,,,,5,,1,60447,medium,0,,2026-04-28T11:25:55.075Z,2026-04-28T11:26:55.522Z,1,1,test_definition,False,16,6,75775,,,,"[75774, 75776]","[75774, 75776]",,,,,,"{""maxNumberRange"": 5, ""numQuestions"": 3, ""requiredCorrectAnswersMinimumPercent"": 75}"
stu_1777340052756_4794,test_1777341418390_7p46nbr,find_previous_next_number,1,0,sequential_thinking,1.0,previous_next_number,find_previous_next_number__4digits__normal_range,find previous next number | PreviousAndNext | Sequence | normal_range | 4 digits,find_previous_next_number__cfg_range5,,,,PreviousAndNext,Sequence,Horizontal,4,hard,normal_range,8760-8769,,,,,,,,,,,5,,1,41270,fast,0,,2026-04-28T11:21:09.452Z,2026-04-28T11:22:22.035Z,1,1,test_definition,True,2,2,8763,,,,"[8762, 8764]","[8762, 8764]",,,,,,"{""maxNumberRange"": 5, ""numQuestions"": 3, ""requiredCorrectAnswersMinimumPercent"": 75}"
stu_1777340052756_4794,test_1777341418390_7p46nbr,find_previous_next_number,1,1,sequential_thinking,1.0,previous_next_number,find_previous_next_number__4digits__hundreds_transition,find previous next number | PreviousAndNext | Sequence | hundreds_transition | 4 digits,find_previous_next_number__cfg_range5,,,,PreviousAndNext,Sequence,Horizontal,4,hard,hundreds_transition,7500-7509,,,,,,,,,,,5,,0,48238,fast,0,TensTransitionMistake,2026-04-28T11:21:09.452Z,2026-04-28T11:22:22.035Z,1,1,test_definition,True,1,1,7500,,,,"[7499, 7501]","[7500, 7501]",,,,,,"{""maxNumberRange"": 5, ""numQuestions"": 3, ""requiredCorrectAnswersMinimumPercent"": 75}"
stu_1777340052756_4794,test_1777341418390_7p46nbr,find_previous_next_number,1,2,sequential_thinking,1.0,previous_next_number,find_previous_next_number__4digits__tens_transition,find previous next number | PreviousAndNext | Sequence | tens_transition | 4 digits,find_previous_next_number__cfg_range5,,,,PreviousAndNext,Sequence,Horizontal,4,hard,tens_transition,9770-9779,,,,,,,,,,,5,,0,72583,medium,0,TensTransitionMistake,2026-04-28T11:21:09.452Z,2026-04-28T11:22:22.035Z,1,1,test_definition,True,1,1,9770,,,,"[9769, 9771]","[9770, 9771]",,,,,,"{""maxNumberRange"": 5, ""numQuestions"": 3, ""requiredCorrectAnswersMinimumPercent"": 75}"
stu_1777340052756_4794,test_1777341418390_7p46nbr,order_numbers,0,0,sequential_thinking,1.0,number_ordering,order_numbers__desc__seq7__6digits,order numbers | Ordering_desc | Ordering | desc | 6 digits | sequence 7,order_numbers__cfg_range6__maxseq7,,,,Ordering_desc,Ordering,Visual,6,hard,,,7.0,,desc,,,,,,,,6,,1,107656,fast,0,,2026-04-28T11:26:55.592Z,2026-04-28T11:31:10.015Z,2,1,test_definition,False,7,4,,,,,,,,"[320329, 575609, 438930, 122641, 667744, 817289, 453842]",,,,"{""maxNumberRange"": 6, ""maxNumbersInSequence"": 7, ""numQuestions"": 5, ""requiredCorrectAnswersMinimumPercent"": 75}"
stu_1777340052756_4794,test_1777341418390_7p46nbr,order_numbers,0,1,sequential_thinking,1.0,number_ordering,order_numbers__asc__seq6__6digits,order numbers | Ordering_asc | Ordering | asc | 6 digits | sequence 6,order_numbers__cfg_range6__maxseq7,,,,Ordering_asc,Ordering,Visual,6,hard,,,6.0,,asc,,,,,,,,6,,0,38607,fast,0,ReversedDescending,2026-04-28T11:26:55.592Z,2026-04-28T11:31:10.015Z,2,1,test_definition,True,2,2,,,,,,,,"[570225, 532474, 430685, 525745, 370584, 767076]",,,,"{""maxNumberRange"": 6, ""maxNumbersInSequence"": 7, ""numQuestions"": 5, ""requiredCorrectAnswersMinimumPercent"": 75}"
stu_1777340052756_4794,test_1777341418390_7p46nbr,order_numbers,0,2,sequential_thinking,1.0,number_ordering,order_numbers__asc__seq3__6digits,order numbers | Ordering_asc | Ordering | asc | 6 digits | sequence 3,order_numbers__cfg_range6__maxseq7,,,,Ordering_asc,Ordering,Visual,6,hard,,,3.0,,asc,,,,,,,,6,,0,15345,fast,0,ReversedDescending,2026-04-28T11:26:55.592Z,2026-04-28T11:31:10.015Z,2,1,test_definition,True,3,3,,,,,,,,"[738387, 446700, 927685]",,,,"{""maxNumberRange"": 6, ""maxNumbersInSequence"": 7, ""numQuestions"": 5, ""requiredCorrectAnswersMinimumPercent"": 75}"
stu_1777340052756_4794,test_1777341418390_7p46nbr,order_numbers,0,3,sequential_thinking,1.0,number_ordering,order_numbers__asc__seq5__6digits,order numbers | Ordering_asc | Ordering | asc | 6 digits | sequence 5,order_numbers__cfg_range6__maxseq7,,,,Ordering_asc,Ordering,Visual,6,hard,,,5.0,,asc,,,,,,,,6,,0,27343,fast,0,ReversedDescending,2026-04-28T11:26:55.592Z,2026-04-28T11:31:10.015Z,2,1,test_definition,True,4,4,,,,,,,,"[925196, 719852, 590089, 164819, 220684]",,,,"{""maxNumberRange"": 6, ""maxNumbersInSequence"": 7, ""numQuestions"": 5, ""requiredCorrectAnswersMinimumPercent"": 75}"
stu_1777340052756_4794,test_1777341418390_7p46nbr,order_numbers,0,4,sequential_thinking,1.0,number_ordering,order_numbers__desc__seq7__6digits,order numbers | Ordering_desc | Ordering | desc | 6 digits | sequence 7,order_numbers__cfg_range6__maxseq7,,,,Ordering_desc,Ordering,Visual,6,hard,,,7.0,,desc,,,,,,,,6,,1,65472,fast,0,,2026-04-28T11:26:55.592Z,2026-04-28T11:31:10.015Z,2,1,test_definition,False,7,4,,,,,,,,"[855163, 638686, 323917, 996798, 560179, 676647, 799137]",,,,"{""maxNumberRange"": 6, ""maxNumbersInSequence"": 7, ""numQuestions"": 5, ""requiredCorrectAnswersMinimumPercent"": 75}"
stu_1777340052756_4794,test_1777341418390_7p46nbr,what_number_do_you_hear,0,0,audio_recognition,1.0,auditory_number_recognition,what_number_do_you_hear__1digits__3options,what number do you hear | HeardNumberChoice | AudioRecognition | 1 digits,what_number_do_you_hear__cfg_range6,,,,HeardNumberChoice,AudioRecognition,Audio,1,very-easy,,,,,,,,,3.0,,,,6,,1,3431,fast,0,,2026-04-28T11:23:31.043Z,2026-04-28T11:23:51.778Z,0,1,test_definition,False,36,7,6,6,,,,,"[4, 1, 6]",,,,,"{""maxNumberRange"": 6, ""numQuestions"": 6, ""requiredCorrectAnswersMinimumPercent"": 75}"
stu_1777340052756_4794,test_1777341418390_7p46nbr,what_number_do_you_hear,0,1,audio_recognition,1.0,auditory_number_recognition,what_number_do_you_hear__1digits__3options,what number do you hear | HeardNumberChoice | AudioRecognition | 1 digits,what_number_do_you_hear__cfg_range6,,,,HeardNumberChoice,AudioRecognition,Audio,1,very-easy,,,,,,,,,3.0,,,,6,,1,2768,fast,0,,2026-04-28T11:23:31.043Z,2026-04-28T11:23:51.778Z,0,1,test_definition,False,36,7,3,3,,,,,"[3, 9, 5]",,,,,"{""maxNumberRange"": 6, ""numQuestions"": 6, ""requiredCorrectAnswersMinimumPercent"": 75}"
stu_1777340052756_4794,test_1777341418390_7p46nbr,what_number_do_you_hear,0,2,audio_recognition,1.0,auditory_number_recognition,what_number_do_you_hear__1digits__3options,what number do you hear | HeardNumberChoice | AudioRecognition | 1 digits,what_number_do_you_hear__cfg_range6,,,,HeardNumberChoice,AudioRecognition,Audio,1,very-easy,,,,,,,,,3.0,,,,6,,1,1880,fast,0,,2026-04-28T11:23:31.043Z,2026-04-28T11:23:51.778Z,0,1,test_definition,False,36,7,1,1,,,,,"[1, 3, 7]",,,,,"{""maxNumberRange"": 6, ""numQuestions"": 6, ""requiredCorrectAnswersMinimumPercent"": 75}"
stu_1777340052756_4794,test_1777341418390_7p46nbr,what_number_do_you_hear,0,3,audio_recognition,1.0,auditory_number_recognition,what_number_do_you_hear__1digits__3options,what number do you hear | HeardNumberChoice | AudioRecognition | 1 digits,what_number_do_you_hear__cfg_range6,,,,HeardNumberChoice,AudioRecognition,Audio,1,very-easy,,,,,,,,,3.0,,,,6,,1,9384,fast,0,,2026-04-28T11:23:31.043Z,2026-04-28T11:23:51.778Z,0,1,test_definition,False,36,7,0,0,,,,,"[10, 7, 0]",,,,,"{""maxNumberRange"": 6, ""numQuestions"": 6, ""requiredCorrectAnswersMinimumPercent"": 75}"
stu_1777340052756_4794,test_1777341418390_7p46nbr,what_number_do_you_hear,0,4,audio_recognition,1.0,auditory_number_recognition,what_number_do_you_hear__2digits__3options,what number do you hear | HeardNumberChoice | AudioRecognition | 2 digits,what_number_do_you_hear__cfg_range6,,,,HeardNumberChoice,AudioRecognition,Audio,2,easy,,,,,,,,,3.0,,,,6,,1,1568,fast,0,,2026-04-28T11:23:31.043Z,2026-04-28T11:23:51.778Z,0,1,test_definition,False,6,5,10,10,,,,,"[9, 0, 10]",,,,,"{""maxNumberRange"": 6, ""numQuestions"": 6, ""requiredCorrectAnswersMinimumPercent"": 75}"
stu_1777340052756_4794,test_1777341418390_7p46nbr,what_number_do_you_hear,0,5,audio_recognition,1.0,auditory_number_recognition,what_number_do_you_hear__1digits__3options,what number do you hear | HeardNumberChoice | AudioRecognition | 1 digits,what_number_do_you_hear__cfg_range6,,,,HeardNumberChoice,AudioRecognition,Audio,1,very-easy,,,,,,,,,3.0,,,,6,,1,1704,fast,0,,2026-04-28T11:23:31.043Z,2026-04-28T11:23:51.778Z,0,1,test_definition,False,36,7,5,5,,,,,"[4, 10, 5]",,,,,"{""maxNumberRange"": 6, ""numQuestions"": 6, ""requiredCorrectAnswersMinimumPercent"": 75}"
stu_1777340052928_1612,test_1777341418390_7p46nbr,choose_answer,0,0,arithmetic_fluency,0.6,operation_identification_from_context,choose_answer__Multiplication__OneStepProblem__2digits__4options,choose answer | OneStepProblem | Multiplication | OneStepProblem | 2 digits,choose_answer__cfg_range6__ops_Addition-Subtraction-Multiplication-Division__options4,Multiplication,Multiplication,Multiplication,OneStepProblem,OneStepProblem,Horizontal,2,easy,,,,,,,,,4.0,,,,6,,1,27496,slow,1,,2026-04-28T11:47:18.781Z,2026-04-28T11:48:35.551Z,4,1,test_definition,False,5,3,في أحد المخابز يوجد 15 صندوقًا من الخبز. في كل صندوق 20 رغيفًا. كم رغيفًا في المجموع؟,15 × 20,,,,,"[{""correct"": false, ""text"": ""20 - 15""}, {""correct"": false, ""text"": ""20 + 15""}, {""correct"": false, ""text"": ""300 ÷ 15""}, {""correct"": true, ""text"": ""15 × 20""}]",,,,,"{""maxNumberRange"": 6, ""numOptions"": 4, ""numQuestions"": 5, ""operationsAllowed"": [""Addition"", ""Subtraction"", ""Multiplication"", ""Division""], ""requiredCorrectAnswersMinimumPercent"": 75}"
stu_1777340052928_1612,test_1777341418390_7p46nbr,choose_answer,0,0,number_sense,0.2,operation_identification_from_context,choose_answer__Multiplication__OneStepProblem__2digits__4options,choose answer | OneStepProblem | Multiplication | OneStepProblem | 2 digits,choose_answer__cfg_range6__ops_Addition-Subtraction-Multiplication-Division__options4,Multiplication,Multiplication,Multiplication,OneStepProblem,OneStepProblem,Horizontal,2,easy,,,,,,,,,4.0,,,,6,,1,27496,slow,1,,2026-04-28T11:47:18.781Z,2026-04-28T11:48:35.551Z,4,1,test_definition,False,5,3,في أحد المخابز يوجد 15 صندوقًا من الخبز. في كل صندوق 20 رغيفًا. كم رغيفًا في المجموع؟,15 × 20,,,,,"[{""correct"": false, ""text"": ""20 - 15""}, {""correct"": false, ""text"": ""20 + 15""}, {""correct"": false, ""text"": ""300 ÷ 15""}, {""correct"": true, ""text"": ""15 × 20""}]",,,,,"{""maxNumberRange"": 6, ""numOptions"": 4, ""numQuestions"": 5, ""operationsAllowed"": [""Addition"", ""Subtraction"", ""Multiplication"", ""Division""], ""requiredCorrectAnswersMinimumPercent"": 75}"
stu_1777340052928_1612,test_1777341418390_7p46nbr,choose_answer,0,0,sequential_thinking,0.2,operation_identification_from_context,choose_answer__Multiplication__OneStepProblem__2digits__4options,choose answer | OneStepProblem | Multiplication | OneStepProblem | 2 digits,choose_answer__cfg_range6__ops_Addition-Subtraction-Multiplication-Division__options4,Multiplication,Multiplication,Multiplication,OneStepProblem,OneStepProblem,Horizontal,2,easy,,,,,,,,,4.0,,,,6,,1,27496,slow,1,,2026-04-28T11:47:18.781Z,2026-04-28T11:48:35.551Z,4,1,test_definition,False,5,3,في أحد المخابز يوجد 15 صندوقًا من الخبز. في كل صندوق 20 رغيفًا. كم رغيفًا في المجموع؟,15 × 20,,,,,"[{""correct"": false, ""text"": ""20 - 15""}, {""correct"": false, ""text"": ""20 + 15""}, {""correct"": false, ""text"": ""300 ÷ 15""}, {""correct"": true, ""text"": ""15 × 20""}]",,,,,"{""maxNumberRange"": 6, ""numOptions"": 4, ""numQuestions"": 5, ""operationsAllowed"": [""Addition"", ""Subtraction"", ""Multiplication"", ""Division""], ""requiredCorrectAnswersMinimumPercent"": 75}"
stu_1777340052928_1612,test_1777341418390_7p46nbr,choose_answer,0,1,arithmetic_fluency,0.6,operation_identification_from_context,choose_answer__Multiplication__OneStepProblem__1digits__4options,choose answer | OneStepProblem | Multiplication | OneStepProblem | 1 digits,choose_answer__cfg_range6__ops_Addition-Subtraction-Multiplication-Division__options4,Multiplication,Multiplication,Multiplication,OneStepProblem,OneStepProblem,Horizontal,1,very-easy,,,,,,,,,4.0,,,,6,,1,15596,medium,0,,2026-04-28T11:47:18.781Z,2026-04-28T11:48:35.551Z,4,1,test_definition,True,1,1,أبنى 6 منازل في حي جديد، وفي كل منزل 8 نوافذ. كم عدد النوافذ في الحي؟,6 × 8,,,,,"[{""correct"": true, ""text"": ""6 × 8""}, {""correct"": false, ""text"": ""6 + 8""}, {""correct"": false, ""text"": ""8 - 6""}, {""correct"": false, ""text"": ""48 - 8""}]",,,,,"{""maxNumberRange"": 6, ""numOptions"": 4, ""numQuestions"": 5, ""operationsAllowed"": [""Addition"", ""Subtraction"", ""Multiplication"", ""Division""], ""requiredCorrectAnswersMinimumPercent"": 75}"
stu_1777340052928_1612,test_1777341418390_7p46nbr,choose_answer,0,1,number_sense,0.2,operation_identification_from_context,choose_answer__Multiplication__OneStepProblem__1digits__4options,choose answer | OneStepProblem | Multiplication | OneStepProblem | 1 digits,choose_answer__cfg_range6__ops_Addition-Subtraction-Multiplication-Division__options4,Multiplication,Multiplication,Multiplication,OneStepProblem,OneStepProblem,Horizontal,1,very-easy,,,,,,,,,4.0,,,,6,,1,15596,medium,0,,2026-04-28T11:47:18.781Z,2026-04-28T11:48:35.551Z,4,1,test_definition,True,1,1,أبنى 6 منازل في حي جديد، وفي كل منزل 8 نوافذ. كم عدد النوافذ في الحي؟,6 × 8,,,,,"[{""correct"": true, ""text"": ""6 × 8""}, {""correct"": false, ""text"": ""6 + 8""}, {""correct"": false, ""text"": ""8 - 6""}, {""correct"": false, ""text"": ""48 - 8""}]",,,,,"{""maxNumberRange"": 6, ""numOptions"": 4, ""numQuestions"": 5, ""operationsAllowed"": [""Addition"", ""Subtraction"", ""Multiplication"", ""Division""], ""requiredCorrectAnswersMinimumPercent"": 75}"
stu_1777340052928_1612,test_1777341418390_7p46nbr,choose_answer,0,1,sequential_thinking,0.2,operation_identification_from_context,choose_answer__Multiplication__OneStepProblem__1digits__4options,choose answer | OneStepProblem | Multiplication | OneStepProblem | 1 digits,choose_answer__cfg_range6__ops_Addition-Subtraction-Multiplication-Division__options4,Multiplication,Multiplication,Multiplication,OneStepProblem,OneStepProblem,Horizontal,1,very-easy,,,,,,,,,4.0,,,,6,,1,15596,medium,0,,2026-04-28T11:47:18.781Z,2026-04-28T11:48:35.551Z,4,1,test_definition,True,1,1,أبنى 6 منازل في حي جديد، وفي كل منزل 8 نوافذ. كم عدد النوافذ في الحي؟,6 × 8,,,,,"[{""correct"": true, ""text"": ""6 × 8""}, {""correct"": false, ""text"": ""6 + 8""}, {""correct"": false, ""text"": ""8 - 6""}, {""correct"": false, ""text"": ""48 - 8""}]",,,,,"{""maxNumberRange"": 6, ""numOptions"": 4, ""numQuestions"": 5, ""operationsAllowed"": [""Addition"", ""Subtraction"", ""Multiplication"", ""Division""], ""requiredCorrectAnswersMinimumPercent"": 75}"
stu_1777340052928_1612,test_1777341418390_7p46nbr,choose_answer,0,2,arithmetic_fluency,0.6,operation_identification_from_context,choose_answer__Multiplication__OneStepProblem__2digits__4options,choose answer | OneStepProblem | Multiplication | OneStepProblem | 2 digits,choose_answer__cfg_range6__ops_Addition-Subtraction-Multiplication-Division__options4,Multiplication,Multiplication,Multiplication,OneStepProblem,OneStepProblem,Horizontal,2,easy,,,,,,,,,4.0,,,,6,,1,11639,medium,0,,2026-04-28T11:47:18.781Z,2026-04-28T11:48:35.551Z,4,1,test_definition,False,5,3,أشترى أحمد 12 تذكرة سينما، سعر التذكرة الواحدة 50 درهما. كم دفع أحمد في المجمل؟,12 × 50,,,,,"[{""correct"": true, ""text"": ""12 × 50""}, {""correct"": false, ""text"": ""12 + 50""}, {""correct"": false, ""text"": ""600 ÷ 12""}, {""correct"": false, ""text"": ""50 - 12""}]",,,,,"{""maxNumberRange"": 6, ""numOptions"": 4, ""numQuestions"": 5, ""operationsAllowed"": [""Addition"", ""Subtraction"", ""Multiplication"", ""Division""], ""requiredCorrectAnswersMinimumPercent"": 75}"
stu_1777340052928_1612,test_1777341418390_7p46nbr,choose_answer,0,2,number_sense,0.2,operation_identification_from_context,choose_answer__Multiplication__OneStepProblem__2digits__4options,choose answer | OneStepProblem | Multiplication | OneStepProblem | 2 digits,choose_answer__cfg_range6__ops_Addition-Subtraction-Multiplication-Division__options4,Multiplication,Multiplication,Multiplication,OneStepProblem,OneStepProblem,Horizontal,2,easy,,,,,,,,,4.0,,,,6,,1,11639,medium,0,,2026-04-28T11:47:18.781Z,2026-04-28T11:48:35.551Z,4,1,test_definition,False,5,3,أشترى أحمد 12 تذكرة سينما، سعر التذكرة الواحدة 50 درهما. كم دفع أحمد في المجمل؟,12 × 50,,,,,"[{""correct"": true, ""text"": ""12 × 50""}, {""correct"": false, ""text"": ""12 + 50""}, {""correct"": false, ""text"": ""600 ÷ 12""}, {""correct"": false, ""text"": ""50 - 12""}]",,,,,"{""maxNumberRange"": 6, ""numOptions"": 4, ""numQuestions"": 5, ""operationsAllowed"": [""Addition"", ""Subtraction"", ""Multiplication"", ""Division""], ""requiredCorrectAnswersMinimumPercent"": 75}"
stu_1777340052928_1612,test_1777341418390_7p46nbr,choose_answer,0,2,sequential_thinking,0.2,operation_identification_from_context,choose_answer__Multiplication__OneStepProblem__2digits__4options,choose answer | OneStepProblem | Multiplication | OneStepProblem | 2 digits,choose_answer__cfg_range6__ops_Addition-Subtraction-Multiplication-Division__options4,Multiplication,Multiplication,Multiplication,OneStepProblem,OneStepProblem,Horizontal,2,easy,,,,,,,,,4.0,,,,6,,1,11639,medium,0,,2026-04-28T11:47:18.781Z,2026-04-28T11:48:35.551Z,4,1,test_definition,False,5,3,أشترى أحمد 12 تذكرة سينما، سعر التذكرة الواحدة 50 درهما. كم دفع أحمد في المجمل؟,12 × 50,,,,,"[{""correct"": true, ""text"": ""12 × 50""}, {""correct"": false, ""text"": ""12 + 50""}, {""correct"": false, ""text"": ""600 ÷ 12""}, {""correct"": false, ""text"": ""50 - 12""}]",,,,,"{""maxNumberRange"": 6, ""numOptions"": 4, ""numQuestions"": 5, ""operationsAllowed"": [""Addition"", ""Subtraction"", ""Multiplication"", ""Division""], ""requiredCorrectAnswersMinimumPercent"": 75}"
stu_1777340052928_1612,test_1777341418390_7p46nbr,choose_answer,0,3,arithmetic_fluency,0.6,operation_identification_from_context,choose_answer__Addition__OneStepProblem__1digits__4options,choose answer | OneStepProblem | Addition | OneStepProblem | 1 digits,choose_answer__cfg_range6__ops_Addition-Subtraction-Multiplication-Division__options4,Addition,Addition,Addition,OneStepProblem,OneStepProblem,Horizontal,1,very-easy,,,,,,,,,4.0,,,,6,,1,8984,fast,0,,2026-04-28T11:47:18.781Z,2026-04-28T11:48:35.551Z,4,1,test_definition,True,1,1,اشترت فاطمة 3 تفاحات و4 برتقالات. كم فاكهة اشترت فاطمة؟,3 + 4,,,,,"[{""correct"": true, ""text"": ""3 + 4""}, {""correct"": false, ""text"": ""4 - 3""}, {""correct"": false, ""text"": ""3 × 4""}, {""correct"": false, ""text"": ""7 - 3""}]",,,,,"{""maxNumberRange"": 6, ""numOptions"": 4, ""numQuestions"": 5, ""operationsAllowed"": [""Addition"", ""Subtraction"", ""Multiplication"", ""Division""], ""requiredCorrectAnswersMinimumPercent"": 75}"
stu_1777340052928_1612,test_1777341418390_7p46nbr,choose_answer,0,3,number_sense,0.2,operation_identification_from_context,choose_answer__Addition__OneStepProblem__1digits__4options,choose answer | OneStepProblem | Addition | OneStepProblem | 1 digits,choose_answer__cfg_range6__ops_Addition-Subtraction-Multiplication-Division__options4,Addition,Addition,Addition,OneStepProblem,OneStepProblem,Horizontal,1,very-easy,,,,,,,,,4.0,,,,6,,1,8984,fast,0,,2026-04-28T11:47:18.781Z,2026-04-28T11:48:35.551Z,4,1,test_definition,True,1,1,اشترت فاطمة 3 تفاحات و4 برتقالات. كم فاكهة اشترت فاطمة؟,3 + 4,,,,,"[{""correct"": true, ""text"": ""3 + 4""}, {""correct"": false, ""text"": ""4 - 3""}, {""correct"": false, ""text"": ""3 × 4""}, {""correct"": false, ""text"": ""7 - 3""}]",,,,,"{""maxNumberRange"": 6, ""numOptions"": 4, ""numQuestions"": 5, ""operationsAllowed"": [""Addition"", ""Subtraction"", ""Multiplication"", ""Division""], ""requiredCorrectAnswersMinimumPercent"": 75}"
stu_1777340052928_1612,test_1777341418390_7p46nbr,choose_answer,0,3,sequential_thinking,0.2,operation_identification_from_context,choose_answer__Addition__OneStepProblem__1digits__4options,choose answer | OneStepProblem | Addition | OneStepProblem | 1 digits,choose_answer__cfg_range6__ops_Addition-Subtraction-Multiplication-Division__options4,Addition,Addition,Addition,OneStepProblem,OneStepProblem,Horizontal,1,very-easy,,,,,,,,,4.0,,,,6,,1,8984,fast,0,,2026-04-28T11:47:18.781Z,2026-04-28T11:48:35.551Z,4,1,test_definition,True,1,1,اشترت فاطمة 3 تفاحات و4 برتقالات. كم فاكهة اشترت فاطمة؟,3 + 4,,,,,"[{""correct"": true, ""text"": ""3 + 4""}, {""correct"": false, ""text"": ""4 - 3""}, {""correct"": false, ""text"": ""3 × 4""}, {""correct"": false, ""text"": ""7 - 3""}]",,,,,"{""maxNumberRange"": 6, ""numOptions"": 4, ""numQuestions"": 5, ""operationsAllowed"": [""Addition"", ""Subtraction"", ""Multiplication"", ""Division""], ""requiredCorrectAnswersMinimumPercent"": 75}"
stu_1777340052928_1612,test_1777341418390_7p46nbr,choose_answer,0,4,arithmetic_fluency,0.6,operation_identification_from_context,choose_answer__Multiplication__OneStepProblem__2digits__4options,choose answer | OneStepProblem | Multiplication | OneStepProblem | 2 digits,choose_answer__cfg_range6__ops_Addition-Subtraction-Multiplication-Division__options4,Multiplication,Multiplication,Multiplication,OneStepProblem,OneStepProblem,Horizontal,2,easy,,,,,,,,,4.0,,,,6,,1,13055,medium,0,,2026-04-28T11:47:18.781Z,2026-04-28T11:48:35.551Z,4,1,test_definition,False,5,3,في مستودع هناك 15 صندوقًا، وكل صندوق يحتوي على 35 قطعة. كم عدد القطع في المستودع؟,15 × 35,,,,,"[{""correct"": false, ""text"": ""15 + 35""}, {""correct"": true, ""text"": ""15 × 35""}, {""correct"": false, ""text"": ""525 ÷ 15""}, {""correct"": false, ""text"": ""35 - 15""}]",,,,,"{""maxNumberRange"": 6, ""numOptions"": 4, ""numQuestions"": 5, ""operationsAllowed"": [""Addition"", ""Subtraction"", ""Multiplication"", ""Division""], ""requiredCorrectAnswersMinimumPercent"": 75}"
stu_1777340052928_1612,test_1777341418390_7p46nbr,choose_answer,0,4,number_sense,0.2,operation_identification_from_context,choose_answer__Multiplication__OneStepProblem__2digits__4options,choose answer | OneStepProblem | Multiplication | OneStepProblem | 2 digits,choose_answer__cfg_range6__ops_Addition-Subtraction-Multiplication-Division__options4,Multiplication,Multiplication,Multiplication,OneStepProblem,OneStepProblem,Horizontal,2,easy,,,,,,,,,4.0,,,,6,,1,13055,medium,0,,2026-04-28T11:47:18.781Z,2026-04-28T11:48:35.551Z,4,1,test_definition,False,5,3,في مستودع هناك 15 صندوقًا، وكل صندوق يحتوي على 35 قطعة. كم عدد القطع في المستودع؟,15 × 35,,,,,"[{""correct"": false, ""text"": ""15 + 35""}, {""correct"": true, ""text"": ""15 × 35""}, {""correct"": false, ""text"": ""525 ÷ 15""}, {""correct"": false, ""text"": ""35 - 15""}]",,,,,"{""maxNumberRange"": 6, ""numOptions"": 4, ""numQuestions"": 5, ""operationsAllowed"": [""Addition"", ""Subtraction"", ""Multiplication"", ""Division""], ""requiredCorrectAnswersMinimumPercent"": 75}"
stu_1777340052928_1612,test_1777341418390_7p46nbr,choose_answer,0,4,sequential_thinking,0.2,operation_identification_from_context,choose_answer__Multiplication__OneStepProblem__2digits__4options,choose answer | OneStepProblem | Multiplication | OneStepProblem | 2 digits,choose_answer__cfg_range6__ops_Addition-Subtraction-Multiplication-Division__options4,Multiplication,Multiplication,Multiplication,OneStepProblem,OneStepProblem,Horizontal,2,easy,,,,,,,,,4.0,,,,6,,1,13055,medium,0,,2026-04-28T11:47:18.781Z,2026-04-28T11:48:35.551Z,4,1,test_definition,False,5,3,في مستودع هناك 15 صندوقًا، وكل صندوق يحتوي على 35 قطعة. كم عدد القطع في المستودع؟,15 × 35,,,,,"[{""correct"": false, ""text"": ""15 + 35""}, {""correct"": true, ""text"": ""15 × 35""}, {""correct"": false, ""text"": ""525 ÷ 15""}, {""correct"": false, ""text"": ""35 - 15""}]",,,,,"{""maxNumberRange"": 6, ""numOptions"": 4, ""numQuestions"": 5, ""operationsAllowed"": [""Addition"", ""Subtraction"", ""Multiplication"", ""Division""], ""requiredCorrectAnswersMinimumPercent"": 75}"
stu_1777340052928_1612,test_1777341418390_7p46nbr,find_previous_next_number,0,0,sequential_thinking,1.0,previous_next_number,find_previous_next_number__5digits__normal_range,find previous next number | PreviousAndNext | Sequence | normal_range | 5 digits,find_previous_next_number__cfg_range5,,,,PreviousAndNext,Sequence,Horizontal,5,hard,normal_range,68960-68969,,,,,,,,,,,5,,1,94003,medium,0,,2026-04-28T11:36:40.767Z,2026-04-28T11:38:21.372Z,1,1,test_definition,False,16,6,68964,,,,"[68963, 68965]","[68963, 68965]",,,,,,"{""maxNumberRange"": 5, ""numQuestions"": 3, ""requiredCorrectAnswersMinimumPercent"": 75}"
stu_1777340052928_1612,test_1777341418390_7p46nbr,find_previous_next_number,0,1,sequential_thinking,1.0,previous_next_number,find_previous_next_number__5digits__normal_range,find previous next number | PreviousAndNext | Sequence | normal_range | 5 digits,find_previous_next_number__cfg_range5,,,,PreviousAndNext,Sequence,Horizontal,5,hard,normal_range,77220-77229,,,,,,,,,,,5,,1,115550,medium,0,,2026-04-28T11:36:40.767Z,2026-04-28T11:38:21.372Z,1,1,test_definition,False,16,6,77227,,,,"[77226, 77228]","[77226, 77228]",,,,,,"{""maxNumberRange"": 5, ""numQuestions"": 3, ""requiredCorrectAnswersMinimumPercent"": 75}"
stu_1777340052928_1612,test_1777341418390_7p46nbr,find_previous_next_number,0,2,sequential_thinking,1.0,previous_next_number,find_previous_next_number__5digits__normal_range,find previous next number | PreviousAndNext | Sequence | normal_range | 5 digits,find_previous_next_number__cfg_range5,,,,PreviousAndNext,Sequence,Horizontal,5,hard,normal_range,19060-19069,,,,,,,,,,,5,,1,100605,medium,0,,2026-04-28T11:36:40.767Z,2026-04-28T11:38:21.372Z,1,1,test_definition,False,16,6,19064,,,,"[19063, 19065]","[19063, 19065]",,,,,,"{""maxNumberRange"": 5, ""numQuestions"": 3, ""requiredCorrectAnswersMinimumPercent"": 75}"
stu_1777340052928_1612,test_1777341418390_7p46nbr,identify_place_value,0,0,number_sense,1.0,place_value_identification,identify_place_value__6digits__all_digits_distinct,identify place value | PlaceValue | PlaceValue | 6 digits,identify_place_value__cfg_range6,,,,PlaceValue,PlaceValue,Visual,6,hard,,,,,,,,all_digits_distinct,,,,,6,,1,63280,fast,0,,2026-04-28T11:46:23.217Z,2026-04-28T11:47:18.705Z,3,1,test_definition,True,3,2,,,,,"{""pos_0"": 2, ""pos_1"": 7, ""pos_2"": 9, ""pos_3"": 8, ""pos_4"": 6, ""pos_5"": 4}","{""pos_0"": 2, ""pos_1"": 7, ""pos_2"": 9, ""pos_3"": 8, ""pos_4"": 6, ""pos_5"": 4}",,,,,279864,"{""maxNumberRange"": 6, ""numQuestions"": 4, ""requiredCorrectAnswersMinimumPercent"": 75}"
stu_1777340052928_1612,test_1777341418390_7p46nbr,identify_place_value,0,1,number_sense,1.0,place_value_identification,identify_place_value__6digits__has_repeated_digits,identify place value | PlaceValue | PlaceValue | 6 digits,identify_place_value__cfg_range6,,,,PlaceValue,PlaceValue,Visual,6,hard,,,,,,,,has_repeated_digits,,,,,6,,1,56559,fast,0,,2026-04-28T11:46:23.217Z,2026-04-28T11:47:18.705Z,3,1,test_definition,False,13,4,,,,,"{""pos_0"": 9, ""pos_1"": 2, ""pos_2"": 0, ""pos_3"": 0, ""pos_4"": 6, ""pos_5"": 9}","{""pos_0"": 9, ""pos_1"": 2, ""pos_2"": 0, ""pos_3"": 0, ""pos_4"": 6, ""pos_5"": 9}",,,,,920069,"{""maxNumberRange"": 6, ""numQuestions"": 4, ""requiredCorrectAnswersMinimumPercent"": 75}"
stu_1777340052928_1612,test_1777341418390_7p46nbr,identify_place_value,0,2,number_sense,1.0,place_value_identification,identify_place_value__6digits__has_repeated_digits,identify place value | PlaceValue | PlaceValue | 6 digits,identify_place_value__cfg_range6,,,,PlaceValue,PlaceValue,Visual,6,hard,,,,,,,,has_repeated_digits,,,,,6,,1,44617,fast,0,,2026-04-28T11:46:23.217Z,2026-04-28T11:47:18.705Z,3,1,test_definition,False,13,4,,,,,"{""pos_0"": 3, ""pos_1"": 8, ""pos_2"": 6, ""pos_3"": 8, ""pos_4"": 3, ""pos_5"": 6}","{""pos_0"": 3, ""pos_1"": 8, ""pos_2"": 6, ""pos_3"": 8, ""pos_4"": 3, ""pos_5"": 6}",,,,,386836,"{""maxNumberRange"": 6, ""numQuestions"": 4, ""requiredCorrectAnswersMinimumPercent"": 75}"
stu_1777340052928_1612,test_1777341418390_7p46nbr,identify_place_value,0,3,number_sense,1.0,place_value_identification,identify_place_value__6digits__has_repeated_digits,identify place value | PlaceValue | PlaceValue | 6 digits,identify_place_value__cfg_range6,,,,PlaceValue,PlaceValue,Visual,6,hard,,,,,,,,has_repeated_digits,,,,,6,,1,55487,fast,0,,2026-04-28T11:46:23.217Z,2026-04-28T11:47:18.705Z,3,1,test_definition,False,13,4,,,,,"{""pos_0"": 6, ""pos_1"": 5, ""pos_2"": 0, ""pos_3"": 5, ""pos_4"": 5, ""pos_5"": 4}","{""pos_0"": 6, ""pos_1"": 5, ""pos_2"": 0, ""pos_3"": 5, ""pos_4"": 5, ""pos_5"": 4}",,,,,650554,"{""maxNumberRange"": 6, ""numQuestions"": 4, ""requiredCorrectAnswersMinimumPercent"": 75}"
stu_1777340052928_1612,test_1777341418390_7p46nbr,order_numbers,0,0,sequential_thinking,1.0,number_ordering,order_numbers__desc__seq6__6digits,order numbers | Ordering_desc | Ordering | desc | 6 digits | sequence 6,order_numbers__cfg_range6__maxseq7,,,,Ordering_desc,Ordering,Visual,6,hard,,,6.0,,desc,,,,,,,,6,,1,39998,fast,0,,2026-04-28T11:38:21.439Z,2026-04-28T11:43:38.682Z,2,1,test_definition,True,4,3,,,,,,,,"[641299, 272015, 212256, 216336, 242417, 448840]",,,,"{""maxNumberRange"": 6, ""maxNumbersInSequence"": 7, ""numQuestions"": 5, ""requiredCorrectAnswersMinimumPercent"": 75}"
stu_1777340052928_1612,test_1777341418390_7p46nbr,order_numbers,0,1,sequential_thinking,1.0,number_ordering,order_numbers__asc__seq7__6digits,order numbers | Ordering_asc | Ordering | asc | 6 digits | sequence 7,order_numbers__cfg_range6__maxseq7,,,,Ordering_asc,Ordering,Visual,6,hard,,,7.0,,asc,,,,,,,,6,,1,73566,fast,0,,2026-04-28T11:38:21.439Z,2026-04-28T11:43:38.682Z,2,1,test_definition,True,3,3,,,,,,,,"[383046, 545734, 398150, 348486, 712216, 799093, 903295]",,,,"{""maxNumberRange"": 6, ""maxNumbersInSequence"": 7, ""numQuestions"": 5, ""requiredCorrectAnswersMinimumPercent"": 75}"
stu_1777340052928_1612,test_1777341418390_7p46nbr,order_numbers,0,2,sequential_thinking,1.0,number_ordering,order_numbers__desc__seq7__6digits,order numbers | Ordering_desc | Ordering | desc | 6 digits | sequence 7,order_numbers__cfg_range6__maxseq7,,,,Ordering_desc,Ordering,Visual,6,hard,,,7.0,,desc,,,,,,,,6,,1,78487,fast,0,,2026-04-28T11:38:21.439Z,2026-04-28T11:43:38.682Z,2,1,test_definition,False,7,4,,,,,,,,"[677025, 867536, 289919, 130257, 269697, 230068, 828644]",,,,"{""maxNumberRange"": 6, ""maxNumbersInSequence"": 7, ""numQuestions"": 5, ""requiredCorrectAnswersMinimumPercent"": 75}"
stu_1777340052928_1612,test_1777341418390_7p46nbr,order_numbers,0,3,sequential_thinking,1.0,number_ordering,order_numbers__desc__seq7__6digits,order numbers | Ordering_desc | Ordering | desc | 6 digits | sequence 7,order_numbers__cfg_range6__maxseq7,,,,Ordering_desc,Ordering,Visual,6,hard,,,7.0,,desc,,,,,,,,6,,1,95319,fast,0,,2026-04-28T11:38:21.439Z,2026-04-28T11:43:38.682Z,2,1,test_definition,False,7,4,,,,,,,,"[600314, 414579, 256134, 916661, 920255, 379503, 578861]",,,,"{""maxNumberRange"": 6, ""maxNumbersInSequence"": 7, ""numQuestions"": 5, ""requiredCorrectAnswersMinimumPercent"": 75}"
stu_1777340052928_1612,test_1777341418390_7p46nbr,order_numbers,0,4,sequential_thinking,1.0,number_ordering,order_numbers__desc__seq4__6digits,order numbers | Ordering_desc | Ordering | desc | 6 digits | sequence 4,order_numbers__cfg_range6__maxseq7,,,,Ordering_desc,Ordering,Visual,6,hard,,,4.0,,desc,,,,,,,,6,,1,29872,fast,0,,2026-04-28T11:38:21.439Z,2026-04-28T11:43:38.682Z,2,1,test_definition,True,1,1,,,,,,,,"[430547, 497765, 513752, 243624]",,,,"{""maxNumberRange"": 6, ""maxNumbersInSequence"": 7, ""numQuestions"": 5, ""requiredCorrectAnswersMinimumPercent"": 75}"
stu_1777340052928_1612,test_1777341418390_7p46nbr,vertical_operations,0,0,arithmetic_fluency,1.0,vertical_operation_fluency,vertical_operations__AdditionWithCarry__4digits,vertical operations | AdditionWithCarry | Addition | VerticalOperation | 4 digits,vertical_operations__cfg_range3__ops_Addition-Subtraction-Multiplication__carryTrue__borrowTrue__mulstepTrue__divstepFalse,Addition,,,AdditionWithCarry,VerticalOperation,Vertical,4,hard,,,,,,,,,,,,,3,,1,62288,fast,0,,2026-04-28T11:48:35.751Z,2026-04-28T11:54:22.125Z,5,1,test_definition,False,8,6,656 Addition 563,,1219,1219,,,,,,,,"{""allowBorrow"": true, ""allowCarry"": true, ""allowMultiStepDiv"": false, ""allowMultiStepMul"": true, ""maxNumberRange"": 3, ""numOperations"": 4, ""operationsAllowed"": [""Addition"", ""Subtraction"", ""Multiplication""], ""requiredCorrectAnswersMinimumPercent"": 75}"
stu_1777340052928_1612,test_1777341418390_7p46nbr,vertical_operations,0,1,arithmetic_fluency,1.0,vertical_operation_fluency,vertical_operations__SubtractionWithBorrow__3digits,vertical operations | SubtractionWithBorrow | Subtraction | VerticalOperation | 3 digits,vertical_operations__cfg_range3__ops_Addition-Subtraction-Multiplication__carryTrue__borrowTrue__mulstepTrue__divstepFalse,Subtraction,,,SubtractionWithBorrow,VerticalOperation,Vertical,3,medium,,,,,,,,,,,,,3,,1,78799,fast,0,,2026-04-28T11:48:35.751Z,2026-04-28T11:54:22.125Z,5,1,test_definition,False,6,4,401 Subtraction 236,,165,165,,,,,,,,"{""allowBorrow"": true, ""allowCarry"": true, ""allowMultiStepDiv"": false, ""allowMultiStepMul"": true, ""maxNumberRange"": 3, ""numOperations"": 4, ""operationsAllowed"": [""Addition"", ""Subtraction"", ""Multiplication""], ""requiredCorrectAnswersMinimumPercent"": 75}"
stu_1777340052928_1612,test_1777341418390_7p46nbr,vertical_operations,0,2,arithmetic_fluency,1.0,vertical_operation_fluency,vertical_operations__MultiStepMultiplication__6digits,vertical operations | MultiStepMultiplication | Multiplication | VerticalOperation | 6 digits,vertical_operations__cfg_range3__ops_Addition-Subtraction-Multiplication__carryTrue__borrowTrue__mulstepTrue__divstepFalse,Multiplication,,,MultiStepMultiplication,VerticalOperation,Vertical,6,hard,,,,,,,,,,,,,3,,1,159840,fast,0,,2026-04-28T11:48:35.751Z,2026-04-28T11:54:22.125Z,5,1,test_definition,True,4,4,375 Multiplication 455,,170625,170625,,,,,,,,"{""allowBorrow"": true, ""allowCarry"": true, ""allowMultiStepDiv"": false, ""allowMultiStepMul"": true, ""maxNumberRange"": 3, ""numOperations"": 4, ""operationsAllowed"": [""Addition"", ""Subtraction"", ""Multiplication""], ""requiredCorrectAnswersMinimumPercent"": 75}"
stu_1777340052928_1612,test_1777341418390_7p46nbr,vertical_operations,0,3,arithmetic_fluency,1.0,vertical_operation_fluency,vertical_operations__AdditionWithCarry__3digits,vertical operations | AdditionWithCarry | Addition | VerticalOperation | 3 digits,vertical_operations__cfg_range3__ops_Addition-Subtraction-Multiplication__carryTrue__borrowTrue__mulstepTrue__divstepFalse,Addition,,,AdditionWithCarry,VerticalOperation,Vertical,3,medium,,,,,,,,,,,,,3,,1,45447,fast,0,,2026-04-28T11:48:35.751Z,2026-04-28T11:54:22.125Z,5,1,test_definition,False,5,5,182 Addition 77,,259,259,,,,,,,,"{""allowBorrow"": true, ""allowCarry"": true, ""allowMultiStepDiv"": false, ""allowMultiStepMul"": true, ""maxNumberRange"": 3, ""numOperations"": 4, ""operationsAllowed"": [""Addition"", ""Subtraction"", ""Multiplication""], ""requiredCorrectAnswersMinimumPercent"": 75}"
stu_1777340052928_1612,test_1777341418390_7p46nbr,what_number_do_you_hear,0,0,audio_recognition,1.0,auditory_number_recognition,what_number_do_you_hear__1digits__3options,what number do you hear | HeardNumberChoice | AudioRecognition | 1 digits,what_number_do_you_hear__cfg_range6,,,,HeardNumberChoice,AudioRecognition,Audio,1,very-easy,,,,,,,,,3.0,,,,6,,1,4229,fast,0,,2026-04-28T11:32:39.681Z,2026-04-28T11:33:11.103Z,0,1,test_definition,False,36,7,0,0,,,,,"[0, 5, 1]",,,,,"{""maxNumberRange"": 6, ""numQuestions"": 6, ""requiredCorrectAnswersMinimumPercent"": 75}"
stu_1777340052928_1612,test_1777341418390_7p46nbr,what_number_do_you_hear,0,1,audio_recognition,1.0,auditory_number_recognition,what_number_do_you_hear__1digits__3options,what number do you hear | HeardNumberChoice | AudioRecognition | 1 digits,what_number_do_you_hear__cfg_range6,,,,HeardNumberChoice,AudioRecognition,Audio,1,very-easy,,,,,,,,,3.0,,,,6,,1,10584,medium,0,,2026-04-28T11:32:39.681Z,2026-04-28T11:33:11.103Z,0,1,test_definition,False,36,7,1,1,,,,,"[1, 5, 2]",,,,,"{""maxNumberRange"": 6, ""numQuestions"": 6, ""requiredCorrectAnswersMinimumPercent"": 75}"
stu_1777340052928_1612,test_1777341418390_7p46nbr,what_number_do_you_hear,0,2,audio_recognition,1.0,auditory_number_recognition,what_number_do_you_hear__1digits__3options,what number do you hear | HeardNumberChoice | AudioRecognition | 1 digits,what_number_do_you_hear__cfg_range6,,,,HeardNumberChoice,AudioRecognition,Audio,1,very-easy,,,,,,,,,3.0,,,,6,,1,11201,medium,0,,2026-04-28T11:32:39.681Z,2026-04-28T11:33:11.103Z,0,1,test_definition,False,36,7,5,5,,,,,"[9, 8, 5]",,,,,"{""maxNumberRange"": 6, ""numQuestions"": 6, ""requiredCorrectAnswersMinimumPercent"": 75}"
stu_1777340052928_1612,test_1777341418390_7p46nbr,what_number_do_you_hear,0,3,audio_recognition,1.0,auditory_number_recognition,what_number_do_you_hear__1digits__3options,what number do you hear | HeardNumberChoice | AudioRecognition | 1 digits,what_number_do_you_hear__cfg_range6,,,,HeardNumberChoice,AudioRecognition,Audio,1,very-easy,,,,,,,,,3.0,,,,6,,1,1512,fast,0,,2026-04-28T11:32:39.681Z,2026-04-28T11:33:11.103Z,0,1,test_definition,False,36,7,2,2,,,,,"[9, 3, 2]",,,,,"{""maxNumberRange"": 6, ""numQuestions"": 6, ""requiredCorrectAnswersMinimumPercent"": 75}"
stu_1777340052928_1612,test_1777341418390_7p46nbr,what_number_do_you_hear,0,4,audio_recognition,1.0,auditory_number_recognition,what_number_do_you_hear__1digits__3options,what number do you hear | HeardNumberChoice | AudioRecognition | 1 digits,what_number_do_you_hear__cfg_range6,,,,HeardNumberChoice,AudioRecognition,Audio,1,very-easy,,,,,,,,,3.0,,,,6,,1,1655,fast,0,,2026-04-28T11:32:39.681Z,2026-04-28T11:33:11.103Z,0,1,test_definition,False,36,7,9,9,,,,,"[7, 6, 9]",,,,,"{""maxNumberRange"": 6, ""numQuestions"": 6, ""requiredCorrectAnswersMinimumPercent"": 75}"
stu_1777340052928_1612,test_1777341418390_7p46nbr,what_number_do_you_hear,0,5,audio_recognition,1.0,auditory_number_recognition,what_number_do_you_hear__1digits__3options,what number do you hear | HeardNumberChoice | AudioRecognition | 1 digits,what_number_do_you_hear__cfg_range6,,,,HeardNumberChoice,AudioRecognition,Audio,1,very-easy,,,,,,,,,3.0,,,,6,,1,2241,fast,0,,2026-04-28T11:32:39.681Z,2026-04-28T11:33:11.103Z,0,1,test_definition,False,36,7,3,3,,,,,"[3, 2, 9]",,,,,"{""maxNumberRange"": 6, ""numQuestions"": 6, ""requiredCorrectAnswersMinimumPercent"": 75}"
stu_1777374905378_409,test_1777341418390_7p46nbr,find_previous_next_number,0,0,sequential_thinking,1.0,previous_next_number,find_previous_next_number__5digits__normal_range,find previous next number | PreviousAndNext | Sequence | normal_range | 5 digits,find_previous_next_number__cfg_range5,,,,PreviousAndNext,Sequence,Horizontal,5,hard,normal_range,62410-62419,,,,,,,,,,,5,,1,55027,fast,0,,2026-04-28T11:34:45.599Z,2026-04-28T11:35:40.376Z,1,1,test_definition,False,16,6,62416,,,,"[62415, 62417]","[62415, 62417]",,,,,,"{""maxNumberRange"": 5, ""numQuestions"": 3, ""requiredCorrectAnswersMinimumPercent"": 75}"
stu_1777374905378_409,test_1777341418390_7p46nbr,find_previous_next_number,0,1,sequential_thinking,1.0,previous_next_number,find_previous_next_number__5digits__normal_range,find previous next number | PreviousAndNext | Sequence | normal_range | 5 digits,find_previous_next_number__cfg_range5,,,,PreviousAndNext,Sequence,Horizontal,5,hard,normal_range,75970-75979,,,,,,,,,,,5,,1,54562,fast,0,,2026-04-28T11:34:45.599Z,2026-04-28T11:35:40.376Z,1,1,test_definition,False,16,6,75978,,,,"[75977, 75979]","[75977, 75979]",,,,,,"{""maxNumberRange"": 5, ""numQuestions"": 3, ""requiredCorrectAnswersMinimumPercent"": 75}"
stu_1777374905378_409,test_1777341418390_7p46nbr,find_previous_next_number,0,2,sequential_thinking,1.0,previous_next_number,find_previous_next_number__5digits__normal_range,find previous next number | PreviousAndNext | Sequence | normal_range | 5 digits,find_previous_next_number__cfg_range5,,,,PreviousAndNext,Sequence,Horizontal,5,hard,normal_range,24780-24789,,,,,,,,,,,5,,1,54777,fast,0,,2026-04-28T11:34:45.599Z,2026-04-28T11:35:40.376Z,1,1,test_definition,False,16,6,24787,,,,"[24786, 24788]","[24786, 24788]",,,,,,"{""maxNumberRange"": 5, ""numQuestions"": 3, ""requiredCorrectAnswersMinimumPercent"": 75}"
stu_1777374905378_409,test_1777341418390_7p46nbr,order_numbers,0,0,sequential_thinking,1.0,number_ordering,order_numbers__asc__seq7__6digits,order numbers | Ordering_asc | Ordering | asc | 6 digits | sequence 7,order_numbers__cfg_range6__maxseq7,,,,Ordering_asc,Ordering,Visual,6,hard,,,7.0,,asc,,,,,,,,6,,0,69212,fast,0,OneMisplacedNumber,2026-04-28T11:35:40.440Z,2026-04-28T11:38:57.193Z,2,1,test_definition,True,3,3,,,,,,,,"[815385, 875158, 584307, 896114, 820332, 215379, 819763]",,,,"{""maxNumberRange"": 6, ""maxNumbersInSequence"": 7, ""numQuestions"": 5, ""requiredCorrectAnswersMinimumPercent"": 75}"
stu_1777374905378_409,test_1777341418390_7p46nbr,order_numbers,0,1,sequential_thinking,1.0,number_ordering,order_numbers__desc__seq6__6digits,order numbers | Ordering_desc | Ordering | desc | 6 digits | sequence 6,order_numbers__cfg_range6__maxseq7,,,,Ordering_desc,Ordering,Visual,6,hard,,,6.0,,desc,,,,,,,,6,,0,32234,fast,0,ReversedAscending,2026-04-28T11:35:40.440Z,2026-04-28T11:38:57.193Z,2,1,test_definition,True,4,3,,,,,,,,"[237830, 753773, 883899, 540730, 241364, 206885]",,,,"{""maxNumberRange"": 6, ""maxNumbersInSequence"": 7, ""numQuestions"": 5, ""requiredCorrectAnswersMinimumPercent"": 75}"
stu_1777374905378_409,test_1777341418390_7p46nbr,order_numbers,0,2,sequential_thinking,1.0,number_ordering,order_numbers__asc__seq3__6digits,order numbers | Ordering_asc | Ordering | asc | 6 digits | sequence 3,order_numbers__cfg_range6__maxseq7,,,,Ordering_asc,Ordering,Visual,6,hard,,,3.0,,asc,,,,,,,,6,,1,14697,fast,0,,2026-04-28T11:35:40.440Z,2026-04-28T11:38:57.193Z,2,1,test_definition,True,3,3,,,,,,,,"[117604, 153092, 647575]",,,,"{""maxNumberRange"": 6, ""maxNumbersInSequence"": 7, ""numQuestions"": 5, ""requiredCorrectAnswersMinimumPercent"": 75}"
stu_1777374905378_409,test_1777341418390_7p46nbr,order_numbers,0,3,sequential_thinking,1.0,number_ordering,order_numbers__desc__seq6__6digits,order numbers | Ordering_desc | Ordering | desc | 6 digits | sequence 6,order_numbers__cfg_range6__maxseq7,,,,Ordering_desc,Ordering,Visual,6,hard,,,6.0,,desc,,,,,,,,6,,0,60073,fast,0,ReversedAscending,2026-04-28T11:35:40.440Z,2026-04-28T11:38:57.193Z,2,1,test_definition,True,4,3,,,,,,,,"[560111, 308525, 472089, 135336, 707605, 842386]",,,,"{""maxNumberRange"": 6, ""maxNumbersInSequence"": 7, ""numQuestions"": 5, ""requiredCorrectAnswersMinimumPercent"": 75}"
stu_1777374905378_409,test_1777341418390_7p46nbr,order_numbers,0,4,sequential_thinking,1.0,number_ordering,order_numbers__asc__seq5__6digits,order numbers | Ordering_asc | Ordering | asc | 6 digits | sequence 5,order_numbers__cfg_range6__maxseq7,,,,Ordering_asc,Ordering,Visual,6,hard,,,5.0,,asc,,,,,,,,6,,1,20535,fast,0,,2026-04-28T11:35:40.440Z,2026-04-28T11:38:57.193Z,2,1,test_definition,True,4,4,,,,,,,,"[850904, 772133, 574644, 458277, 763315]",,,,"{""maxNumberRange"": 6, ""maxNumbersInSequence"": 7, ""numQuestions"": 5, ""requiredCorrectAnswersMinimumPercent"": 75}"
stu_1777374905378_409,test_1777341418390_7p46nbr,what_number_do_you_hear,0,0,audio_recognition,1.0,auditory_number_recognition,what_number_do_you_hear__1digits__3options,what number do you hear | HeardNumberChoice | AudioRecognition | 1 digits,what_number_do_you_hear__cfg_range6,,,,HeardNumberChoice,AudioRecognition,Audio,1,very-easy,,,,,,,,,3.0,,,,6,,1,3545,fast,0,,2026-04-28T11:32:42.687Z,2026-04-28T11:32:55.907Z,0,1,test_definition,False,36,7,7,7,,,,,"[8, 2, 7]",,,,,"{""maxNumberRange"": 6, ""numQuestions"": 6, ""requiredCorrectAnswersMinimumPercent"": 75}"
stu_1777374905378_409,test_1777341418390_7p46nbr,what_number_do_you_hear,0,1,audio_recognition,1.0,auditory_number_recognition,what_number_do_you_hear__1digits__3options,what number do you hear | HeardNumberChoice | AudioRecognition | 1 digits,what_number_do_you_hear__cfg_range6,,,,HeardNumberChoice,AudioRecognition,Audio,1,very-easy,,,,,,,,,3.0,,,,6,,1,2419,fast,0,,2026-04-28T11:32:42.687Z,2026-04-28T11:32:55.907Z,0,1,test_definition,False,36,7,0,0,,,,,"[0, 7, 8]",,,,,"{""maxNumberRange"": 6, ""numQuestions"": 6, ""requiredCorrectAnswersMinimumPercent"": 75}"
stu_1777374905378_409,test_1777341418390_7p46nbr,what_number_do_you_hear,0,2,audio_recognition,1.0,auditory_number_recognition,what_number_do_you_hear__2digits__3options,what number do you hear | HeardNumberChoice | AudioRecognition | 2 digits,what_number_do_you_hear__cfg_range6,,,,HeardNumberChoice,AudioRecognition,Audio,2,easy,,,,,,,,,3.0,,,,6,,1,1766,fast,0,,2026-04-28T11:32:42.687Z,2026-04-28T11:32:55.907Z,0,1,test_definition,False,6,5,10,10,,,,,"[10, 2, 1]",,,,,"{""maxNumberRange"": 6, ""numQuestions"": 6, ""requiredCorrectAnswersMinimumPercent"": 75}"
stu_1777374905378_409,test_1777341418390_7p46nbr,what_number_do_you_hear,0,3,audio_recognition,1.0,auditory_number_recognition,what_number_do_you_hear__1digits__3options,what number do you hear | HeardNumberChoice | AudioRecognition | 1 digits,what_number_do_you_hear__cfg_range6,,,,HeardNumberChoice,AudioRecognition,Audio,1,very-easy,,,,,,,,,3.0,,,,6,,1,2075,fast,0,,2026-04-28T11:32:42.687Z,2026-04-28T11:32:55.907Z,0,1,test_definition,False,36,7,9,9,,,,,"[8, 1, 9]",,,,,"{""maxNumberRange"": 6, ""numQuestions"": 6, ""requiredCorrectAnswersMinimumPercent"": 75}"
stu_1777374905378_409,test_1777341418390_7p46nbr,what_number_do_you_hear,0,4,audio_recognition,1.0,auditory_number_recognition,what_number_do_you_hear__1digits__3options,what number do you hear | HeardNumberChoice | AudioRecognition | 1 digits,what_number_do_you_hear__cfg_range6,,,,HeardNumberChoice,AudioRecognition,Audio,1,very-easy,,,,,,,,,3.0,,,,6,,1,1726,fast,0,,2026-04-28T11:32:42.687Z,2026-04-28T11:32:55.907Z,0,1,test_definition,False,36,7,8,8,,,,,"[9, 8, 6]",,,,,"{""maxNumberRange"": 6, ""numQuestions"": 6, ""requiredCorrectAnswersMinimumPercent"": 75}"
stu_1777374905378_409,test_1777341418390_7p46nbr,what_number_do_you_hear,0,5,audio_recognition,1.0,auditory_number_recognition,what_number_do_you_hear__1digits__3options,what number do you hear | HeardNumberChoice | AudioRecognition | 1 digits,what_number_do_you_hear__cfg_range6,,,,HeardNumberChoice,AudioRecognition,Audio,1,very-easy,,,,,,,,,3.0,,,,6,,1,1689,fast,0,,2026-04-28T11:32:42.687Z,2026-04-28T11:32:55.907Z,0,1,test_definition,False,36,7,5,5,,,,,"[1, 5, 6]",,,,,"{""maxNumberRange"": 6, ""numQuestions"": 6, ""requiredCorrectAnswersMinimumPercent"": 75}"
